{"ref": "inven15", "title": "Inventio 15", "composer": null, "features": [{"feature_key": "composer", "feature_value": "https://dbpedia.org/resource/Johann_Sebastian_Bach"}, {"feature_key": "key_tonic_name", "feature_value": "B"}, {"feature_key": "key_mode", "feature_value": "minor"}, {"feature_key": "num_of_parts", "feature_value": "2"}, {"feature_key": "num_of_measures", "feature_value": "44"}, {"feature_key": "instruments", "feature_value": "[None, None]"}, {"feature_key": "lowest_pitch_each_part", "feature_value": "{\"part1\": \"B3\", \"part2\": \"C#2\"}"}, {"feature_key": "highest_pitch_each_part", "feature_value": "{\"part1\": \"C6\", \"part2\": \"E4\"}"}, {"feature_key": "average_melodic_interval", "feature_value": "3.136842105263158"}, {"feature_key": "direction_of_motion", "feature_value": "0.48148148148148145"}, {"feature_key": "most_common_note_quarter_length", "feature_value": "0.25"}, {"feature_key": "range_note_quarter_length", "feature_value": "3.75"}, {"feature_key": "initial_time_signature", "feature_value": "[0, 0]"}], "sources": [], "files": [{"name": "mei.xml", "url": "http://localhost:8000/media/corpora/all/composers/bach/inventions/inven15/mei.xml"}, {"name": "summary.json", "url": "http://localhost:8000/media/corpora/all/composers/bach/inventions/inven15/summary.json"}]}