{"ref": "marot-beze1554", "title": "Octante trois Pseaumes de David, Gen\u00e8ve, Jean Crespin, 1554", "short_title": "Octante trois Pseaumes 1554", "description": "<p>\r\n\t<em>Octante trois Pseaumes de David, mis en rime fran&ccedil;oise : a scavoir quaranteneuf par Clement Marot, avec le Cantique de Simeon &amp; les dix commandemens : et trente quatre par Theodore de Besze. Avec six Pseaumes traduictz de nouveau par ledict de Besze</em>, A Geneve de l&#39;imprimerie de Jean Crespin. 1554. Ex. Paris, BnF.</p>\r\n", "is_public": true, "short_description": "Psaumes de Cl\u00e9ment Marot et Th\u00e9odore de B\u00e8ze, 1554.", "licence_code": null, "copyright": null, "supervisors": null}