{"db_id": 22529, "ref": "all:collabscore:saintsaens:autres:C426_0", "local_ref": "C426_0", "corpus_ref": "all:collabscore:saintsaens:autres", "title": "A la France : op. 121 : chœur pour les élèves des lycées et collèges (garçons) / paroles de J. Combarieu ; musique de C. Saint-Saëns ", "composer": "Saint-Saëns, Camille ", "features": [], "sources": [{"ref": "ref_mei", "description": "Référence MEI", "source_type": "MEI", "mime_type": "application/xml", "url": "", "file_path": "/media/sources/all-collabscore-saintsaens-autres-C426_0/ref_mei.xml", "has_manifest": false, "has_iiif_manifest": false}, {"ref": "iiif", "description": "Lien Gallica", "source_type": "JPEG", "mime_type": "image/jpeg", "url": "https://gallica.bnf.fr/ark:/12148/bpt6k1191375z", "file_path": null, "has_manifest": false, "has_iiif_manifest": false}], "files": [{"name": "mei.xml", "url": "http://localhost:8000/media/corpora/all/collabscore/saintsaens/autres/C426_0/mei.xml"}]}