{"db_id": 22401, "ref": "all:collabscore:saintsaens:autres:R132_1", "local_ref": "R132_1", "corpus_ref": "all:collabscore:saintsaens:autres", "title": "Barcarolle pour violon, violoncelle, harmonium et piano, par C. Saint-Saëns (op. 108) ", "composer": "Saint-Saëns, Camille ", "features": [], "sources": [{"ref": "ref_mei", "description": "Référence MEI", "source_type": "MEI", "mime_type": "application/xml", "url": "", "file_path": "/media/sources/all-collabscore-saintsaens-autres-R132_1/ref_mei.xml", "has_manifest": false, "has_iiif_manifest": false}, {"ref": "iiif", "description": "Lien Gallica", "source_type": "JPEG", "mime_type": "image/jpeg", "url": "https://gallica.bnf.fr/ark:/12148/bpt6k11669038", "file_path": null, "has_manifest": false, "has_iiif_manifest": false}], "files": [{"name": "mei.xml", "url": "http://localhost:8000/media/corpora/all/collabscore/saintsaens/autres/R132_1/mei.xml"}]}