{"db_id": 22557, "ref": "all:collabscore:saintsaens:autres:R165_1brut", "local_ref": "R165_1brut", "corpus_ref": "all:collabscore:saintsaens:autres", "title": "R165_1brut", "composer": null, "features": [], "sources": [{"ref": "ref_mei", "description": "Référence MEI", "source_type": "MEI", "mime_type": "application/xml", "url": "", "file_path": "/media/sources/all-collabscore-saintsaens-autres-R165_1brut/ref_mei.xml", "has_manifest": false, "has_iiif_manifest": false}], "files": [{"name": "mei.xml", "url": "http://localhost:8000/media/corpora/all/collabscore/saintsaens/autres/R165_1brut/mei.xml"}]}