{"db_id": 22526, "ref": "all:collabscore:saintsaens:autres:R203_1", "local_ref": "R203_1", "corpus_ref": "all:collabscore:saintsaens:autres", "title": "[Morceau de concert. Cor, orchestre. R 203. Fa mineur] ", "composer": "Saint-Saëns, Camille ", "features": [], "sources": [{"ref": "ref_mei", "description": "Référence MEI", "source_type": "MEI", "mime_type": "application/xml", "url": "", "file_path": "/media/sources/all-collabscore-saintsaens-autres-R203_1/ref_mei.xml", "has_manifest": false, "has_iiif_manifest": false}, {"ref": "iiif", "description": "Lien Gallica", "source_type": "JPEG", "mime_type": "image/jpeg", "url": "https://gallica.bnf.fr/ark:/12148/btv1b525014023", "file_path": null, "has_manifest": false, "has_iiif_manifest": false}], "files": [{"name": "mei.xml", "url": "http://localhost:8000/media/corpora/all/collabscore/saintsaens/autres/R203_1/mei.xml"}]}