<?xml version="1.0" encoding="UTF-8" standalone="no"?>
<!DOCTYPE score-partwise PUBLIC "-//Recordare//DTD MusicXML 3.0 Partwise//EN" "http://www.musicxml.org/dtds/partwise.dtd">
<score-partwise version="3.0">
  <identification>
    <encoding>
      <software>Finale 2014 for Mac</software>
      <software>Dolet Light for Finale 2014</software>
      <encoding-date>2014-07-02</encoding-date>
      <supports attribute="new-system" element="print" type="yes" value="yes"/>
      <supports attribute="new-page" element="print" type="yes" value="yes"/>
      <supports element="accidental" type="yes"/>
      <supports element="beam" type="yes"/>
      <supports element="stem" type="yes"/>
    </encoding>
  </identification>
  <defaults>
    <scaling>
      <millimeters>7.2319</millimeters>
      <tenths>40</tenths>
    </scaling>
    <page-layout>
      <page-height>1545</page-height>
      <page-width>1194</page-width>
      <page-margins type="both">
        <left-margin>70</left-margin>
        <right-margin>70</right-margin>
        <top-margin>88</top-margin>
        <bottom-margin>88</bottom-margin>
      </page-margins>
    </page-layout>
    <system-layout>
      <system-margins>
        <left-margin>0</left-margin>
        <right-margin>0</right-margin>
      </system-margins>
      <system-distance>121</system-distance>
      <top-system-distance>70</top-system-distance>
    </system-layout>
    <appearance>
      <line-width type="stem">0.7487</line-width>
      <line-width type="beam">5</line-width>
      <line-width type="staff">0.7487</line-width>
      <line-width type="light barline">0.7487</line-width>
      <line-width type="heavy barline">5</line-width>
      <line-width type="leger">0.7487</line-width>
      <line-width type="ending">0.7487</line-width>
      <line-width type="wedge">0.7487</line-width>
      <line-width type="enclosure">0.7487</line-width>
      <line-width type="tuplet bracket">0.7487</line-width>
      <note-size type="grace">60</note-size>
      <note-size type="cue">60</note-size>
      <distance type="hyphen">120</distance>
      <distance type="beam">8</distance>
    </appearance>
    <music-font font-family="Maestro,engraved" font-size="20.5"/>
    <word-font font-family="Times New Roman" font-size="10.25"/>
    <lyric-font font-family="Finale Lyrics" font-size="10.25"/>
  </defaults>
  <credit page="1">
    <credit-words default-x="70" default-y="1453" font-size="12" valign="top">Conducteur</credit-words>
  </credit>
  <part-list>
    <score-part id="P1">
      <part-name print-object="no">MusicXML Part</part-name>
      <score-instrument id="P1-I1">
        <instrument-name>MusicXML Default 1</instrument-name>
      </score-instrument>
      <midi-instrument id="P1-I1">
        <midi-channel>1</midi-channel>
        <midi-program>1</midi-program>
      </midi-instrument>
    </score-part>
  </part-list>
  <!--=========================================================-->
  <part id="P1">
    <measure number="1" width="185">
      <print>
        <system-layout>
          <system-margins>
            <left-margin>70</left-margin>
            <right-margin>0</right-margin>
          </system-margins>
          <top-system-distance>211</top-system-distance>
        </system-layout>
        <measure-numbering>system</measure-numbering>
      </print>
      <attributes>
        <divisions>2</divisions>
        <key>
          <fifths>0</fifths>
          <mode>major</mode>
        </key>
        <time symbol="cut">
          <beats>2</beats>
          <beat-type>2</beat-type>
        </time>
        <clef>
          <sign>C</sign>
          <line>1</line>
        </clef>
      </attributes>
      <sound tempo="120"/>
      <note default-x="81">
        <pitch>
          <step>G</step>
          <octave>4</octave>
        </pitch>
        <duration>8</duration>
        <voice>1</voice>
        <type>whole</type>
        <lyric default-y="-80" number="1">
          <syllabic>single</syllabic>
          <text>J'ay,</text>
        </lyric>
      </note>
    </measure>
    <!--=======================================================-->
    <measure number="2" width="141">
      <note default-x="14">
        <pitch>
          <step>A</step>
          <octave>4</octave>
        </pitch>
        <duration>4</duration>
        <voice>1</voice>
        <type>half</type>
        <stem default-y="-50.5">down</stem>
        <lyric default-y="-80" number="1">
          <syllabic>begin</syllabic>
          <text>d'u</text>
        </lyric>
      </note>
      <note default-x="77">
        <pitch>
          <step>B</step>
          <octave>4</octave>
        </pitch>
        <duration>4</duration>
        <voice>1</voice>
        <type>half</type>
        <stem default-y="-45">down</stem>
        <lyric default-y="-80" number="1">
          <syllabic>end</syllabic>
          <text>ne</text>
          <elision> </elision>
          <syllabic>begin</syllabic>
          <text>ex</text>
        </lyric>
      </note>
    </measure>
    <!--=======================================================-->
    <measure number="3" width="141">
      <note default-x="14">
        <pitch>
          <step>C</step>
          <octave>5</octave>
        </pitch>
        <duration>4</duration>
        <voice>1</voice>
        <type>half</type>
        <stem default-y="-40">down</stem>
        <lyric default-y="-80" number="1">
          <syllabic>middle</syllabic>
          <text>tré</text>
        </lyric>
      </note>
      <note default-x="77">
        <pitch>
          <step>B</step>
          <octave>4</octave>
        </pitch>
        <duration>4</duration>
        <voice>1</voice>
        <type>half</type>
        <stem default-y="-45">down</stem>
        <lyric default-y="-80" number="1">
          <syllabic>end</syllabic>
          <text>me</text>
          <elision> </elision>
          <syllabic>begin</syllabic>
          <text>im</text>
        </lyric>
      </note>
    </measure>
    <!--=======================================================-->
    <measure number="4" width="141">
      <note default-x="14">
        <pitch>
          <step>C</step>
          <octave>5</octave>
        </pitch>
        <duration>4</duration>
        <voice>1</voice>
        <type>half</type>
        <stem default-y="-40">down</stem>
        <lyric default-y="-80" number="1">
          <syllabic>middle</syllabic>
          <text>pa</text>
        </lyric>
      </note>
      <note default-x="77">
        <pitch>
          <step>D</step>
          <octave>5</octave>
        </pitch>
        <duration>4</duration>
        <voice>1</voice>
        <type>half</type>
        <stem default-y="-35">down</stem>
        <lyric default-y="-80" number="1">
          <syllabic>middle</syllabic>
          <text>ti</text>
        </lyric>
      </note>
    </measure>
    <!--=======================================================-->
    <measure number="5" width="117">
      <note default-x="14">
        <pitch>
          <step>B</step>
          <octave>4</octave>
        </pitch>
        <duration>8</duration>
        <voice>1</voice>
        <type>whole</type>
        <lyric default-y="-80" number="1">
          <syllabic>middle</syllabic>
          <text>en</text>
        </lyric>
      </note>
    </measure>
    <!--=======================================================-->
    <measure number="6" width="117">
      <note default-x="14">
        <pitch>
          <step>A</step>
          <octave>4</octave>
        </pitch>
        <duration>8</duration>
        <voice>1</voice>
        <type>whole</type>
        <lyric default-y="-80" number="1">
          <syllabic>end</syllabic>
          <text>ce,</text>
        </lyric>
      </note>
    </measure>
    <!--=======================================================-->
    <measure number="7" width="143">
      <note default-x="13">
        <rest/>
        <duration>4</duration>
        <voice>1</voice>
        <type>half</type>
      </note>
      <note default-x="78">
        <pitch>
          <step>A</step>
          <octave>4</octave>
        </pitch>
        <duration>4</duration>
        <voice>1</voice>
        <type>half</type>
        <stem default-y="-50.5">down</stem>
        <lyric default-y="-80" number="1">
          <syllabic>begin</syllabic>
          <text>At</text>
        </lyric>
      </note>
    </measure>
    <!--=======================================================-->
    <measure number="8" width="171">
      <print new-system="yes">
        <system-layout>
          <system-distance>114</system-distance>
        </system-layout>
      </print>
      <note default-x="50">
        <pitch>
          <step>A</step>
          <octave>4</octave>
        </pitch>
        <duration>4</duration>
        <voice>1</voice>
        <type>half</type>
        <stem default-y="-50">down</stem>
        <lyric default-y="-80" number="1">
          <syllabic>middle</syllabic>
          <text>ten</text>
        </lyric>
      </note>
      <note default-x="110">
        <pitch>
          <step>A</step>
          <octave>4</octave>
        </pitch>
        <duration>4</duration>
        <voice>1</voice>
        <type>half</type>
        <stem default-y="-50">down</stem>
        <lyric default-y="-80" number="1">
          <syllabic>end</syllabic>
          <text>du</text>
        </lyric>
      </note>
    </measure>
    <!--=======================================================-->
    <measure number="9" width="134">
      <note default-x="14">
        <pitch>
          <step>G</step>
          <octave>4</octave>
        </pitch>
        <duration>4</duration>
        <voice>1</voice>
        <type>half</type>
        <stem default-y="-55">down</stem>
        <lyric default-y="-80" number="1">
          <syllabic>single</syllabic>
          <text>le</text>
        </lyric>
      </note>
      <note default-x="74">
        <pitch>
          <step>F</step>
          <octave>4</octave>
        </pitch>
        <duration>4</duration>
        <voice>1</voice>
        <type>half</type>
        <stem default-y="11">up</stem>
        <lyric default-y="-80" number="1">
          <syllabic>begin</syllabic>
          <text>se</text>
        </lyric>
      </note>
    </measure>
    <!--=======================================================-->
    <measure number="10" width="111">
      <note default-x="13">
        <pitch>
          <step>E</step>
          <octave>4</octave>
        </pitch>
        <duration>8</duration>
        <voice>1</voice>
        <type>whole</type>
        <lyric default-y="-80" number="1">
          <syllabic>end</syllabic>
          <text>cours</text>
        </lyric>
      </note>
    </measure>
    <!--=======================================================-->
    <measure number="11" width="147">
      <note default-x="26">
        <pitch>
          <step>F</step>
          <alter>1</alter>
          <octave>4</octave>
        </pitch>
        <duration>4</duration>
        <voice>1</voice>
        <type>half</type>
        <accidental>sharp</accidental>
        <stem default-y="11">up</stem>
        <lyric default-y="-80" number="1">
          <syllabic>single</syllabic>
          <text>du</text>
        </lyric>
      </note>
      <note default-x="86">
        <pitch>
          <step>G</step>
          <octave>4</octave>
        </pitch>
        <duration>4</duration>
        <voice>1</voice>
        <type>half</type>
        <stem default-y="-55">down</stem>
        <lyric default-y="-80" number="1">
          <syllabic>begin</syllabic>
          <text>Mo</text>
        </lyric>
      </note>
    </measure>
    <!--=======================================================-->
    <measure number="12" width="111">
      <note default-x="13">
        <pitch>
          <step>A</step>
          <octave>4</octave>
        </pitch>
        <duration>8</duration>
        <voice>1</voice>
        <type>whole</type>
        <lyric default-y="-80" number="1">
          <syllabic>middle</syllabic>
          <text>nar</text>
        </lyric>
      </note>
    </measure>
    <!--=======================================================-->
    <measure number="13" width="134">
      <note default-x="13">
        <pitch>
          <step>F</step>
          <octave>4</octave>
        </pitch>
        <duration>4</duration>
        <voice>1</voice>
        <type>half</type>
        <stem default-y="11">up</stem>
        <lyric default-y="-80" number="1">
          <syllabic>end</syllabic>
          <text>que</text>
          <elision> </elision>
          <syllabic>begin</syllabic>
          <text>E</text>
        </lyric>
      </note>
      <note default-x="73">
        <pitch>
          <step>E</step>
          <octave>4</octave>
        </pitch>
        <duration>4</duration>
        <voice>1</voice>
        <type>half</type>
        <stem default-y="5">up</stem>
        <lyric default-y="-80" number="1">
          <syllabic>middle</syllabic>
          <text>ter</text>
        </lyric>
      </note>
    </measure>
    <!--=======================================================-->
    <measure number="14" width="111">
      <note default-x="13">
        <pitch>
          <step>D</step>
          <octave>4</octave>
        </pitch>
        <duration>8</duration>
        <voice>1</voice>
        <type>whole</type>
        <lyric default-y="-80" number="1">
          <syllabic>end</syllabic>
          <text>nel,</text>
        </lyric>
      </note>
    </measure>
    <!--=======================================================-->
    <measure number="15" width="136">
      <note default-x="14">
        <rest/>
        <duration>4</duration>
        <voice>1</voice>
        <type>half</type>
      </note>
      <note default-x="75">
        <pitch>
          <step>E</step>
          <octave>4</octave>
        </pitch>
        <duration>4</duration>
        <voice>1</voice>
        <type>half</type>
        <stem default-y="5">up</stem>
        <lyric default-y="-80" number="1">
          <syllabic>single</syllabic>
          <text>Et</text>
        </lyric>
      </note>
    </measure>
    <!--=======================================================-->
    <measure number="16" width="257">
      <print new-system="yes">
        <system-layout>
          <system-distance>114</system-distance>
        </system-layout>
      </print>
      <note default-x="50">
        <pitch>
          <step>F</step>
          <octave>4</octave>
        </pitch>
        <duration>4</duration>
        <voice>1</voice>
        <type>half</type>
        <stem default-y="10">up</stem>
        <lyric default-y="-80" number="1">
          <syllabic>single</syllabic>
          <text>de</text>
        </lyric>
      </note>
      <note default-x="107">
        <pitch>
          <step>E</step>
          <octave>4</octave>
        </pitch>
        <duration>8</duration>
        <voice>1</voice>
        <type>whole</type>
        <lyric default-y="-80" number="1">
          <syllabic>single</syllabic>
          <text>son</text>
        </lyric>
      </note>
      <note default-x="199">
        <pitch>
          <step>D</step>
          <octave>4</octave>
        </pitch>
        <duration>4</duration>
        <voice>1</voice>
        <type>half</type>
        <stem default-y="0.5">up</stem>
        <lyric default-y="-80" number="1">
          <syllabic>begin</syllabic>
          <text>a</text>
        </lyric>
      </note>
    </measure>
    <!--=======================================================-->
    <measure number="17" width="221">
      <note default-x="14">
        <pitch>
          <step>G</step>
          <octave>4</octave>
        </pitch>
        <duration>4</duration>
        <voice>1</voice>
        <type>half</type>
        <stem default-y="-55">down</stem>
        <lyric default-y="-80" number="1">
          <syllabic>end</syllabic>
          <text>mour</text>
        </lyric>
      </note>
      <note default-x="71">
        <pitch>
          <step>A</step>
          <octave>4</octave>
        </pitch>
        <duration>8</duration>
        <voice>1</voice>
        <type>whole</type>
        <lyric default-y="-80" number="1">
          <syllabic>begin</syllabic>
          <text>pa</text>
        </lyric>
      </note>
      <note default-x="163">
        <pitch>
          <step>B</step>
          <octave>4</octave>
        </pitch>
        <duration>4</duration>
        <voice>1</voice>
        <type>half</type>
        <stem default-y="-45">down</stem>
        <lyric default-y="-80" number="1">
          <syllabic>middle</syllabic>
          <text>ter</text>
        </lyric>
      </note>
    </measure>
    <!--=======================================================-->
    <measure number="18" width="106">
      <note default-x="14">
        <pitch>
          <step>C</step>
          <octave>5</octave>
        </pitch>
        <duration>8</duration>
        <voice>1</voice>
        <type>whole</type>
        <lyric default-y="-80" number="1">
          <syllabic>end</syllabic>
          <text>nel,</text>
        </lyric>
      </note>
    </measure>
    <!--=======================================================-->
    <measure number="19" width="106">
      <note>
        <rest measure="yes"/>
        <duration>8</duration>
        <voice>1</voice>
      </note>
    </measure>
    <!--=======================================================-->
    <measure number="20" width="106">
      <note default-x="13">
        <pitch>
          <step>B</step>
          <octave>4</octave>
        </pitch>
        <duration>8</duration>
        <voice>1</voice>
        <type>whole</type>
        <lyric default-y="-80" number="1">
          <syllabic>single</syllabic>
          <text>En</text>
        </lyric>
      </note>
    </measure>
    <!--=======================================================-->
    <measure number="21" width="129">
      <note default-x="14">
        <pitch>
          <step>C</step>
          <octave>5</octave>
        </pitch>
        <duration>4</duration>
        <voice>1</voice>
        <type>half</type>
        <stem default-y="-40.5">down</stem>
        <lyric default-y="-80" number="1">
          <syllabic>single</syllabic>
          <text>ce</text>
        </lyric>
      </note>
      <note default-x="71">
        <pitch>
          <step>D</step>
          <octave>5</octave>
        </pitch>
        <duration>4</duration>
        <voice>1</voice>
        <type>half</type>
        <stem default-y="-35">down</stem>
        <lyric default-y="-80" number="1">
          <syllabic>begin</syllabic>
          <text>der</text>
        </lyric>
      </note>
    </measure>
    <!--=======================================================-->
    <measure number="22" width="129">
      <note default-x="14">
        <pitch>
          <step>C</step>
          <octave>5</octave>
        </pitch>
        <duration>4</duration>
        <voice>1</voice>
        <type>half</type>
        <stem default-y="-40.5">down</stem>
        <lyric default-y="-80" number="1">
          <syllabic>end</syllabic>
          <text>nier</text>
        </lyric>
      </note>
      <note default-x="71">
        <pitch>
          <step>B</step>
          <octave>4</octave>
        </pitch>
        <duration>4</duration>
        <voice>1</voice>
        <type>half</type>
        <stem default-y="-45">down</stem>
        <lyric default-y="-80" number="1">
          <syllabic>begin</syllabic>
          <text>dan</text>
        </lyric>
      </note>
    </measure>
    <!--=======================================================-->
    <measure number="23" width="179">
      <print new-system="yes">
        <system-layout>
          <system-distance>114</system-distance>
        </system-layout>
      </print>
      <note default-x="50">
        <pitch>
          <step>A</step>
          <octave>4</octave>
        </pitch>
        <duration>8</duration>
        <voice>1</voice>
        <type>whole</type>
        <lyric default-y="-80" number="1">
          <syllabic>end</syllabic>
          <text>ger</text>
        </lyric>
      </note>
    </measure>
    <!--=======================================================-->
    <measure number="24" width="143">
      <note default-x="13">
        <pitch>
          <step>G</step>
          <octave>4</octave>
        </pitch>
        <duration>8</duration>
        <voice>1</voice>
        <type>whole</type>
        <lyric default-y="-80" number="1">
          <syllabic>single</syllabic>
          <text>j'ay</text>
        </lyric>
      </note>
    </measure>
    <!--=======================================================-->
    <measure number="25" width="188">
      <note default-x="25">
        <pitch>
          <step>B</step>
          <octave>4</octave>
        </pitch>
        <duration>4</duration>
        <voice>1</voice>
        <type>half</type>
        <accidental>natural</accidental>
        <stem default-y="-45">down</stem>
        <lyric default-y="-80" number="1">
          <syllabic>single</syllabic>
          <text>fait</text>
        </lyric>
      </note>
      <note default-x="107">
        <pitch>
          <step>A</step>
          <octave>4</octave>
        </pitch>
        <duration>4</duration>
        <voice>1</voice>
        <type>half</type>
        <stem default-y="-50">down</stem>
        <lyric default-y="-80" number="1">
          <syllabic>begin</syllabic>
          <text>l'ex</text>
        </lyric>
      </note>
    </measure>
    <!--=======================================================-->
    <measure number="26" width="173">
      <note default-x="14">
        <pitch>
          <step>C</step>
          <octave>5</octave>
        </pitch>
        <duration>4</duration>
        <voice>1</voice>
        <type>half</type>
        <stem default-y="-40">down</stem>
        <lyric default-y="-80" number="1">
          <syllabic>middle</syllabic>
          <text>pe</text>
        </lyric>
      </note>
      <note default-x="93">
        <pitch>
          <step>B</step>
          <octave>4</octave>
        </pitch>
        <duration>4</duration>
        <voice>1</voice>
        <type>half</type>
        <stem default-y="-45">down</stem>
        <lyric default-y="-80" number="1">
          <syllabic>middle</syllabic>
          <text>ri</text>
        </lyric>
      </note>
    </measure>
    <!--=======================================================-->
    <measure number="27" width="143">
      <note default-x="13">
        <pitch>
          <step>A</step>
          <octave>4</octave>
        </pitch>
        <duration>8</duration>
        <voice>1</voice>
        <type>whole</type>
        <lyric default-y="-80" number="1">
          <syllabic>middle</syllabic>
          <text>en</text>
        </lyric>
      </note>
    </measure>
    <!--=======================================================-->
    <measure number="28" width="228">
      <note default-x="13">
        <pitch>
          <step>G</step>
          <octave>4</octave>
        </pitch>
        <duration>16</duration>
        <voice>1</voice>
        <type>breve</type>
        <lyric default-y="-80" number="1">
          <syllabic>end</syllabic>
          <text>ce.</text>
        </lyric>
      </note>
      <barline location="right">
        <bar-style>light-heavy</bar-style>
      </barline>
    </measure>
  </part>
  <!--=========================================================-->
</score-partwise>
