{"ref": "godeau1656", "title": "Paraphrase des psaumes de David, en vers fran\u00e7ois", "short_title": "Godeau 1656", "description": "<p>\r\n\tAux-Cousteaux<em>, Paraphrase des [CL] psaumes de David, en vers fran&ccedil;ois par Antoine Godeau... et mis en chant [&agrave; 1 v.]... quatri&egrave;me &eacute;dition, revue et corrig&eacute;e,</em> Paris, P. Le Petit, 1656. Ex.&nbsp;Paris BnF.</p>\r\n<p>\r\n\tResp. C&eacute;cile Davy-Rigaux, saisie Jean-Michel Noailly, corrections Olivier Collet, &eacute;d. Alice Tacaille</p>\r\n<p>\r\n\t&nbsp;</p>\r\n", "is_public": true, "short_description": "Les Psaumes en vers fran\u00e7ais d\u2019Antoine Godeau, mis en musique par Artus Auxcousteaux (1656)", "licence_code": null, "copyright": null, "supervisors": null}