<?xml version="1.0" encoding="UTF-8"?>
<!DOCTYPE score-partwise PUBLIC "-//Recordare//DTD MusicXML 1.0 Partwise//EN"
                                "http://www.musicxml.org/dtds/partwise.dtd">
<score-partwise>
  <identification>
    <encoding>
      <software>Finale for Windows</software>
      <software>Dolet Light for Finale 2006</software>
      <encoding-date>2009-10-19</encoding-date>
    </encoding>
  </identification>
  <part-list>
    <score-part id="P1">
      <part-name>MusicXML Part</part-name>
      <score-instrument id="P1-I1">
        <instrument-name>Grand Piano</instrument-name>
      </score-instrument>
      <midi-instrument id="P1-I1">
        <midi-channel>1</midi-channel>
        <midi-program>1</midi-program>
      </midi-instrument>
    </score-part>
  </part-list>
  <!--=========================================================-->
  <part id="P1">
    <measure number="1">
      <attributes>
        <divisions>1</divisions>
        <key>
          <fifths>0</fifths>
          <mode>major</mode>
        </key>
        <time symbol="cut">
          <beats>2</beats>
          <beat-type>2</beat-type>
        </time>
        <clef>
          <sign>C</sign>
          <line>4</line>
        </clef>
      </attributes>
      <sound tempo="134"/>
      <note>
        <pitch>
          <step>A</step>
          <octave>3</octave>
        </pitch>
        <duration>2</duration>
        <voice>1</voice>
        <type>half</type>
        <stem>down</stem>
        <lyric number="1">
          <syllabic>single</syllabic>
          <text>1.D'ou</text>
        </lyric>
      </note>
      <note>
        <pitch>
          <step>B</step>
          <alter>-1</alter>
          <octave>3</octave>
        </pitch>
        <duration>2</duration>
        <voice>1</voice>
        <type>half</type>
        <accidental>flat</accidental>
        <stem>down</stem>
        <lyric number="1">
          <syllabic>single</syllabic>
          <text>vient</text>
        </lyric>
      </note>
      <barline location="right">
        <bar-style>none</bar-style>
      </barline>
    </measure>
    <!--=======================================================-->
    <measure number="2">
      <note>
        <pitch>
          <step>G</step>
          <octave>3</octave>
        </pitch>
        <duration>2</duration>
        <voice>1</voice>
        <type>half</type>
        <stem>up</stem>
        <lyric number="1">
          <syllabic>begin</syllabic>
          <text>ce</text>
        </lyric>
      </note>
      <note>
        <pitch>
          <step>F</step>
          <octave>3</octave>
        </pitch>
        <duration>2</duration>
        <voice>1</voice>
        <type>half</type>
        <stem>up</stem>
        <lyric number="1">
          <syllabic>end</syllabic>
          <text>la,</text>
        </lyric>
      </note>
      <barline location="right">
        <bar-style>none</bar-style>
      </barline>
    </measure>
    <!--=======================================================-->
    <measure number="3">
      <note>
        <pitch>
          <step>F</step>
          <octave>3</octave>
        </pitch>
        <duration>2</duration>
        <voice>1</voice>
        <type>half</type>
        <stem>up</stem>
        <lyric number="1">
          <syllabic>begin</syllabic>
          <text>Sei</text>
        </lyric>
      </note>
      <note>
        <pitch>
          <step>E</step>
          <octave>3</octave>
        </pitch>
        <duration>1</duration>
        <voice>1</voice>
        <type>quarter</type>
        <stem>up</stem>
        <lyric number="1">
          <syllabic>end</syllabic>
          <text>gneur,</text>
        </lyric>
      </note>
      <note>
        <pitch>
          <step>D</step>
          <octave>3</octave>
        </pitch>
        <duration>1</duration>
        <voice>1</voice>
        <type>quarter</type>
        <stem>up</stem>
        <lyric number="1">
          <syllabic>single</syllabic>
          <text>ie</text>
        </lyric>
      </note>
      <barline location="right">
        <bar-style>none</bar-style>
      </barline>
    </measure>
    <!--=======================================================-->
    <measure number="4">
      <note>
        <pitch>
          <step>F</step>
          <octave>3</octave>
        </pitch>
        <duration>2</duration>
        <voice>1</voice>
        <type>half</type>
        <stem>up</stem>
        <lyric number="1">
          <syllabic>single</syllabic>
          <text>te</text>
        </lyric>
      </note>
      <note>
        <pitch>
          <step>G</step>
          <octave>3</octave>
        </pitch>
        <duration>2</duration>
        <voice>1</voice>
        <type>half</type>
        <stem>up</stem>
        <lyric number="1">
          <syllabic>begin</syllabic>
          <text>sup</text>
        </lyric>
      </note>
      <barline location="right">
        <bar-style>none</bar-style>
      </barline>
    </measure>
    <!--=======================================================-->
    <measure number="5">
      <note>
        <pitch>
          <step>A</step>
          <octave>3</octave>
        </pitch>
        <duration>2</duration>
        <voice>1</voice>
        <type>half</type>
        <stem>down</stem>
        <lyric number="1">
          <syllabic>end</syllabic>
          <text>pli',</text>
        </lyric>
      </note>
      <note>
        <rest/>
        <duration>2</duration>
        <voice>1</voice>
        <type>half</type>
      </note>
      <barline location="right">
        <bar-style>none</bar-style>
      </barline>
    </measure>
    <!--=======================================================-->
    <measure number="6">
      <note>
        <pitch>
          <step>A</step>
          <octave>3</octave>
        </pitch>
        <duration>2</duration>
        <voice>1</voice>
        <type>half</type>
        <stem>down</stem>
        <lyric number="1">
          <syllabic>single</syllabic>
          <text>2.Que</text>
        </lyric>
      </note>
      <note>
        <pitch>
          <step>A</step>
          <octave>3</octave>
        </pitch>
        <duration>1</duration>
        <voice>1</voice>
        <type>quarter</type>
        <stem>down</stem>
        <lyric number="1">
          <syllabic>single</syllabic>
          <text>loin</text>
        </lyric>
      </note>
      <note>
        <pitch>
          <step>B</step>
          <octave>3</octave>
        </pitch>
        <duration>1</duration>
        <voice>1</voice>
        <type>quarter</type>
        <stem>down</stem>
        <lyric number="1">
          <syllabic>single</syllabic>
          <text>de</text>
        </lyric>
      </note>
      <barline location="right">
        <bar-style>none</bar-style>
      </barline>
    </measure>
    <!--=======================================================-->
    <measure number="7">
      <print new-system="yes"/>
      <note>
        <pitch>
          <step>C</step>
          <octave>4</octave>
        </pitch>
        <duration>1</duration>
        <voice>1</voice>
        <type>quarter</type>
        <stem>down</stem>
        <lyric number="1">
          <syllabic>single</syllabic>
          <text>nous</text>
        </lyric>
      </note>
      <note>
        <pitch>
          <step>B</step>
          <octave>3</octave>
        </pitch>
        <duration>1</duration>
        <voice>1</voice>
        <type>quarter</type>
        <stem>down</stem>
        <lyric number="1">
          <syllabic>single</syllabic>
          <text>te</text>
        </lyric>
      </note>
      <note>
        <pitch>
          <step>A</step>
          <octave>3</octave>
        </pitch>
        <duration>1</duration>
        <voice>1</voice>
        <type>quarter</type>
        <stem>down</stem>
        <lyric number="1">
          <syllabic>single</syllabic>
          <text>tiens</text>
        </lyric>
      </note>
      <note>
        <pitch>
          <step>G</step>
          <octave>3</octave>
        </pitch>
        <duration>1</duration>
        <voice>1</voice>
        <type>quarter</type>
        <stem>up</stem>
        <lyric number="1">
          <syllabic>single</syllabic>
          <text>les</text>
        </lyric>
      </note>
      <barline location="right">
        <bar-style>none</bar-style>
      </barline>
    </measure>
    <!--=======================================================-->
    <measure number="8">
      <note>
        <pitch>
          <step>F</step>
          <octave>3</octave>
        </pitch>
        <duration>2</duration>
        <voice>1</voice>
        <type>half</type>
        <stem>up</stem>
        <lyric number="1">
          <syllabic>single</syllabic>
          <text>yeux</text>
        </lyric>
      </note>
      <note>
        <pitch>
          <step>E</step>
          <octave>3</octave>
        </pitch>
        <duration>2</duration>
        <voice>1</voice>
        <type>half</type>
        <stem>up</stem>
        <lyric number="1">
          <syllabic>begin</syllabic>
          <text>cou</text>
        </lyric>
      </note>
      <barline location="right">
        <bar-style>none</bar-style>
      </barline>
    </measure>
    <!--=======================================================-->
    <measure number="9">
      <note>
        <pitch>
          <step>D</step>
          <octave>3</octave>
        </pitch>
        <duration>2</duration>
        <voice>1</voice>
        <type>half</type>
        <stem>up</stem>
        <lyric number="1">
          <syllabic>end</syllabic>
          <text>verts?</text>
        </lyric>
      </note>
      <note>
        <rest/>
        <duration>2</duration>
        <voice>1</voice>
        <type>half</type>
      </note>
      <barline location="right">
        <bar-style>none</bar-style>
      </barline>
    </measure>
    <!--=======================================================-->
    <measure number="10">
      <note>
        <pitch>
          <step>A</step>
          <octave>3</octave>
        </pitch>
        <duration>2</duration>
        <voice>1</voice>
        <type>half</type>
        <stem>down</stem>
        <lyric number="1">
          <syllabic>single</syllabic>
          <text>3.Te</text>
        </lyric>
      </note>
      <note>
        <pitch>
          <step>B</step>
          <alter>-1</alter>
          <octave>3</octave>
        </pitch>
        <duration>2</duration>
        <voice>1</voice>
        <type>half</type>
        <accidental>flat</accidental>
        <stem>down</stem>
        <lyric number="1">
          <syllabic>begin</syllabic>
          <text>ca</text>
        </lyric>
      </note>
      <barline location="right">
        <bar-style>none</bar-style>
      </barline>
    </measure>
    <!--=======================================================-->
    <measure number="11">
      <note>
        <pitch>
          <step>G</step>
          <octave>3</octave>
        </pitch>
        <duration>2</duration>
        <voice>1</voice>
        <type>half</type>
        <stem>up</stem>
        <lyric number="1">
          <syllabic>end</syllabic>
          <text>ches</text>
        </lyric>
      </note>
      <note>
        <pitch>
          <step>F</step>
          <octave>3</octave>
        </pitch>
        <duration>2</duration>
        <voice>1</voice>
        <type>half</type>
        <stem>up</stem>
        <lyric number="1">
          <syllabic>single</syllabic>
          <text>tu</text>
        </lyric>
      </note>
      <barline location="right">
        <bar-style>none</bar-style>
      </barline>
    </measure>
    <!--=======================================================-->
    <measure number="12">
      <note>
        <pitch>
          <step>F</step>
          <octave>3</octave>
        </pitch>
        <duration>2</duration>
        <voice>1</voice>
        <type>half</type>
        <stem>up</stem>
        <lyric number="1">
          <syllabic>single</syllabic>
          <text>pour</text>
        </lyric>
      </note>
      <note>
        <pitch>
          <step>E</step>
          <octave>3</octave>
        </pitch>
        <duration>1</duration>
        <voice>1</voice>
        <type>quarter</type>
        <stem>up</stem>
        <lyric number="1">
          <syllabic>single</syllabic>
          <text>nous</text>
        </lyric>
      </note>
      <note>
        <pitch>
          <step>D</step>
          <octave>3</octave>
        </pitch>
        <duration>1</duration>
        <voice>1</voice>
        <type>quarter</type>
        <stem>up</stem>
        <lyric number="1">
          <syllabic>single</syllabic>
          <text>mettre</text>
        </lyric>
      </note>
      <barline location="right">
        <bar-style>none</bar-style>
      </barline>
    </measure>
    <!--=======================================================-->
    <measure number="13">
      <print new-system="yes"/>
      <note>
        <pitch>
          <step>F</step>
          <octave>3</octave>
        </pitch>
        <duration>2</duration>
        <voice>1</voice>
        <type>half</type>
        <stem>up</stem>
        <lyric number="1">
          <syllabic>single</syllabic>
          <text>en</text>
        </lyric>
      </note>
      <note>
        <pitch>
          <step>G</step>
          <octave>3</octave>
        </pitch>
        <duration>2</duration>
        <voice>1</voice>
        <type>half</type>
        <stem>up</stem>
        <lyric number="1">
          <syllabic>begin</syllabic>
          <text>ou</text>
        </lyric>
      </note>
      <barline location="right">
        <bar-style>none</bar-style>
      </barline>
    </measure>
    <!--=======================================================-->
    <measure number="14">
      <note>
        <pitch>
          <step>A</step>
          <octave>3</octave>
        </pitch>
        <duration>2</duration>
        <voice>1</voice>
        <type>half</type>
        <stem>down</stem>
        <lyric number="1">
          <syllabic>end</syllabic>
          <text>bli,</text>
        </lyric>
      </note>
      <note>
        <rest/>
        <duration>2</duration>
        <voice>1</voice>
        <type>half</type>
      </note>
      <barline location="right">
        <bar-style>none</bar-style>
      </barline>
    </measure>
    <!--=======================================================-->
    <measure number="15">
      <note>
        <pitch>
          <step>A</step>
          <octave>3</octave>
        </pitch>
        <duration>2</duration>
        <voice>1</voice>
        <type>half</type>
        <stem>down</stem>
        <lyric number="1">
          <syllabic>begin</syllabic>
          <text>4.Mes</text>
        </lyric>
      </note>
      <note>
        <pitch>
          <step>A</step>
          <octave>3</octave>
        </pitch>
        <duration>1</duration>
        <voice>1</voice>
        <type>quarter</type>
        <stem>down</stem>
        <lyric number="1">
          <syllabic>end</syllabic>
          <text>mes</text>
        </lyric>
      </note>
      <note>
        <pitch>
          <step>B</step>
          <octave>3</octave>
        </pitch>
        <duration>1</duration>
        <voice>1</voice>
        <type>quarter</type>
        <stem>down</stem>
        <lyric number="1">
          <syllabic>single</syllabic>
          <text>au</text>
        </lyric>
      </note>
      <barline location="right">
        <bar-style>none</bar-style>
      </barline>
    </measure>
    <!--=======================================================-->
    <measure number="16">
      <note>
        <pitch>
          <step>C</step>
          <octave>4</octave>
        </pitch>
        <duration>1</duration>
        <voice>1</voice>
        <type>quarter</type>
        <stem>down</stem>
        <lyric number="1">
          <syllabic>single</syllabic>
          <text>temps</text>
        </lyric>
      </note>
      <note>
        <pitch>
          <step>B</step>
          <octave>3</octave>
        </pitch>
        <duration>1</duration>
        <voice>1</voice>
        <type>quarter</type>
        <stem>down</stem>
        <lyric number="1">
          <syllabic>single</syllabic>
          <text>qui</text>
        </lyric>
      </note>
      <note>
        <pitch>
          <step>A</step>
          <octave>3</octave>
        </pitch>
        <duration>1</duration>
        <voice>1</voice>
        <type>quarter</type>
        <stem>down</stem>
        <lyric number="1">
          <syllabic>single</syllabic>
          <text>est</text>
        </lyric>
      </note>
      <note>
        <pitch>
          <step>G</step>
          <octave>3</octave>
        </pitch>
        <duration>1</duration>
        <voice>1</voice>
        <type>quarter</type>
        <stem>up</stem>
        <lyric number="1">
          <syllabic>single</syllabic>
          <text>dur</text>
        </lyric>
      </note>
      <barline location="right">
        <bar-style>none</bar-style>
      </barline>
    </measure>
    <!--=======================================================-->
    <measure number="17">
      <note>
        <pitch>
          <step>F</step>
          <octave>3</octave>
        </pitch>
        <duration>2</duration>
        <voice>1</voice>
        <type>half</type>
        <stem>up</stem>
        <lyric number="1">
          <syllabic>single</syllabic>
          <text>&amp;</text>
        </lyric>
      </note>
      <note>
        <pitch>
          <step>E</step>
          <octave>3</octave>
        </pitch>
        <duration>2</duration>
        <voice>1</voice>
        <type>half</type>
        <stem>up</stem>
        <lyric number="1">
          <syllabic>begin</syllabic>
          <text>di</text>
        </lyric>
      </note>
      <barline location="right">
        <bar-style>none</bar-style>
      </barline>
    </measure>
    <!--=======================================================-->
    <measure number="18">
      <note>
        <pitch>
          <step>D</step>
          <octave>3</octave>
        </pitch>
        <duration>2</duration>
        <voice>1</voice>
        <type>half</type>
        <stem>up</stem>
        <lyric number="1">
          <syllabic>end</syllabic>
          <text>vers?</text>
        </lyric>
      </note>
      <note>
        <rest/>
        <duration>2</duration>
        <voice>1</voice>
        <type>half</type>
      </note>
      <barline location="right">
        <bar-style>none</bar-style>
      </barline>
    </measure>
    <!--=======================================================-->
    <measure number="19">
      <print new-system="yes"/>
      <note>
        <pitch>
          <step>D</step>
          <octave>4</octave>
        </pitch>
        <duration>2</duration>
        <voice>1</voice>
        <type>half</type>
        <stem>down</stem>
        <lyric number="1">
          <syllabic>single</syllabic>
          <text>5.Par</text>
        </lyric>
      </note>
      <note>
        <pitch>
          <step>C</step>
          <octave>4</octave>
        </pitch>
        <duration>1</duration>
        <voice>1</voice>
        <type>quarter</type>
        <stem>down</stem>
        <lyric number="1">
          <syllabic>single</syllabic>
          <text>leur</text>
        </lyric>
      </note>
      <note>
        <pitch>
          <step>B</step>
          <octave>3</octave>
        </pitch>
        <duration>1</duration>
        <voice>1</voice>
        <type>quarter</type>
        <stem>down</stem>
        <lyric number="1">
          <syllabic>begin</syllabic>
          <text>or</text>
        </lyric>
      </note>
      <barline location="right">
        <bar-style>none</bar-style>
      </barline>
    </measure>
    <!--=======================================================-->
    <measure number="20">
      <note>
        <pitch>
          <step>A</step>
          <octave>3</octave>
        </pitch>
        <duration>1</duration>
        <voice>1</voice>
        <type>quarter</type>
        <stem>down</stem>
        <lyric number="1">
          <syllabic>end</syllabic>
          <text>gueil</text>
        </lyric>
      </note>
      <note>
        <pitch>
          <step>G</step>
          <octave>3</octave>
        </pitch>
        <duration>1</duration>
        <voice>1</voice>
        <type>quarter</type>
        <stem>up</stem>
        <lyric number="1">
          <syllabic>single</syllabic>
          <text>sont</text>
        </lyric>
      </note>
      <note>
        <pitch>
          <step>A</step>
          <octave>3</octave>
        </pitch>
        <duration>1</duration>
        <voice>1</voice>
        <type>quarter</type>
        <stem>down</stem>
        <lyric number="1">
          <syllabic>begin</syllabic>
          <text>ar</text>
        </lyric>
      </note>
      <note>
        <pitch>
          <step>B</step>
          <octave>3</octave>
        </pitch>
        <duration>1</duration>
        <voice>1</voice>
        <type>quarter</type>
        <stem>down</stem>
        <lyric number="1">
          <syllabic>end</syllabic>
          <text>dens</text>
        </lyric>
      </note>
      <barline location="right">
        <bar-style>none</bar-style>
      </barline>
    </measure>
    <!--=======================================================-->
    <measure number="21">
      <note>
        <pitch>
          <step>C</step>
          <octave>4</octave>
        </pitch>
        <duration>2</duration>
        <voice>1</voice>
        <type>half</type>
        <stem>down</stem>
        <lyric number="1">
          <syllabic>single</syllabic>
          <text>les</text>
        </lyric>
      </note>
      <note>
        <pitch>
          <step>B</step>
          <octave>3</octave>
        </pitch>
        <duration>2</duration>
        <voice>1</voice>
        <type>half</type>
        <stem>down</stem>
        <lyric number="1">
          <syllabic>begin</syllabic>
          <text>per</text>
        </lyric>
      </note>
      <barline location="right">
        <bar-style>none</bar-style>
      </barline>
    </measure>
    <!--=======================================================-->
    <measure number="22">
      <note>
        <pitch>
          <step>A</step>
          <octave>3</octave>
        </pitch>
        <duration>2</duration>
        <voice>1</voice>
        <type>half</type>
        <stem>down</stem>
        <lyric number="1">
          <syllabic>end</syllabic>
          <text>vers,</text>
        </lyric>
      </note>
      <note>
        <rest/>
        <duration>2</duration>
        <voice>1</voice>
        <type>half</type>
      </note>
      <barline location="right">
        <bar-style>none</bar-style>
      </barline>
    </measure>
    <!--=======================================================-->
    <measure number="23">
      <note>
        <pitch>
          <step>C</step>
          <octave>4</octave>
        </pitch>
        <duration>2</duration>
        <voice>1</voice>
        <type>half</type>
        <stem>down</stem>
        <lyric number="1">
          <syllabic>single</syllabic>
          <text>6.A</text>
        </lyric>
      </note>
      <note>
        <pitch>
          <step>B</step>
          <octave>3</octave>
        </pitch>
        <duration>1</duration>
        <voice>1</voice>
        <type>quarter</type>
        <stem>down</stem>
        <lyric number="1">
          <syllabic>begin</syllabic>
          <text>tour</text>
        </lyric>
      </note>
      <note>
        <pitch>
          <step>A</step>
          <octave>3</octave>
        </pitch>
        <duration>1</duration>
        <voice>1</voice>
        <type>quarter</type>
        <stem>down</stem>
        <lyric number="1">
          <syllabic>middle</syllabic>
          <text>men</text>
        </lyric>
      </note>
      <barline location="right">
        <bar-style>none</bar-style>
      </barline>
    </measure>
    <!--=======================================================-->
    <measure number="24">
      <note>
        <pitch>
          <step>G</step>
          <octave>3</octave>
        </pitch>
        <duration>2</duration>
        <voice>1</voice>
        <type>half</type>
        <stem>up</stem>
        <lyric number="1">
          <syllabic>end</syllabic>
          <text>ter</text>
        </lyric>
      </note>
      <note>
        <pitch>
          <step>E</step>
          <octave>3</octave>
        </pitch>
        <duration>2</duration>
        <voice>1</voice>
        <type>half</type>
        <stem>up</stem>
        <lyric number="1">
          <syllabic>begin</syllabic>
          <text>l'hum</text>
        </lyric>
      </note>
      <barline location="right">
        <bar-style>none</bar-style>
      </barline>
    </measure>
    <!--=======================================================-->
    <measure number="25">
      <print new-system="yes"/>
      <note>
        <pitch>
          <step>F</step>
          <octave>3</octave>
        </pitch>
        <duration>1</duration>
        <voice>1</voice>
        <type>quarter</type>
        <stem>up</stem>
        <lyric number="1">
          <syllabic>end</syllabic>
          <text>ble</text>
        </lyric>
      </note>
      <note>
        <pitch>
          <step>G</step>
          <octave>3</octave>
        </pitch>
        <duration>1</duration>
        <voice>1</voice>
        <type>quarter</type>
        <stem>up</stem>
        <lyric number="1">
          <syllabic>single</syllabic>
          <text>qui</text>
        </lyric>
      </note>
      <note>
        <pitch>
          <step>A</step>
          <octave>3</octave>
        </pitch>
        <duration>1</duration>
        <voice>1</voice>
        <type>quarter</type>
        <stem>down</stem>
        <lyric number="1">
          <syllabic>begin</syllabic>
          <text>peu</text>
        </lyric>
      </note>
      <note>
        <pitch>
          <step>G</step>
          <octave>3</octave>
        </pitch>
        <duration>1</duration>
        <voice>1</voice>
        <type>quarter</type>
        <stem>up</stem>
        <lyric number="1">
          <syllabic>end</syllabic>
          <text>se</text>
        </lyric>
      </note>
      <barline location="right">
        <bar-style>none</bar-style>
      </barline>
    </measure>
    <!--=======================================================-->
    <measure number="26">
      <note>
        <pitch>
          <step>F</step>
          <octave>3</octave>
        </pitch>
        <duration>2</duration>
        <voice>1</voice>
        <type>half</type>
        <stem>up</stem>
        <lyric number="1">
          <syllabic>begin</syllabic>
          <text>pri</text>
        </lyric>
      </note>
      <note>
        <pitch>
          <step>E</step>
          <octave>3</octave>
        </pitch>
        <duration>2</duration>
        <voice>1</voice>
        <type>half</type>
        <stem>up</stem>
        <lyric number="1">
          <syllabic>end</syllabic>
          <text>se,</text>
        </lyric>
      </note>
      <barline location="right">
        <bar-style>none</bar-style>
      </barline>
    </measure>
    <!--=======================================================-->
    <measure number="27">
      <note>
        <rest/>
        <duration>2</duration>
        <voice>1</voice>
        <type>half</type>
      </note>
      <forward>
        <duration>2</duration>
        <voice>1</voice>
      </forward>
      <barline location="right">
        <bar-style>none</bar-style>
      </barline>
    </measure>
    <!--=======================================================-->
    <measure number="28">
      <note>
        <pitch>
          <step>A</step>
          <octave>3</octave>
        </pitch>
        <duration>2</duration>
        <voice>1</voice>
        <type>half</type>
        <stem>down</stem>
        <lyric number="1">
          <syllabic>single</syllabic>
          <text>7.Fay</text>
        </lyric>
      </note>
      <note>
        <pitch>
          <step>C</step>
          <octave>4</octave>
        </pitch>
        <duration>1</duration>
        <voice>1</voice>
        <type>quarter</type>
        <stem>down</stem>
        <lyric number="1">
          <syllabic>single</syllabic>
          <text>que</text>
        </lyric>
      </note>
      <note>
        <pitch>
          <step>C</step>
          <octave>4</octave>
        </pitch>
        <duration>1</duration>
        <voice>1</voice>
        <type>quarter</type>
        <stem>down</stem>
        <lyric number="1">
          <syllabic>single</syllabic>
          <text>sur</text>
        </lyric>
      </note>
      <barline location="right">
        <bar-style>none</bar-style>
      </barline>
    </measure>
    <!--=======================================================-->
    <measure number="29">
      <note>
        <pitch>
          <step>D</step>
          <octave>4</octave>
        </pitch>
        <duration>2</duration>
        <voice>1</voice>
        <type>half</type>
        <stem>down</stem>
        <lyric number="1">
          <syllabic>single</syllabic>
          <text>eux</text>
        </lyric>
      </note>
      <note>
        <pitch>
          <step>D</step>
          <octave>4</octave>
        </pitch>
        <duration>2</duration>
        <voice>1</voice>
        <type>half</type>
        <stem>down</stem>
        <lyric number="1">
          <syllabic>begin</syllabic>
          <text>tom</text>
        </lyric>
      </note>
      <barline location="right">
        <bar-style>none</bar-style>
      </barline>
    </measure>
    <!--=======================================================-->
    <measure number="30">
      <note>
        <pitch>
          <step>C</step>
          <octave>4</octave>
        </pitch>
        <duration>1</duration>
        <voice>1</voice>
        <type>quarter</type>
        <stem>down</stem>
        <lyric number="1">
          <syllabic>end</syllabic>
          <text>be</text>
        </lyric>
      </note>
      <note>
        <pitch>
          <step>B</step>
          <octave>3</octave>
        </pitch>
        <duration>1</duration>
        <voice>1</voice>
        <type>quarter</type>
        <stem>down</stem>
        <lyric number="1">
          <syllabic>single</syllabic>
          <text>leur</text>
        </lyric>
      </note>
      <note>
        <pitch>
          <step>A</step>
          <octave>3</octave>
        </pitch>
        <duration>1</duration>
        <voice>1</voice>
        <type>quarter</type>
        <stem>down</stem>
        <lyric number="1">
          <syllabic>begin</syllabic>
          <text>en</text>
        </lyric>
      </note>
      <note>
        <pitch>
          <step>G</step>
          <octave>3</octave>
        </pitch>
        <duration>1</duration>
        <voice>1</voice>
        <type>quarter</type>
        <stem>up</stem>
        <lyric number="1">
          <syllabic>middle</syllabic>
          <text>tre</text>
        </lyric>
      </note>
      <barline location="right">
        <bar-style>none</bar-style>
      </barline>
    </measure>
    <!--=======================================================-->
    <measure number="31">
      <print new-system="yes"/>
      <note>
        <pitch>
          <step>F</step>
          <octave>3</octave>
        </pitch>
        <duration>4</duration>
        <voice>1</voice>
        <type>whole</type>
        <lyric number="1">
          <syllabic>middle</syllabic>
          <text>pri</text>
        </lyric>
      </note>
      <barline location="right">
        <bar-style>none</bar-style>
      </barline>
    </measure>
    <!--=======================================================-->
    <measure number="32">
      <note>
        <pitch>
          <step>E</step>
          <octave>3</octave>
        </pitch>
        <duration>4</duration>
        <voice>1</voice>
        <type>whole</type>
      </note>
      <barline location="right">
        <bar-style>none</bar-style>
      </barline>
    </measure>
    <!--=======================================================-->
    <measure number="33">
      <note>
        <pitch>
          <step>D</step>
          <octave>3</octave>
        </pitch>
        <duration>4</duration>
        <voice>1</voice>
        <type>whole</type>
        <lyric number="1">
          <syllabic>end</syllabic>
          <text>se.</text>
        </lyric>
      </note>
      <barline location="right">
        <bar-style>light-heavy</bar-style>
      </barline>
    </measure>
  </part>
  <!--=========================================================-->
</score-partwise>
