{"ref": "psautiers", "title": "Psautiers", "short_title": "Psautiers", "description": "<p>\r\n\tLa collection <em>Psautiers</em> pr&eacute;sente les m&eacute;lodies qui ont offert leur support au chant des psaumes &agrave; l&#39;&eacute;poque moderne (XVI<sup>e</sup> s. &ndash;). Donn&eacute;es dans leur int&eacute;gralit&eacute;, elles t&eacute;moignent de l&#39;inspiration des po&egrave;tes et de la vitalit&eacute; m&eacute;lodique des musiciens.</p>\r\n<p>\r\n\tPour certaines, et jusqu&#39;&agrave; nos jours, ces m&eacute;lodies ont donn&eacute; naissance &agrave; de nombreuses compositions. Musiciens, m&eacute;lomanes et chercheurs pourront ainsi en retrouver les origines.</p>\r\n<p>\r\n\tLe corpus comprend actuellement un ensemble de psautiers en fran&ccedil;ais : trois psautiers du XVI<sup>e</sup> si&egrave;cle&nbsp; (versions &quot;Marot/B&egrave;ze&quot;) choisis pour leur repr&eacute;sentativit&eacute;,&nbsp; ainsi que sept psautiers du XVII<sup>e</sup> si&egrave;cle, autour des paraphrases de Philippe Desportes ou Antoine Godeau.</p>\r\n<p>\r\n\tLe formulaire de recherche permet de retrouver&nbsp; aussi bien les textes que les m&eacute;lodies en tout point de chaque pi&egrave;ce.</p>\r\n<p>\r\n\tJean-Michel Noailly - Alice Tacaille</p>\r\n<p>\r\n\t&nbsp;</p>\r\n<p>\r\n\t&nbsp;</p>\r\n", "is_public": true, "short_description": "Recueils de psaumes mis en musique, XVIe-XVIIe si\u00e8cles", "licence_code": null, "copyright": null, "supervisors": null}