{"ref": "Requiem_Mozart_Dies_Irae", "title": "Dies irae", "composer": null, "lyricist": null, "corpus": "all:composers:mozart", "meta_fields": [], "sources": [], "files": {"score.xml": {"url": "http://localhost:8000/media/corpora/all/composers/mozart/Requiem_Mozart_Dies_Irae/score.xml"}, "mei.xml": {"url": "http://localhost:8000/media/corpora/all/composers/mozart/Requiem_Mozart_Dies_Irae/mei.xml"}, "summary.json": {"url": "http://localhost:8000/media/corpora/all/composers/mozart/Requiem_Mozart_Dies_Irae/summary.json"}}}