<?xml version="1.0" encoding="UTF-8"?><!DOCTYPE score-partwise PUBLIC "-//Recordare//DTD MusicXML 2.0 Partwise//EN"                                "http://www.musicxml.org/dtds/partwise.dtd"><score-partwise version="2.0">  <movement-title>MI.9 Accurite fideles animae</movement-title>  <identification>    <creator type="composer">Bernier, Nicolas</creator>    <encoding>      <software>Finale 2011 for Macintosh</software>      <software>Dolet Light for Finale 2011</software>      <encoding-date>2012-02-09</encoding-date>      <supports attribute="new-system" element="print" type="yes" value="yes"/>      <supports attribute="new-page" element="print" type="yes" value="yes"/>    </encoding>  </identification>  <defaults>    <scaling>      <millimeters>7.2319</millimeters>      <tenths>40</tenths>    </scaling>    <page-layout>      <page-height>1642</page-height>      <page-width>1161</page-width>      <page-margins type="both">        <left-margin>70</left-margin>        <right-margin>70</right-margin>        <top-margin>88</top-margin>        <bottom-margin>88</bottom-margin>      </page-margins>    </page-layout>    <system-layout>      <system-margins>        <left-margin>0</left-margin>        <right-margin>0</right-margin>      </system-margins>      <system-distance>121</system-distance>      <top-system-distance>70</top-system-distance>    </system-layout>    <appearance>      <line-width type="stem">0.7487</line-width>      <line-width type="beam">5</line-width>      <line-width type="staff">0.7487</line-width>      <line-width type="light barline">0.7487</line-width>      <line-width type="heavy barline">5</line-width>      <line-width type="leger">0.7487</line-width>      <line-width type="ending">1.4583</line-width>      <line-width type="wedge">1.4583</line-width>      <line-width type="enclosure">0.7487</line-width>      <line-width type="tuplet bracket">0.7487</line-width>      <note-size type="grace">60</note-size>      <note-size type="cue">60</note-size>    </appearance>    <music-font font-family="Maestro" font-size="20.5"/>    <word-font font-family="Times New Roman" font-size="10.25"/>    <lyric-font font-family="Times New Roman" font-size="10.25" name="verse"/>  </defaults>  <part-list>    <score-part id="P1">      <part-name print-object="no">MusicXML Part</part-name>      <score-instrument id="P1-I1">        <instrument-name>Grand Piano</instrument-name>      </score-instrument>      <midi-instrument id="P1-I1">        <midi-channel>1</midi-channel>        <midi-program>1</midi-program>        <volume>80</volume>        <pan>0</pan>      </midi-instrument>    </score-part>  </part-list>  <!--=========================================================-->  <part id="P1">    <measure number="1" width="288">      <print>        <system-layout>          <top-system-distance>211</top-system-distance>        </system-layout>        <measure-numbering>system</measure-numbering>      </print>      <attributes>        <divisions>16</divisions>        <key>          <fifths>-1</fifths>          <mode>minor</mode>        </key>        <time symbol="common">          <beats>4</beats>          <beat-type>4</beat-type>        </time>        <clef>          <sign>G</sign>          <line>2</line>        </clef>      </attributes>      <sound tempo="120"/>      <note default-x="109">        <rest/>        <duration>16</duration>        <voice>1</voice>        <type>quarter</type>      </note>      <note default-x="145">        <rest/>        <duration>8</duration>        <voice>1</voice>        <type>eighth</type>      </note>      <note default-x="168">        <pitch>          <step>G</step>          <octave>4</octave>        </pitch>        <duration>8</duration>        <voice>1</voice>        <type>eighth</type>        <stem default-y="5.5">up</stem>      </note>      <note default-x="195">        <pitch>          <step>B</step>          <alter>-1</alter>          <octave>4</octave>        </pitch>        <duration>12</duration>        <voice>1</voice>        <type>eighth</type>        <dot/>        <stem default-y="-55">down</stem>        <beam number="1">begin</beam>      </note>      <note default-x="225">        <pitch>          <step>B</step>          <alter>-1</alter>          <octave>4</octave>        </pitch>        <duration>4</duration>        <voice>1</voice>        <type>16th</type>        <stem default-y="-55">down</stem>        <beam number="1">end</beam>        <beam number="2">backward hook</beam>      </note>      <note default-x="242">        <pitch>          <step>B</step>          <alter>-1</alter>          <octave>4</octave>        </pitch>        <duration>8</duration>        <voice>1</voice>        <type>eighth</type>        <stem default-y="-55">down</stem>        <beam number="1">begin</beam>      </note>      <note default-x="265">        <pitch>          <step>D</step>          <octave>5</octave>        </pitch>        <duration>8</duration>        <voice>1</voice>        <type>eighth</type>        <stem default-y="-50">down</stem>        <beam number="1">end</beam>      </note>    </measure>    <!--=======================================================-->    <measure number="2" width="187">      <note default-x="14">        <pitch>          <step>A</step>          <octave>4</octave>        </pitch>        <duration>12</duration>        <voice>1</voice>        <type>eighth</type>        <dot/>        <stem default-y="10">up</stem>        <beam number="1">begin</beam>        <notations>          <technical>            <stopped default-x="0" default-y="-45" placement="below"/>          </technical>        </notations>      </note>      <note default-x="43">        <pitch>          <step>A</step>          <octave>4</octave>        </pitch>        <duration>4</duration>        <voice>1</voice>        <type>16th</type>        <stem default-y="10">up</stem>        <beam number="1">end</beam>        <beam number="2">backward hook</beam>      </note>      <note default-x="61">        <pitch>          <step>A</step>          <octave>4</octave>        </pitch>        <duration>16</duration>        <voice>1</voice>        <type>quarter</type>        <stem default-y="10.5">up</stem>      </note>      <note default-x="97">        <rest/>        <duration>8</duration>        <voice>1</voice>        <type>eighth</type>      </note>      <note default-x="119">        <pitch>          <step>C</step>          <octave>5</octave>        </pitch>        <duration>8</duration>        <voice>1</voice>        <type>eighth</type>        <stem default-y="-55">down</stem>        <beam number="1">begin</beam>      </note>      <note default-x="142">        <pitch>          <step>C</step>          <octave>5</octave>        </pitch>        <duration>8</duration>        <voice>1</voice>        <type>eighth</type>        <stem default-y="-57.5">down</stem>        <beam number="1">continue</beam>      </note>      <note default-x="164">        <pitch>          <step>A</step>          <octave>4</octave>        </pitch>        <duration>8</duration>        <voice>1</voice>        <type>eighth</type>        <stem default-y="-60">down</stem>        <beam number="1">end</beam>      </note>    </measure>    <!--=======================================================-->    <measure number="3" width="173">      <note default-x="13">        <pitch>          <step>B</step>          <alter>-1</alter>          <octave>4</octave>        </pitch>        <duration>12</duration>        <voice>1</voice>        <type>eighth</type>        <dot/>        <stem default-y="15">up</stem>        <beam number="1">begin</beam>      </note>      <note default-x="43">        <pitch>          <step>A</step>          <octave>4</octave>        </pitch>        <duration>4</duration>        <voice>1</voice>        <type>16th</type>        <stem default-y="10">up</stem>        <beam number="1">end</beam>        <beam number="2">backward hook</beam>      </note>      <note default-x="62">        <pitch>          <step>G</step>          <octave>4</octave>        </pitch>        <duration>8</duration>        <voice>1</voice>        <type>eighth</type>        <stem default-y="10">up</stem>        <beam number="1">begin</beam>      </note>      <note default-x="90">        <pitch>          <step>B</step>          <octave>4</octave>        </pitch>        <duration>8</duration>        <voice>1</voice>        <type>eighth</type>        <accidental>natural</accidental>        <stem default-y="15">up</stem>        <beam number="1">end</beam>      </note>      <note default-x="111">        <rest/>        <duration>32</duration>        <voice>1</voice>        <type>half</type>      </note>    </measure>    <!--=======================================================-->    <measure number="4" width="155">      <attributes>        <measure-style>          <multiple-rest>24</multiple-rest>        </measure-style>      </attributes>      <note>        <rest/>        <duration>64</duration>        <voice>1</voice>      </note>    </measure>    <!--=======================================================-->    <measure number="5" width="0">      <note>        <rest/>        <duration>64</duration>        <voice>1</voice>      </note>    </measure>    <!--=======================================================-->    <measure number="6" width="0">      <note>        <rest/>        <duration>64</duration>        <voice>1</voice>      </note>    </measure>    <!--=======================================================-->    <measure number="7" width="0">      <note>        <rest/>        <duration>64</duration>        <voice>1</voice>      </note>    </measure>    <!--=======================================================-->    <measure number="8" width="0">      <note>        <rest/>        <duration>64</duration>        <voice>1</voice>      </note>    </measure>    <!--=======================================================-->    <measure number="9" width="0">      <note>        <rest/>        <duration>64</duration>        <voice>1</voice>      </note>    </measure>    <!--=======================================================-->    <measure number="10" width="0">      <note>        <rest/>        <duration>64</duration>        <voice>1</voice>      </note>    </measure>    <!--=======================================================-->    <measure number="11" width="0">      <note>        <rest/>        <duration>64</duration>        <voice>1</voice>      </note>    </measure>    <!--=======================================================-->    <measure number="12" width="0">      <note>        <rest/>        <duration>64</duration>        <voice>1</voice>      </note>    </measure>    <!--=======================================================-->    <measure number="13" width="0">      <note>        <rest/>        <duration>64</duration>        <voice>1</voice>      </note>    </measure>    <!--=======================================================-->    <measure number="14" width="0">      <note>        <rest/>        <duration>64</duration>        <voice>1</voice>      </note>    </measure>    <!--=======================================================-->    <measure number="15" width="0">      <note>        <rest/>        <duration>64</duration>        <voice>1</voice>      </note>    </measure>    <!--=======================================================-->    <measure number="16" width="0">      <note>        <rest/>        <duration>64</duration>        <voice>1</voice>      </note>    </measure>    <!--=======================================================-->    <measure number="17" width="0">      <note>        <rest/>        <duration>64</duration>        <voice>1</voice>      </note>    </measure>    <!--=======================================================-->    <measure number="18" width="0">      <note>        <rest/>        <duration>64</duration>        <voice>1</voice>      </note>    </measure>    <!--=======================================================-->    <measure number="19" width="0">      <note>        <rest/>        <duration>64</duration>        <voice>1</voice>      </note>    </measure>    <!--=======================================================-->    <measure number="20" width="0">      <note>        <rest/>        <duration>64</duration>        <voice>1</voice>      </note>    </measure>    <!--=======================================================-->    <measure number="21" width="0">      <note>        <rest/>        <duration>64</duration>        <voice>1</voice>      </note>    </measure>    <!--=======================================================-->    <measure number="22" width="0">      <note>        <rest/>        <duration>64</duration>        <voice>1</voice>      </note>    </measure>    <!--=======================================================-->    <measure number="23" width="0">      <note>        <rest/>        <duration>64</duration>        <voice>1</voice>      </note>    </measure>    <!--=======================================================-->    <measure number="24" width="0">      <note>        <rest/>        <duration>64</duration>        <voice>1</voice>      </note>    </measure>    <!--=======================================================-->    <measure number="25" width="0">      <note>        <rest/>        <duration>64</duration>        <voice>1</voice>      </note>    </measure>    <!--=======================================================-->    <measure number="26" width="0">      <note>        <rest/>        <duration>64</duration>        <voice>1</voice>      </note>    </measure>    <!--=======================================================-->    <measure number="27" width="0">      <note>        <rest/>        <duration>64</duration>        <voice>1</voice>      </note>    </measure>    <!--=======================================================-->    <measure number="28" width="218">      <direction directive="yes" placement="above">        <direction-type>          <words default-y="40" font-size="12" font-weight="bold">Recitatif</words>        </direction-type>      </direction>      <note default-x="13">        <rest/>        <duration>16</duration>        <voice>1</voice>        <type>quarter</type>      </note>      <note default-x="50">        <rest/>        <duration>8</duration>        <voice>1</voice>        <type>eighth</type>      </note>      <note default-x="73">        <pitch>          <step>G</step>          <octave>4</octave>        </pitch>        <duration>8</duration>        <voice>1</voice>        <type>eighth</type>        <stem default-y="5.5">up</stem>        <lyric default-y="-80" number="1">          <syllabic>begin</syllabic>          <text>Ac</text>        </lyric>      </note>      <note default-x="107">        <pitch>          <step>B</step>          <alter>-1</alter>          <octave>4</octave>        </pitch>        <duration>12</duration>        <voice>1</voice>        <type>eighth</type>        <dot/>        <stem default-y="-55.5">down</stem>        <lyric default-y="-80" number="1">          <syllabic>middle</syllabic>          <text>cur</text>        </lyric>      </note>      <note default-x="137">        <pitch>          <step>B</step>          <alter>-1</alter>          <octave>4</octave>        </pitch>        <duration>4</duration>        <voice>1</voice>        <type>16th</type>        <stem default-y="-55.5">down</stem>        <lyric default-y="-80" number="1">          <syllabic>middle</syllabic>          <text>ri</text>        </lyric>      </note>      <note default-x="160">        <pitch>          <step>B</step>          <alter>-1</alter>          <octave>4</octave>        </pitch>        <duration>8</duration>        <voice>1</voice>        <type>eighth</type>        <stem default-y="-55.5">down</stem>        <lyric default-y="-80" number="1">          <syllabic>end</syllabic>          <text>te,</text>        </lyric>      </note>      <note default-x="191">        <pitch>          <step>D</step>          <octave>5</octave>        </pitch>        <duration>8</duration>        <voice>1</voice>        <type>eighth</type>        <stem default-y="-45">down</stem>        <lyric default-y="-80" number="1">          <syllabic>begin</syllabic>          <text>ac</text>        </lyric>      </note>    </measure>    <!--=======================================================-->    <measure number="29" width="359">      <print new-system="yes">        <system-layout>          <system-distance>114</system-distance>        </system-layout>      </print>      <note default-x="77">        <pitch>          <step>A</step>          <octave>4</octave>        </pitch>        <duration>12</duration>        <voice>1</voice>        <type>eighth</type>        <dot/>        <stem default-y="10.5">up</stem>        <notations>          <technical>            <stopped default-x="0" default-y="-45" placement="below"/>          </technical>        </notations>        <lyric default-y="-80" number="1">          <syllabic>middle</syllabic>          <text>cur</text>        </lyric>      </note>      <note default-x="126">        <pitch>          <step>A</step>          <octave>4</octave>        </pitch>        <duration>4</duration>        <voice>1</voice>        <type>16th</type>        <stem default-y="10.5">up</stem>        <lyric default-y="-80" number="1">          <syllabic>middle</syllabic>          <text>ri</text>        </lyric>      </note>      <note default-x="155">        <pitch>          <step>A</step>          <octave>4</octave>        </pitch>        <duration>16</duration>        <voice>1</voice>        <type>quarter</type>        <stem default-y="10.5">up</stem>        <lyric default-y="-80" number="1">          <syllabic>end</syllabic>          <text>te</text>        </lyric>      </note>      <note default-x="211">        <rest/>        <duration>8</duration>        <voice>1</voice>        <type>eighth</type>      </note>      <note default-x="245">        <pitch>          <step>C</step>          <octave>5</octave>        </pitch>        <duration>8</duration>        <voice>1</voice>        <type>eighth</type>        <stem default-y="-50.5">down</stem>        <lyric default-y="-80" number="1">          <syllabic>begin</syllabic>          <text>fi</text>        </lyric>      </note>      <note default-x="283">        <pitch>          <step>E</step>          <alter>-1</alter>          <octave>5</octave>        </pitch>        <duration>8</duration>        <voice>1</voice>        <type>eighth</type>        <accidental>flat</accidental>        <stem default-y="-40">down</stem>        <lyric default-y="-80" number="1">          <syllabic>middle</syllabic>          <text>de</text>        </lyric>      </note>      <note default-x="321">        <pitch>          <step>D</step>          <octave>5</octave>        </pitch>        <duration>8</duration>        <voice>1</voice>        <type>eighth</type>        <stem default-y="-45">down</stem>        <lyric default-y="-80" number="1">          <syllabic>end</syllabic>          <text>les</text>        </lyric>      </note>    </measure>    <!--=======================================================-->    <measure number="30" width="400">      <note default-x="14">        <pitch>          <step>B</step>          <alter>-1</alter>          <octave>4</octave>        </pitch>        <duration>12</duration>        <voice>1</voice>        <type>eighth</type>        <dot/>        <stem default-y="-55">down</stem>        <notations>          <technical>            <stopped default-x="0" default-y="-5" placement="above"/>          </technical>        </notations>        <lyric default-y="-80" number="1">          <syllabic>begin</syllabic>          <text>a</text>        </lyric>      </note>      <note default-x="67">        <pitch>          <step>A</step>          <octave>4</octave>        </pitch>        <duration>4</duration>        <voice>1</voice>        <type>16th</type>        <stem default-y="10.5">up</stem>        <lyric default-y="-80" number="1">          <syllabic>middle</syllabic>          <text>ni</text>        </lyric>      </note>      <note default-x="106">        <pitch>          <step>G</step>          <octave>4</octave>        </pitch>        <duration>8</duration>        <voice>1</voice>        <type>eighth</type>        <stem default-y="5.5">up</stem>        <lyric default-y="-80" number="1">          <syllabic>end</syllabic>          <text>mae,</text>        </lyric>      </note>      <note default-x="156">        <pitch>          <step>B</step>          <alter>-1</alter>          <octave>4</octave>        </pitch>        <duration>8</duration>        <voice>1</voice>        <type>eighth</type>        <stem default-y="-55">down</stem>        <lyric default-y="-80" number="1">          <syllabic>begin</syllabic>          <text>ac</text>        </lyric>      </note>      <note default-x="202">        <pitch>          <step>F</step>          <alter>1</alter>          <octave>4</octave>        </pitch>        <duration>12</duration>        <voice>1</voice>        <type>eighth</type>        <dot/>        <accidental>sharp</accidental>        <stem default-y="0">up</stem>        <lyric default-y="-80" number="1">          <syllabic>middle</syllabic>          <text>cur</text>        </lyric>      </note>      <note default-x="259">        <pitch>          <step>E</step>          <octave>4</octave>        </pitch>        <duration>4</duration>        <voice>1</voice>        <type>16th</type>        <stem default-y="-5">up</stem>        <lyric default-y="-80" number="1">          <syllabic>middle</syllabic>          <text>ri</text>        </lyric>      </note>      <note default-x="292">        <pitch>          <step>D</step>          <octave>4</octave>        </pitch>        <duration>12</duration>        <voice>1</voice>        <type>eighth</type>        <dot/>        <stem default-y="15">up</stem>        <beam number="1">begin</beam>        <lyric default-y="-80" justify="left" number="1">          <syllabic>end</syllabic>          <text>te,</text>          <extend/>        </lyric>      </note>      <note default-x="346">        <pitch>          <step>F</step>          <alter>1</alter>          <octave>4</octave>        </pitch>        <duration>2</duration>        <voice>1</voice>        <type>32nd</type>        <stem default-y="15">up</stem>        <beam number="1">continue</beam>        <beam number="2">begin</beam>        <beam number="3">begin</beam>      </note>      <note default-x="366">        <pitch>          <step>E</step>          <octave>4</octave>        </pitch>        <duration>1</duration>        <voice>1</voice>        <type>64th</type>        <stem default-y="15">up</stem>        <beam number="1">continue</beam>        <beam number="2">continue</beam>        <beam number="3">continue</beam>        <beam number="4">begin</beam>      </note>      <note default-x="383">        <pitch>          <step>F</step>          <alter>1</alter>          <octave>4</octave>        </pitch>        <duration>1</duration>        <voice>1</voice>        <type>64th</type>        <stem default-y="15">up</stem>        <beam number="1">end</beam>        <beam number="2">end</beam>        <beam number="3">end</beam>        <beam number="4">end</beam>      </note>    </measure>    <!--=======================================================-->    <measure number="31" width="261">      <note default-x="13">        <pitch>          <step>G</step>          <octave>4</octave>        </pitch>        <duration>12</duration>        <voice>1</voice>        <type>eighth</type>        <dot/>        <stem default-y="30">up</stem>        <beam number="1">begin</beam>      </note>      <note default-x="56">        <pitch>          <step>B</step>          <alter>-1</alter>          <octave>4</octave>        </pitch>        <duration>2</duration>        <voice>1</voice>        <type>32nd</type>        <stem default-y="30">up</stem>        <beam number="1">continue</beam>        <beam number="2">begin</beam>        <beam number="3">begin</beam>      </note>      <note default-x="76">        <pitch>          <step>A</step>          <octave>4</octave>        </pitch>        <duration>1</duration>        <voice>1</voice>        <type>64th</type>        <stem default-y="30">up</stem>        <beam number="1">continue</beam>        <beam number="2">continue</beam>        <beam number="3">continue</beam>        <beam number="4">begin</beam>      </note>      <note default-x="94">        <pitch>          <step>B</step>          <alter>-1</alter>          <octave>4</octave>        </pitch>        <duration>1</duration>        <voice>1</voice>        <type>64th</type>        <stem default-y="30">up</stem>        <beam number="1">end</beam>        <beam number="2">end</beam>        <beam number="3">end</beam>        <beam number="4">end</beam>        <notations>          <slur number="1" placement="above" type="start"/>        </notations>      </note>      <note default-x="112">        <pitch>          <step>C</step>          <octave>5</octave>        </pitch>        <duration>8</duration>        <voice>1</voice>        <type>eighth</type>        <stem default-y="-50.5">down</stem>        <notations>          <slur number="1" type="stop"/>        </notations>      </note>      <note default-x="143">        <rest/>        <duration>32</duration>        <voice>1</voice>        <type>half</type>      </note>      <note default-x="229">        <rest/>        <duration>8</duration>        <voice>1</voice>        <type>eighth</type>      </note>    </measure>  </part>  <!--=========================================================--></score-partwise>