<?xml version="1.0" encoding="UTF-8"?><!DOCTYPE score-partwise PUBLIC "-//Recordare//DTD MusicXML 2.0 Partwise//EN"                                "http://www.musicxml.org/dtds/partwise.dtd"><score-partwise version="2.0">  <movement-title>MI.29 In te Domine speravi</movement-title>  <identification>    <creator type="composer">Bernier, Nicolas</creator>    <encoding>      <software>Finale 2011 for Macintosh</software>      <software>Dolet Light for Finale 2011</software>      <encoding-date>2012-03-12</encoding-date>      <supports attribute="new-system" element="print" type="yes" value="yes"/>      <supports attribute="new-page" element="print" type="yes" value="yes"/>    </encoding>  </identification>  <defaults>    <scaling>      <millimeters>7.2319</millimeters>      <tenths>40</tenths>    </scaling>    <page-layout>      <page-height>1643</page-height>      <page-width>1161</page-width>      <page-margins type="both">        <left-margin>70</left-margin>        <right-margin>70</right-margin>        <top-margin>88</top-margin>        <bottom-margin>88</bottom-margin>      </page-margins>    </page-layout>    <system-layout>      <system-margins>        <left-margin>0</left-margin>        <right-margin>0</right-margin>      </system-margins>      <system-distance>121</system-distance>      <top-system-distance>70</top-system-distance>    </system-layout>    <appearance>      <line-width type="stem">0.7487</line-width>      <line-width type="beam">5</line-width>      <line-width type="staff">0.7487</line-width>      <line-width type="light barline">0.7487</line-width>      <line-width type="heavy barline">5</line-width>      <line-width type="leger">0.7487</line-width>      <line-width type="ending">1.4583</line-width>      <line-width type="wedge">1.4583</line-width>      <line-width type="enclosure">0.7487</line-width>      <line-width type="tuplet bracket">0.7487</line-width>      <note-size type="grace">60</note-size>      <note-size type="cue">60</note-size>    </appearance>    <music-font font-family="Maestro" font-size="20.5"/>    <word-font font-family="Times New Roman" font-size="10.25"/>    <lyric-font font-family="Times New Roman" font-size="10.25" name="verse"/>  </defaults>  <part-list>    <score-part id="P1">      <part-name print-object="no">MusicXML Part</part-name>      <score-instrument id="P1-I1">        <instrument-name>Grand Piano</instrument-name>      </score-instrument>      <midi-instrument id="P1-I1">        <midi-channel>1</midi-channel>        <midi-program>1</midi-program>        <volume>80</volume>        <pan>0</pan>      </midi-instrument>    </score-part>  </part-list>  <!--=========================================================-->  <part id="P1">    <measure number="1" width="281">      <print>        <system-layout>          <system-margins>            <left-margin>70</left-margin>            <right-margin>0</right-margin>          </system-margins>          <top-system-distance>211</top-system-distance>        </system-layout>        <measure-numbering>system</measure-numbering>      </print>      <attributes>        <divisions>16</divisions>        <key>          <fifths>3</fifths>          <mode>major</mode>        </key>        <time symbol="common">          <beats>4</beats>          <beat-type>4</beat-type>        </time>        <clef>          <sign>G</sign>          <line>2</line>          <clef-octave-change>-1</clef-octave-change>        </clef>        <measure-style>          <multiple-rest>13</multiple-rest>        </measure-style>      </attributes>      <sound tempo="120"/>      <note>        <rest/>        <duration>64</duration>        <voice>1</voice>      </note>    </measure>    <!--=======================================================-->    <measure number="2" width="0">      <note>        <rest/>        <duration>64</duration>        <voice>1</voice>      </note>    </measure>    <!--=======================================================-->    <measure number="3" width="0">      <note>        <rest/>        <duration>64</duration>        <voice>1</voice>      </note>    </measure>    <!--=======================================================-->    <measure number="4" width="0">      <note>        <rest/>        <duration>64</duration>        <voice>1</voice>      </note>    </measure>    <!--=======================================================-->    <measure number="5" width="0">      <note>        <rest/>        <duration>64</duration>        <voice>1</voice>      </note>    </measure>    <!--=======================================================-->    <measure number="6" width="0">      <note>        <rest/>        <duration>64</duration>        <voice>1</voice>      </note>    </measure>    <!--=======================================================-->    <measure number="7" width="0">      <note>        <rest/>        <duration>64</duration>        <voice>1</voice>      </note>    </measure>    <!--=======================================================-->    <measure number="8" width="0">      <note>        <rest/>        <duration>64</duration>        <voice>1</voice>      </note>    </measure>    <!--=======================================================-->    <measure number="9" width="0">      <note>        <rest/>        <duration>64</duration>        <voice>1</voice>      </note>    </measure>    <!--=======================================================-->    <measure number="10" width="0">      <note>        <rest/>        <duration>64</duration>        <voice>1</voice>      </note>    </measure>    <!--=======================================================-->    <measure number="11" width="0">      <note>        <rest/>        <duration>64</duration>        <voice>1</voice>      </note>    </measure>    <!--=======================================================-->    <measure number="12" width="0">      <note>        <rest/>        <duration>64</duration>        <voice>1</voice>      </note>    </measure>    <!--=======================================================-->    <measure number="13" width="0">      <note>        <rest/>        <duration>64</duration>        <voice>1</voice>      </note>    </measure>    <!--=======================================================-->    <measure number="14" width="246">      <direction placement="above">        <direction-type>          <words default-x="13" default-y="26" halign="center">Legerement</words>        </direction-type>      </direction>      <note default-x="14">        <rest/>        <duration>16</duration>        <voice>1</voice>        <type>quarter</type>      </note>      <note default-x="54">        <pitch>          <step>E</step>          <octave>4</octave>        </pitch>        <duration>8</duration>        <voice>1</voice>        <type>eighth</type>        <stem default-y="-40">down</stem>        <lyric default-y="-80" number="1">          <syllabic>single</syllabic>          <text>In</text>        </lyric>      </note>      <note default-x="82">        <pitch>          <step>C</step>          <alter>1</alter>          <octave>4</octave>        </pitch>        <duration>8</duration>        <voice>1</voice>        <type>eighth</type>        <stem default-y="-50">down</stem>        <lyric default-y="-80" number="1">          <syllabic>single</syllabic>          <text>te</text>        </lyric>      </note>      <note default-x="114">        <pitch>          <step>D</step>          <octave>4</octave>        </pitch>        <duration>12</duration>        <voice>1</voice>        <type>eighth</type>        <dot/>        <stem default-y="-45.5">down</stem>        <lyric default-y="-80" number="1">          <syllabic>begin</syllabic>          <text>Do</text>        </lyric>      </note>      <note default-x="150">        <pitch>          <step>C</step>          <alter>1</alter>          <octave>4</octave>        </pitch>        <duration>4</duration>        <voice>1</voice>        <type>16th</type>        <stem default-y="-50">down</stem>        <lyric default-y="-80" number="1">          <syllabic>middle</syllabic>          <text>mi</text>        </lyric>      </note>      <note default-x="179">        <pitch>          <step>B</step>          <octave>3</octave>        </pitch>        <duration>8</duration>        <voice>1</voice>        <type>eighth</type>        <stem default-y="-55">down</stem>        <lyric default-y="-80" number="1">          <syllabic>end</syllabic>          <text>ne</text>        </lyric>      </note>      <note default-x="214">        <pitch>          <step>E</step>          <octave>4</octave>        </pitch>        <duration>8</duration>        <voice>1</voice>        <type>eighth</type>        <stem default-y="-40">down</stem>        <lyric default-y="-80" number="1">          <syllabic>begin</syllabic>          <text>spe</text>        </lyric>      </note>    </measure>    <!--=======================================================-->    <measure number="15" width="270">      <note default-x="14">        <pitch>          <step>C</step>          <alter>1</alter>          <octave>4</octave>        </pitch>        <duration>8</duration>        <voice>1</voice>        <type>eighth</type>        <stem default-y="-50">down</stem>        <lyric default-y="-80" number="1">          <syllabic>middle</syllabic>          <text>ra</text>        </lyric>      </note>      <note default-x="41">        <pitch>          <step>A</step>          <octave>3</octave>        </pitch>        <duration>8</duration>        <voice>1</voice>        <type>eighth</type>        <stem default-y="10.5">up</stem>        <lyric default-y="-80" number="1">          <syllabic>end</syllabic>          <text>vi,</text>        </lyric>      </note>      <note default-x="71">        <rest/>        <duration>8</duration>        <voice>1</voice>        <type>eighth</type>      </note>      <note default-x="97">        <pitch>          <step>B</step>          <octave>3</octave>        </pitch>        <duration>8</duration>        <voice>1</voice>        <type>eighth</type>        <stem default-y="-55">down</stem>        <lyric default-y="-80" number="1">          <syllabic>begin</syllabic>          <text>spe</text>        </lyric>      </note>      <note default-x="130">        <pitch>          <step>C</step>          <alter>1</alter>          <octave>4</octave>        </pitch>        <duration>12</duration>        <voice>1</voice>        <type>eighth</type>        <dot/>        <stem default-y="-65">down</stem>        <beam number="1">begin</beam>        <lyric default-y="-80" number="1">          <syllabic>middle</syllabic>          <text>ra</text>        </lyric>      </note>      <note default-x="162">        <pitch>          <step>D</step>          <octave>4</octave>        </pitch>        <duration>2</duration>        <voice>1</voice>        <type>32nd</type>        <stem default-y="-65">down</stem>        <beam number="1">continue</beam>        <beam number="2">begin</beam>        <beam number="3">begin</beam>        <notations>          <slur bezier-x="17" bezier-y="9" default-x="6" default-y="0" number="1" placement="above" type="start"/>        </notations>      </note>      <note default-x="181">        <pitch>          <step>C</step>          <alter>1</alter>          <octave>4</octave>        </pitch>        <duration>1</duration>        <voice>1</voice>        <type>64th</type>        <stem default-y="-65">down</stem>        <beam number="1">continue</beam>        <beam number="2">continue</beam>        <beam number="3">continue</beam>        <beam number="4">begin</beam>        <notations>          <slur bezier-x="-29" bezier-y="11" default-x="49" default-y="5" number="1" type="stop"/>        </notations>      </note>      <note default-x="199">        <pitch>          <step>D</step>          <octave>4</octave>        </pitch>        <duration>1</duration>        <voice>1</voice>        <type>64th</type>        <stem default-y="-65">down</stem>        <beam number="1">end</beam>        <beam number="2">end</beam>        <beam number="3">end</beam>        <beam number="4">end</beam>      </note>      <note default-x="230">        <pitch>          <step>D</step>          <alter>1</alter>          <octave>4</octave>        </pitch>        <duration>16</duration>        <voice>1</voice>        <type>quarter</type>        <accidental>sharp</accidental>        <stem default-y="-45.5">down</stem>      </note>    </measure>    <!--=======================================================-->    <measure number="16" width="153">      <note default-x="14">        <pitch>          <step>E</step>          <octave>4</octave>        </pitch>        <duration>16</duration>        <voice>1</voice>        <type>quarter</type>        <stem default-y="-40">down</stem>        <lyric default-y="-80" number="1">          <syllabic>end</syllabic>          <text>vi,</text>        </lyric>      </note>      <note default-x="52">        <rest/>        <duration>16</duration>        <voice>1</voice>        <type>quarter</type>      </note>      <note default-x="89">        <rest/>        <duration>32</duration>        <voice>1</voice>        <type>half</type>      </note>    </measure>  </part>  <!--=========================================================--></score-partwise>