<?xml version="1.0" encoding="UTF-8"?><!DOCTYPE score-partwise PUBLIC "-//Recordare//DTD MusicXML 2.0 Partwise//EN"                                "http://www.musicxml.org/dtds/partwise.dtd"><score-partwise version="2.0">  <movement-title>MI.35 Memorare o piissima virgo Maria</movement-title>  <identification>    <creator type="composer">Bernier, Nicolas</creator>    <encoding>      <software>Finale 2011 for Macintosh</software>      <software>Dolet Light for Finale 2011</software>      <encoding-date>2012-03-09</encoding-date>      <supports attribute="new-system" element="print" type="yes" value="yes"/>      <supports attribute="new-page" element="print" type="yes" value="yes"/>    </encoding>  </identification>  <defaults>    <scaling>      <millimeters>7.2319</millimeters>      <tenths>40</tenths>    </scaling>    <page-layout>      <page-height>1642</page-height>      <page-width>1161</page-width>      <page-margins type="both">        <left-margin>70</left-margin>        <right-margin>70</right-margin>        <top-margin>88</top-margin>        <bottom-margin>88</bottom-margin>      </page-margins>    </page-layout>    <system-layout>      <system-margins>        <left-margin>0</left-margin>        <right-margin>0</right-margin>      </system-margins>      <system-distance>121</system-distance>      <top-system-distance>70</top-system-distance>    </system-layout>    <appearance>      <line-width type="stem">0.7487</line-width>      <line-width type="beam">5</line-width>      <line-width type="staff">0.7487</line-width>      <line-width type="light barline">0.7487</line-width>      <line-width type="heavy barline">5</line-width>      <line-width type="leger">0.7487</line-width>      <line-width type="ending">1.4583</line-width>      <line-width type="wedge">1.4583</line-width>      <line-width type="enclosure">0.7487</line-width>      <line-width type="tuplet bracket">0.7487</line-width>      <note-size type="grace">60</note-size>      <note-size type="cue">60</note-size>    </appearance>    <music-font font-family="Maestro" font-size="20.5"/>    <word-font font-family="Times New Roman" font-size="10.25"/>    <lyric-font font-family="Times New Roman" font-size="10.25" name="verse"/>  </defaults>  <part-list>    <score-part id="P1">      <part-name print-object="no">MusicXML Part</part-name>      <score-instrument id="P1-I1">        <instrument-name>Grand Piano</instrument-name>      </score-instrument>      <midi-instrument id="P1-I1">        <midi-channel>1</midi-channel>        <midi-program>1</midi-program>        <volume>80</volume>        <pan>0</pan>      </midi-instrument>    </score-part>  </part-list>  <!--=========================================================-->  <part id="P1">    <measure number="1" width="221">      <print>        <system-layout>          <top-system-distance>211</top-system-distance>        </system-layout>        <measure-numbering>system</measure-numbering>      </print>      <attributes>        <divisions>2</divisions>        <key>          <fifths>0</fifths>          <mode>minor</mode>        </key>        <time>          <beats>3</beats>          <beat-type>4</beat-type>        </time>        <clef>          <sign>G</sign>          <line>2</line>        </clef>        <measure-style>          <multiple-rest>27</multiple-rest>        </measure-style>      </attributes>      <sound tempo="120"/>      <note>        <rest/>        <duration>6</duration>        <voice>1</voice>      </note>    </measure>    <!--=======================================================-->    <measure number="2" width="0">      <note>        <rest/>        <duration>6</duration>        <voice>1</voice>      </note>    </measure>    <!--=======================================================-->    <measure number="3" width="0">      <note>        <rest/>        <duration>6</duration>        <voice>1</voice>      </note>    </measure>    <!--=======================================================-->    <measure number="4" width="0">      <note>        <rest/>        <duration>6</duration>        <voice>1</voice>      </note>    </measure>    <!--=======================================================-->    <measure number="5" width="0">      <note>        <rest/>        <duration>6</duration>        <voice>1</voice>      </note>    </measure>    <!--=======================================================-->    <measure number="6" width="0">      <note>        <rest/>        <duration>6</duration>        <voice>1</voice>      </note>    </measure>    <!--=======================================================-->    <measure number="7" width="0">      <note>        <rest/>        <duration>6</duration>        <voice>1</voice>      </note>    </measure>    <!--=======================================================-->    <measure number="8" width="0">      <note>        <rest/>        <duration>6</duration>        <voice>1</voice>      </note>    </measure>    <!--=======================================================-->    <measure number="9" width="0">      <note>        <rest/>        <duration>6</duration>        <voice>1</voice>      </note>    </measure>    <!--=======================================================-->    <measure number="10" width="0">      <note>        <rest/>        <duration>6</duration>        <voice>1</voice>      </note>    </measure>    <!--=======================================================-->    <measure number="11" width="0">      <note>        <rest/>        <duration>6</duration>        <voice>1</voice>      </note>    </measure>    <!--=======================================================-->    <measure number="12" width="0">      <note>        <rest/>        <duration>6</duration>        <voice>1</voice>      </note>    </measure>    <!--=======================================================-->    <measure number="13" width="0">      <note>        <rest/>        <duration>6</duration>        <voice>1</voice>      </note>    </measure>    <!--=======================================================-->    <measure number="14" width="0">      <note>        <rest/>        <duration>6</duration>        <voice>1</voice>      </note>    </measure>    <!--=======================================================-->    <measure number="15" width="0">      <note>        <rest/>        <duration>6</duration>        <voice>1</voice>      </note>    </measure>    <!--=======================================================-->    <measure number="16" width="0">      <note>        <rest/>        <duration>6</duration>        <voice>1</voice>      </note>    </measure>    <!--=======================================================-->    <measure number="17" width="0">      <note>        <rest/>        <duration>6</duration>        <voice>1</voice>      </note>    </measure>    <!--=======================================================-->    <measure number="18" width="0">      <note>        <rest/>        <duration>6</duration>        <voice>1</voice>      </note>    </measure>    <!--=======================================================-->    <measure number="19" width="0">      <note>        <rest/>        <duration>6</duration>        <voice>1</voice>      </note>    </measure>    <!--=======================================================-->    <measure number="20" width="0">      <note>        <rest/>        <duration>6</duration>        <voice>1</voice>      </note>    </measure>    <!--=======================================================-->    <measure number="21" width="0">      <note>        <rest/>        <duration>6</duration>        <voice>1</voice>      </note>    </measure>    <!--=======================================================-->    <measure number="22" width="0">      <note>        <rest/>        <duration>6</duration>        <voice>1</voice>      </note>    </measure>    <!--=======================================================-->    <measure number="23" width="0">      <note>        <rest/>        <duration>6</duration>        <voice>1</voice>      </note>    </measure>    <!--=======================================================-->    <measure number="24" width="0">      <note>        <rest/>        <duration>6</duration>        <voice>1</voice>      </note>    </measure>    <!--=======================================================-->    <measure number="25" width="0">      <note>        <rest/>        <duration>6</duration>        <voice>1</voice>      </note>    </measure>    <!--=======================================================-->    <measure number="26" width="0">      <note>        <rest/>        <duration>6</duration>        <voice>1</voice>      </note>    </measure>    <!--=======================================================-->    <measure number="27" width="0">      <note>        <rest/>        <duration>6</duration>        <voice>1</voice>      </note>    </measure>    <!--=======================================================-->    <measure number="28" width="144">      <note default-x="13">        <pitch>          <step>A</step>          <octave>4</octave>        </pitch>        <duration>2</duration>        <tie type="start"/>        <voice>1</voice>        <type>quarter</type>        <stem default-y="10.5">up</stem>        <notations>          <tied type="start"/>        </notations>        <lyric default-y="-80" number="1">          <syllabic>begin</syllabic>          <text>Me</text>        </lyric>      </note>      <note default-x="48">        <pitch>          <step>A</step>          <octave>4</octave>        </pitch>        <duration>1</duration>        <tie type="stop"/>        <voice>1</voice>        <type>eighth</type>        <stem default-y="10">up</stem>        <beam number="1">begin</beam>        <notations>          <tied type="stop"/>        </notations>      </note>      <note default-x="77">        <pitch>          <step>B</step>          <octave>4</octave>        </pitch>        <duration>1</duration>        <voice>1</voice>        <type>eighth</type>        <stem default-y="15">up</stem>        <beam number="1">end</beam>        <lyric default-y="-80" number="1">          <syllabic>middle</syllabic>          <text>mo</text>        </lyric>      </note>      <note default-x="108">        <pitch>          <step>G</step>          <alter>1</alter>          <octave>4</octave>        </pitch>        <duration>2</duration>        <tie type="start"/>        <voice>1</voice>        <type>quarter</type>        <accidental>sharp</accidental>        <stem default-y="5.5">up</stem>        <notations>          <tied type="start"/>        </notations>        <lyric default-y="-80" number="1">          <syllabic>middle</syllabic>          <text>ra</text>        </lyric>      </note>    </measure>    <!--=======================================================-->    <measure number="29" width="119">      <note default-x="13">        <pitch>          <step>G</step>          <alter>1</alter>          <octave>4</octave>        </pitch>        <duration>2</duration>        <tie type="stop"/>        <voice>1</voice>        <type>quarter</type>        <stem default-y="5.5">up</stem>        <notations>          <tied type="stop"/>        </notations>      </note>      <note default-x="48">        <pitch>          <step>E</step>          <octave>4</octave>        </pitch>        <duration>2</duration>        <voice>1</voice>        <type>quarter</type>        <stem default-y="-5">up</stem>        <lyric default-y="-80" number="1">          <syllabic>end</syllabic>          <text>re,</text>        </lyric>      </note>      <note default-x="84">        <rest/>        <duration>2</duration>        <voice>1</voice>        <type>quarter</type>      </note>    </measure>    <!--=======================================================-->    <measure number="30" width="144">      <note default-x="13">        <pitch>          <step>A</step>          <octave>4</octave>        </pitch>        <duration>2</duration>        <tie type="start"/>        <voice>1</voice>        <type>quarter</type>        <stem default-y="10.5">up</stem>        <notations>          <tied type="start"/>        </notations>        <lyric default-y="-80" number="1">          <syllabic>begin</syllabic>          <text>me</text>        </lyric>      </note>      <note default-x="48">        <pitch>          <step>A</step>          <octave>4</octave>        </pitch>        <duration>1</duration>        <tie type="stop"/>        <voice>1</voice>        <type>eighth</type>        <stem default-y="10">up</stem>        <beam number="1">begin</beam>        <notations>          <tied type="stop"/>        </notations>      </note>      <note default-x="77">        <pitch>          <step>B</step>          <octave>4</octave>        </pitch>        <duration>1</duration>        <voice>1</voice>        <type>eighth</type>        <stem default-y="15">up</stem>        <beam number="1">end</beam>        <lyric default-y="-80" number="1">          <syllabic>middle</syllabic>          <text>mo</text>        </lyric>      </note>      <note default-x="108">        <pitch>          <step>G</step>          <alter>1</alter>          <octave>4</octave>        </pitch>        <duration>2</duration>        <voice>1</voice>        <type>quarter</type>        <accidental>sharp</accidental>        <stem default-y="5.5">up</stem>        <lyric default-y="-80" number="1">          <syllabic>middle</syllabic>          <text>ra</text>        </lyric>      </note>    </measure>    <!--=======================================================-->    <measure number="31" width="127">      <note default-x="13">        <pitch>          <step>A</step>          <octave>4</octave>        </pitch>        <duration>2</duration>        <tie type="start"/>        <voice>1</voice>        <type>quarter</type>        <stem default-y="10.5">up</stem>        <notations>          <tied type="start"/>        </notations>      </note>      <note default-x="48">        <pitch>          <step>A</step>          <octave>4</octave>        </pitch>        <duration>1</duration>        <tie type="stop"/>        <voice>1</voice>        <type>eighth</type>        <stem default-y="10">up</stem>        <beam number="1">begin</beam>        <notations>          <tied type="stop"/>        </notations>      </note>      <note default-x="70">        <pitch>          <step>B</step>          <octave>4</octave>        </pitch>        <duration>1</duration>        <voice>1</voice>        <type>eighth</type>        <stem default-y="15">up</stem>        <beam number="1">end</beam>      </note>      <note default-x="92">        <pitch>          <step>C</step>          <octave>5</octave>        </pitch>        <duration>2</duration>        <voice>1</voice>        <type>quarter</type>        <stem default-y="-50">down</stem>      </note>    </measure>    <!--=======================================================-->    <measure number="32" width="145">      <note default-x="13">        <pitch>          <step>B</step>          <octave>4</octave>        </pitch>        <duration>1</duration>        <voice>1</voice>        <type>eighth</type>        <stem default-y="-55">down</stem>        <beam number="1">begin</beam>      </note>      <note default-x="35">        <pitch>          <step>C</step>          <octave>5</octave>        </pitch>        <duration>1</duration>        <voice>1</voice>        <type>eighth</type>        <stem default-y="-50">down</stem>        <beam number="1">end</beam>      </note>      <note default-x="57">        <pitch>          <step>B</step>          <octave>4</octave>        </pitch>        <duration>1</duration>        <voice>1</voice>        <type>eighth</type>        <stem default-y="15">up</stem>        <beam number="1">begin</beam>      </note>      <note default-x="79">        <pitch>          <step>A</step>          <octave>4</octave>        </pitch>        <duration>1</duration>        <voice>1</voice>        <type>eighth</type>        <stem default-y="10">up</stem>        <beam number="1">end</beam>      </note>      <note default-x="109">        <pitch>          <step>G</step>          <alter>1</alter>          <octave>4</octave>        </pitch>        <duration>2</duration>        <voice>1</voice>        <type>quarter</type>        <accidental>sharp</accidental>        <stem default-y="5.5">up</stem>      </note>    </measure>    <!--=======================================================-->    <measure number="33" width="120">      <note default-x="14">        <pitch>          <step>E</step>          <octave>4</octave>        </pitch>        <duration>2</duration>        <voice>1</voice>        <type>quarter</type>        <stem default-y="-5">up</stem>        <lyric default-y="-80" number="1">          <syllabic>end</syllabic>          <text>re</text>        </lyric>      </note>      <note default-x="49">        <rest/>        <duration>2</duration>        <voice>1</voice>        <type>quarter</type>      </note>      <note default-x="85">        <rest/>        <duration>2</duration>        <voice>1</voice>        <type>quarter</type>      </note>    </measure>  </part>  <!--=========================================================--></score-partwise>