<?xml version="1.0" encoding="UTF-8"?><!DOCTYPE score-partwise PUBLIC "-//Recordare//DTD MusicXML 2.0 Partwise//EN"                                "http://www.musicxml.org/dtds/partwise.dtd"><score-partwise version="2.0">  <movement-title>MI.42 O triumphantis Jerusalem</movement-title>  <identification>    <creator type="composer">Bernier, Nicolas</creator>    <encoding>      <software>Finale 2011 for Macintosh</software>      <software>Dolet Light for Finale 2011</software>      <encoding-date>2012-03-12</encoding-date>      <supports attribute="new-system" element="print" type="yes" value="yes"/>      <supports attribute="new-page" element="print" type="yes" value="yes"/>    </encoding>  </identification>  <defaults>    <scaling>      <millimeters>7.2319</millimeters>      <tenths>40</tenths>    </scaling>    <page-layout>      <page-height>1643</page-height>      <page-width>1161</page-width>      <page-margins type="both">        <left-margin>70</left-margin>        <right-margin>70</right-margin>        <top-margin>88</top-margin>        <bottom-margin>88</bottom-margin>      </page-margins>    </page-layout>    <system-layout>      <system-margins>        <left-margin>0</left-margin>        <right-margin>0</right-margin>      </system-margins>      <system-distance>121</system-distance>      <top-system-distance>70</top-system-distance>    </system-layout>    <appearance>      <line-width type="stem">0.7487</line-width>      <line-width type="beam">5</line-width>      <line-width type="staff">0.7487</line-width>      <line-width type="light barline">0.7487</line-width>      <line-width type="heavy barline">5</line-width>      <line-width type="leger">0.7487</line-width>      <line-width type="ending">1.4583</line-width>      <line-width type="wedge">1.4583</line-width>      <line-width type="enclosure">0.7487</line-width>      <line-width type="tuplet bracket">0.7487</line-width>      <note-size type="grace">60</note-size>      <note-size type="cue">60</note-size>    </appearance>    <music-font font-family="Maestro" font-size="20.5"/>    <word-font font-family="Times New Roman" font-size="10.25"/>    <lyric-font font-family="Times New Roman" font-size="10.25" name="verse"/>  </defaults>  <part-list>    <score-part id="P1">      <part-name print-object="no">MusicXML Part</part-name>      <score-instrument id="P1-I1">        <instrument-name>Grand Piano</instrument-name>      </score-instrument>      <midi-instrument id="P1-I1">        <midi-channel>1</midi-channel>        <midi-program>1</midi-program>        <volume>80</volume>        <pan>0</pan>      </midi-instrument>    </score-part>  </part-list>  <!--=========================================================-->  <part id="P1">    <measure number="1" width="252">      <print>        <system-layout>          <system-margins>            <left-margin>70</left-margin>            <right-margin>0</right-margin>          </system-margins>          <top-system-distance>211</top-system-distance>        </system-layout>        <measure-numbering>system</measure-numbering>      </print>      <attributes>        <divisions>4</divisions>        <key>          <fifths>1</fifths>          <mode>major</mode>        </key>        <time symbol="common">          <beats>4</beats>          <beat-type>4</beat-type>        </time>        <clef>          <sign>G</sign>          <line>2</line>          <clef-octave-change>-1</clef-octave-change>        </clef>        <measure-style>          <multiple-rest>22</multiple-rest>        </measure-style>      </attributes>      <sound tempo="120"/>      <note>        <rest/>        <duration>16</duration>        <voice>1</voice>      </note>    </measure>    <!--=======================================================-->    <measure number="2" width="0">      <note>        <rest/>        <duration>16</duration>        <voice>1</voice>      </note>    </measure>    <!--=======================================================-->    <measure number="3" width="0">      <note>        <rest/>        <duration>16</duration>        <voice>1</voice>      </note>    </measure>    <!--=======================================================-->    <measure number="4" width="0">      <note>        <rest/>        <duration>16</duration>        <voice>1</voice>      </note>    </measure>    <!--=======================================================-->    <measure number="5" width="0">      <note>        <rest/>        <duration>16</duration>        <voice>1</voice>      </note>    </measure>    <!--=======================================================-->    <measure number="6" width="0">      <note>        <rest/>        <duration>16</duration>        <voice>1</voice>      </note>    </measure>    <!--=======================================================-->    <measure number="7" width="0">      <note>        <rest/>        <duration>16</duration>        <voice>1</voice>      </note>    </measure>    <!--=======================================================-->    <measure number="8" width="0">      <note>        <rest/>        <duration>16</duration>        <voice>1</voice>      </note>    </measure>    <!--=======================================================-->    <measure number="9" width="0">      <note>        <rest/>        <duration>16</duration>        <voice>1</voice>      </note>    </measure>    <!--=======================================================-->    <measure number="10" width="0">      <note>        <rest/>        <duration>16</duration>        <voice>1</voice>      </note>    </measure>    <!--=======================================================-->    <measure number="11" width="0">      <note>        <rest/>        <duration>16</duration>        <voice>1</voice>      </note>    </measure>    <!--=======================================================-->    <measure number="12" width="0">      <note>        <rest/>        <duration>16</duration>        <voice>1</voice>      </note>    </measure>    <!--=======================================================-->    <measure number="13" width="0">      <note>        <rest/>        <duration>16</duration>        <voice>1</voice>      </note>    </measure>    <!--=======================================================-->    <measure number="14" width="0">      <note>        <rest/>        <duration>16</duration>        <voice>1</voice>      </note>    </measure>    <!--=======================================================-->    <measure number="15" width="0">      <note>        <rest/>        <duration>16</duration>        <voice>1</voice>      </note>    </measure>    <!--=======================================================-->    <measure number="16" width="0">      <note>        <rest/>        <duration>16</duration>        <voice>1</voice>      </note>    </measure>    <!--=======================================================-->    <measure number="17" width="0">      <note>        <rest/>        <duration>16</duration>        <voice>1</voice>      </note>    </measure>    <!--=======================================================-->    <measure number="18" width="0">      <note>        <rest/>        <duration>16</duration>        <voice>1</voice>      </note>    </measure>    <!--=======================================================-->    <measure number="19" width="0">      <note>        <rest/>        <duration>16</duration>        <voice>1</voice>      </note>    </measure>    <!--=======================================================-->    <measure number="20" width="0">      <note>        <rest/>        <duration>16</duration>        <voice>1</voice>      </note>    </measure>    <!--=======================================================-->    <measure number="21" width="0">      <note>        <rest/>        <duration>16</duration>        <voice>1</voice>      </note>    </measure>    <!--=======================================================-->    <measure number="22" width="0">      <note>        <rest/>        <duration>16</duration>        <voice>1</voice>      </note>    </measure>    <!--=======================================================-->    <measure number="23" width="265">      <note default-x="13">        <rest/>        <duration>2</duration>        <voice>1</voice>        <type>eighth</type>      </note>      <note default-x="38">        <pitch>          <step>G</step>          <octave>3</octave>        </pitch>        <duration>2</duration>        <voice>1</voice>        <type>eighth</type>        <stem default-y="5">up</stem>        <lyric default-y="-80" number="1">          <syllabic>single</syllabic>          <text>O</text>        </lyric>      </note>      <note default-x="69">        <pitch>          <step>B</step>          <octave>3</octave>        </pitch>        <duration>2</duration>        <voice>1</voice>        <type>eighth</type>        <stem default-y="-55">down</stem>        <lyric default-y="-80" number="1">          <syllabic>begin</syllabic>          <text>tri</text>        </lyric>      </note>      <note default-x="100">        <pitch>          <step>G</step>          <octave>3</octave>        </pitch>        <duration>2</duration>        <voice>1</voice>        <type>eighth</type>        <stem default-y="5">up</stem>        <lyric default-y="-80" number="1">          <syllabic>middle</syllabic>          <text>um</text>        </lyric>      </note>      <note default-x="130">        <pitch>          <step>D</step>          <octave>4</octave>        </pitch>        <duration>2</duration>        <voice>1</voice>        <type>eighth</type>        <stem default-y="-50">down</stem>        <beam number="1">begin</beam>        <lyric default-y="-80" number="1" relative-x="13">          <syllabic>middle</syllabic>          <text>phan</text>        </lyric>      </note>      <note default-x="154">        <pitch>          <step>C</step>          <octave>4</octave>        </pitch>        <duration>1</duration>        <voice>1</voice>        <type>16th</type>        <stem default-y="-53">down</stem>        <beam number="1">continue</beam>        <beam number="2">begin</beam>      </note>      <note default-x="173">        <pitch>          <step>B</step>          <octave>3</octave>        </pitch>        <duration>1</duration>        <voice>1</voice>        <type>16th</type>        <stem default-y="-55">down</stem>        <beam number="1">end</beam>        <beam number="2">end</beam>      </note>      <note default-x="191">        <pitch>          <step>A</step>          <octave>3</octave>        </pitch>        <duration>1</duration>        <voice>1</voice>        <type>16th</type>        <stem default-y="-60">down</stem>        <beam number="1">begin</beam>        <beam number="2">begin</beam>      </note>      <note default-x="210">        <pitch>          <step>B</step>          <octave>3</octave>        </pitch>        <duration>1</duration>        <voice>1</voice>        <type>16th</type>        <stem default-y="-58">down</stem>        <beam number="1">continue</beam>        <beam number="2">continue</beam>      </note>      <note default-x="228">        <pitch>          <step>C</step>          <octave>4</octave>        </pitch>        <duration>1</duration>        <voice>1</voice>        <type>16th</type>        <stem default-y="-57">down</stem>        <beam number="1">continue</beam>        <beam number="2">continue</beam>      </note>      <note default-x="246">        <pitch>          <step>D</step>          <octave>4</octave>        </pitch>        <duration>1</duration>        <voice>1</voice>        <type>16th</type>        <stem default-y="-55">down</stem>        <beam number="1">end</beam>        <beam number="2">end</beam>        <notations>          <slur number="1" placement="above" type="start"/>        </notations>      </note>    </measure>    <!--=======================================================-->    <measure number="24" width="250">      <note default-x="14">        <pitch>          <step>B</step>          <octave>3</octave>        </pitch>        <duration>4</duration>        <voice>1</voice>        <type>quarter</type>        <stem default-y="-55">down</stem>        <notations>          <slur number="1" type="stop"/>          <technical>            <stopped default-x="0" default-y="11" placement="above"/>          </technical>        </notations>      </note>      <note default-x="51">        <pitch>          <step>B</step>          <octave>3</octave>        </pitch>        <duration>2</duration>        <voice>1</voice>        <type>eighth</type>        <stem default-y="-55">down</stem>        <lyric default-y="-80" number="1">          <syllabic>end</syllabic>          <text>tis</text>        </lyric>      </note>      <note default-x="81">        <pitch>          <step>D</step>          <octave>4</octave>        </pitch>        <duration>2</duration>        <voice>1</voice>        <type>eighth</type>        <stem default-y="-45.5">down</stem>        <lyric default-y="-80" number="1">          <syllabic>begin</syllabic>          <text>Je</text>        </lyric>      </note>      <note default-x="108">        <pitch>          <step>F</step>          <alter>1</alter>          <octave>3</octave>        </pitch>        <duration>3</duration>        <voice>1</voice>        <type>eighth</type>        <dot/>        <stem default-y="0">up</stem>        <notations>          <technical>            <stopped default-x="0" default-y="11" placement="above"/>          </technical>        </notations>        <lyric default-y="-80" number="1">          <syllabic>middle</syllabic>          <text>ru</text>        </lyric>      </note>      <note default-x="148">        <pitch>          <step>F</step>          <alter>1</alter>          <octave>3</octave>        </pitch>        <duration>1</duration>        <voice>1</voice>        <type>16th</type>        <stem default-y="0">up</stem>        <lyric default-y="-80" number="1">          <syllabic>middle</syllabic>          <text>sa</text>        </lyric>      </note>      <note default-x="177">        <pitch>          <step>F</step>          <alter>1</alter>          <octave>3</octave>        </pitch>        <duration>2</duration>        <voice>1</voice>        <type>eighth</type>        <stem default-y="-5">up</stem>        <beam number="1">begin</beam>        <lyric default-y="-80" justify="left" number="1">          <syllabic>end</syllabic>          <text>lem,</text>          <extend/>        </lyric>      </note>      <note default-x="200">        <pitch>          <step>E</step>          <octave>3</octave>        </pitch>        <duration>1</duration>        <voice>1</voice>        <type>16th</type>        <stem default-y="-7.5">up</stem>        <beam number="1">end</beam>        <beam number="2">backward hook</beam>      </note>      <note default-x="220">        <pitch>          <step>F</step>          <alter>1</alter>          <octave>3</octave>        </pitch>        <duration>1</duration>        <voice>1</voice>        <type>16th</type>        <stem default-y="0">up</stem>        <lyric default-y="-80" number="1">          <syllabic>begin</syllabic>          <text>Je</text>        </lyric>      </note>    </measure>    <!--=======================================================-->    <measure number="25" width="184">      <note default-x="14">        <pitch>          <step>G</step>          <octave>3</octave>        </pitch>        <duration>3</duration>        <voice>1</voice>        <type>eighth</type>        <dot/>        <stem default-y="5">up</stem>        <lyric default-y="-80" number="1">          <syllabic>middle</syllabic>          <text>ru</text>        </lyric>      </note>      <note default-x="53">        <pitch>          <step>G</step>          <octave>3</octave>        </pitch>        <duration>1</duration>        <voice>1</voice>        <type>16th</type>        <stem default-y="5">up</stem>        <lyric default-y="-80" number="1">          <syllabic>middle</syllabic>          <text>sa</text>        </lyric>      </note>      <note default-x="86">        <pitch>          <step>G</step>          <octave>3</octave>        </pitch>        <duration>4</duration>        <voice>1</voice>        <type>quarter</type>        <stem default-y="5">up</stem>        <lyric default-y="-80" number="1" relative-x="3">          <syllabic>end</syllabic>          <text>lem,</text>        </lyric>      </note>      <note default-x="122">        <rest/>        <duration>8</duration>        <voice>1</voice>        <type>half</type>      </note>    </measure>  </part>  <!--=========================================================--></score-partwise>