<?xml version="1.0" encoding="UTF-8"?><!DOCTYPE score-partwise PUBLIC "-//Recordare//DTD MusicXML 2.0 Partwise//EN"                                "http://www.musicxml.org/dtds/partwise.dtd"><score-partwise version="2.0">  <movement-title>MI.16 Benedicam Dominum in omni tempore</movement-title>  <identification>    <creator type="composer">Bernier, Nicolas</creator>    <encoding>      <software>Finale 2011 for Macintosh</software>      <software>Dolet Light for Finale 2011</software>      <encoding-date>2012-03-12</encoding-date>      <supports attribute="new-system" element="print" type="yes" value="yes"/>      <supports attribute="new-page" element="print" type="yes" value="yes"/>    </encoding>  </identification>  <defaults>    <scaling>      <millimeters>7.0723</millimeters>      <tenths>40</tenths>    </scaling>    <page-layout>      <page-height>1679</page-height>      <page-width>1187</page-width>      <page-margins type="both">        <left-margin>72</left-margin>        <right-margin>72</right-margin>        <top-margin>90</top-margin>        <bottom-margin>90</bottom-margin>      </page-margins>    </page-layout>    <system-layout>      <system-margins>        <left-margin>0</left-margin>        <right-margin>0</right-margin>      </system-margins>      <system-distance>86</system-distance>      <top-system-distance>34</top-system-distance>    </system-layout>    <appearance>      <line-width type="stem">0.7487</line-width>      <line-width type="beam">5</line-width>      <line-width type="staff">0.7487</line-width>      <line-width type="light barline">0.7487</line-width>      <line-width type="heavy barline">5</line-width>      <line-width type="leger">0.7487</line-width>      <line-width type="ending">1.4583</line-width>      <line-width type="wedge">1.4583</line-width>      <line-width type="enclosure">0.7487</line-width>      <line-width type="tuplet bracket">0.7487</line-width>      <note-size type="grace">60</note-size>      <note-size type="cue">60</note-size>    </appearance>    <music-font font-family="Maestro" font-size="20"/>    <word-font font-family="Times New Roman" font-size="10"/>    <lyric-font font-family="Times New Roman" font-size="10" name="verse"/>  </defaults>  <part-list>    <score-part id="P1">      <part-name print-object="no">MusicXML Part</part-name>    </score-part>  </part-list>  <!--=========================================================-->  <part id="P1">    <measure number="1" width="255">      <print>        <system-layout>          <system-margins>            <left-margin>72</left-margin>            <right-margin>0</right-margin>          </system-margins>          <top-system-distance>176</top-system-distance>        </system-layout>        <measure-numbering>system</measure-numbering>      </print>      <attributes>        <divisions>24</divisions>        <key>          <fifths>1</fifths>          <mode>major</mode>        </key>        <time symbol="common">          <beats>4</beats>          <beat-type>4</beat-type>        </time>        <clef>          <sign>G</sign>          <line>2</line>        </clef>      </attributes>      <sound tempo="120"/>      <direction placement="above">        <direction-type>          <words default-x="110" default-y="26" font-style="italic" halign="center">Gayment</words>        </direction-type>      </direction>      <note default-x="110">        <rest/>        <duration>48</duration>        <voice>1</voice>        <type>half</type>      </note>      <note default-x="171">        <rest/>        <duration>24</duration>        <voice>1</voice>        <type>quarter</type>      </note>      <note default-x="207">        <pitch>          <step>D</step>          <octave>5</octave>        </pitch>        <duration>18</duration>        <voice>1</voice>        <type>eighth</type>        <dot/>        <stem default-y="-45">down</stem>        <beam number="1">begin</beam>      </note>      <note default-x="236">        <pitch>          <step>D</step>          <octave>5</octave>        </pitch>        <duration>6</duration>        <voice>1</voice>        <type>16th</type>        <stem default-y="-45">down</stem>        <beam number="1">end</beam>        <beam number="2">backward hook</beam>      </note>    </measure>    <!--=======================================================-->    <measure number="2" width="239">      <note default-x="14">        <pitch>          <step>B</step>          <octave>4</octave>        </pitch>        <duration>12</duration>        <voice>1</voice>        <type>eighth</type>        <stem default-y="15">up</stem>        <beam number="1">begin</beam>      </note>      <note default-x="36">        <pitch>          <step>G</step>          <octave>4</octave>        </pitch>        <duration>12</duration>        <voice>1</voice>        <type>eighth</type>        <stem default-y="10">up</stem>        <beam number="1">end</beam>      </note>      <note default-x="58">        <pitch>          <step>E</step>          <octave>5</octave>        </pitch>        <duration>18</duration>        <voice>1</voice>        <type>eighth</type>        <dot/>        <stem default-y="-40">down</stem>        <beam number="1">begin</beam>      </note>      <note default-x="88">        <pitch>          <step>E</step>          <octave>5</octave>        </pitch>        <duration>6</duration>        <voice>1</voice>        <type>16th</type>        <stem default-y="-40">down</stem>        <beam number="1">end</beam>        <beam number="2">backward hook</beam>      </note>      <note default-x="106">        <pitch>          <step>E</step>          <octave>5</octave>        </pitch>        <duration>18</duration>        <voice>1</voice>        <type>eighth</type>        <dot/>        <stem default-y="-57">down</stem>        <beam number="1">begin</beam>        <notations>          <slur bezier-x="18" bezier-y="9" default-x="6" default-y="6" number="1" placement="above" type="start"/>        </notations>      </note>      <note default-x="136">        <pitch>          <step>D</step>          <octave>5</octave>        </pitch>        <duration>2</duration>        <voice>1</voice>        <type>32nd</type>        <time-modification>          <actual-notes>3</actual-notes>          <normal-notes>2</normal-notes>        </time-modification>        <stem default-y="-57">down</stem>        <beam number="1">continue</beam>        <beam number="2">begin</beam>        <beam number="3">begin</beam>        <notations>          <tuplet number="1" placement="below" type="start"/>          <slur bezier-x="-16" bezier-y="11" default-x="35" default-y="1" number="1" type="stop"/>        </notations>      </note>      <note default-x="154">        <pitch>          <step>C</step>          <octave>5</octave>        </pitch>        <duration>2</duration>        <voice>1</voice>        <type>32nd</type>        <time-modification>          <actual-notes>3</actual-notes>          <normal-notes>2</normal-notes>        </time-modification>        <stem default-y="-57">down</stem>        <beam number="1">continue</beam>        <beam number="2">continue</beam>        <beam number="3">continue</beam>      </note>      <note default-x="172">        <pitch>          <step>D</step>          <octave>5</octave>        </pitch>        <duration>2</duration>        <voice>1</voice>        <type>32nd</type>        <time-modification>          <actual-notes>3</actual-notes>          <normal-notes>2</normal-notes>        </time-modification>        <stem default-y="-57">down</stem>        <beam number="1">end</beam>        <beam number="2">end</beam>        <beam number="3">end</beam>        <notations>          <tuplet number="1" type="stop"/>        </notations>      </note>      <note default-x="190">        <pitch>          <step>D</step>          <octave>5</octave>        </pitch>        <duration>18</duration>        <voice>1</voice>        <type>eighth</type>        <dot/>        <stem default-y="-45">down</stem>        <beam number="1">begin</beam>        <notations>          <technical>            <stopped default-x="0" default-y="5" placement="above"/>          </technical>        </notations>      </note>      <note default-x="220">        <pitch>          <step>E</step>          <octave>5</octave>        </pitch>        <duration>6</duration>        <voice>1</voice>        <type>16th</type>        <stem default-y="-40">down</stem>        <beam number="1">end</beam>        <beam number="2">backward hook</beam>      </note>    </measure>    <!--=======================================================-->    <measure number="3" width="157">      <note default-x="14">        <pitch>          <step>E</step>          <octave>5</octave>        </pitch>        <duration>18</duration>        <voice>1</voice>        <type>eighth</type>        <dot/>        <stem default-y="-40">down</stem>      </note>      <note default-x="44">        <rest/>        <duration>6</duration>        <voice>1</voice>        <type>16th</type>      </note>      <note default-x="62">        <rest/>        <duration>24</duration>        <voice>1</voice>        <type>quarter</type>      </note>      <note default-x="96">        <rest/>        <duration>48</duration>        <voice>1</voice>        <type>half</type>      </note>    </measure>    <!--=======================================================-->    <measure number="4" width="155">      <attributes>        <measure-style>          <multiple-rest>20</multiple-rest>        </measure-style>      </attributes>      <note>        <rest/>        <duration>96</duration>        <voice>1</voice>      </note>    </measure>    <!--=======================================================-->    <measure number="5" width="0">      <note>        <rest/>        <duration>96</duration>        <voice>1</voice>      </note>    </measure>    <!--=======================================================-->    <measure number="6" width="0">      <note>        <rest/>        <duration>96</duration>        <voice>1</voice>      </note>    </measure>    <!--=======================================================-->    <measure number="7" width="0">      <note>        <rest/>        <duration>96</duration>        <voice>1</voice>      </note>    </measure>    <!--=======================================================-->    <measure number="8" width="0">      <note>        <rest/>        <duration>96</duration>        <voice>1</voice>      </note>    </measure>    <!--=======================================================-->    <measure number="9" width="0">      <note>        <rest/>        <duration>96</duration>        <voice>1</voice>      </note>    </measure>    <!--=======================================================-->    <measure number="10" width="0">      <note>        <rest/>        <duration>96</duration>        <voice>1</voice>      </note>    </measure>    <!--=======================================================-->    <measure number="11" width="0">      <note>        <rest/>        <duration>96</duration>        <voice>1</voice>      </note>    </measure>    <!--=======================================================-->    <measure number="12" width="0">      <note>        <rest/>        <duration>96</duration>        <voice>1</voice>      </note>    </measure>    <!--=======================================================-->    <measure number="13" width="0">      <note>        <rest/>        <duration>96</duration>        <voice>1</voice>      </note>    </measure>    <!--=======================================================-->    <measure number="14" width="0">      <note>        <rest/>        <duration>96</duration>        <voice>1</voice>      </note>    </measure>    <!--=======================================================-->    <measure number="15" width="0">      <note>        <rest/>        <duration>96</duration>        <voice>1</voice>      </note>    </measure>    <!--=======================================================-->    <measure number="16" width="0">      <note>        <rest/>        <duration>96</duration>        <voice>1</voice>      </note>    </measure>    <!--=======================================================-->    <measure number="17" width="0">      <note>        <rest/>        <duration>96</duration>        <voice>1</voice>      </note>    </measure>    <!--=======================================================-->    <measure number="18" width="0">      <note>        <rest/>        <duration>96</duration>        <voice>1</voice>      </note>    </measure>    <!--=======================================================-->    <measure number="19" width="0">      <note>        <rest/>        <duration>96</duration>        <voice>1</voice>      </note>    </measure>    <!--=======================================================-->    <measure number="20" width="0">      <note>        <rest/>        <duration>96</duration>        <voice>1</voice>      </note>    </measure>    <!--=======================================================-->    <measure number="21" width="0">      <note>        <rest/>        <duration>96</duration>        <voice>1</voice>      </note>    </measure>    <!--=======================================================-->    <measure number="22" width="0">      <note>        <rest/>        <duration>96</duration>        <voice>1</voice>      </note>    </measure>    <!--=======================================================-->    <measure number="23" width="0">      <note>        <rest/>        <duration>96</duration>        <voice>1</voice>      </note>    </measure>    <!--=======================================================-->    <measure number="24" width="167">      <attributes>        <clef>          <sign>G</sign>          <line>2</line>          <clef-octave-change>-1</clef-octave-change>        </clef>      </attributes>      <note default-x="13">        <rest/>        <duration>48</duration>        <voice>1</voice>        <type>half</type>      </note>      <note default-x="73">        <rest/>        <duration>24</duration>        <voice>1</voice>        <type>quarter</type>      </note>      <note default-x="109">        <pitch>          <step>D</step>          <octave>4</octave>        </pitch>        <duration>18</duration>        <voice>1</voice>        <type>eighth</type>        <dot/>        <stem default-y="-45">down</stem>        <lyric default-y="-80" number="1">          <syllabic>begin</syllabic>          <text font-size="10">Be</text>        </lyric>      </note>      <note default-x="140">        <pitch>          <step>D</step>          <octave>4</octave>        </pitch>        <duration>6</duration>        <voice>1</voice>        <type>16th</type>        <stem default-y="-45">down</stem>        <lyric default-y="-80" number="1">          <syllabic>middle</syllabic>          <text font-size="10">ne</text>        </lyric>      </note>    </measure>    <!--=======================================================-->    <measure number="25" width="487">      <print new-system="yes">        <system-layout>          <system-distance>137</system-distance>        </system-layout>      </print>      <note default-x="77">        <pitch>          <step>B</step>          <octave>3</octave>        </pitch>        <duration>12</duration>        <voice>1</voice>        <type>eighth</type>        <stem default-y="-55">down</stem>        <lyric default-y="-80" number="1">          <syllabic>middle</syllabic>          <text font-size="10">di</text>        </lyric>      </note>      <note default-x="129">        <pitch>          <step>G</step>          <octave>3</octave>        </pitch>        <duration>12</duration>        <voice>1</voice>        <type>eighth</type>        <stem default-y="6">up</stem>        <lyric default-y="-80" number="1">          <syllabic>end</syllabic>          <text font-size="10">cam,</text>        </lyric>      </note>      <note default-x="181">        <pitch>          <step>G</step>          <octave>4</octave>        </pitch>        <duration>18</duration>        <voice>1</voice>        <type>eighth</type>        <dot/>        <stem default-y="-30">down</stem>        <lyric default-y="-80" number="1">          <syllabic>begin</syllabic>          <text font-size="10">be</text>        </lyric>      </note>      <note default-x="250">        <pitch>          <step>G</step>          <octave>4</octave>        </pitch>        <duration>6</duration>        <voice>1</voice>        <type>16th</type>        <stem default-y="-30">down</stem>        <lyric default-y="-80" number="1">          <syllabic>middle</syllabic>          <text font-size="10">ne</text>        </lyric>      </note>      <note default-x="282">        <pitch>          <step>G</step>          <octave>4</octave>        </pitch>        <duration>12</duration>        <voice>1</voice>        <type>eighth</type>        <stem default-y="-30">down</stem>        <lyric default-y="-80" number="1">          <syllabic>middle</syllabic>          <text font-size="10">di</text>        </lyric>      </note>      <note default-x="334">        <pitch>          <step>F</step>          <alter>1</alter>          <octave>4</octave>        </pitch>        <duration>12</duration>        <voice>1</voice>        <type>eighth</type>        <stem default-y="-35">down</stem>        <lyric default-y="-80" number="1">          <syllabic>end</syllabic>          <text font-size="10">cam</text>        </lyric>      </note>      <note default-x="386">        <pitch>          <step>F</step>          <alter>1</alter>          <octave>4</octave>        </pitch>        <duration>18</duration>        <voice>1</voice>        <type>eighth</type>        <dot/>        <stem default-y="-35">down</stem>        <notations>          <technical>            <stopped default-x="0" default-y="15" placement="above"/>          </technical>        </notations>        <lyric default-y="-80" number="1">          <syllabic>begin</syllabic>          <text font-size="10">Do</text>        </lyric>      </note>      <note default-x="455">        <pitch>          <step>G</step>          <octave>4</octave>        </pitch>        <duration>6</duration>        <voice>1</voice>        <type>16th</type>        <stem default-y="-30">down</stem>        <lyric default-y="-80" number="1">          <syllabic>middle</syllabic>          <text font-size="10">mi</text>        </lyric>      </note>    </measure>    <!--=======================================================-->    <measure number="26" width="368">      <note default-x="14">        <pitch>          <step>G</step>          <octave>4</octave>        </pitch>        <duration>18</duration>        <voice>1</voice>        <type>eighth</type>        <dot/>        <stem default-y="-30">down</stem>        <lyric default-y="-80" number="1">          <syllabic>end</syllabic>          <text font-size="10">num</text>        </lyric>      </note>      <note default-x="76">        <pitch>          <step>D</step>          <octave>4</octave>        </pitch>        <duration>6</duration>        <voice>1</voice>        <type>16th</type>        <stem default-y="-45">down</stem>        <lyric default-y="-80" number="1">          <syllabic>single</syllabic>          <text font-size="10">in</text>        </lyric>      </note>      <note default-x="105">        <pitch>          <step>D</step>          <octave>4</octave>        </pitch>        <duration>12</duration>        <voice>1</voice>        <type>eighth</type>        <stem default-y="-45">down</stem>        <lyric default-y="-80" number="1">          <syllabic>begin</syllabic>          <text font-size="10">om</text>        </lyric>      </note>      <note default-x="153">        <pitch>          <step>E</step>          <octave>4</octave>        </pitch>        <duration>12</duration>        <voice>1</voice>        <type>eighth</type>        <stem default-y="-40">down</stem>        <lyric default-y="-80" number="1">          <syllabic>end</syllabic>          <text font-size="10">ni</text>        </lyric>      </note>      <note default-x="178">        <grace slash="yes"/>        <pitch>          <step>D</step>          <octave>4</octave>        </pitch>        <tie type="start"/>        <voice>1</voice>        <type>eighth</type>        <stem default-y="11.5">up</stem>        <notations>          <tied type="start"/>          <slur number="1" placement="below" type="start"/>        </notations>      </note>      <note default-x="200">        <pitch>          <step>C</step>          <octave>4</octave>        </pitch>        <duration>24</duration>        <voice>1</voice>        <type>quarter</type>        <stem default-y="-50">down</stem>        <notations>          <slur number="1" type="stop"/>          <slur number="1" placement="above" type="start"/>        </notations>        <lyric default-y="-80" number="1">          <syllabic>begin</syllabic>          <text font-size="10">tem</text>        </lyric>      </note>      <note default-x="276">        <pitch>          <step>C</step>          <octave>4</octave>        </pitch>        <duration>18</duration>        <voice>1</voice>        <type>eighth</type>        <dot/>        <stem default-y="-50">down</stem>        <notations>          <slur number="1" type="stop"/>          <technical>            <stopped default-x="0" default-y="5" placement="above"/>          </technical>        </notations>      </note>      <note default-x="339">        <pitch>          <step>B</step>          <octave>3</octave>        </pitch>        <duration>6</duration>        <voice>1</voice>        <type>16th</type>        <stem default-y="-55">down</stem>        <lyric default-y="-80" number="1">          <syllabic>middle</syllabic>          <text font-size="10">po</text>        </lyric>      </note>    </measure>    <!--=======================================================-->    <measure number="27" width="188">      <note default-x="14">        <pitch>          <step>B</step>          <octave>3</octave>        </pitch>        <duration>18</duration>        <voice>1</voice>        <type>eighth</type>        <dot/>        <stem default-y="-55">down</stem>        <lyric default-y="-80" number="1">          <syllabic>end</syllabic>          <text font-size="10">re,</text>        </lyric>      </note>    </measure>  </part>  <!--=========================================================--></score-partwise>