<?xml version="1.0" encoding="UTF-8"?><!DOCTYPE score-partwise PUBLIC "-//Recordare//DTD MusicXML 2.0 Partwise//EN"                                "http://www.musicxml.org/dtds/partwise.dtd"><score-partwise version="2.0">  <movement-title>MI.2 Domine quid multiplicati sunt</movement-title>  <identification>    <creator type="composer">Astier</creator>    <encoding>      <software>Finale 2011 for Macintosh</software>      <software>Dolet Light for Finale 2011</software>      <encoding-date>2012-03-09</encoding-date>      <supports attribute="new-system" element="print" type="yes" value="yes"/>      <supports attribute="new-page" element="print" type="yes" value="yes"/>    </encoding>  </identification>  <defaults>    <scaling>      <millimeters>7.0723</millimeters>      <tenths>40</tenths>    </scaling>    <page-layout>      <page-height>1679</page-height>      <page-width>1187</page-width>      <page-margins type="both">        <left-margin>72</left-margin>        <right-margin>72</right-margin>        <top-margin>90</top-margin>        <bottom-margin>90</bottom-margin>      </page-margins>    </page-layout>    <system-layout>      <system-margins>        <left-margin>0</left-margin>        <right-margin>0</right-margin>      </system-margins>      <system-distance>86</system-distance>      <top-system-distance>34</top-system-distance>    </system-layout>    <appearance>      <line-width type="stem">0.7487</line-width>      <line-width type="beam">5</line-width>      <line-width type="staff">0.7487</line-width>      <line-width type="light barline">0.7487</line-width>      <line-width type="heavy barline">5</line-width>      <line-width type="leger">0.7487</line-width>      <line-width type="ending">1.4583</line-width>      <line-width type="wedge">1.4583</line-width>      <line-width type="enclosure">0.7487</line-width>      <line-width type="tuplet bracket">0.7487</line-width>      <note-size type="grace">60</note-size>      <note-size type="cue">60</note-size>    </appearance>    <music-font font-family="Maestro" font-size="20"/>    <word-font font-family="Times New Roman" font-size="10"/>    <lyric-font font-family="Times New Roman" font-size="10" name="verse"/>  </defaults>  <part-list>    <score-part id="P1">      <part-name print-object="no">MusicXML Part</part-name>    </score-part>  </part-list>  <!--=========================================================-->  <part id="P1">    <measure number="1" width="252">      <print>        <system-layout>          <system-margins>            <left-margin>72</left-margin>            <right-margin>0</right-margin>          </system-margins>          <top-system-distance>176</top-system-distance>        </system-layout>        <measure-numbering>system</measure-numbering>      </print>      <attributes>        <divisions>4</divisions>        <key>          <fifths>-1</fifths>          <mode>major</mode>        </key>        <time symbol="common">          <beats>4</beats>          <beat-type>4</beat-type>        </time>        <clef>          <sign>G</sign>          <line>2</line>          <clef-octave-change>-1</clef-octave-change>        </clef>        <measure-style>          <multiple-rest>7</multiple-rest>        </measure-style>      </attributes>      <sound tempo="120"/>      <note>        <rest/>        <duration>16</duration>        <voice>1</voice>      </note>    </measure>    <!--=======================================================-->    <measure number="2" width="0">      <note>        <rest/>        <duration>16</duration>        <voice>1</voice>      </note>    </measure>    <!--=======================================================-->    <measure number="3" width="0">      <note>        <rest/>        <duration>16</duration>        <voice>1</voice>      </note>    </measure>    <!--=======================================================-->    <measure number="4" width="0">      <note>        <rest/>        <duration>16</duration>        <voice>1</voice>      </note>    </measure>    <!--=======================================================-->    <measure number="5" width="0">      <note>        <rest/>        <duration>16</duration>        <voice>1</voice>      </note>    </measure>    <!--=======================================================-->    <measure number="6" width="0">      <note>        <rest/>        <duration>16</duration>        <voice>1</voice>      </note>    </measure>    <!--=======================================================-->    <measure number="7" width="0">      <note>        <rest/>        <duration>16</duration>        <voice>1</voice>      </note>    </measure>    <!--=======================================================-->    <measure number="8" width="226">      <note default-x="14">        <rest/>        <duration>4</duration>        <voice>1</voice>        <type>quarter</type>      </note>      <note default-x="51">        <pitch>          <step>F</step>          <octave>4</octave>        </pitch>        <duration>3</duration>        <voice>1</voice>        <type>eighth</type>        <dot/>        <stem default-y="-35">down</stem>        <lyric default-y="-80" number="1">          <syllabic>begin</syllabic>          <text font-size="10">Do</text>        </lyric>      </note>      <note default-x="85">        <pitch>          <step>F</step>          <octave>4</octave>        </pitch>        <duration>1</duration>        <voice>1</voice>        <type>16th</type>        <stem default-y="-35">down</stem>        <lyric default-y="-80" number="1">          <syllabic>middle</syllabic>          <text font-size="10">mi</text>        </lyric>      </note>      <note default-x="115">        <pitch>          <step>A</step>          <octave>3</octave>        </pitch>        <duration>4</duration>        <voice>1</voice>        <type>quarter</type>        <stem default-y="11">up</stem>        <notations>          <technical>            <stopped default-x="0" default-y="-45" placement="below"/>          </technical>        </notations>        <lyric default-y="-80" number="1">          <syllabic>end</syllabic>          <text font-size="10">ne,</text>        </lyric>      </note>      <note default-x="154">        <pitch>          <step>A</step>          <octave>3</octave>        </pitch>        <duration>3</duration>        <voice>1</voice>        <type>eighth</type>        <dot/>        <stem default-y="11">up</stem>        <lyric default-y="-80" number="1">          <syllabic>begin</syllabic>          <text font-size="10">Do</text>        </lyric>      </note>      <note default-x="196">        <pitch>          <step>F</step>          <octave>3</octave>        </pitch>        <duration>1</duration>        <voice>1</voice>        <type>16th</type>        <stem default-y="1">up</stem>        <lyric default-y="-80" number="1">          <syllabic>middle</syllabic>          <text font-size="10">mi</text>        </lyric>      </note>    </measure>    <!--=======================================================-->    <measure number="9" width="221">      <note default-x="14">        <pitch>          <step>C</step>          <octave>4</octave>        </pitch>        <duration>4</duration>        <voice>1</voice>        <type>quarter</type>        <stem default-y="-50">down</stem>        <lyric default-y="-80" number="1">          <syllabic>end</syllabic>          <text font-size="10">ne,</text>        </lyric>      </note>      <note default-x="52">        <rest>          <display-step>A</display-step>          <display-octave>3</display-octave>        </rest>        <duration>4</duration>        <voice>1</voice>        <type>quarter</type>      </note>      <note default-x="89">        <pitch>          <step>C</step>          <octave>4</octave>        </pitch>        <duration>2</duration>        <voice>1</voice>        <type>eighth</type>        <stem default-y="-50">down</stem>        <lyric default-y="-80" number="1">          <syllabic>single</syllabic>          <text font-size="10">quid</text>        </lyric>      </note>      <note default-x="132">        <pitch>          <step>C</step>          <octave>4</octave>        </pitch>        <duration>2</duration>        <voice>1</voice>        <type>eighth</type>        <stem default-y="-50">down</stem>        <lyric default-y="-80" number="1">          <syllabic>begin</syllabic>          <text font-size="10">mul</text>        </lyric>      </note>      <note default-x="165">        <pitch>          <step>C</step>          <octave>4</octave>        </pitch>        <duration>2</duration>        <voice>1</voice>        <type>eighth</type>        <stem default-y="-50">down</stem>        <lyric default-y="-80" number="1">          <syllabic>middle</syllabic>          <text font-size="10">ti</text>        </lyric>      </note>      <note default-x="192">        <pitch>          <step>C</step>          <octave>4</octave>        </pitch>        <duration>2</duration>        <voice>1</voice>        <type>eighth</type>        <stem default-y="-50">down</stem>        <lyric default-y="-80" number="1">          <syllabic>middle</syllabic>          <text font-size="10">pli</text>        </lyric>      </note>    </measure>    <!--=======================================================-->    <measure number="10" width="273">      <note default-x="14">        <pitch>          <step>B</step>          <alter>-1</alter>          <octave>3</octave>        </pitch>        <duration>1</duration>        <voice>1</voice>        <type>16th</type>        <stem default-y="-60">down</stem>        <beam number="1">begin</beam>        <beam number="2">begin</beam>        <lyric default-y="-80" number="1">          <syllabic>middle</syllabic>          <text font-size="10">ca</text>        </lyric>      </note>      <note default-x="32">        <pitch>          <step>A</step>          <octave>3</octave>        </pitch>        <duration>1</duration>        <voice>1</voice>        <type>16th</type>        <stem default-y="-60">down</stem>        <beam number="1">continue</beam>        <beam number="2">continue</beam>      </note>      <note default-x="51">        <pitch>          <step>B</step>          <alter>-1</alter>          <octave>3</octave>        </pitch>        <duration>1</duration>        <voice>1</voice>        <type>16th</type>        <stem default-y="-60">down</stem>        <beam number="1">continue</beam>        <beam number="2">continue</beam>      </note>      <note default-x="70">        <pitch>          <step>C</step>          <octave>4</octave>        </pitch>        <duration>1</duration>        <voice>1</voice>        <type>16th</type>        <stem default-y="-60">down</stem>        <beam number="1">end</beam>        <beam number="2">end</beam>      </note>      <note default-x="88">        <pitch>          <step>B</step>          <alter>-1</alter>          <octave>3</octave>        </pitch>        <duration>1</duration>        <voice>1</voice>        <type>16th</type>        <stem default-y="-55">down</stem>        <beam number="1">begin</beam>        <beam number="2">begin</beam>      </note>      <note default-x="107">        <pitch>          <step>D</step>          <octave>4</octave>        </pitch>        <duration>1</duration>        <voice>1</voice>        <type>16th</type>        <stem default-y="-55">down</stem>        <beam number="1">continue</beam>        <beam number="2">continue</beam>      </note>      <note default-x="126">        <pitch>          <step>C</step>          <octave>4</octave>        </pitch>        <duration>1</duration>        <voice>1</voice>        <type>16th</type>        <stem default-y="-55">down</stem>        <beam number="1">continue</beam>        <beam number="2">continue</beam>      </note>      <note default-x="144">        <pitch>          <step>B</step>          <alter>-1</alter>          <octave>3</octave>        </pitch>        <duration>1</duration>        <voice>1</voice>        <type>16th</type>        <stem default-y="-55">down</stem>        <beam number="1">end</beam>        <beam number="2">end</beam>        <notations>          <slur number="1" placement="above" type="start"/>        </notations>      </note>      <note default-x="163">        <pitch>          <step>A</step>          <octave>3</octave>        </pitch>        <duration>3</duration>        <voice>1</voice>        <type>eighth</type>        <dot/>        <stem default-y="11">up</stem>        <notations>          <slur number="1" type="stop"/>        </notations>      </note>      <note default-x="202">        <pitch>          <step>B</step>          <alter>-1</alter>          <octave>3</octave>        </pitch>        <duration>1</duration>        <voice>1</voice>        <type>16th</type>        <stem default-y="-55">down</stem>        <lyric default-y="-80" number="1">          <syllabic>end</syllabic>          <text font-size="10">ti</text>        </lyric>      </note>      <note default-x="235">        <pitch>          <step>G</step>          <octave>3</octave>        </pitch>        <duration>4</duration>        <voice>1</voice>        <type>quarter</type>        <stem default-y="6">up</stem>        <notations>          <technical>            <stopped default-x="0" default-y="-45" placement="below"/>          </technical>        </notations>        <lyric default-y="-80" number="1">          <syllabic>single</syllabic>          <text font-size="10">sunt</text>        </lyric>      </note>    </measure>    <!--=======================================================-->    <measure number="11" width="773">      <print new-system="yes">        <system-layout>          <system-distance>137</system-distance>        </system-layout>      </print>      <note default-x="76">        <rest/>        <duration>2</duration>        <voice>1</voice>        <type>eighth</type>      </note>      <note default-x="158">        <pitch>          <step>C</step>          <octave>4</octave>        </pitch>        <duration>2</duration>        <voice>1</voice>        <type>eighth</type>        <stem default-y="-50">down</stem>        <lyric default-y="-80" number="1">          <syllabic>single</syllabic>          <text font-size="10">qui</text>        </lyric>      </note>      <note default-x="240">        <pitch>          <step>F</step>          <octave>4</octave>        </pitch>        <duration>2</duration>        <voice>1</voice>        <type>eighth</type>        <stem default-y="-35">down</stem>        <lyric default-y="-80" number="1">          <syllabic>begin</syllabic>          <text font-size="10">tri</text>        </lyric>      </note>      <note default-x="322">        <pitch>          <step>E</step>          <octave>4</octave>        </pitch>        <duration>1</duration>        <voice>1</voice>        <type>16th</type>        <stem default-y="-40">down</stem>        <lyric default-y="-80" number="1">          <syllabic>middle</syllabic>          <text font-size="10">bu</text>        </lyric>      </note>      <note default-x="373">        <pitch>          <step>F</step>          <octave>4</octave>        </pitch>        <duration>1</duration>        <voice>1</voice>        <type>16th</type>        <stem default-y="-35">down</stem>        <lyric default-y="-80" number="1">          <syllabic>end</syllabic>          <text font-size="10">lant</text>        </lyric>      </note>      <note default-x="424">        <pitch>          <step>D</step>          <octave>4</octave>        </pitch>        <duration>2</duration>        <voice>1</voice>        <type>eighth</type>        <stem default-y="-45">down</stem>        <notations>          <technical>            <stopped default-x="0" default-y="5" placement="above"/>          </technical>        </notations>        <lyric default-y="-80" number="1">          <syllabic>single</syllabic>          <text font-size="10">me,</text>        </lyric>      </note>      <note default-x="506">        <pitch>          <step>D</step>          <octave>4</octave>        </pitch>        <duration>2</duration>        <voice>1</voice>        <type>eighth</type>        <stem default-y="-45">down</stem>        <lyric default-y="-80" number="1">          <syllabic>single</syllabic>          <text font-size="10">qui</text>        </lyric>      </note>      <note default-x="589">        <pitch>          <step>G</step>          <octave>4</octave>        </pitch>        <duration>2</duration>        <voice>1</voice>        <type>eighth</type>        <stem default-y="-30">down</stem>        <lyric default-y="-80" number="1">          <syllabic>begin</syllabic>          <text font-size="10">tri</text>        </lyric>      </note>      <note default-x="671">        <pitch>          <step>F</step>          <octave>4</octave>        </pitch>        <duration>1</duration>        <voice>1</voice>        <type>16th</type>        <stem default-y="-35">down</stem>        <lyric default-y="-80" number="1">          <syllabic>middle</syllabic>          <text font-size="10">bu</text>        </lyric>      </note>      <note default-x="721">        <pitch>          <step>G</step>          <octave>4</octave>        </pitch>        <duration>1</duration>        <voice>1</voice>        <type>16th</type>        <stem default-y="-30">down</stem>        <lyric default-y="-80" number="1">          <syllabic>end</syllabic>          <text font-size="10">lant</text>        </lyric>      </note>    </measure>    <!--=======================================================-->    <measure number="12" width="271">      <note default-x="14">        <pitch>          <step>E</step>          <octave>4</octave>        </pitch>        <duration>8</duration>        <voice>1</voice>        <type>half</type>        <stem default-y="-40">down</stem>        <notations>          <technical>            <stopped default-x="0" default-y="10" placement="above"/>          </technical>        </notations>        <lyric default-y="-80" number="1">          <syllabic>single</syllabic>          <text font-size="10">me</text>          <elision> </elision>          <syllabic>single</syllabic>          <text font-size="10">?</text>        </lyric>      </note>    </measure>  </part>  <!--=========================================================--></score-partwise>