<?xml version="1.0" encoding="UTF-8"?>
<!DOCTYPE score-partwise PUBLIC "-//Recordare//DTD MusicXML 2.0 Partwise//EN"
                                "http://www.musicxml.org/dtds/partwise.dtd">
<score-partwise version="2.0">
  <movement-title>MI.8 Quam pulchra es et quam decora </movement-title>
  <identification>
    <creator type="composer">Benevoli, Orazio
</creator>
    <encoding>
      <software>Finale 2011 for Windows</software>
      <software>Dolet Light for Finale 2011</software>
      <encoding-date>2012-02-04</encoding-date>
      <supports attribute="new-system" element="print" type="yes" value="yes"/>
      <supports attribute="new-page" element="print" type="yes" value="yes"/>
    </encoding>
  </identification>
  <defaults>
    <scaling>
      <millimeters>7.2319</millimeters>
      <tenths>40</tenths>
    </scaling>
    <page-layout>
      <page-height>1643</page-height>
      <page-width>1161</page-width>
      <page-margins type="both">
        <left-margin>70</left-margin>
        <right-margin>70</right-margin>
        <top-margin>88</top-margin>
        <bottom-margin>88</bottom-margin>
      </page-margins>
    </page-layout>
    <system-layout>
      <system-margins>
        <left-margin>0</left-margin>
        <right-margin>0</right-margin>
      </system-margins>
      <system-distance>121</system-distance>
      <top-system-distance>70</top-system-distance>
    </system-layout>
    <appearance>
      <line-width type="stem">0.7487</line-width>
      <line-width type="beam">5</line-width>
      <line-width type="staff">0.7487</line-width>
      <line-width type="light barline">0.7487</line-width>
      <line-width type="heavy barline">5</line-width>
      <line-width type="leger">0.7487</line-width>
      <line-width type="ending">1.4583</line-width>
      <line-width type="wedge">1.4583</line-width>
      <line-width type="enclosure">0.7487</line-width>
      <line-width type="tuplet bracket">0.7487</line-width>
      <note-size type="grace">60</note-size>
      <note-size type="cue">60</note-size>
    </appearance>
    <music-font font-family="Maestro" font-size="20.5"/>
    <word-font font-family="Times New Roman" font-size="10.25"/>
    <lyric-font font-family="Times New Roman" font-size="10.25" name="verse"/>
  </defaults>
  <part-list>
    <score-part id="P1">
      <part-name print-object="no">MusicXML Part</part-name>
      <score-instrument id="P1-I1">
        <instrument-name>Grand Piano</instrument-name>
      </score-instrument>
      <midi-instrument id="P1-I1">
        <midi-channel>1</midi-channel>
        <midi-program>1</midi-program>
        <volume>80</volume>
        <pan>0</pan>
      </midi-instrument>
    </score-part>
  </part-list>
  <!--=========================================================-->
  <part id="P1">
    <measure number="1" width="239">
      <print>
        <system-layout>
          <system-margins>
            <left-margin>70</left-margin>
            <right-margin>0</right-margin>
          </system-margins>
          <top-system-distance>211</top-system-distance>
        </system-layout>
        <measure-numbering>system</measure-numbering>
      </print>
      <attributes>
        <divisions>4</divisions>
        <key>
          <fifths>1</fifths>
          <mode>major</mode>
        </key>
        <time>
          <beats>3</beats>
          <beat-type>4</beat-type>
        </time>
        <clef>
          <sign>G</sign>
          <line>2</line>
        </clef>
      </attributes>
      <direction directive="yes" placement="above">
        <direction-type>
          <words default-y="40" font-size="12" font-weight="bold">Adagio  affectuoso </words>
        </direction-type>
        <sound tempo="40"/>
      </direction>
      <direction directive="yes" placement="below">
        <direction-type>
          <words default-y="-79" font-size="12" font-weight="bold" relative-x="8">Violino primo</words>
        </direction-type>
      </direction>
      <note default-x="110">
        <pitch>
          <step>G</step>
          <octave>4</octave>
        </pitch>
        <duration>4</duration>
        <voice>1</voice>
        <type>quarter</type>
        <stem default-y="5">up</stem>
      </note>
      <note default-x="153">
        <pitch>
          <step>B</step>
          <octave>4</octave>
        </pitch>
        <duration>6</duration>
        <voice>1</voice>
        <type>quarter</type>
        <dot/>
        <stem default-y="-55">down</stem>
      </note>
      <note default-x="211">
        <pitch>
          <step>G</step>
          <octave>4</octave>
        </pitch>
        <duration>2</duration>
        <voice>1</voice>
        <type>eighth</type>
        <stem default-y="5">up</stem>
      </note>
    </measure>
    <!--=======================================================-->
    <measure number="2" width="137">
      <note default-x="14">
        <pitch>
          <step>D</step>
          <octave>5</octave>
        </pitch>
        <duration>4</duration>
        <voice>1</voice>
        <type>quarter</type>
        <stem default-y="-45.5">down</stem>
      </note>
      <note default-x="56">
        <pitch>
          <step>D</step>
          <octave>5</octave>
        </pitch>
        <duration>6</duration>
        <voice>1</voice>
        <type>quarter</type>
        <dot/>
        <stem default-y="-45.5">down</stem>
      </note>
      <note default-x="110">
        <pitch>
          <step>G</step>
          <octave>5</octave>
        </pitch>
        <duration>2</duration>
        <voice>1</voice>
        <type>eighth</type>
        <stem default-y="-30">down</stem>
      </note>
    </measure>
    <!--=======================================================-->
    <measure number="3" width="137">
      <note default-x="14">
        <pitch>
          <step>F</step>
          <alter>1</alter>
          <octave>5</octave>
        </pitch>
        <duration>6</duration>
        <voice>1</voice>
        <type>quarter</type>
        <dot/>
        <stem default-y="-35">down</stem>
        <notations>
          <technical>
            <stopped default-x="0" default-y="15" placement="above"/>
          </technical>
        </notations>
      </note>
      <note default-x="69">
        <pitch>
          <step>E</step>
          <octave>5</octave>
        </pitch>
        <duration>2</duration>
        <voice>1</voice>
        <type>eighth</type>
        <stem default-y="-40">down</stem>
      </note>
      <note default-x="95">
        <pitch>
          <step>D</step>
          <octave>5</octave>
        </pitch>
        <duration>4</duration>
        <voice>1</voice>
        <type>quarter</type>
        <stem default-y="-45.5">down</stem>
      </note>
    </measure>
    <!--=======================================================-->
    <measure number="4" width="137">
      <note default-x="14">
        <pitch>
          <step>C</step>
          <octave>5</octave>
        </pitch>
        <duration>4</duration>
        <voice>1</voice>
        <type>quarter</type>
        <stem default-y="-50">down</stem>
      </note>
      <note default-x="56">
        <pitch>
          <step>C</step>
          <octave>5</octave>
        </pitch>
        <duration>6</duration>
        <voice>1</voice>
        <type>quarter</type>
        <dot/>
        <stem default-y="-50">down</stem>
      </note>
      <note default-x="110">
        <pitch>
          <step>D</step>
          <octave>5</octave>
        </pitch>
        <duration>2</duration>
        <voice>1</voice>
        <type>eighth</type>
        <stem default-y="-45.5">down</stem>
      </note>
    </measure>
    <!--=======================================================-->
    <measure number="5" width="124">
      <note default-x="14">
        <pitch>
          <step>B</step>
          <octave>4</octave>
        </pitch>
        <duration>8</duration>
        <voice>1</voice>
        <type>half</type>
        <stem default-y="-55">down</stem>
        <notations>
          <technical>
            <stopped default-x="2" default-y="12" placement="above"/>
          </technical>
        </notations>
      </note>
      <note default-x="68">
        <grace slash="yes"/>
        <pitch>
          <step>A</step>
          <octave>4</octave>
        </pitch>
        <tie type="start"/>
        <voice>1</voice>
        <type>quarter</type>
        <stem default-y="-3.5">up</stem>
        <notations>
          <tied type="start"/>
        </notations>
      </note>
      <note default-x="81">
        <pitch>
          <step>G</step>
          <octave>4</octave>
        </pitch>
        <duration>4</duration>
        <voice>1</voice>
        <type>quarter</type>
        <stem default-y="5">up</stem>
      </note>
    </measure>
    <!--=======================================================-->
    <measure number="6" width="176">
      <attributes>
        <measure-style>
          <multiple-rest>6</multiple-rest>
        </measure-style>
      </attributes>
      <note>
        <rest/>
        <duration>12</duration>
        <voice>1</voice>
      </note>
    </measure>
    <!--=======================================================-->
    <measure number="7" width="0">
      <note>
        <rest/>
        <duration>12</duration>
        <voice>1</voice>
      </note>
    </measure>
    <!--=======================================================-->
    <measure number="8" width="0">
      <note>
        <rest/>
        <duration>12</duration>
        <voice>1</voice>
      </note>
    </measure>
    <!--=======================================================-->
    <measure number="9" width="0">
      <note>
        <rest/>
        <duration>12</duration>
        <voice>1</voice>
      </note>
    </measure>
    <!--=======================================================-->
    <measure number="10" width="0">
      <note>
        <rest/>
        <duration>12</duration>
        <voice>1</voice>
      </note>
    </measure>
    <!--=======================================================-->
    <measure number="11" width="0">
      <note>
        <rest/>
        <duration>12</duration>
        <voice>1</voice>
      </note>
    </measure>
    <!--=======================================================-->
    <measure number="12" width="249">
      <print new-system="yes">
        <system-layout>
          <system-distance>114</system-distance>
        </system-layout>
      </print>
      <attributes>
        <clef>
          <sign>F</sign>
          <line>4</line>
        </clef>
      </attributes>
      <note default-x="80">
        <pitch>
          <step>G</step>
          <octave>3</octave>
        </pitch>
        <duration>4</duration>
        <voice>1</voice>
        <type>quarter</type>
        <stem default-y="-40.5">down</stem>
        <lyric default-y="-80" number="1" relative-x="4">
          <syllabic>single</syllabic>
          <text>Quam</text>
        </lyric>
      </note>
      <note default-x="137">
        <pitch>
          <step>B</step>
          <octave>3</octave>
        </pitch>
        <duration>6</duration>
        <voice>1</voice>
        <type>quarter</type>
        <dot/>
        <stem default-y="-30">down</stem>
        <lyric default-y="-80" number="1">
          <syllabic>begin</syllabic>
          <text>pul</text>
        </lyric>
      </note>
      <note default-x="213">
        <pitch>
          <step>G</step>
          <octave>3</octave>
        </pitch>
        <duration>2</duration>
        <voice>1</voice>
        <type>eighth</type>
        <stem default-y="-40.5">down</stem>
        <lyric default-y="-80" number="1">
          <syllabic>end</syllabic>
          <text>chra</text>
        </lyric>
      </note>
    </measure>
    <!--=======================================================-->
    <measure number="13" width="116">
      <note default-x="17">
        <pitch>
          <step>D</step>
          <octave>4</octave>
        </pitch>
        <duration>12</duration>
        <voice>1</voice>
        <type>half</type>
        <dot/>
        <stem default-y="-20.5">down</stem>
        <lyric default-y="-80" number="1">
          <syllabic>single</syllabic>
          <text>es</text>
        </lyric>
      </note>
    </measure>
    <!--=======================================================-->
    <measure number="14" width="158">
      <note default-x="14">
        <pitch>
          <step>A</step>
          <octave>3</octave>
        </pitch>
        <duration>4</duration>
        <voice>1</voice>
        <type>quarter</type>
        <stem default-y="-35">down</stem>
        <lyric default-y="-80" number="1">
          <syllabic>single</syllabic>
          <text>et</text>
        </lyric>
      </note>
      <note default-x="63">
        <pitch>
          <step>B</step>
          <octave>3</octave>
        </pitch>
        <duration>6</duration>
        <voice>1</voice>
        <type>quarter</type>
        <dot/>
        <stem default-y="-30">down</stem>
        <lyric default-y="-80" number="1">
          <syllabic>single</syllabic>
          <text>quam</text>
        </lyric>
      </note>
      <note default-x="127">
        <pitch>
          <step>C</step>
          <octave>4</octave>
        </pitch>
        <duration>2</duration>
        <voice>1</voice>
        <type>eighth</type>
        <stem default-y="-25.5">down</stem>
        <lyric default-y="-80" number="1">
          <syllabic>begin</syllabic>
          <text>de</text>
        </lyric>
      </note>
    </measure>
    <!--=======================================================-->
    <measure number="15" width="157">
      <note default-x="14">
        <pitch>
          <step>B</step>
          <octave>3</octave>
        </pitch>
        <duration>4</duration>
        <voice>1</voice>
        <type>quarter</type>
        <stem default-y="-30">down</stem>
        <notations>
          <technical>
            <stopped default-x="0" default-y="20" placement="above"/>
          </technical>
        </notations>
        <lyric default-y="-80" number="1">
          <syllabic>middle</syllabic>
          <text>co</text>
        </lyric>
      </note>
      <note default-x="39">
        <grace slash="yes"/>
        <pitch>
          <step>A</step>
          <octave>3</octave>
        </pitch>
        <tie type="start"/>
        <voice>1</voice>
        <type>eighth</type>
        <stem default-y="21.5">up</stem>
        <notations>
          <tied type="start"/>
        </notations>
      </note>
      <note default-x="61">
        <pitch>
          <step>G</step>
          <octave>3</octave>
        </pitch>
        <duration>4</duration>
        <voice>1</voice>
        <type>quarter</type>
        <stem default-y="-40.5">down</stem>
        <lyric default-y="-80" number="1">
          <syllabic>end</syllabic>
          <text>ra,</text>
        </lyric>
      </note>
      <note default-x="109">
        <pitch>
          <step>B</step>
          <octave>3</octave>
        </pitch>
        <duration>4</duration>
        <voice>1</voice>
        <type>quarter</type>
        <stem default-y="-30">down</stem>
        <lyric default-y="-80" number="1">
          <syllabic>begin</syllabic>
          <text>ca</text>
        </lyric>
      </note>
    </measure>
    <!--=======================================================-->
    <measure number="16" width="157">
      <note default-x="14">
        <pitch>
          <step>B</step>
          <octave>3</octave>
        </pitch>
        <duration>6</duration>
        <voice>1</voice>
        <type>quarter</type>
        <dot/>
        <stem default-y="-30">down</stem>
        <lyric default-y="-80" number="1">
          <syllabic>middle</syllabic>
          <text>ris</text>
        </lyric>
      </note>
      <note default-x="78">
        <pitch>
          <step>C</step>
          <alter>1</alter>
          <octave>4</octave>
        </pitch>
        <duration>2</duration>
        <voice>1</voice>
        <type>eighth</type>
        <accidental>sharp</accidental>
        <stem default-y="-25.5">down</stem>
        <lyric default-y="-80" number="1">
          <syllabic>middle</syllabic>
          <text>si</text>
        </lyric>
      </note>
      <note default-x="108">
        <pitch>
          <step>D</step>
          <octave>4</octave>
        </pitch>
        <duration>4</duration>
        <voice>1</voice>
        <type>quarter</type>
        <stem default-y="-20.5">down</stem>
        <lyric default-y="-80" number="1">
          <syllabic>end</syllabic>
          <text>ma,</text>
        </lyric>
      </note>
    </measure>
    <!--=======================================================-->
    <measure number="17" width="183">
      <note default-x="26">
        <pitch>
          <step>C</step>
          <alter>1</alter>
          <octave>4</octave>
        </pitch>
        <duration>3</duration>
        <voice>1</voice>
        <type>eighth</type>
        <dot/>
        <accidental>sharp</accidental>
        <stem default-y="-25.5">down</stem>
        <notations>
          <technical>
            <stopped default-x="0" default-y="25" placement="above"/>
          </technical>
        </notations>
        <lyric default-y="-80" number="1">
          <syllabic>begin</syllabic>
          <text>fi</text>
        </lyric>
      </note>
      <note default-x="66">
        <pitch>
          <step>B</step>
          <octave>3</octave>
        </pitch>
        <duration>1</duration>
        <voice>1</voice>
        <type>16th</type>
        <stem default-y="-30">down</stem>
        <lyric default-y="-80" number="1">
          <syllabic>middle</syllabic>
          <text>li</text>
        </lyric>
      </note>
      <note default-x="85">
        <pitch>
          <step>A</step>
          <octave>3</octave>
        </pitch>
        <duration>4</duration>
        <voice>1</voice>
        <type>quarter</type>
        <stem default-y="-35">down</stem>
        <lyric default-y="-80" number="1">
          <syllabic>end</syllabic>
          <text>a</text>
        </lyric>
      </note>
      <note default-x="134">
        <rest/>
        <duration>4</duration>
        <voice>1</voice>
        <type>quarter</type>
      </note>
    </measure>
  </part>
  <!--=========================================================-->
</score-partwise>
