<?xml version="1.0" encoding="UTF-8"?><!DOCTYPE score-partwise PUBLIC "-//Recordare//DTD MusicXML 2.0 Partwise//EN"                                "http://www.musicxml.org/dtds/partwise.dtd"><score-partwise version="2.0">  <movement-title>MI.79 Quis mihi dabit acquiescere in te</movement-title>  <identification>    <creator type="composer">Bournonville, Jacques de
</creator>    <encoding>      <software>Finale 2011 for Macintosh</software>      <software>Dolet Light for Finale 2011</software>      <encoding-date>2012-03-13</encoding-date>      <supports attribute="new-system" element="print" type="yes" value="yes"/>      <supports attribute="new-page" element="print" type="yes" value="yes"/>    </encoding>  </identification>  <defaults>    <scaling>      <millimeters>7.2319</millimeters>      <tenths>40</tenths>    </scaling>    <page-layout>      <page-height>1643</page-height>      <page-width>1161</page-width>      <page-margins type="both">        <left-margin>70</left-margin>        <right-margin>70</right-margin>        <top-margin>88</top-margin>        <bottom-margin>88</bottom-margin>      </page-margins>    </page-layout>    <system-layout>      <system-margins>        <left-margin>0</left-margin>        <right-margin>0</right-margin>      </system-margins>      <system-distance>121</system-distance>      <top-system-distance>70</top-system-distance>    </system-layout>    <appearance>      <line-width type="stem">0.7487</line-width>      <line-width type="beam">5</line-width>      <line-width type="staff">0.7487</line-width>      <line-width type="light barline">0.7487</line-width>      <line-width type="heavy barline">5</line-width>      <line-width type="leger">0.7487</line-width>      <line-width type="ending">1.4583</line-width>      <line-width type="wedge">1.4583</line-width>      <line-width type="enclosure">0.7487</line-width>      <line-width type="tuplet bracket">0.7487</line-width>      <note-size type="grace">60</note-size>      <note-size type="cue">60</note-size>    </appearance>    <music-font font-family="Maestro" font-size="20.5"/>    <word-font font-family="Times New Roman" font-size="10.25"/>    <lyric-font font-family="Times New Roman" font-size="10.25" name="verse"/>  </defaults>  <part-list>    <score-part id="P1">      <part-name print-object="no">MusicXML Part</part-name>    </score-part>  </part-list>  <!--=========================================================-->  <part id="P1">    <measure number="1" width="354">      <print>        <system-layout>          <system-margins>            <left-margin>70</left-margin>            <right-margin>0</right-margin>          </system-margins>          <top-system-distance>211</top-system-distance>        </system-layout>        <measure-numbering>system</measure-numbering>      </print>      <attributes>        <divisions>4</divisions>        <key>          <fifths>-1</fifths>          <mode>major</mode>        </key>        <time symbol="common">          <beats>4</beats>          <beat-type>4</beat-type>        </time>        <clef>          <sign>G</sign>          <line>2</line>        </clef>      </attributes>      <sound tempo="120"/>      <note default-x="109">        <rest/>        <duration>8</duration>        <voice>1</voice>        <type>half</type>      </note>      <note default-x="211">        <pitch>          <step>B</step>          <alter>-1</alter>          <octave>4</octave>        </pitch>        <duration>6</duration>        <voice>1</voice>        <type>quarter</type>        <dot/>        <stem default-y="-55">down</stem>        <lyric default-y="-80" number="1">          <syllabic>single</syllabic>          <text>Quis</text>        </lyric>      </note>      <note default-x="294">        <pitch>          <step>A</step>          <octave>4</octave>        </pitch>        <duration>1</duration>        <voice>1</voice>        <type>16th</type>        <stem default-y="10.5">up</stem>        <lyric default-y="-80" number="1">          <syllabic>begin</syllabic>          <text>mi</text>        </lyric>      </note>      <note default-x="324">        <pitch>          <step>G</step>          <octave>4</octave>        </pitch>        <duration>1</duration>        <voice>1</voice>        <type>16th</type>        <stem default-y="5">up</stem>        <lyric default-y="-80" number="1">          <syllabic>end</syllabic>          <text>hi</text>        </lyric>      </note>    </measure>    <!--=======================================================-->    <measure number="2" width="360">      <note default-x="14">        <pitch>          <step>D</step>          <octave>5</octave>        </pitch>        <duration>4</duration>        <voice>1</voice>        <type>quarter</type>        <stem default-y="-45.5">down</stem>        <lyric default-y="-80" number="1">          <syllabic>begin</syllabic>          <text>da</text>        </lyric>      </note>      <note default-x="81">        <pitch>          <step>D</step>          <octave>5</octave>        </pitch>        <duration>2</duration>        <voice>1</voice>        <type>eighth</type>        <stem default-y="-45.5">down</stem>        <lyric default-y="-80" number="1">          <syllabic>end</syllabic>          <text>bit</text>        </lyric>      </note>      <note default-x="125">        <pitch>          <step>D</step>          <octave>5</octave>        </pitch>        <duration>1</duration>        <voice>1</voice>        <type>16th</type>        <stem default-y="-45.5">down</stem>        <lyric default-y="-80" number="1">          <syllabic>begin</syllabic>          <text>ac</text>        </lyric>      </note>      <note default-x="157">        <pitch>          <step>E</step>          <alter>-1</alter>          <octave>5</octave>        </pitch>        <duration>1</duration>        <voice>1</voice>        <type>16th</type>        <accidental>flat</accidental>        <stem default-y="-40">down</stem>        <lyric default-y="-80" number="1">          <syllabic>middle</syllabic>          <text>qui</text>        </lyric>      </note>      <note default-x="188">        <pitch>          <step>C</step>          <octave>5</octave>        </pitch>        <duration>3</duration>        <voice>1</voice>        <type>eighth</type>        <dot/>        <stem default-y="-50">down</stem>        <notations>          <technical>            <stopped default-x="0" default-y="-5" placement="above"/>          </technical>        </notations>        <lyric default-y="-80" number="1">          <syllabic>middle</syllabic>          <text>es</text>        </lyric>      </note>      <note default-x="244">        <pitch>          <step>C</step>          <octave>5</octave>        </pitch>        <duration>1</duration>        <voice>1</voice>        <type>16th</type>        <stem default-y="-50">down</stem>        <lyric default-y="-80" number="1">          <syllabic>middle</syllabic>          <text>ce</text>        </lyric>      </note>      <note default-x="273">        <pitch>          <step>B</step>          <alter>-1</alter>          <octave>4</octave>        </pitch>        <duration>2</duration>        <voice>1</voice>        <type>eighth</type>        <stem default-y="-55">down</stem>        <lyric default-y="-80" number="1">          <syllabic>end</syllabic>          <text>re</text>        </lyric>      </note>      <note default-x="316">        <pitch>          <step>A</step>          <octave>4</octave>        </pitch>        <duration>2</duration>        <voice>1</voice>        <type>eighth</type>        <stem default-y="10.5">up</stem>        <lyric default-y="-80" number="1">          <syllabic>single</syllabic>          <text>in</text>        </lyric>      </note>    </measure>    <!--=======================================================-->    <measure number="3" width="236">      <note default-x="14">        <pitch>          <step>B</step>          <alter>-1</alter>          <octave>4</octave>        </pitch>        <duration>4</duration>        <voice>1</voice>        <type>quarter</type>        <stem default-y="-55">down</stem>        <lyric default-y="-80" number="1">          <syllabic>single</syllabic>          <text>te,</text>        </lyric>      </note>      <note default-x="71">        <pitch>          <step>E</step>          <alter>-1</alter>          <octave>5</octave>        </pitch>        <duration>8</duration>        <voice>1</voice>        <type>half</type>        <accidental>flat</accidental>        <stem default-y="-40">down</stem>        <lyric default-y="-80" number="1">          <syllabic>single</syllabic>          <text>O,</text>        </lyric>      </note>      <note default-x="164">        <pitch>          <step>D</step>          <octave>5</octave>        </pitch>        <duration>2</duration>        <voice>1</voice>        <type>eighth</type>        <stem default-y="-45.5">down</stem>        <lyric default-y="-80" number="1">          <syllabic>single</syllabic>          <text>o</text>        </lyric>      </note>      <note default-x="200">        <pitch>          <step>D</step>          <octave>5</octave>        </pitch>        <duration>2</duration>        <voice>1</voice>        <type>eighth</type>        <stem default-y="-45.5">down</stem>        <lyric default-y="-80" number="1">          <syllabic>begin</syllabic>          <text>dul</text>        </lyric>      </note>    </measure>    <!--=======================================================-->    <measure number="4" width="365">      <print new-system="yes">        <system-layout>          <system-distance>114</system-distance>        </system-layout>      </print>      <note default-x="77">        <pitch>          <step>G</step>          <octave>5</octave>        </pitch>        <duration>6</duration>        <voice>1</voice>        <type>quarter</type>        <dot/>        <stem default-y="-30">down</stem>        <lyric default-y="-80" number="1">          <syllabic>middle</syllabic>          <text>cis</text>        </lyric>      </note>      <note default-x="162">        <pitch>          <step>G</step>          <octave>5</octave>        </pitch>        <duration>1</duration>        <voice>1</voice>        <type>16th</type>        <stem default-y="-30">down</stem>        <lyric default-y="-80" number="1">          <syllabic>middle</syllabic>          <text>si</text>        </lyric>      </note>      <note default-x="191">        <pitch>          <step>C</step>          <octave>5</octave>        </pitch>        <duration>1</duration>        <voice>1</voice>        <type>16th</type>        <stem default-y="-50">down</stem>        <lyric default-y="-80" number="1">          <syllabic>end</syllabic>          <text>me</text>        </lyric>      </note>      <note default-x="221">        <pitch>          <step>D</step>          <octave>5</octave>        </pitch>        <duration>4</duration>        <voice>1</voice>        <type>quarter</type>        <stem default-y="-45.5">down</stem>        <lyric default-y="-80" number="1">          <syllabic>begin</syllabic>          <text>Je</text>        </lyric>      </note>      <note default-x="285">        <pitch>          <step>D</step>          <octave>5</octave>        </pitch>        <duration>2</duration>        <voice>1</voice>        <type>eighth</type>        <stem default-y="-45.5">down</stem>        <lyric default-y="-80" number="1">          <syllabic>end</syllabic>          <text>su</text>          <elision> </elision>          <syllabic>single</syllabic>          <text>?</text>        </lyric>      </note>      <note default-x="325">        <rest/>        <duration>2</duration>        <voice>1</voice>        <type>eighth</type>      </note>    </measure>    <!--=======================================================-->    <measure number="5" width="364">      <note default-x="14">        <pitch>          <step>D</step>          <octave>5</octave>        </pitch>        <duration>6</duration>        <voice>1</voice>        <type>quarter</type>        <dot/>        <stem default-y="-45.5">down</stem>        <lyric default-y="-80" number="1">          <syllabic>single</syllabic>          <text>Quis</text>        </lyric>      </note>      <note default-x="116">        <pitch>          <step>C</step>          <octave>5</octave>        </pitch>        <duration>1</duration>        <voice>1</voice>        <type>16th</type>        <stem default-y="-50">down</stem>        <lyric default-y="-80" number="1">          <syllabic>begin</syllabic>          <text>mi</text>        </lyric>      </note>      <note default-x="146">        <pitch>          <step>B</step>          <alter>-1</alter>          <octave>4</octave>        </pitch>        <duration>1</duration>        <voice>1</voice>        <type>16th</type>        <stem default-y="-55">down</stem>        <lyric default-y="-80" number="1">          <syllabic>end</syllabic>          <text>hi</text>        </lyric>      </note>      <note default-x="177">        <pitch>          <step>F</step>          <octave>5</octave>        </pitch>        <duration>4</duration>        <voice>1</voice>        <type>quarter</type>        <stem default-y="-35">down</stem>        <lyric default-y="-80" number="1">          <syllabic>begin</syllabic>          <text>da</text>        </lyric>      </note>      <note default-x="254">        <pitch>          <step>F</step>          <octave>5</octave>        </pitch>        <duration>2</duration>        <voice>1</voice>        <type>eighth</type>        <stem default-y="-35">down</stem>        <lyric default-y="-80" number="1">          <syllabic>end</syllabic>          <text>bit</text>        </lyric>      </note>      <note default-x="302">        <pitch>          <step>C</step>          <octave>5</octave>        </pitch>        <duration>1</duration>        <voice>1</voice>        <type>16th</type>        <stem default-y="-50">down</stem>        <lyric default-y="-80" number="1">          <syllabic>begin</syllabic>          <text>ac</text>        </lyric>      </note>      <note default-x="332">        <pitch>          <step>D</step>          <octave>5</octave>        </pitch>        <duration>1</duration>        <voice>1</voice>        <type>16th</type>        <stem default-y="-45.5">down</stem>        <lyric default-y="-80" number="1">          <syllabic>middle</syllabic>          <text>qui</text>        </lyric>      </note>    </measure>    <!--=======================================================-->    <measure number="6" width="292">      <note default-x="14">        <pitch>          <step>B</step>          <alter>-1</alter>          <octave>4</octave>        </pitch>        <duration>3</duration>        <voice>1</voice>        <type>eighth</type>        <dot/>        <stem default-y="-55">down</stem>        <notations>          <technical>            <stopped default-x="0" default-y="-5" placement="above"/>          </technical>        </notations>        <lyric default-y="-80" number="1">          <syllabic>middle</syllabic>          <text>es</text>        </lyric>      </note>      <note default-x="65">        <pitch>          <step>B</step>          <alter>-1</alter>          <octave>4</octave>        </pitch>        <duration>1</duration>        <voice>1</voice>        <type>16th</type>        <stem default-y="-55">down</stem>        <lyric default-y="-80" number="1">          <syllabic>middle</syllabic>          <text>ce</text>        </lyric>      </note>      <note default-x="91">        <pitch>          <step>B</step>          <alter>-1</alter>          <octave>4</octave>        </pitch>        <duration>2</duration>        <voice>1</voice>        <type>eighth</type>        <stem default-y="-55">down</stem>        <lyric default-y="-80" number="1">          <syllabic>end</syllabic>          <text>re</text>        </lyric>      </note>      <note default-x="129">        <pitch>          <step>A</step>          <octave>4</octave>        </pitch>        <duration>2</duration>        <voice>1</voice>        <type>eighth</type>        <stem default-y="10">up</stem>        <lyric default-y="-80" number="1">          <syllabic>single</syllabic>          <text>in</text>        </lyric>      </note>      <note default-x="168">        <pitch>          <step>A</step>          <octave>4</octave>        </pitch>        <duration>4</duration>        <voice>1</voice>        <type>quarter</type>        <stem default-y="10">up</stem>        <notations>          <technical>            <stopped default-x="0" default-y="-45" placement="below"/>          </technical>        </notations>        <lyric default-y="-80" number="1">          <syllabic>single</syllabic>          <text>te,</text>        </lyric>      </note>      <note default-x="230">        <rest/>        <duration>4</duration>        <voice>1</voice>        <type>quarter</type>      </note>    </measure>  </part>  <!--=========================================================--></score-partwise>