<?xml version="1.0" encoding="UTF-8"?><!DOCTYPE score-partwise PUBLIC "-//Recordare//DTD MusicXML 2.0 Partwise//EN"                                "http://www.musicxml.org/dtds/partwise.dtd"><score-partwise version="2.0">  <movement-title>MI.84 Exaudi Domine vocem meam</movement-title>  <identification>    <creator type="composer">Bouvard, François
</creator>    <encoding>      <software>Finale 2011 for Macintosh</software>      <software>Dolet Light for Finale 2011</software>      <encoding-date>2012-03-13</encoding-date>      <supports attribute="new-system" element="print" type="yes" value="yes"/>      <supports attribute="new-page" element="print" type="yes" value="yes"/>    </encoding>  </identification>  <defaults>    <scaling>      <millimeters>7.2319</millimeters>      <tenths>40</tenths>    </scaling>    <page-layout>      <page-height>1643</page-height>      <page-width>1161</page-width>      <page-margins type="both">        <left-margin>70</left-margin>        <right-margin>70</right-margin>        <top-margin>88</top-margin>        <bottom-margin>88</bottom-margin>      </page-margins>    </page-layout>    <system-layout>      <system-margins>        <left-margin>0</left-margin>        <right-margin>0</right-margin>      </system-margins>      <system-distance>121</system-distance>      <top-system-distance>70</top-system-distance>    </system-layout>    <appearance>      <line-width type="stem">0.7487</line-width>      <line-width type="beam">5</line-width>      <line-width type="staff">0.7487</line-width>      <line-width type="light barline">0.7487</line-width>      <line-width type="heavy barline">5</line-width>      <line-width type="leger">0.7487</line-width>      <line-width type="ending">1.4583</line-width>      <line-width type="wedge">1.4583</line-width>      <line-width type="enclosure">0.7487</line-width>      <line-width type="tuplet bracket">0.7487</line-width>      <note-size type="grace">60</note-size>      <note-size type="cue">60</note-size>    </appearance>    <music-font font-family="Maestro" font-size="20.5"/>    <word-font font-family="Times New Roman" font-size="10.25"/>    <lyric-font font-family="Times New Roman" font-size="10.25" name="verse"/>  </defaults>  <part-list>    <score-part id="P1">      <part-name print-object="no">MusicXML Part</part-name>    </score-part>  </part-list>  <!--=========================================================-->  <part id="P1">    <measure number="1" width="274">      <print>        <system-layout>          <system-margins>            <left-margin>70</left-margin>            <right-margin>0</right-margin>          </system-margins>          <top-system-distance>211</top-system-distance>        </system-layout>        <measure-numbering>system</measure-numbering>      </print>      <attributes>        <divisions>4</divisions>        <key>          <fifths>-1</fifths>          <mode>major</mode>        </key>        <time>          <beats>3</beats>          <beat-type>2</beat-type>        </time>        <clef>          <sign>F</sign>          <line>4</line>        </clef>        <measure-style>          <multiple-rest>34</multiple-rest>        </measure-style>      </attributes>      <sound tempo="120"/>      <note>        <rest/>        <duration>24</duration>        <voice>1</voice>      </note>    </measure>    <!--=======================================================-->    <measure number="2" width="0">      <note>        <rest/>        <duration>24</duration>        <voice>1</voice>      </note>    </measure>    <!--=======================================================-->    <measure number="3" width="0">      <note>        <rest/>        <duration>24</duration>        <voice>1</voice>      </note>    </measure>    <!--=======================================================-->    <measure number="4" width="0">      <note>        <rest/>        <duration>24</duration>        <voice>1</voice>      </note>    </measure>    <!--=======================================================-->    <measure number="5" width="0">      <note>        <rest/>        <duration>24</duration>        <voice>1</voice>      </note>    </measure>    <!--=======================================================-->    <measure number="6" width="0">      <note>        <rest/>        <duration>24</duration>        <voice>1</voice>      </note>    </measure>    <!--=======================================================-->    <measure number="7" width="0">      <note>        <rest/>        <duration>24</duration>        <voice>1</voice>      </note>    </measure>    <!--=======================================================-->    <measure number="8" width="0">      <note>        <rest/>        <duration>24</duration>        <voice>1</voice>      </note>    </measure>    <!--=======================================================-->    <measure number="9" width="0">      <note>        <rest/>        <duration>24</duration>        <voice>1</voice>      </note>    </measure>    <!--=======================================================-->    <measure number="10" width="0">      <note>        <rest/>        <duration>24</duration>        <voice>1</voice>      </note>    </measure>    <!--=======================================================-->    <measure number="11" width="0">      <note>        <rest/>        <duration>24</duration>        <voice>1</voice>      </note>    </measure>    <!--=======================================================-->    <measure number="12" width="0">      <note>        <rest/>        <duration>24</duration>        <voice>1</voice>      </note>    </measure>    <!--=======================================================-->    <measure number="13" width="0">      <note>        <rest/>        <duration>24</duration>        <voice>1</voice>      </note>    </measure>    <!--=======================================================-->    <measure number="14" width="0">      <note>        <rest/>        <duration>24</duration>        <voice>1</voice>      </note>    </measure>    <!--=======================================================-->    <measure number="15" width="0">      <note>        <rest/>        <duration>24</duration>        <voice>1</voice>      </note>    </measure>    <!--=======================================================-->    <measure number="16" width="0">      <note>        <rest/>        <duration>24</duration>        <voice>1</voice>      </note>    </measure>    <!--=======================================================-->    <measure number="17" width="0">      <note>        <rest/>        <duration>24</duration>        <voice>1</voice>      </note>    </measure>    <!--=======================================================-->    <measure number="18" width="0">      <note>        <rest/>        <duration>24</duration>        <voice>1</voice>      </note>    </measure>    <!--=======================================================-->    <measure number="19" width="0">      <note>        <rest/>        <duration>24</duration>        <voice>1</voice>      </note>    </measure>    <!--=======================================================-->    <measure number="20" width="0">      <note>        <rest/>        <duration>24</duration>        <voice>1</voice>      </note>    </measure>    <!--=======================================================-->    <measure number="21" width="0">      <note>        <rest/>        <duration>24</duration>        <voice>1</voice>      </note>    </measure>    <!--=======================================================-->    <measure number="22" width="0">      <note>        <rest/>        <duration>24</duration>        <voice>1</voice>      </note>    </measure>    <!--=======================================================-->    <measure number="23" width="0">      <note>        <rest/>        <duration>24</duration>        <voice>1</voice>      </note>    </measure>    <!--=======================================================-->    <measure number="24" width="0">      <note>        <rest/>        <duration>24</duration>        <voice>1</voice>      </note>    </measure>    <!--=======================================================-->    <measure number="25" width="0">      <note>        <rest/>        <duration>24</duration>        <voice>1</voice>      </note>    </measure>    <!--=======================================================-->    <measure number="26" width="0">      <note>        <rest/>        <duration>24</duration>        <voice>1</voice>      </note>    </measure>    <!--=======================================================-->    <measure number="27" width="0">      <note>        <rest/>        <duration>24</duration>        <voice>1</voice>      </note>    </measure>    <!--=======================================================-->    <measure number="28" width="0">      <note>        <rest/>        <duration>24</duration>        <voice>1</voice>      </note>    </measure>    <!--=======================================================-->    <measure number="29" width="0">      <note>        <rest/>        <duration>24</duration>        <voice>1</voice>      </note>    </measure>    <!--=======================================================-->    <measure number="30" width="0">      <note>        <rest/>        <duration>24</duration>        <voice>1</voice>      </note>    </measure>    <!--=======================================================-->    <measure number="31" width="0">      <note>        <rest/>        <duration>24</duration>        <voice>1</voice>      </note>    </measure>    <!--=======================================================-->    <measure number="32" width="0">      <note>        <rest/>        <duration>24</duration>        <voice>1</voice>      </note>    </measure>    <!--=======================================================-->    <measure number="33" width="0">      <note>        <rest/>        <duration>24</duration>        <voice>1</voice>      </note>    </measure>    <!--=======================================================-->    <measure number="34" width="0">      <note>        <rest/>        <duration>24</duration>        <voice>1</voice>      </note>    </measure>    <!--=======================================================-->    <measure number="35" width="222">      <note default-x="13">        <rest/>        <duration>8</duration>        <voice>1</voice>        <type>half</type>      </note>      <note default-x="82">        <rest/>        <duration>8</duration>        <voice>1</voice>        <type>half</type>      </note>      <note default-x="153">        <pitch>          <step>D</step>          <octave>3</octave>        </pitch>        <duration>8</duration>        <voice>1</voice>        <type>half</type>        <stem default-y="-55">down</stem>        <lyric default-y="-80" number="1">          <syllabic>begin</syllabic>          <text>E</text>        </lyric>      </note>    </measure>    <!--=======================================================-->    <measure number="36" width="221">      <note default-x="14">        <pitch>          <step>G</step>          <octave>3</octave>        </pitch>        <duration>8</duration>        <voice>1</voice>        <type>half</type>        <stem default-y="-40">down</stem>        <lyric default-y="-80" number="1">          <syllabic>middle</syllabic>          <text>xau</text>        </lyric>      </note>      <note default-x="83">        <pitch>          <step>G</step>          <octave>3</octave>        </pitch>        <duration>8</duration>        <voice>1</voice>        <type>half</type>        <stem default-y="-40">down</stem>        <lyric default-y="-80" number="1">          <syllabic>end</syllabic>          <text>di,</text>        </lyric>      </note>      <note default-x="151">        <pitch>          <step>A</step>          <octave>3</octave>        </pitch>        <duration>8</duration>        <voice>1</voice>        <type>half</type>        <stem default-y="-35">down</stem>        <lyric default-y="-80" number="1">          <syllabic>begin</syllabic>          <text>e</text>        </lyric>      </note>    </measure>    <!--=======================================================-->    <measure number="37" width="233">      <note default-x="14">        <pitch>          <step>B</step>          <alter>-1</alter>          <octave>3</octave>        </pitch>        <duration>12</duration>        <voice>1</voice>        <type>half</type>        <dot/>        <stem default-y="-30">down</stem>        <lyric default-y="-80" number="1">          <syllabic>middle</syllabic>          <text>xau</text>        </lyric>      </note>      <note default-x="105">        <pitch>          <step>B</step>          <alter>-1</alter>          <octave>3</octave>        </pitch>        <duration>4</duration>        <voice>1</voice>        <type>quarter</type>        <stem default-y="-30">down</stem>        <lyric default-y="-80" number="1">          <syllabic>end</syllabic>          <text>di</text>        </lyric>      </note>      <note default-x="147">        <pitch>          <step>C</step>          <octave>4</octave>        </pitch>        <duration>4</duration>        <voice>1</voice>        <type>quarter</type>        <stem default-y="-25.5">down</stem>        <lyric default-y="-80" number="1">          <syllabic>begin</syllabic>          <text>Do</text>        </lyric>      </note>      <note default-x="190">        <pitch>          <step>D</step>          <octave>4</octave>        </pitch>        <duration>4</duration>        <voice>1</voice>        <type>quarter</type>        <stem default-y="-20">down</stem>        <lyric default-y="-80" number="1">          <syllabic>middle</syllabic>          <text>mi</text>        </lyric>      </note>    </measure>    <!--=======================================================-->    <measure number="38" width="330">      <print new-system="yes">        <system-layout>          <system-distance>114</system-distance>        </system-layout>      </print>      <note default-x="77">        <grace slash="yes"/>        <pitch>          <step>G</step>          <octave>3</octave>        </pitch>        <tie type="start"/>        <voice>1</voice>        <type>eighth</type>        <stem default-y="16">up</stem>        <notations>          <tied type="start"/>        </notations>        <lyric default-y="-80" justify="left" number="1">          <syllabic>end</syllabic>          <text>ne,</text>          <extend/>        </lyric>      </note>      <note default-x="112">        <pitch>          <step>F</step>          <alter>1</alter>          <octave>3</octave>        </pitch>        <duration>8</duration>        <voice>1</voice>        <type>half</type>        <accidental>sharp</accidental>        <stem default-y="-45.5">down</stem>      </note>      <note default-x="184">        <pitch>          <step>A</step>          <octave>3</octave>        </pitch>        <duration>8</duration>        <voice>1</voice>        <type>half</type>        <stem default-y="-35">down</stem>        <lyric default-y="-80" number="1">          <syllabic>begin</syllabic>          <text>vo</text>        </lyric>      </note>      <note default-x="257">        <pitch>          <step>C</step>          <octave>4</octave>        </pitch>        <duration>8</duration>        <voice>1</voice>        <type>half</type>        <stem default-y="-25.5">down</stem>        <lyric default-y="-80" number="1">          <syllabic>end</syllabic>          <text>cem</text>        </lyric>      </note>    </measure>    <!--=======================================================-->    <measure number="39" width="228">      <note default-x="16">        <grace slash="yes"/>        <pitch>          <step>C</step>          <octave>4</octave>        </pitch>        <tie type="start"/>        <voice>1</voice>        <type>16th</type>        <stem default-y="31">up</stem>        <notations>          <tied type="start"/>        </notations>        <lyric default-y="-80" number="1">          <syllabic>begin</syllabic>          <text>me</text>        </lyric>      </note>      <note default-x="38">        <pitch>          <step>B</step>          <alter>-1</alter>          <octave>3</octave>        </pitch>        <duration>16</duration>        <voice>1</voice>        <type>whole</type>      </note>      <note default-x="133">        <grace slash="yes"/>        <pitch>          <step>A</step>          <octave>3</octave>        </pitch>        <tie type="start"/>        <voice>1</voice>        <type>16th</type>        <stem default-y="21.5">up</stem>        <notations>          <tied type="start"/>        </notations>        <lyric default-y="-80" justify="left" number="1">          <syllabic>end</syllabic>          <text>am,</text>          <extend/>        </lyric>      </note>      <note default-x="155">        <pitch>          <step>G</step>          <octave>3</octave>        </pitch>        <duration>8</duration>        <voice>1</voice>        <type>half</type>        <stem default-y="-40.5">down</stem>      </note>    </measure>    <!--=======================================================-->    <measure number="40" width="225">      <note default-x="14">        <pitch>          <step>B</step>          <alter>-1</alter>          <octave>3</octave>        </pitch>        <duration>8</duration>        <voice>1</voice>        <type>half</type>        <stem default-y="-30">down</stem>        <lyric default-y="-80" number="1">          <syllabic>begin</syllabic>          <text>qui</text>        </lyric>      </note>      <note default-x="84">        <pitch>          <step>B</step>          <alter>-1</alter>          <octave>3</octave>        </pitch>        <duration>8</duration>        <voice>1</voice>        <type>half</type>        <stem default-y="-30">down</stem>        <lyric default-y="-80" number="1">          <syllabic>end</syllabic>          <text>a</text>        </lyric>      </note>      <note default-x="154">        <pitch>          <step>G</step>          <octave>3</octave>        </pitch>        <duration>8</duration>        <voice>1</voice>        <type>half</type>        <stem default-y="-40.5">down</stem>        <lyric default-y="-80" number="1">          <syllabic>begin</syllabic>          <text>cla</text>        </lyric>      </note>    </measure>    <!--=======================================================-->    <measure number="41" width="238">      <note default-x="25">        <pitch>          <step>E</step>          <alter>-1</alter>          <octave>4</octave>        </pitch>        <duration>8</duration>        <voice>1</voice>        <type>half</type>        <accidental>flat</accidental>        <stem default-y="-20.5">down</stem>        <lyric default-y="-80" number="1">          <syllabic>middle</syllabic>          <text>ma</text>        </lyric>      </note>      <note default-x="96">        <pitch>          <step>E</step>          <alter>-1</alter>          <octave>4</octave>        </pitch>        <duration>8</duration>        <voice>1</voice>        <type>half</type>        <stem default-y="-20.5">down</stem>        <lyric default-y="-80" number="1">          <syllabic>end</syllabic>          <text>vi</text>        </lyric>      </note>      <note default-x="167">        <pitch>          <step>E</step>          <alter>-1</alter>          <octave>4</octave>        </pitch>        <duration>8</duration>        <voice>1</voice>        <type>half</type>        <stem default-y="-20.5">down</stem>        <lyric default-y="-80" number="1">          <syllabic>single</syllabic>          <text>ad</text>        </lyric>      </note>    </measure>    <!--=======================================================-->    <measure number="42" width="1021">      <print new-system="yes">        <system-layout>          <system-distance>114</system-distance>        </system-layout>      </print>      <note default-x="80">        <pitch>          <step>C</step>          <octave>4</octave>        </pitch>        <duration>8</duration>        <voice>1</voice>        <type>half</type>        <stem default-y="-25">down</stem>        <notations>          <technical>            <stopped default-x="0" default-y="25" placement="above"/>          </technical>        </notations>        <lyric default-y="-80" number="1">          <syllabic>single</syllabic>          <text>te,</text>        </lyric>      </note>      <note default-x="392">        <rest/>        <duration>8</duration>        <voice>1</voice>        <type>half</type>      </note>      <note default-x="705">        <rest/>        <duration>8</duration>        <voice>1</voice>        <type>half</type>      </note>    </measure>  </part>  <!--=========================================================--></score-partwise>