<?xml version="1.0" encoding="UTF-8"?><!DOCTYPE score-partwise PUBLIC "-//Recordare//DTD MusicXML 2.0 Partwise//EN"                                "http://www.musicxml.org/dtds/partwise.dtd"><score-partwise version="2.0">  <movement-title>MI.105 Templa nunc fument </movement-title>  <identification>    <creator type="composer">Brossard, Sébastien de</creator>    <encoding>      <software>Finale 2011 for Macintosh</software>      <software>Dolet Light for Finale 2011</software>      <encoding-date>2012-03-07</encoding-date>      <supports attribute="new-system" element="print" type="yes" value="yes"/>      <supports attribute="new-page" element="print" type="yes" value="yes"/>    </encoding>  </identification>  <defaults>    <scaling>      <millimeters>7.2319</millimeters>      <tenths>40</tenths>    </scaling>    <page-layout>      <page-height>1643</page-height>      <page-width>1161</page-width>      <page-margins type="both">        <left-margin>70</left-margin>        <right-margin>70</right-margin>        <top-margin>88</top-margin>        <bottom-margin>88</bottom-margin>      </page-margins>    </page-layout>    <system-layout>      <system-margins>        <left-margin>0</left-margin>        <right-margin>0</right-margin>      </system-margins>      <system-distance>121</system-distance>      <top-system-distance>70</top-system-distance>    </system-layout>    <appearance>      <line-width type="stem">0.7487</line-width>      <line-width type="beam">5</line-width>      <line-width type="staff">0.7487</line-width>      <line-width type="light barline">0.7487</line-width>      <line-width type="heavy barline">5</line-width>      <line-width type="leger">0.7487</line-width>      <line-width type="ending">1.4583</line-width>      <line-width type="wedge">1.4583</line-width>      <line-width type="enclosure">0.7487</line-width>      <line-width type="tuplet bracket">0.7487</line-width>      <note-size type="grace">60</note-size>      <note-size type="cue">60</note-size>    </appearance>    <music-font font-family="Maestro" font-size="20.5"/>    <word-font font-family="Times New Roman" font-size="10.25"/>    <lyric-font font-family="Times New Roman" font-size="10.25" name="verse"/>  </defaults>  <part-list>    <score-part id="P1">      <part-name print-object="no">MusicXML Part</part-name>      <score-instrument id="P1-I1">        <instrument-name>Grand Piano</instrument-name>      </score-instrument>      <midi-instrument id="P1-I1">        <midi-channel>1</midi-channel>        <midi-program>1</midi-program>        <volume>80</volume>        <pan>0</pan>      </midi-instrument>    </score-part>  </part-list>  <!--=========================================================-->  <part id="P1">    <measure number="1" width="299">      <print>        <system-layout>          <system-margins>            <left-margin>70</left-margin>            <right-margin>0</right-margin>          </system-margins>          <top-system-distance>211</top-system-distance>        </system-layout>        <measure-numbering>system</measure-numbering>      </print>      <attributes>        <divisions>2</divisions>        <key>          <fifths>2</fifths>          <mode>major</mode>        </key>        <time>          <beats>6</beats>          <beat-type>4</beat-type>        </time>        <clef>          <sign>F</sign>          <line>4</line>        </clef>        <measure-style>          <multiple-rest>15</multiple-rest>        </measure-style>      </attributes>      <sound tempo="120"/>      <note>        <rest/>        <duration>12</duration>        <voice>1</voice>      </note>    </measure>    <!--=======================================================-->    <measure number="2" width="0">      <note>        <rest/>        <duration>12</duration>        <voice>1</voice>      </note>    </measure>    <!--=======================================================-->    <measure number="3" width="0">      <note>        <rest/>        <duration>12</duration>        <voice>1</voice>      </note>    </measure>    <!--=======================================================-->    <measure number="4" width="0">      <note>        <rest/>        <duration>12</duration>        <voice>1</voice>      </note>    </measure>    <!--=======================================================-->    <measure number="5" width="0">      <note>        <rest/>        <duration>12</duration>        <voice>1</voice>      </note>    </measure>    <!--=======================================================-->    <measure number="6" width="0">      <note>        <rest/>        <duration>12</duration>        <voice>1</voice>      </note>    </measure>    <!--=======================================================-->    <measure number="7" width="0">      <note>        <rest/>        <duration>12</duration>        <voice>1</voice>      </note>    </measure>    <!--=======================================================-->    <measure number="8" width="0">      <note>        <rest/>        <duration>12</duration>        <voice>1</voice>      </note>    </measure>    <!--=======================================================-->    <measure number="9" width="0">      <note>        <rest/>        <duration>12</duration>        <voice>1</voice>      </note>    </measure>    <!--=======================================================-->    <measure number="10" width="0">      <note>        <rest/>        <duration>12</duration>        <voice>1</voice>      </note>    </measure>    <!--=======================================================-->    <measure number="11" width="0">      <note>        <rest/>        <duration>12</duration>        <voice>1</voice>      </note>    </measure>    <!--=======================================================-->    <measure number="12" width="0">      <note>        <rest/>        <duration>12</duration>        <voice>1</voice>      </note>    </measure>    <!--=======================================================-->    <measure number="13" width="0">      <note>        <rest/>        <duration>12</duration>        <voice>1</voice>      </note>    </measure>    <!--=======================================================-->    <measure number="14" width="0">      <note>        <rest/>        <duration>12</duration>        <voice>1</voice>      </note>    </measure>    <!--=======================================================-->    <measure number="15" width="0">      <note>        <rest/>        <duration>12</duration>        <voice>1</voice>      </note>    </measure>    <!--=======================================================-->    <measure number="16" width="345">      <note default-x="14">        <pitch>          <step>D</step>          <octave>3</octave>        </pitch>        <duration>2</duration>        <voice>1</voice>        <type>quarter</type>        <stem default-y="-55">down</stem>        <lyric default-y="-80" number="1">          <syllabic>begin</syllabic>          <text>Tem</text>        </lyric>      </note>      <note default-x="64">        <pitch>          <step>D</step>          <octave>3</octave>        </pitch>        <duration>2</duration>        <voice>1</voice>        <type>quarter</type>        <stem default-y="-55">down</stem>        <lyric default-y="-80" number="1">          <syllabic>end</syllabic>          <text>pla</text>        </lyric>      </note>      <note default-x="113">        <pitch>          <step>E</step>          <octave>3</octave>        </pitch>        <duration>2</duration>        <voice>1</voice>        <type>quarter</type>        <stem default-y="-50">down</stem>        <lyric default-y="-80" number="1">          <syllabic>single</syllabic>          <text>nunc</text>        </lyric>      </note>      <note default-x="162">        <pitch>          <step>F</step>          <alter>1</alter>          <octave>3</octave>        </pitch>        <duration>1</duration>        <voice>1</voice>        <type>eighth</type>        <stem default-y="-55">down</stem>        <beam number="1">begin</beam>        <lyric default-y="-80" number="1">          <syllabic>begin</syllabic>          <text>fu</text>        </lyric>      </note>      <note default-x="192">        <pitch>          <step>E</step>          <octave>3</octave>        </pitch>        <duration>1</duration>        <voice>1</voice>        <type>eighth</type>        <stem default-y="-55">down</stem>        <beam number="1">continue</beam>      </note>      <note default-x="222">        <pitch>          <step>D</step>          <octave>3</octave>        </pitch>        <duration>1</duration>        <voice>1</voice>        <type>eighth</type>        <stem default-y="-55">down</stem>        <beam number="1">continue</beam>      </note>      <note default-x="252">        <pitch>          <step>E</step>          <octave>3</octave>        </pitch>        <duration>1</duration>        <voice>1</voice>        <type>eighth</type>        <stem default-y="-55">down</stem>        <beam number="1">continue</beam>      </note>      <note default-x="282">        <pitch>          <step>F</step>          <alter>1</alter>          <octave>3</octave>        </pitch>        <duration>1</duration>        <voice>1</voice>        <type>eighth</type>        <stem default-y="-55">down</stem>        <beam number="1">continue</beam>      </note>      <note default-x="312">        <pitch>          <step>G</step>          <octave>3</octave>        </pitch>        <duration>1</duration>        <tie type="start"/>        <voice>1</voice>        <type>eighth</type>        <stem default-y="-55">down</stem>        <beam number="1">end</beam>        <notations>          <tied type="start"/>        </notations>      </note>    </measure>    <!--=======================================================-->    <measure number="17" width="306">      <note default-x="14">        <pitch>          <step>A</step>          <octave>3</octave>        </pitch>        <duration>4</duration>        <voice>1</voice>        <type>half</type>        <stem default-y="-35">down</stem>      </note>      <note default-x="88">        <pitch>          <step>G</step>          <octave>3</octave>        </pitch>        <duration>2</duration>        <voice>1</voice>        <type>quarter</type>        <stem default-y="-40">down</stem>        <lyric default-y="-80" number="1">          <syllabic>end</syllabic>          <text>ment,</text>        </lyric>      </note>      <note default-x="134">        <pitch>          <step>F</step>          <alter>1</alter>          <octave>3</octave>        </pitch>        <duration>1</duration>        <voice>1</voice>        <type>eighth</type>        <stem default-y="-50">down</stem>        <beam number="1">begin</beam>        <lyric default-y="-80" number="1">          <syllabic>begin</syllabic>          <text>fu</text>        </lyric>      </note>      <note default-x="163">        <pitch>          <step>E</step>          <octave>3</octave>        </pitch>        <duration>1</duration>        <voice>1</voice>        <type>eighth</type>        <stem default-y="-50">down</stem>        <beam number="1">continue</beam>      </note>      <note default-x="191">        <pitch>          <step>F</step>          <alter>1</alter>          <octave>3</octave>        </pitch>        <duration>1</duration>        <voice>1</voice>        <type>eighth</type>        <stem default-y="-50">down</stem>        <beam number="1">continue</beam>      </note>      <note default-x="220">        <pitch>          <step>G</step>          <octave>3</octave>        </pitch>        <duration>1</duration>        <voice>1</voice>        <type>eighth</type>        <stem default-y="-50">down</stem>        <beam number="1">continue</beam>      </note>      <note default-x="248">        <pitch>          <step>F</step>          <alter>1</alter>          <octave>3</octave>        </pitch>        <duration>1</duration>        <voice>1</voice>        <type>eighth</type>        <stem default-y="-50">down</stem>        <beam number="1">continue</beam>      </note>      <note default-x="277">        <pitch>          <step>E</step>          <octave>3</octave>        </pitch>        <duration>1</duration>        <voice>1</voice>        <type>eighth</type>        <stem default-y="-50">down</stem>        <beam number="1">end</beam>        <notations>          <slur number="1" placement="above" type="start"/>        </notations>      </note>    </measure>    <!--=======================================================-->    <measure number="18" width="1021">      <print new-system="yes">        <system-layout>          <system-distance>114</system-distance>        </system-layout>      </print>      <note default-x="90">        <pitch>          <step>D</step>          <octave>3</octave>        </pitch>        <duration>4</duration>        <voice>1</voice>        <type>half</type>        <stem default-y="-55">down</stem>        <notations>          <slur number="1" type="stop"/>        </notations>      </note>      <note default-x="406">        <pitch>          <step>D</step>          <octave>3</octave>        </pitch>        <duration>2</duration>        <voice>1</voice>        <type>quarter</type>        <stem default-y="-55">down</stem>        <lyric default-y="-80" number="1">          <syllabic>end</syllabic>          <text>ment,</text>        </lyric>      </note>    </measure>  </part>  <!--=========================================================--></score-partwise>