<?xml version="1.0" encoding="UTF-8"?><!DOCTYPE score-partwise PUBLIC "-//Recordare//DTD MusicXML 2.0 Partwise//EN"                                "http://www.musicxml.org/dtds/partwise.dtd"><score-partwise version="2.0">  <movement-title>MI.122 Dissipa Domine mentis meae tenebras</movement-title>  <identification>    <creator type="composer">Campra, André</creator>    <encoding>      <software>Finale 2011 for Macintosh</software>      <software>Dolet Light for Finale 2011</software>      <encoding-date>2012-03-12</encoding-date>      <supports attribute="new-system" element="print" type="yes" value="yes"/>      <supports attribute="new-page" element="print" type="yes" value="yes"/>    </encoding>  </identification>  <defaults>    <scaling>      <millimeters>7.2319</millimeters>      <tenths>40</tenths>    </scaling>    <page-layout>      <page-height>1643</page-height>      <page-width>1161</page-width>      <page-margins type="both">        <left-margin>70</left-margin>        <right-margin>70</right-margin>        <top-margin>88</top-margin>        <bottom-margin>88</bottom-margin>      </page-margins>    </page-layout>    <system-layout>      <system-margins>        <left-margin>0</left-margin>        <right-margin>0</right-margin>      </system-margins>      <system-distance>121</system-distance>      <top-system-distance>70</top-system-distance>    </system-layout>    <appearance>      <line-width type="stem">0.7487</line-width>      <line-width type="beam">5</line-width>      <line-width type="staff">0.7487</line-width>      <line-width type="light barline">0.7487</line-width>      <line-width type="heavy barline">5</line-width>      <line-width type="leger">0.7487</line-width>      <line-width type="ending">1.4583</line-width>      <line-width type="wedge">1.4583</line-width>      <line-width type="enclosure">0.7487</line-width>      <line-width type="tuplet bracket">0.7487</line-width>      <note-size type="grace">60</note-size>      <note-size type="cue">60</note-size>    </appearance>    <music-font font-family="Maestro" font-size="20.5"/>    <word-font font-family="Times New Roman" font-size="10.25"/>    <lyric-font font-family="Times New Roman" font-size="10.25" name="verse"/>  </defaults>  <part-list>    <score-part id="P1">      <part-name print-object="no">MusicXML Part</part-name>      <score-instrument id="P1-I1">        <instrument-name>Grand Piano</instrument-name>      </score-instrument>      <midi-instrument id="P1-I1">        <midi-channel>1</midi-channel>        <midi-program>1</midi-program>        <volume>80</volume>        <pan>0</pan>      </midi-instrument>    </score-part>  </part-list>  <!--=========================================================-->  <part id="P1">    <measure number="1" width="253">      <print>        <system-layout>          <system-margins>            <left-margin>70</left-margin>            <right-margin>0</right-margin>          </system-margins>          <top-system-distance>211</top-system-distance>        </system-layout>        <measure-numbering>system</measure-numbering>      </print>      <attributes>        <divisions>2</divisions>        <key>          <fifths>-1</fifths>          <mode>major</mode>        </key>        <time>          <beats>2</beats>          <beat-type>2</beat-type>        </time>        <clef>          <sign>G</sign>          <line>2</line>          <clef-octave-change>-1</clef-octave-change>        </clef>      </attributes>      <sound tempo="120"/>      <direction directive="yes" placement="above">        <direction-type>          <words default-y="40" font-size="12">Gravement
</words>        </direction-type>      </direction>      <note default-x="106">        <rest/>        <duration>4</duration>        <voice>1</voice>        <type>half</type>      </note>      <note default-x="173">        <pitch>          <step>G</step>          <octave>4</octave>        </pitch>        <duration>3</duration>        <voice>1</voice>        <type>quarter</type>        <dot/>        <stem default-y="-30">down</stem>        <lyric default-y="-80" number="1">          <syllabic>begin</syllabic>          <text>Dis</text>        </lyric>      </note>      <note default-x="227">        <pitch>          <step>D</step>          <octave>4</octave>        </pitch>        <duration>1</duration>        <voice>1</voice>        <type>eighth</type>        <stem default-y="-45.5">down</stem>        <lyric default-y="-80" number="1">          <syllabic>middle</syllabic>          <text>si</text>        </lyric>      </note>    </measure>    <!--=======================================================-->    <measure number="2" width="177">      <note default-x="25">        <pitch>          <step>B</step>          <octave>3</octave>        </pitch>        <duration>4</duration>        <voice>1</voice>        <type>half</type>        <accidental>natural</accidental>        <stem default-y="-55">down</stem>        <notations>          <technical>            <stopped default-x="0" default-y="-5" placement="above"/>          </technical>        </notations>        <lyric default-y="-80" number="1">          <syllabic>end</syllabic>          <text>pa,</text>        </lyric>      </note>      <note default-x="93">        <pitch>          <step>B</step>          <octave>3</octave>        </pitch>        <duration>3</duration>        <voice>1</voice>        <type>quarter</type>        <dot/>        <stem default-y="-55">down</stem>        <lyric default-y="-80" number="1">          <syllabic>begin</syllabic>          <text>Do</text>        </lyric>      </note>      <note default-x="148">        <pitch>          <step>B</step>          <octave>3</octave>        </pitch>        <duration>1</duration>        <voice>1</voice>        <type>eighth</type>        <stem default-y="-55">down</stem>        <lyric default-y="-80" number="1">          <syllabic>middle</syllabic>          <text>mi</text>        </lyric>      </note>    </measure>    <!--=======================================================-->    <measure number="3" width="186">      <note default-x="13">        <grace slash="yes"/>        <pitch>          <step>B</step>          <alter>-1</alter>          <octave>3</octave>        </pitch>        <tie type="start"/>        <voice>1</voice>        <type>eighth</type>        <stem default-y="1">up</stem>        <notations>          <tied type="start"/>        </notations>        <lyric default-y="-80" justify="left" number="1">          <syllabic>end</syllabic>          <text>ne,</text>          <extend/>        </lyric>      </note>      <note default-x="35">        <pitch>          <step>C</step>          <octave>4</octave>        </pitch>        <duration>4</duration>        <voice>1</voice>        <type>half</type>        <stem default-y="-50">down</stem>      </note>      <note default-x="103">        <pitch>          <step>C</step>          <octave>4</octave>        </pitch>        <duration>2</duration>        <voice>1</voice>        <type>quarter</type>        <stem default-y="-50">down</stem>        <lyric default-y="-80" number="1">          <syllabic>begin</syllabic>          <text>men</text>        </lyric>      </note>      <note default-x="144">        <pitch>          <step>C</step>          <octave>4</octave>        </pitch>        <duration>2</duration>        <voice>1</voice>        <type>quarter</type>        <stem default-y="-50">down</stem>        <lyric default-y="-80" number="1">          <syllabic>end</syllabic>          <text>tis</text>        </lyric>      </note>    </measure>    <!--=======================================================-->    <measure number="4" width="176">      <note default-x="14">        <pitch>          <step>A</step>          <octave>3</octave>        </pitch>        <duration>2</duration>        <voice>1</voice>        <type>quarter</type>        <stem default-y="10.5">up</stem>        <notations>          <technical>            <stopped default-x="0" default-y="-45" placement="below"/>          </technical>        </notations>        <lyric default-y="-80" number="1">          <syllabic>begin</syllabic>          <text>me</text>        </lyric>      </note>      <note default-x="55">        <pitch>          <step>A</step>          <octave>3</octave>        </pitch>        <duration>2</duration>        <voice>1</voice>        <type>quarter</type>        <stem default-y="10.5">up</stem>        <lyric default-y="-80" number="1">          <syllabic>end</syllabic>          <text>ae</text>        </lyric>      </note>      <note default-x="96">        <pitch>          <step>D</step>          <octave>4</octave>        </pitch>        <duration>3</duration>        <voice>1</voice>        <type>quarter</type>        <dot/>        <stem default-y="-45.5">down</stem>        <lyric default-y="-80" number="1">          <syllabic>begin</syllabic>          <text>te</text>        </lyric>      </note>      <note default-x="150">        <pitch>          <step>D</step>          <octave>4</octave>        </pitch>        <duration>1</duration>        <voice>1</voice>        <type>eighth</type>        <stem default-y="-45.5">down</stem>        <lyric default-y="-80" number="1">          <syllabic>middle</syllabic>          <text>ne</text>        </lyric>      </note>    </measure>    <!--=======================================================-->    <measure number="5" width="159">      <note default-x="13">        <pitch>          <step>G</step>          <octave>3</octave>        </pitch>        <duration>4</duration>        <voice>1</voice>        <type>half</type>        <stem default-y="5">up</stem>        <lyric default-y="-80" number="1">          <syllabic>end</syllabic>          <text>bras,</text>        </lyric>      </note>      <note default-x="79">        <pitch>          <step>G</step>          <octave>4</octave>        </pitch>        <duration>3</duration>        <voice>1</voice>        <type>quarter</type>        <dot/>        <stem default-y="-30">down</stem>        <lyric default-y="-80" number="1" relative-x="7">          <syllabic>begin</syllabic>          <text>Dis</text>        </lyric>      </note>      <note default-x="133">        <pitch>          <step>E</step>          <alter>-1</alter>          <octave>4</octave>        </pitch>        <duration>1</duration>        <voice>1</voice>        <type>eighth</type>        <accidental>flat</accidental>        <stem default-y="-40">down</stem>        <lyric default-y="-80" justify="left" number="1">          <syllabic>middle</syllabic>          <text>si</text>          <extend/>        </lyric>      </note>    </measure>    <!--=======================================================-->    <measure number="6" width="1021">      <print new-system="yes">        <system-layout>          <system-distance>114</system-distance>        </system-layout>      </print>      <note default-x="87">        <pitch>          <step>B</step>          <octave>3</octave>        </pitch>        <duration>2</duration>        <voice>1</voice>        <type>quarter</type>        <accidental>natural</accidental>        <stem default-y="-55">down</stem>        <notations>          <technical>            <stopped default-x="0" default-y="-5" placement="above"/>          </technical>        </notations>        <lyric default-y="-80" justify="left" number="1">          <syllabic>end</syllabic>          <text>pa,</text>          <extend/>        </lyric>      </note>      <note default-x="345">        <rest/>        <duration>2</duration>        <voice>1</voice>        <type>quarter</type>      </note>      <note default-x="601">        <rest/>        <duration>4</duration>        <voice>1</voice>        <type>half</type>      </note>    </measure>  </part>  <!--=========================================================--></score-partwise>