<?xml version="1.0" encoding="UTF-8"?><!DOCTYPE score-partwise PUBLIC "-//Recordare//DTD MusicXML 2.0 Partwise//EN"                                "http://www.musicxml.org/dtds/partwise.dtd"><score-partwise version="2.0">  <movement-title>MI.127 Domini est terra</movement-title>  <identification>    <creator type="composer">Campra, André</creator>    <encoding>      <software>Finale 2011 for Macintosh</software>      <software>Dolet Light for Finale 2011</software>      <encoding-date>2012-02-07</encoding-date>      <supports attribute="new-system" element="print" type="yes" value="yes"/>      <supports attribute="new-page" element="print" type="yes" value="yes"/>    </encoding>  </identification>  <defaults>    <scaling>      <millimeters>7.2319</millimeters>      <tenths>40</tenths>    </scaling>    <page-layout>      <page-height>1643</page-height>      <page-width>1161</page-width>      <page-margins type="both">        <left-margin>70</left-margin>        <right-margin>70</right-margin>        <top-margin>88</top-margin>        <bottom-margin>88</bottom-margin>      </page-margins>    </page-layout>    <system-layout>      <system-margins>        <left-margin>0</left-margin>        <right-margin>0</right-margin>      </system-margins>      <system-distance>121</system-distance>      <top-system-distance>70</top-system-distance>    </system-layout>    <appearance>      <line-width type="stem">0.7487</line-width>      <line-width type="beam">5</line-width>      <line-width type="staff">0.7487</line-width>      <line-width type="light barline">0.7487</line-width>      <line-width type="heavy barline">5</line-width>      <line-width type="leger">0.7487</line-width>      <line-width type="ending">1.4583</line-width>      <line-width type="wedge">1.4583</line-width>      <line-width type="enclosure">0.7487</line-width>      <line-width type="tuplet bracket">0.7487</line-width>      <note-size type="grace">60</note-size>      <note-size type="cue">60</note-size>    </appearance>    <music-font font-family="Maestro" font-size="20.5"/>    <word-font font-family="Times New Roman" font-size="10.25"/>    <lyric-font font-family="Times New Roman" font-size="10.25" name="verse"/>  </defaults>  <part-list>    <score-part id="P1">      <part-name print-object="no">MusicXML Part</part-name>      <score-instrument id="P1-I1">        <instrument-name>Grand Piano</instrument-name>      </score-instrument>      <midi-instrument id="P1-I1">        <midi-channel>1</midi-channel>        <midi-program>1</midi-program>        <volume>80</volume>        <pan>0</pan>      </midi-instrument>    </score-part>  </part-list>  <!--=========================================================-->  <part id="P1">    <measure number="1" width="287">      <print>        <system-layout>          <system-margins>            <left-margin>70</left-margin>            <right-margin>0</right-margin>          </system-margins>          <top-system-distance>211</top-system-distance>        </system-layout>        <measure-numbering>system</measure-numbering>      </print>      <attributes>        <divisions>4</divisions>        <key>          <fifths>-2</fifths>          <mode>major</mode>        </key>        <time symbol="common">          <beats>4</beats>          <beat-type>4</beat-type>        </time>        <clef>          <sign>F</sign>          <line>4</line>        </clef>        <measure-style>          <multiple-rest>5</multiple-rest>        </measure-style>      </attributes>      <sound tempo="120"/>      <note>        <rest/>        <duration>16</duration>        <voice>1</voice>      </note>    </measure>    <!--=======================================================-->    <measure number="2" width="0">      <note>        <rest/>        <duration>16</duration>        <voice>1</voice>      </note>    </measure>    <!--=======================================================-->    <measure number="3" width="0">      <note>        <rest/>        <duration>16</duration>        <voice>1</voice>      </note>    </measure>    <!--=======================================================-->    <measure number="4" width="0">      <note>        <rest/>        <duration>16</duration>        <voice>1</voice>      </note>    </measure>    <!--=======================================================-->    <measure number="5" width="0">      <note>        <rest/>        <duration>16</duration>        <voice>1</voice>      </note>    </measure>    <!--=======================================================-->    <measure number="6" width="191">      <note default-x="14">        <pitch>          <step>B</step>          <alter>-1</alter>          <octave>3</octave>        </pitch>        <duration>6</duration>        <voice>1</voice>        <type>quarter</type>        <dot/>        <stem default-y="-30">down</stem>        <lyric default-y="-80" number="1">          <syllabic>begin</syllabic>          <text>Do</text>        </lyric>      </note>      <note default-x="73">        <pitch>          <step>B</step>          <alter>-1</alter>          <octave>3</octave>        </pitch>        <duration>2</duration>        <voice>1</voice>        <type>eighth</type>        <stem default-y="-30">down</stem>        <lyric default-y="-80" number="1">          <syllabic>middle</syllabic>          <text>mi</text>        </lyric>      </note>      <note default-x="101">        <pitch>          <step>B</step>          <alter>-1</alter>          <octave>3</octave>        </pitch>        <duration>4</duration>        <voice>1</voice>        <type>quarter</type>        <stem default-y="-30">down</stem>        <lyric default-y="-80" number="1">          <syllabic>end</syllabic>          <text>ni</text>        </lyric>      </note>      <note default-x="145">        <pitch>          <step>F</step>          <octave>3</octave>        </pitch>        <duration>4</duration>        <voice>1</voice>        <type>quarter</type>        <stem default-y="-45.5">down</stem>        <lyric default-y="-80" number="1">          <syllabic>single</syllabic>          <text>est</text>        </lyric>      </note>    </measure>    <!--=======================================================-->    <measure number="7" width="259">      <note default-x="13">        <pitch>          <step>B</step>          <alter>-1</alter>          <octave>2</octave>        </pitch>        <duration>4</duration>        <voice>1</voice>        <type>quarter</type>        <stem default-y="5">up</stem>        <lyric default-y="-80" number="1">          <syllabic>begin</syllabic>          <text>ter</text>        </lyric>      </note>      <note default-x="66">        <pitch>          <step>B</step>          <alter>-1</alter>          <octave>2</octave>        </pitch>        <duration>2</duration>        <voice>1</voice>        <type>eighth</type>        <stem default-y="5">up</stem>        <lyric default-y="-80" number="1">          <syllabic>end</syllabic>          <text>ra</text>        </lyric>      </note>      <note default-x="97">        <pitch>          <step>F</step>          <octave>3</octave>        </pitch>        <duration>2</duration>        <voice>1</voice>        <type>eighth</type>        <stem default-y="-45.5">down</stem>        <lyric default-y="-80" number="1">          <syllabic>single</syllabic>          <text>et</text>        </lyric>      </note>      <note default-x="130">        <pitch>          <step>B</step>          <alter>-1</alter>          <octave>3</octave>        </pitch>        <duration>2</duration>        <voice>1</voice>        <type>eighth</type>        <stem default-y="-30">down</stem>        <lyric default-y="-80" number="1">          <syllabic>begin</syllabic>          <text>ple</text>        </lyric>      </note>      <note default-x="162">        <pitch>          <step>B</step>          <alter>-1</alter>          <octave>3</octave>        </pitch>        <duration>2</duration>        <voice>1</voice>        <type>eighth</type>        <stem default-y="-30">down</stem>        <lyric default-y="-80" number="1">          <syllabic>middle</syllabic>          <text>ni</text>        </lyric>      </note>      <note default-x="194">        <pitch>          <step>B</step>          <alter>-1</alter>          <octave>3</octave>        </pitch>        <duration>2</duration>        <voice>1</voice>        <type>eighth</type>        <stem default-y="-30">down</stem>        <lyric default-y="-80" number="1">          <syllabic>middle</syllabic>          <text>tu</text>        </lyric>      </note>      <note default-x="226">        <pitch>          <step>C</step>          <octave>4</octave>        </pitch>        <duration>2</duration>        <voice>1</voice>        <type>eighth</type>        <stem default-y="-25.5">down</stem>        <lyric default-y="-80" number="1">          <syllabic>end</syllabic>          <text>do</text>        </lyric>      </note>    </measure>    <!--=======================================================-->    <measure number="8" width="214">      <note default-x="16">        <pitch>          <step>D</step>          <octave>4</octave>        </pitch>        <duration>3</duration>        <voice>1</voice>        <type>eighth</type>        <dot/>        <stem default-y="-20">down</stem>        <lyric default-y="-80" number="1">          <syllabic>begin</syllabic>          <text>e</text>        </lyric>      </note>      <note default-x="58">        <pitch>          <step>C</step>          <octave>4</octave>        </pitch>        <duration>1</duration>        <tie type="start"/>        <voice>1</voice>        <type>16th</type>        <stem default-y="-25.5">down</stem>        <notations>          <tied type="start"/>        </notations>        <lyric default-y="-80" justify="left" number="1">          <syllabic>end</syllabic>          <text>jus,</text>          <extend/>        </lyric>      </note>      <note default-x="94">        <pitch>          <step>B</step>          <alter>-1</alter>          <octave>3</octave>        </pitch>        <duration>4</duration>        <voice>1</voice>        <type>quarter</type>        <stem default-y="-30">down</stem>      </note>      <note default-x="138">        <rest/>        <duration>8</duration>        <voice>1</voice>        <type>half</type>      </note>    </measure>  </part>  <!--=========================================================--></score-partwise>