<?xml version="1.0" encoding="UTF-8"?>
<!DOCTYPE score-partwise PUBLIC "-//Recordare//DTD MusicXML 2.0 Partwise//EN"
                                "http://www.musicxml.org/dtds/partwise.dtd">
<score-partwise version="2.0">
  <movement-title>MI.250 Ave verum corpus</movement-title>
  <identification>
    <creator type="composer">Du Mont, Henry</creator>
    <encoding>
      <software>Finale 2011 for Windows</software>
      <software>Dolet Light for Finale 2011</software>
      <encoding-date>2012-01-06</encoding-date>
      <supports attribute="new-system" element="print" type="yes" value="yes"/>
      <supports attribute="new-page" element="print" type="yes" value="yes"/>
    </encoding>
  </identification>
  <defaults>
    <scaling>
      <millimeters>7.2319</millimeters>
      <tenths>40</tenths>
    </scaling>
    <page-layout>
      <page-height>1643</page-height>
      <page-width>1161</page-width>
      <page-margins type="both">
        <left-margin>70</left-margin>
        <right-margin>70</right-margin>
        <top-margin>88</top-margin>
        <bottom-margin>88</bottom-margin>
      </page-margins>
    </page-layout>
    <system-layout>
      <system-margins>
        <left-margin>0</left-margin>
        <right-margin>0</right-margin>
      </system-margins>
      <system-distance>121</system-distance>
      <top-system-distance>70</top-system-distance>
    </system-layout>
    <appearance>
      <line-width type="stem">0.7487</line-width>
      <line-width type="beam">5</line-width>
      <line-width type="staff">0.7487</line-width>
      <line-width type="light barline">0.7487</line-width>
      <line-width type="heavy barline">5</line-width>
      <line-width type="leger">0.7487</line-width>
      <line-width type="ending">1.4583</line-width>
      <line-width type="wedge">1.4583</line-width>
      <line-width type="enclosure">0.7487</line-width>
      <line-width type="tuplet bracket">0.7487</line-width>
      <note-size type="grace">60</note-size>
      <note-size type="cue">60</note-size>
    </appearance>
    <music-font font-family="Maestro" font-size="20.5"/>
    <word-font font-family="Times New Roman" font-size="10.25"/>
    <lyric-font font-family="Times New Roman" font-size="10.25" name="verse"/>
  </defaults>
  <part-list>
    <score-part id="P1">
      <part-name print-object="no">MusicXML Part</part-name>
      <score-instrument id="P1-I1">
        <instrument-name>Grand Piano</instrument-name>
      </score-instrument>
      <midi-instrument id="P1-I1">
        <midi-channel>1</midi-channel>
        <midi-program>1</midi-program>
        <volume>80</volume>
        <pan>0</pan>
      </midi-instrument>
    </score-part>
  </part-list>
  <!--=========================================================-->
  <part id="P1">
    <measure number="1" width="332">
      <print>
        <system-layout>
          <system-margins>
            <left-margin>70</left-margin>
            <right-margin>0</right-margin>
          </system-margins>
          <top-system-distance>211</top-system-distance>
        </system-layout>
        <measure-numbering>system</measure-numbering>
      </print>
      <attributes>
        <divisions>2</divisions>
        <key>
          <fifths>0</fifths>
          <mode>major</mode>
        </key>
        <time symbol="common">
          <beats>4</beats>
          <beat-type>4</beat-type>
        </time>
        <clef>
          <sign>G</sign>
          <line>2</line>
        </clef>
      </attributes>
      <sound tempo="120"/>
      <note>
        <rest/>
        <duration>8</duration>
        <voice>1</voice>
      </note>
    </measure>
    <!--=======================================================-->
    <measure number="2" width="148">
      <note default-x="13">
        <rest/>
        <duration>4</duration>
        <voice>1</voice>
        <type>half</type>
      </note>
      <note default-x="74">
        <rest/>
        <duration>2</duration>
        <voice>1</voice>
        <type>quarter</type>
      </note>
      <note default-x="111">
        <pitch>
          <step>C</step>
          <octave>5</octave>
        </pitch>
        <duration>2</duration>
        <voice>1</voice>
        <type>quarter</type>
        <stem default-y="-50">down</stem>
        <notations>
          <slur number="1" placement="above" type="start"/>
        </notations>
        <lyric default-y="-80" number="1">
          <syllabic>begin</syllabic>
          <text>A</text>
        </lyric>
      </note>
    </measure>
    <!--=======================================================-->
    <measure number="3" width="161">
      <note default-x="14">
        <pitch>
          <step>C</step>
          <octave>5</octave>
        </pitch>
        <duration>2</duration>
        <voice>1</voice>
        <type>quarter</type>
        <stem default-y="-50">down</stem>
        <notations>
          <slur number="1" type="stop"/>
        </notations>
      </note>
      <note default-x="50">
        <pitch>
          <step>B</step>
          <octave>4</octave>
        </pitch>
        <duration>2</duration>
        <voice>1</voice>
        <type>quarter</type>
        <stem default-y="-55">down</stem>
        <lyric default-y="-80" number="1">
          <syllabic>end</syllabic>
          <text>ve</text>
        </lyric>
      </note>
      <note default-x="87">
        <pitch>
          <step>C</step>
          <octave>5</octave>
        </pitch>
        <duration>2</duration>
        <voice>1</voice>
        <type>quarter</type>
        <stem default-y="-50">down</stem>
        <lyric default-y="-80" number="1">
          <syllabic>begin</syllabic>
          <text>ve</text>
        </lyric>
      </note>
      <note default-x="124">
        <pitch>
          <step>D</step>
          <octave>5</octave>
        </pitch>
        <duration>2</duration>
        <voice>1</voice>
        <type>quarter</type>
        <stem default-y="-45.5">down</stem>
        <lyric default-y="-80" number="1">
          <syllabic>end</syllabic>
          <text>rum</text>
        </lyric>
      </note>
    </measure>
    <!--=======================================================-->
    <measure number="4" width="149">
      <note default-x="14">
        <pitch>
          <step>E</step>
          <octave>5</octave>
        </pitch>
        <duration>4</duration>
        <voice>1</voice>
        <type>half</type>
        <stem default-y="-40">down</stem>
        <lyric default-y="-80" number="1">
          <syllabic>begin</syllabic>
          <text>cor</text>
        </lyric>
      </note>
      <note default-x="74">
        <pitch>
          <step>D</step>
          <octave>5</octave>
        </pitch>
        <duration>2</duration>
        <voice>1</voice>
        <type>quarter</type>
        <stem default-y="-45.5">down</stem>
        <lyric default-y="-80" number="1">
          <syllabic>end</syllabic>
          <text>pus,</text>
        </lyric>
      </note>
      <note default-x="111">
        <pitch>
          <step>G</step>
          <octave>5</octave>
        </pitch>
        <duration>2</duration>
        <voice>1</voice>
        <type>quarter</type>
        <stem default-y="-30">down</stem>
        <notations>
          <slur number="1" placement="above" type="start"/>
        </notations>
        <lyric default-y="-80" number="1">
          <syllabic>begin</syllabic>
          <text>ve</text>
        </lyric>
      </note>
    </measure>
    <!--=======================================================-->
    <measure number="5" width="161">
      <note default-x="14">
        <pitch>
          <step>G</step>
          <octave>5</octave>
        </pitch>
        <duration>2</duration>
        <voice>1</voice>
        <type>quarter</type>
        <stem default-y="-30">down</stem>
        <notations>
          <slur number="1" type="stop"/>
        </notations>
      </note>
      <note default-x="51">
        <pitch>
          <step>F</step>
          <octave>5</octave>
        </pitch>
        <duration>2</duration>
        <voice>1</voice>
        <type>quarter</type>
        <stem default-y="-35">down</stem>
        <lyric default-y="-80" number="1">
          <syllabic>end</syllabic>
          <text>rum</text>
        </lyric>
      </note>
      <note default-x="87">
        <pitch>
          <step>E</step>
          <octave>5</octave>
        </pitch>
        <duration>2</duration>
        <voice>1</voice>
        <type>quarter</type>
        <stem default-y="-40">down</stem>
        <notations>
          <slur number="1" placement="above" type="start"/>
        </notations>
        <lyric default-y="-80" number="1" relative-x="5">
          <syllabic>begin</syllabic>
          <text>cor</text>
        </lyric>
      </note>
      <note default-x="123">
        <pitch>
          <step>F</step>
          <octave>5</octave>
        </pitch>
        <duration>2</duration>
        <voice>1</voice>
        <type>quarter</type>
        <stem default-y="-35">down</stem>
        <notations>
          <slur number="1" type="stop"/>
        </notations>
      </note>
    </measure>
    <!--=======================================================-->
    <measure number="6" width="1021">
      <print new-system="yes">
        <system-layout>
          <system-distance>114</system-distance>
        </system-layout>
      </print>
      <note default-x="52">
        <pitch>
          <step>D</step>
          <octave>5</octave>
        </pitch>
        <duration>2</duration>
        <voice>1</voice>
        <type>quarter</type>
        <stem default-y="-45.5">down</stem>
        <lyric default-y="-80" number="1">
          <syllabic>end</syllabic>
          <text>pus</text>
        </lyric>
      </note>
      <note default-x="320">
        <pitch>
          <step>F</step>
          <octave>5</octave>
        </pitch>
        <duration>4</duration>
        <voice>1</voice>
        <type>half</type>
        <stem default-y="-35">down</stem>
        <lyric default-y="-80" number="1">
          <syllabic>begin</syllabic>
          <text>na</text>
        </lyric>
      </note>
      <note default-x="753">
        <pitch>
          <step>E</step>
          <octave>5</octave>
        </pitch>
        <duration>2</duration>
        <voice>1</voice>
        <type>quarter</type>
        <stem default-y="-40.5">down</stem>
        <lyric default-y="-80" number="1">
          <syllabic>end</syllabic>
          <text>tum</text>
        </lyric>
      </note>
    </measure>
  </part>
  <!--=========================================================-->
</score-partwise>
