<?xml version="1.0" encoding="UTF-8"?>
<!DOCTYPE score-partwise PUBLIC "-//Recordare//DTD MusicXML 2.0 Partwise//EN"
  "http://www.musicxml.org/dtds/partwise.dtd">

<score-partwise><part-list><score-part id='P1'><part-name>MusicXML Part</part-name>
</score-part>
</part-list>
<part id='P1'><measure number='1'><attributes><divisions>1</divisions>
<key><fifths>0</fifths>
<mode>major</mode>
</key>
<time symbol='cut'><beats>2</beats>
<beat-type>2</beat-type>
</time>
<clef><sign>C</sign>
<line>3</line>
</clef>
</attributes>
<note><pitch><step>C</step>
<octave>4</octave>
</pitch>
<duration>4</duration>
<lyric number='1'><syllabic>begin</syllabic>
<text>Peu</text>
</lyric>
<type>whole</type>
</note>
</measure>
<measure number='2'>
<note><pitch><step>C</step>
<octave>4</octave>
</pitch>
<duration>2</duration>
<lyric number='1'><syllabic>end</syllabic>
<text>ples,</text>
</lyric>
<type>half</type>
</note>
<note><pitch><step>D</step>
<octave>4</octave>
</pitch>
<duration>2</duration>
<lyric number='1'><syllabic>single</syllabic>
<text>dont</text>
</lyric>
<type>half</type>
</note>
</measure>
<measure number='3'>
<note><pitch><step>E</step>
<octave>4</octave>
</pitch>
<duration>2</duration>
<lyric number='1'><syllabic>single</syllabic>
<text>le</text>
</lyric>
<type>half</type>
</note>
<note><pitch><step>E</step>
<octave>4</octave>
</pitch>
<duration>2</duration>
<lyric number='1'><syllabic>begin</syllabic>
<text>sa</text>
</lyric>
<type>half</type>
</note>
</measure>
<measure number='4'>
<note><pitch><step>F</step>
<octave>4</octave>
</pitch>
<duration>2</duration>
<lyric number='1'><syllabic>end</syllabic>
<text>lut</text>
</lyric>
<type>half</type>
</note>
<note><pitch><step>F</step>
<octave>4</octave>
</pitch>
<duration>2</duration>
<lyric number='1'><syllabic>single</syllabic>
<text>me</text>
</lyric>
<type>half</type>
</note>
</measure>
<measure number='5'>
<note><pitch><step>E</step>
<octave>4</octave>
</pitch>
<duration>4</duration>
<lyric number='1'><syllabic>begin</syllabic>
<text>tou</text>
</lyric>
<type>whole</type>
</note>
</measure>
<measure number='6'>
<note><pitch><step>D</step>
<octave>4</octave>
</pitch>
<duration>4</duration>
<lyric number='1'><syllabic>end</syllabic>
<text>che,</text>
</lyric>
<type>whole</type>
</note>
</measure>
<measure number='7'>
<note><rest></rest>
<duration>4</duration>
<type>whole</type>
</note>
</measure>
<measure number='8'>
<note><pitch><step>E</step>
<octave>4</octave>
</pitch>
<duration>4</duration>
<lyric number='1'><syllabic>begin</syllabic>
<text>Ve</text>
</lyric>
<type>whole</type>
</note>
</measure>
<measure number='9'>
<note><pitch><step>F</step>
<octave>4</octave>
</pitch>
<duration>2</duration>
<lyric number='1'><syllabic>end</syllabic>
<text>nez</text>
</lyric>
<type>half</type>
</note>
<note><pitch><step>E</step>
<octave>4</octave>
</pitch>
<duration>2</duration>
<lyric number='1'><syllabic>single</syllabic>
<text>tous</text>
</lyric>
<type>half</type>
</note>
</measure>
<measure number='10'>
<note><pitch><step>D</step>
<octave>4</octave>
</pitch>
<duration>2</duration>
<lyric number='1'><syllabic>single</syllabic>
<text>en</text>
</lyric>
<type>half</type>
</note>
<note><pitch><step>C</step>
<octave>4</octave>
</pitch>
<duration>2</duration>
<lyric number='1'><syllabic>single</syllabic>
<text>un</text>
</lyric>
<type>half</type>
</note>
</measure>
<measure number='11'>
<note><pitch><step>B</step>
<octave>3</octave>
</pitch>
<duration>2</duration>
<lyric number='1'><syllabic>begin</syllabic>
<text>mes</text>
</lyric>
<type>half</type>
</note>
<note><pitch><step>C</step>
<octave>4</octave>
</pitch>
<duration>2</duration>
<lyric number='1'><syllabic>end</syllabic>
<text>me</text>
</lyric>
<type>half</type>
</note>
</measure>
<measure number='12'>
<note><pitch><step>D</step>
<octave>4</octave>
</pitch>
<duration>4</duration>
<lyric number='1'><syllabic>single</syllabic>
<text>lieu,</text>
</lyric>
<type>whole</type>
</note>
</measure>
<measure number='13'>
<note><rest></rest>
<duration>4</duration>
<type>whole</type>
</note>
</measure>
<measure number='14'>
<note><pitch><step>G</step>
<octave>4</octave>
</pitch>
<duration>4</duration>
<lyric number='1'><syllabic>single</syllabic>
<text>De</text>
</lyric>
<type>whole</type>
</note>
</measure>
<measure number='15'>
<note><pitch><step>F</step>
<octave>4</octave>
</pitch>
<duration>2</duration>
<lyric number='1'><syllabic>begin</syllabic>
<text>mes</text>
</lyric>
<type>half</type>
</note>
<note><pitch><step>E</step>
<octave>4</octave>
</pitch>
<duration>2</duration>
<lyric number='1'><syllabic>end</syllabic>
<text>me</text>
</lyric>
<type>half</type>
</note>
</measure>
<measure number='16'>
<note><pitch><step>D</step>
<octave>4</octave>
</pitch>
<duration>2</duration>
<lyric number='1'><syllabic>single</syllabic>
<text>coeur,</text>
</lyric>
<type>half</type>
</note>
<note><pitch><step>B</step>
<octave>3</octave>
</pitch>
<duration>2</duration>
<lyric number='1'><syllabic>single</syllabic>
<text>de</text>
</lyric>
<type>half</type>
</note>
</measure>
<measure number='17'>
<note><pitch><step>C</step>
<octave>4</octave>
</pitch>
<duration>2</duration>
<lyric number='1'><syllabic>begin</syllabic>
<text>mes</text>
</lyric>
<type>half</type>
</note>
<note><pitch><step>B</step>
<octave>3</octave>
</pitch>
<duration>2</duration>
<lyric number='1'><syllabic>end</syllabic>
<text>me</text>
</lyric>
<type>half</type>
</note>
</measure>
<measure number='18'>
<note><pitch><step>A</step>
<octave>3</octave>
</pitch>
<duration>4</duration>
<lyric number='1'><syllabic>begin</syllabic>
<text>bou</text>
</lyric>
<type>whole</type>
</note>
</measure>
<measure number='19'>
<note><pitch><step>G</step>
<octave>3</octave>
</pitch>
<duration>4</duration>
<lyric number='1'><syllabic>end</syllabic>
<text>che,</text>
</lyric>
<type>whole</type>
</note>
</measure>
<measure number='20'>
<note><rest></rest>
<duration>4</duration>
<type>whole</type>
</note>
</measure>
<measure number='21'>
<note><pitch><step>E</step>
<octave>4</octave>
</pitch>
<duration>4</duration>
<lyric number='1'><syllabic>begin</syllabic>
<text>Ren</text>
</lyric>
<type>whole</type>
</note>
</measure>
<measure number='22'>
<note><pitch><step>F</step>
<octave>4</octave>
</pitch>
<duration>2</duration>
<lyric number='1'><syllabic>end</syllabic>
<text>dre</text>
</lyric>
<type>half</type>
</note>
<note><pitch><step>E</step>
<octave>4</octave>
</pitch>
<duration>2</duration>
<lyric number='1'><syllabic>single</syllabic>
<text>vos</text>
</lyric>
<type>half</type>
</note>
</measure>
<measure number='23'>
<note><pitch><step>D</step>
<octave>4</octave>
</pitch>
<duration>4</duration>
<lyric number='1'><syllabic>begin</syllabic>
<text>hom</text>
</lyric>
<type>whole</type>
</note>
</measure>
<measure number='24'>
<note><pitch><step>C</step>
<octave>4</octave>
</pitch>
<duration>2</duration>
<lyric number='1'><syllabic>middle</syllabic>
<text>ma</text>
</lyric>
<type>half</type>
</note>
<note><pitch><step>E</step>
<octave>4</octave>
</pitch>
<duration>2</duration>
<lyric number='1'><syllabic>end</syllabic>
<text>ges</text>
</lyric>
<type>half</type>
</note>
</measure>
<measure number='25'>
<note><pitch><step>D</step>
<octave>4</octave>
</pitch>
<duration>4</duration>
<lyric number='1'><syllabic>single</syllabic>
<text>à</text>
</lyric>
<type>whole</type>
</note>
</measure>
<measure number='26'>
<note><pitch><step>C</step>
<octave>4</octave>
</pitch>
<duration>4</duration>
<lyric number='1'><syllabic>single</syllabic>
<text>Dieu.</text>
</lyric>
<type>whole</type>
</note>
</measure>
</part>
</score-partwise>
