{"ref": "godeau1655", "title": "Paraphrase des pseaumes de David, en vers fran\u00e7ois", "short_title": "Godeau 1655", "description": "<p>\r\n\t<em>Paraphrase des pseaumes de David, en vers fran&ccedil;ois, Par Antoine Godeau, Euesque de Grasse et Vence. Nouuellement mis en Musique ou chant spiritu&euml;l et facile pour la consolation des ames. Par Antoine Lardenois</em>, S. l. [Gen&egrave;ve], s. n. [de Tournes], 1655. Edition de l&#39;exemplaire Lyon BM.</p>\r\n<p>\r\n\tResp. et saisie Jean-Michel Noailly, corrections Olivier Collet, dir. Alice Tacaille</p>\r\n", "is_public": true, "short_description": "Paraphrase des pseaumes de David, [Gen\u00e8ve],[de Tournes], 1655. Exemplaire Lyon BM", "licence_code": null, "copyright": null, "supervisors": null}