<?xml version="1.0" encoding="UTF-8"?>
<!DOCTYPE score-partwise PUBLIC "-//Recordare//DTD MusicXML 2.0 Partwise//EN"
  "http://www.musicxml.org/dtds/partwise.dtd">

<score-partwise><part-list><score-part id='P1'><part-name>MusicXML Part</part-name>
</score-part>
</part-list>
<part id='P1'><measure number='1'><attributes><divisions>1</divisions>
<key><fifths>-1</fifths>
<mode>major</mode>
</key>
<time symbol='cut'><beats>2</beats>
<beat-type>2</beat-type>
</time>
<clef><sign>G</sign>
<line>2</line>
</clef>
</attributes>
<note><pitch><step>A</step>
<octave>4</octave>
</pitch>
<duration>4</duration>
<lyric number='1'><syllabic>begin</syllabic>
<text>Sei</text>
</lyric>
</note>
</measure>
<measure number='2'>
<note><pitch><step>C</step>
<octave>5</octave>
</pitch>
<duration>4</duration>
<lyric number='1'><syllabic>end</syllabic>
<text>gneur,</text>
</lyric>
</note>
</measure>
<measure number='3'>
<note><pitch><step>D</step>
<octave>5</octave>
</pitch>
<duration>2</duration>
<lyric number='1'><syllabic>begin</syllabic>
<text>he</text>
</lyric>
</note>
<note><pitch><step>C</step>
<octave>5</octave>
</pitch>
<duration>4</duration>
<lyric number='1'><syllabic>end</syllabic>
<text>las</text>
</lyric>
</note>
<note><pitch><step>C</step>
<octave>5</octave>
</pitch>
<duration>2</duration>
<lyric number='1'><syllabic>begin</syllabic>
<text>com</text>
</lyric>
</note>
</measure>
<measure number='5'>
<note><pitch><step>D</step>
<octave>5</octave>
</pitch>
<duration>2</duration>
<lyric number='1'><syllabic>end</syllabic>
<text>bien</text>
</lyric>
</note>
<note><pitch><step>F</step>
<octave>5</octave>
</pitch>
<duration>2</duration>
<lyric number='1'><syllabic>begin</syllabic>
<text>s'aug</text>
</lyric>
</note>
</measure>
<measure number='6'>
<note><pitch><step>E</step>
<octave>5</octave>
</pitch>
<duration>4</duration>
<lyric number='1'><syllabic>middle</syllabic>
<text>men</text>
</lyric>
</note>
</measure>
<measure number='7'>
<note><pitch><step>C</step>
<octave>5</octave>
</pitch>
<duration>4</duration>
<lyric number='1'><syllabic>end</syllabic>
<text>tent</text>
</lyric>
</note>
</measure>
<measure number='8'>
<note><rest></rest>
<duration>4</duration>
</note>
</measure>
<measure number='9'>
<note><pitch><step>D</step>
<octave>5</octave>
</pitch>
<duration>4</duration>
<lyric number='1'><syllabic>single</syllabic>
<text>Les</text>
</lyric>
</note>
</measure>
<measure number='10'>
<note><pitch><step>E</step>
<octave>5</octave>
</pitch>
<duration>2</duration>
<lyric number='1'><syllabic>begin</syllabic>
<text>op</text>
</lyric>
</note>
<note><pitch><step>F</step>
<octave>5</octave>
</pitch>
<duration>2</duration>
<lyric number='1'><syllabic>middle</syllabic>
<text>pres</text>
</lyric>
</note>
</measure>
<measure number='11'>
<note><pitch><step>D</step>
<octave>5</octave>
</pitch>
<duration>4</duration>
<lyric number='1'><syllabic>end</syllabic>
<text>seurs</text>
</lyric>
</note>
</measure>
<measure number='12'>
<note><pitch><step>C</step>
<octave>5</octave>
</pitch>
<duration>2</duration>
<lyric number='1'><syllabic>single</syllabic>
<text>qui</text>
</lyric>
</note>
<note><pitch><step>D</step>
<octave>5</octave>
</pitch>
<duration>4</duration>
<lyric number='1'><syllabic>single</syllabic>
<text>me</text>
</lyric>
</note>
<note><pitch><step>C</step>
<octave>5</octave>
</pitch>
<duration>2</duration>
<lyric number='1'><syllabic>begin</syllabic>
<text>tour</text>
</lyric>
</note>
</measure>
<measure number='14'>
<note><pitch><step>B</step>
<alter>-1</alter>
<octave>4</octave>
</pitch>
<duration>4</duration>
<accidental>flat</accidental>
<lyric number='1'><syllabic>middle</syllabic>
<text>men</text>
</lyric>
</note>
</measure>
<measure number='15'>
<note><pitch><step>A</step>
<octave>4</octave>
</pitch>
<duration>4</duration>
<lyric number='1'><syllabic>end</syllabic>
<text>tent ?</text>
</lyric>
</note>
</measure>
<measure number='16'>
<note><rest></rest>
<duration>4</duration>
</note>
</measure>
<measure number='17'>
<note><pitch><step>F</step>
<octave>4</octave>
</pitch>
<duration>4</duration>
<lyric number='1'><syllabic>begin</syllabic>
<text>Plu</text>
</lyric>
</note>
</measure>
<measure number='18'>
<note><pitch><step>A</step>
<octave>4</octave>
</pitch>
<duration>2</duration>
<lyric number='1'><syllabic>end</syllabic>
<text>sieurs</text>
</lyric>
</note>
<note><pitch><step>C</step>
<octave>5</octave>
</pitch>
<duration>2</duration>
<lyric number='1'><syllabic>begin</syllabic>
<text>s'es</text>
</lyric>
</note>
</measure>
<measure number='19'>
<note><pitch><step>B</step>
<alter>-1</alter>
<octave>4</octave>
</pitch>
<duration>4</duration>
<accidental>flat</accidental>
<lyric number='1'><syllabic>middle</syllabic>
<text>le</text>
</lyric>
</note>
</measure>
<measure number='20'>
<note><pitch><step>C</step>
<octave>5</octave>
</pitch>
<duration>2</duration>
<lyric number='1'><syllabic>end</syllabic>
<text>vent</text>
</lyric>
</note>
<note><pitch><step>C</step>
<octave>5</octave>
</pitch>
<duration>2</duration>
<lyric number='1'><syllabic>begin</syllabic>
<text>con</text>
</lyric>
</note>
</measure>
<measure number='21'>
<note><pitch><step>D</step>
<octave>5</octave>
</pitch>
<duration>4</duration>
<lyric number='1'><syllabic>end</syllabic>
<text>tre</text>
</lyric>
</note>
</measure>
<measure number='22'>
<note><pitch><step>C</step>
<octave>5</octave>
</pitch>
<duration>4</duration>
<lyric number='1'><syllabic>single</syllabic>
<text>moy :</text>
</lyric>
</note>
</measure>
<measure number='23'>
<note><rest></rest>
<duration>4</duration>
</note>
</measure>
<measure number='24'>
<note><pitch><step>C</step>
<octave>5</octave>
</pitch>
<duration>4</duration>
<lyric number='1'><syllabic>begin</syllabic>
<text>Plu</text>
</lyric>
</note>
</measure>
<measure number='25'>
<note><pitch><step>D</step>
<octave>5</octave>
</pitch>
<duration>2</duration>
<lyric number='1'><syllabic>end</syllabic>
<text>sieurs</text>
</lyric>
</note>
<note><pitch><step>F</step>
<octave>5</octave>
</pitch>
<duration>2</duration>
<lyric number='1'><syllabic>single</syllabic>
<text>de</text>
</lyric>
</note>
</measure>
<measure number='26'>
<note><pitch><step>F</step>
<octave>5</octave>
</pitch>
<duration>2</duration>
<lyric number='1'><syllabic>single</syllabic>
<text>mon</text>
</lyric>
</note>
<note><pitch><step>C</step>
<octave>5</octave>
</pitch>
<duration>4</duration>
<lyric number='1'><syllabic>begin</syllabic>
<text>a</text>
</lyric>
</note>
<note><pitch><step>D</step>
<octave>5</octave>
</pitch>
<duration>4</duration>
<lyric number='1'><syllabic>end</syllabic>
<text>me</text>
</lyric>
</note>
<note><pitch><step>E</step>
<alter>-1</alter>
<octave>5</octave>
</pitch>
<duration>2</duration>
<accidental>flat</accidental>
<lyric number='1'><syllabic>single</syllabic>
<text>se</text>
</lyric>
</note>
</measure>
<measure number='29'>
<note><pitch><step>C</step>
<octave>5</octave>
</pitch>
<duration>4</duration>
<lyric number='1'><syllabic>begin</syllabic>
<text>moc</text>
</lyric>
</note>
</measure>
<measure number='30'>
<note><pitch><step>D</step>
<octave>5</octave>
</pitch>
<duration>4</duration>
<lyric number='1'><syllabic>end</syllabic>
<text>quent,</text>
</lyric>
</note>
</measure>
<measure number='31'>
<note><rest></rest>
<duration>4</duration>
</note>
</measure>
<measure number='32'>
<note><pitch><step>D</step>
<octave>5</octave>
</pitch>
<duration>2</duration>
<lyric number='1'><syllabic>begin</syllabic>
<text>Di</text>
</lyric>
</note>
<note><pitch><step>D</step>
<octave>5</octave>
</pitch>
<duration>4</duration>
<lyric number='1'><syllabic>end</syllabic>
<text>sant,</text>
</lyric>
</note>
<note><pitch><step>C</step>
<octave>5</octave>
</pitch>
<duration>2</duration>
<lyric number='1'><syllabic>single</syllabic>
<text>quand</text>
</lyric>
</note>
</measure>
<measure number='34'>
<note><pitch><step>A</step>
<octave>4</octave>
</pitch>
<duration>2</duration>
<lyric number='1'><syllabic>single</syllabic>
<text>mes</text>
</lyric>
</note>
<note><pitch><step>A</step>
<octave>4</octave>
</pitch>
<duration>2</duration>
<lyric number='1'><syllabic>begin</syllabic>
<text>sou</text>
</lyric>
</note>
</measure>
<measure number='35'>
<note><pitch><step>B</step>
<octave>4</octave>
</pitch>
<duration>2</duration>
<lyric number='1'><syllabic>end</syllabic>
<text>pirs</text>
</lyric>
</note>
<note><pitch><step>C</step>
<octave>5</octave>
</pitch>
<duration>2</duration>
<lyric number='1'><syllabic>begin</syllabic>
<text>t'in</text>
</lyric>
</note>
</measure>
<measure number='36'>
<note><pitch><step>D</step>
<octave>5</octave>
</pitch>
<duration>4</duration>
<lyric number='1'><syllabic>middle</syllabic>
<text>voc</text>
</lyric>
</note>
</measure>
<measure number='37'>
<note><pitch><step>C</step>
<octave>5</octave>
</pitch>
<duration>4</duration>
<lyric number='1'><syllabic>end</syllabic>
<text>quent,</text>
</lyric>
</note>
</measure>
<measure number='38'>
<note><rest></rest>
<duration>4</duration>
</note>
</measure>
<measure number='39'>
<note><pitch><step>A</step>
<octave>4</octave>
</pitch>
<duration>4</duration>
<lyric number='1'><syllabic>single</syllabic>
<text>Qu'il</text>
</lyric>
</note>
</measure>
<measure number='40'>
<note><pitch><step>B</step>
<alter>-1</alter>
<octave>4</octave>
</pitch>
<duration>2</duration>
<accidental>flat</accidental>
<lyric number='1'><syllabic>single</syllabic>
<text>n'y</text>
</lyric>
</note>
<note><pitch><step>C</step>
<octave>5</octave>
</pitch>
<duration>2</duration>
<lyric number='1'><syllabic>single</syllabic>
<text>a</text>
</lyric>
</note>
</measure>
<measure number='41'>
<note><pitch><step>F</step>
<octave>4</octave>
</pitch>
<duration>4</duration>
<lyric number='1'><syllabic>single</syllabic>
<text>nul</text>
</lyric>
</note>
</measure>
<measure number='42'>
<note><pitch><step>B</step>
<alter>-1</alter>
<octave>4</octave>
</pitch>
<duration>2</duration>
<accidental>flat</accidental>
<lyric number='1'><syllabic>begin</syllabic>
<text>sa</text>
</lyric>
</note>
<note><pitch><step>A</step>
<octave>4</octave>
</pitch>
<duration>2</duration>
<lyric number='1'><syllabic>end</syllabic>
<text>lut</text>
</lyric>
</note>
</measure>
<measure number='43'>
<note><pitch><step>G</step>
<octave>4</octave>
</pitch>
<duration>4</duration>
<lyric number='1'><syllabic>single</syllabic>
<text>en</text>
</lyric>
</note>
</measure>
<measure number='44'>
<note><pitch><step>F</step>
<octave>4</octave>
</pitch>
<duration>4</duration>
<lyric number='1'><syllabic>single</syllabic>
<text>toy.</text>
</lyric>
</note>
<barline location="right">
                        <bar-style>light-heavy</bar-style>
                           </barline>
</measure>
</part>
</score-partwise>
