{"ref": "wtc1", "title": "Das Wohltemperierte Clavier, book 1", "short_title": "WTC book 1", "description": "First book of the he Well-Tempered Clavier, converted from the kern scores repository (https://kern.humdrum.org/).", "is_public": true, "short_description": "First book of the he Well-Tempered Clavier, converted from the kern scores repository (https://kern.humdrum.org/).", "licence_code": "CC BY-SA", "copyright": null, "supervisors": null, "composer": {"first_name": "Johann Sebastian", "last_name": "Bach", "year_birth": 1685, "year_death": 1750, "dbpedia_uri": "https://dbpedia.org/resource/Johann_Sebastian_Bach"}}