{"ref": "all:composers:bach:wtc1:wtc1f04", "title": "Fuga 4, Vol. 1", "composer": null, "features": [{"feature_key": "key_tonic_name", "feature_value": "C#"}, {"feature_key": "key_mode", "feature_value": "minor"}, {"feature_key": "num_of_parts", "feature_value": "5"}, {"feature_key": "num_of_measures", "feature_value": "575"}, {"feature_key": "instruments", "feature_value": "[None, None, None, None, None]"}, {"feature_key": "lowest_pitch_each_part", "feature_value": "{\"part1\": \"E#4\", \"part2\": \"B3\", \"part3\": \"B#2\", \"part4\": \"G#2\", \"part5\": \"C#2\"}"}, {"feature_key": "highest_pitch_each_part", "feature_value": "{\"part1\": \"B5\", \"part2\": \"E5\", \"part3\": \"B4\", \"part4\": \"E4\", \"part5\": \"C#4\"}"}, {"feature_key": "average_melodic_interval", "feature_value": "2.1180923542770627"}, {"feature_key": "direction_of_motion", "feature_value": "0.4409127954360228"}, {"feature_key": "most_common_note_quarter_length", "feature_value": "0.5"}, {"feature_key": "range_note_quarter_length", "feature_value": "15.5"}, {"feature_key": "initial_time_signature", "feature_value": "[0, 0]"}, {"feature_key": "composer", "feature_value": "https://dbpedia.org/resource/Johann_Sebastian_Bach"}], "sources": [], "files": [{"name": "mei.xml", "url": "http://localhost:8000/media/corpora/all/composers/bach/wtc1/wtc1f04/mei.xml"}, {"name": "summary.json", "url": "http://localhost:8000/media/corpora/all/composers/bach/wtc1/wtc1f04/summary.json"}]}