{"ref": "all:composers:bach:wtc1:wtc1f22", "title": "Fuga 22, Vol. 1", "composer": null, "features": [{"feature_key": "key_tonic_name", "feature_value": "B-"}, {"feature_key": "key_mode", "feature_value": "minor"}, {"feature_key": "num_of_parts", "feature_value": "5"}, {"feature_key": "num_of_measures", "feature_value": "375"}, {"feature_key": "instruments", "feature_value": "[None, None, None, None, None]"}, {"feature_key": "lowest_pitch_each_part", "feature_value": "{\"part1\": \"F4\", \"part2\": \"B-3\", \"part3\": \"F3\", \"part4\": \"B-2\", \"part5\": \"D2\"}"}, {"feature_key": "highest_pitch_each_part", "feature_value": "{\"part1\": \"C6\", \"part2\": \"G-5\", \"part3\": \"F5\", \"part4\": \"A-4\", \"part5\": \"D-4\"}"}, {"feature_key": "average_melodic_interval", "feature_value": "2.6067567567567567"}, {"feature_key": "direction_of_motion", "feature_value": "0.4264305177111717"}, {"feature_key": "most_common_note_quarter_length", "feature_value": "1.0"}, {"feature_key": "range_note_quarter_length", "feature_value": "19.5"}, {"feature_key": "initial_time_signature", "feature_value": "[0, 0]"}, {"feature_key": "composer", "feature_value": "https://dbpedia.org/resource/Johann_Sebastian_Bach"}], "sources": [], "files": [{"name": "mei.xml", "url": "http://localhost:8000/media/corpora/all/composers/bach/wtc1/wtc1f22/mei.xml"}, {"name": "summary.json", "url": "http://localhost:8000/media/corpora/all/composers/bach/wtc1/wtc1f22/summary.json"}]}