{"ref": "wtc1f09", "title": "Fuga 9, Vol. 1", "composer": null, "features": [{"feature_key": "key_tonic_name", "feature_value": "E"}, {"feature_key": "key_mode", "feature_value": "major"}, {"feature_key": "num_of_parts", "feature_value": "3"}, {"feature_key": "num_of_measures", "feature_value": "87"}, {"feature_key": "instruments", "feature_value": "[None, None, None]"}, {"feature_key": "lowest_pitch_each_part", "feature_value": "{\"part1\": \"B3\", \"part2\": \"E3\", \"part3\": \"C#2\"}"}, {"feature_key": "highest_pitch_each_part", "feature_value": "{\"part1\": \"B5\", \"part2\": \"F#5\", \"part3\": \"E4\"}"}, {"feature_key": "average_melodic_interval", "feature_value": "2.478082191780822"}, {"feature_key": "direction_of_motion", "feature_value": "0.5443213296398892"}, {"feature_key": "most_common_note_quarter_length", "feature_value": "0.25"}, {"feature_key": "range_note_quarter_length", "feature_value": "3.75"}, {"feature_key": "initial_time_signature", "feature_value": "[0, 0]"}, {"feature_key": "composer", "feature_value": "https://dbpedia.org/resource/Johann_Sebastian_Bach"}], "sources": [], "files": [{"name": "mei.xml", "url": "http://localhost:8000/media/corpora/all/composers/bach/wtc1/wtc1f09/mei.xml"}, {"name": "summary.json", "url": "http://localhost:8000/media/corpora/all/composers/bach/wtc1/wtc1f09/summary.json"}]}