{"ref": "all:composers:bach:wtc1:wtc1f18", "title": "Fuga 18, Vol. 1", "composer": null, "features": [{"feature_key": "key_tonic_name", "feature_value": "G#"}, {"feature_key": "key_mode", "feature_value": "minor"}, {"feature_key": "num_of_parts", "feature_value": "4"}, {"feature_key": "num_of_measures", "feature_value": "164"}, {"feature_key": "instruments", "feature_value": "[None, None, None, None]"}, {"feature_key": "lowest_pitch_each_part", "feature_value": "{\"part1\": \"D#4\", \"part2\": \"G#3\", \"part3\": \"B2\", \"part4\": \"C#2\"}"}, {"feature_key": "highest_pitch_each_part", "feature_value": "{\"part1\": \"B5\", \"part2\": \"G#5\", \"part3\": \"G#4\", \"part4\": \"B3\"}"}, {"feature_key": "average_melodic_interval", "feature_value": "2.335"}, {"feature_key": "direction_of_motion", "feature_value": "0.5528120713305898"}, {"feature_key": "most_common_note_quarter_length", "feature_value": "0.5"}, {"feature_key": "range_note_quarter_length", "feature_value": "4.75"}, {"feature_key": "initial_time_signature", "feature_value": "[0, 0]"}, {"feature_key": "composer", "feature_value": "https://dbpedia.org/resource/Johann_Sebastian_Bach"}], "sources": [], "files": [{"name": "mei.xml", "url": "http://localhost:8000/media/corpora/all/composers/bach/wtc1/wtc1f18/mei.xml"}, {"name": "summary.json", "url": "http://localhost:8000/media/corpora/all/composers/bach/wtc1/wtc1f18/summary.json"}]}