{"ref": "all:composers:bach:wtc1:wtc1f17", "title": "Fuga 17, Vol. 1", "composer": null, "features": [{"feature_key": "key_tonic_name", "feature_value": "A-"}, {"feature_key": "key_mode", "feature_value": "major"}, {"feature_key": "num_of_parts", "feature_value": "4"}, {"feature_key": "num_of_measures", "feature_value": "140"}, {"feature_key": "instruments", "feature_value": "[None, None, None, None]"}, {"feature_key": "lowest_pitch_each_part", "feature_value": "{\"part1\": \"G4\", \"part2\": \"A-3\", \"part3\": \"A-2\", \"part4\": \"C2\"}"}, {"feature_key": "highest_pitch_each_part", "feature_value": "{\"part1\": \"C6\", \"part2\": \"G5\", \"part3\": \"E5\", \"part4\": \"D-4\"}"}, {"feature_key": "average_melodic_interval", "feature_value": "2.733934611048478"}, {"feature_key": "direction_of_motion", "feature_value": "0.4671280276816609"}, {"feature_key": "most_common_note_quarter_length", "feature_value": "0.25"}, {"feature_key": "range_note_quarter_length", "feature_value": "3.0"}, {"feature_key": "initial_time_signature", "feature_value": "[0, 0]"}, {"feature_key": "composer", "feature_value": "https://dbpedia.org/resource/Johann_Sebastian_Bach"}], "sources": [], "files": [{"name": "mei.xml", "url": "http://localhost:8000/media/corpora/all/composers/bach/wtc1/wtc1f17/mei.xml"}, {"name": "summary.json", "url": "http://localhost:8000/media/corpora/all/composers/bach/wtc1/wtc1f17/summary.json"}]}