{"db_id": 22264, "ref": "all:collabscore:saintsaens:melodies:C010_0", "local_ref": "C010_0", "corpus_ref": "all:collabscore:saintsaens:melodies", "title": "God save the King Hymne national anglais, traduction française et accompagnement de piano par C. Saint-Saëns ", "composer": "Carey, Henry ", "features": [], "sources": [{"ref": "ref_mei", "description": "Référence MEI", "source_type": "MEI", "mime_type": "application/xml", "url": "", "file_path": "/media/sources/all-collabscore-saintsaens-melodies-C010_0/ref_mei.xml", "has_manifest": false, "has_iiif_manifest": false}, {"ref": "iiif", "description": "Lien Gallica", "source_type": "JPEG", "mime_type": "image/jpeg", "url": "https://gallica.bnf.fr/ark:/12148/bpt6k386168k", "file_path": null, "has_manifest": false, "has_iiif_manifest": false}], "files": [{"name": "score.xml", "url": "http://localhost:8000/media/corpora/all/collabscore/saintsaens/melodies/C010_0/score.xml"}, {"name": "mei.xml", "url": "http://localhost:8000/media/corpora/all/collabscore/saintsaens/melodies/C010_0/mei.xml"}]}