{"db_id": 22289, "ref": "all:collabscore:saintsaens:melodies:C019_0", "local_ref": "C019_0", "corpus_ref": "all:collabscore:saintsaens:melodies", "title": "Soeur Anne / poésie de André Pressat, musique de C. Saint-Saëns ", "composer": "Saint-Saëns, Camille ", "features": [], "sources": [{"ref": "ref_mei", "description": "Référence MEI", "source_type": "MEI", "mime_type": "application/xml", "url": "", "file_path": "/media/sources/all-collabscore-saintsaens-melodies-C019_0/ref_mei.xml", "has_manifest": false, "has_iiif_manifest": false}, {"ref": "iiif", "description": "Lien Gallica", "source_type": "JPEG", "mime_type": "image/jpeg", "url": "https://gallica.bnf.fr/ark:/12148/bd6t54169493h", "file_path": null, "has_manifest": false, "has_iiif_manifest": false}], "files": [{"name": "score.xml", "url": "http://localhost:8000/media/corpora/all/collabscore/saintsaens/melodies/C019_0/score.xml"}, {"name": "mei.xml", "url": "http://localhost:8000/media/corpora/all/collabscore/saintsaens/melodies/C019_0/mei.xml"}]}