{"db_id": 40587, "ref": "all:collabscore:saintsaens:C103_0", "local_ref": "C103_0", "corpus_ref": "all:collabscore:saintsaens", "title": "[Lever de soleil sur le Nil] ", "composer": "Saint-Saëns, Camille ", "features": [], "sources": [{"ref": "ref_mei", "description": "Référence MEI", "source_type": "MEI", "mime_type": "application/xml", "url": "", "file_path": "/media/sources/all-collabscore-saintsaens-C103_0/ref_mei.xml", "has_manifest": false, "has_iiif_manifest": false}, {"ref": "gallica", "description": "Lien Gallica", "source_type": "JPEG", "mime_type": "image/jpeg", "url": "https://gallica.bnf.fr/ark:/12148/bpt6k11620154", "file_path": null, "has_manifest": false, "has_iiif_manifest": false}], "files": [{"name": "score.xml", "url": "https://neuma.huma-num.fr/media/corpora/all/collabscore/saintsaens/C103_0/score.xml"}, {"name": "mei.xml", "url": "https://neuma.huma-num.fr/media/corpora/all/collabscore/saintsaens/C103_0/mei.xml"}]}