{"db_id": 40622, "ref": "all:collabscore:saintsaens:C113_0", "local_ref": "C113_0", "corpus_ref": "all:collabscore:saintsaens", "title": "[Présage de la Croix] ", "composer": "Saint-Saëns, Camille ", "features": [], "sources": [{"ref": "gallica", "description": "Lien Gallica", "source_type": "JPEG", "mime_type": "image/jpeg", "url": "https://gallica.bnf.fr/ark:/12148/bpt6k1161990w", "file_path": null, "has_manifest": false, "has_iiif_manifest": false}, {"ref": "ref_mei", "description": "Référence MEI", "source_type": "MEI", "mime_type": "application/xml", "url": "", "file_path": "/media/sources/all-collabscore-saintsaens-C113_0/ref_mei.xml", "has_manifest": false, "has_iiif_manifest": false}], "files": [{"name": "score.xml", "url": "https://neuma.huma-num.fr/media/corpora/all/collabscore/saintsaens/C113_0/score.xml"}, {"name": "mei.xml", "url": "https://neuma.huma-num.fr/media/corpora/all/collabscore/saintsaens/C113_0/mei.xml"}]}