{"db_id": 22327, "ref": "all:collabscore:saintsaens:melodies:C135_0", "local_ref": "C135_0", "corpus_ref": "all:collabscore:saintsaens:melodies", "title": "Songs from the published writings of Alfred Tennyson,... set to music by various composers, edited by W. G. Cuisins ", "composer": "Cusins, William George ", "features": [], "sources": [{"ref": "ref_mei", "description": "Référence MEI", "source_type": "MEI", "mime_type": "application/xml", "url": "", "file_path": "/media/sources/all-collabscore-saintsaens-melodies-C135_0/ref_mei.xml", "has_manifest": false, "has_iiif_manifest": false}, {"ref": "iiif", "description": "Lien Gallica", "source_type": "JPEG", "mime_type": "image/jpeg", "url": "https://gallica.bnf.fr/ark:/12148/bd6t541695251", "file_path": null, "has_manifest": false, "has_iiif_manifest": false}], "files": [{"name": "score.xml", "url": "http://localhost:8000/media/corpora/all/collabscore/saintsaens/melodies/C135_0/score.xml"}, {"name": "mei.xml", "url": "http://localhost:8000/media/corpora/all/collabscore/saintsaens/melodies/C135_0/mei.xml"}]}