{"db_id": 22260, "ref": "all:collabscore:saintsaens:melodies:C163_0C", "local_ref": "C163_0C", "corpus_ref": "all:collabscore:saintsaens:melodies", "title": "C163_0C", "composer": null, "features": [], "sources": [{"ref": "ref_mei", "description": "Référence MEI", "source_type": "MEI", "mime_type": "application/xml", "url": "", "file_path": "/media/sources/all-collabscore-saintsaens-melodies-C163_0C/ref_mei.xml", "has_manifest": false, "has_iiif_manifest": false}], "files": [{"name": "mei.xml", "url": "http://localhost:8000/media/corpora/all/collabscore/saintsaens/melodies/C163_0C/mei.xml"}]}