<!DOCTYPE score-partwise PUBLIC "-//Recordare//DTD MusicXML 3.1 Partwise//EN" "http://www.musicxml.org/dtds/partwise.dtd">
<score-partwise version="3.1">
  <work>
    <work-title>XVII, 3.</work-title>
    </work>
  <identification>
    <creator type="composer">M. Praetor. C.
</creator>
    <encoding>
      <software>MuseScore 3.2.3</software>
      <encoding-date>2020-04-21</encoding-date>
      <supports element="accidental" type="yes"/>
      <supports element="beam" type="yes"/>
      <supports element="print" attribute="new-page" type="yes" value="yes"/>
      <supports element="print" attribute="new-system" type="yes" value="yes"/>
      <supports element="stem" type="yes"/>
      </encoding>
    </identification>
  <defaults>
    <scaling>
      <millimeters>4.20039</millimeters>
      <tenths>40</tenths>
      </scaling>
    <page-layout>
      <page-height>2828.31</page-height>
      <page-width>1999.81</page-width>
      <page-margins type="even">
        <left-margin>95.2293</left-margin>
        <right-margin>95.2293</right-margin>
        <top-margin>95.2293</top-margin>
        <bottom-margin>190.459</bottom-margin>
        </page-margins>
      <page-margins type="odd">
        <left-margin>95.2293</left-margin>
        <right-margin>95.2293</right-margin>
        <top-margin>95.2293</top-margin>
        <bottom-margin>190.459</bottom-margin>
        </page-margins>
      </page-layout>
    <word-font font-family="FreeSerif" font-size="10"/>
    <lyric-font font-family="Times New Roman" font-size="6.8829"/>
    </defaults>
  <credit page="1">
    <credit-words default-x="999.907" default-y="2733.08" justify="center" valign="top" font-size="24">3.</credit-words>
    </credit>
  <part-list>
    <score-part id="P1">
      <part-name>Cantus</part-name>
      <part-abbreviation>C.</part-abbreviation>
      <score-instrument id="P1-I1">
        <instrument-name> </instrument-name>
        </score-instrument>
      <midi-device id="P1-I1" port="1"/>
      <midi-instrument id="P1-I1">
        <midi-channel>1</midi-channel>
        <midi-program>1</midi-program>
        <volume>78.7402</volume>
        <pan>0</pan>
        </midi-instrument>
      </score-part>
    <score-part id="P2">
      <part-name>Altus</part-name>
      <part-abbreviation>A.</part-abbreviation>
      <score-instrument id="P2-I1">
        <instrument-name> </instrument-name>
        </score-instrument>
      <midi-device id="P2-I1" port="1"/>
      <midi-instrument id="P2-I1">
        <midi-channel>2</midi-channel>
        <midi-program>1</midi-program>
        <volume>78.7402</volume>
        <pan>0</pan>
        </midi-instrument>
      </score-part>
    <score-part id="P3">
      <part-name>Tenor</part-name>
      <part-abbreviation>T.</part-abbreviation>
      <score-instrument id="P3-I1">
        <instrument-name> </instrument-name>
        </score-instrument>
      <midi-device id="P3-I1" port="1"/>
      <midi-instrument id="P3-I1">
        <midi-channel>3</midi-channel>
        <midi-program>1</midi-program>
        <volume>78.7402</volume>
        <pan>0</pan>
        </midi-instrument>
      </score-part>
    <score-part id="P4">
      <part-name>Bassus</part-name>
      <part-abbreviation>B.</part-abbreviation>
      <score-instrument id="P4-I1">
        <instrument-name> </instrument-name>
        </score-instrument>
      <midi-device id="P4-I1" port="1"/>
      <midi-instrument id="P4-I1">
        <midi-channel>4</midi-channel>
        <midi-program>1</midi-program>
        <volume>78.7402</volume>
        <pan>0</pan>
        </midi-instrument>
      </score-part>
    </part-list>
  <part id="P1">
    <measure number="1" width="131.51">
      <print>
        <system-layout>
          <system-margins>
            <left-margin>75.17</left-margin>
            <right-margin>0.00</right-margin>
            </system-margins>
          <top-system-distance>170.00</top-system-distance>
          </system-layout>
        </print>
      <attributes>
        <divisions>4</divisions>
        <key print-object="no">
          <fifths>1</fifths>
          <mode>major</mode>
          </key>
        <time symbol="common">
          <beats>4</beats>
          <beat-type>4</beat-type>
          </time>
        <clef>
          <sign>G</sign>
          <line>2</line>
          </clef>
        </attributes>
      <note default-x="74.62" default-y="-25.00">
        <pitch>
          <step>A</step>
          <octave>4</octave>
          </pitch>
        <duration>2</duration>
        <voice>1</voice>
        <type>eighth</type>
        <stem>up</stem>
        <beam number="1">begin</beam>
        </note>
      <note default-x="102.26" default-y="-20.00">
        <pitch>
          <step>B</step>
          <octave>4</octave>
          </pitch>
        <duration>2</duration>
        <voice>1</voice>
        <type>eighth</type>
        <stem>up</stem>
        <beam number="1">end</beam>
        </note>
      </measure>
    <measure number="2" width="167.50">
      <note default-x="10.00" default-y="-15.00">
        <pitch>
          <step>C</step>
          <octave>5</octave>
          </pitch>
        <duration>4</duration>
        <voice>1</voice>
        <type>quarter</type>
        <stem>down</stem>
        </note>
      <note default-x="48.98" default-y="-15.00">
        <pitch>
          <step>C</step>
          <octave>5</octave>
          </pitch>
        <duration>4</duration>
        <voice>1</voice>
        <type>quarter</type>
        <stem>down</stem>
        </note>
      <note default-x="87.95" default-y="-15.00">
        <pitch>
          <step>C</step>
          <octave>5</octave>
          </pitch>
        <duration>4</duration>
        <voice>1</voice>
        <type>quarter</type>
        <stem>down</stem>
        </note>
      <note default-x="126.93" default-y="-20.00">
        <pitch>
          <step>B</step>
          <octave>4</octave>
          </pitch>
        <duration>4</duration>
        <voice>1</voice>
        <type>quarter</type>
        <stem>down</stem>
        </note>
      </measure>
    <measure number="3" width="146.30">
      <note default-x="10.36" default-y="-15.00">
        <pitch>
          <step>C</step>
          <octave>5</octave>
          </pitch>
        <duration>12</duration>
        <voice>1</voice>
        <type>half</type>
        <dot/>
        <stem>down</stem>
        </note>
      <note default-x="85.82" default-y="-20.00">
        <pitch>
          <step>B</step>
          <octave>4</octave>
          </pitch>
        <duration>2</duration>
        <voice>1</voice>
        <type>eighth</type>
        <stem>down</stem>
        <beam number="1">begin</beam>
        </note>
      <note default-x="115.26" default-y="-15.00">
        <pitch>
          <step>C</step>
          <octave>5</octave>
          </pitch>
        <duration>2</duration>
        <voice>1</voice>
        <type>eighth</type>
        <stem>down</stem>
        <beam number="1">end</beam>
        </note>
      </measure>
    <measure number="4" width="177.03">
      <note default-x="14.36" default-y="-10.00">
        <pitch>
          <step>D</step>
          <octave>5</octave>
          </pitch>
        <duration>6</duration>
        <voice>1</voice>
        <type>quarter</type>
        <dot/>
        <stem>down</stem>
        </note>
      <note default-x="75.94" default-y="-10.00">
        <pitch>
          <step>D</step>
          <octave>5</octave>
          </pitch>
        <duration>2</duration>
        <voice>1</voice>
        <type>eighth</type>
        <stem>down</stem>
        </note>
      <note default-x="99.63" default-y="-15.00">
        <pitch>
          <step>C</step>
          <octave>5</octave>
          </pitch>
        <duration>4</duration>
        <voice>1</voice>
        <type>quarter</type>
        <stem>down</stem>
        </note>
      <note default-x="137.53" default-y="-20.00">
        <pitch>
          <step>B</step>
          <octave>4</octave>
          </pitch>
        <duration>4</duration>
        <voice>1</voice>
        <type>quarter</type>
        <stem>down</stem>
        </note>
      </measure>
    <measure number="5" width="146.30">
      <note default-x="10.36" default-y="-25.00">
        <pitch>
          <step>A</step>
          <octave>4</octave>
          </pitch>
        <duration>12</duration>
        <voice>1</voice>
        <type>half</type>
        <dot/>
        <stem>up</stem>
        </note>
      <note default-x="85.82" default-y="-25.00">
        <pitch>
          <step>A</step>
          <octave>4</octave>
          </pitch>
        <duration>2</duration>
        <voice>1</voice>
        <type>eighth</type>
        <stem>up</stem>
        <beam number="1">begin</beam>
        </note>
      <note default-x="115.26" default-y="-20.00">
        <pitch>
          <step>B</step>
          <octave>4</octave>
          </pitch>
        <duration>2</duration>
        <voice>1</voice>
        <type>eighth</type>
        <stem>up</stem>
        <beam number="1">end</beam>
        </note>
      </measure>
    <measure number="6" width="167.50">
      <note default-x="10.00" default-y="-15.00">
        <pitch>
          <step>C</step>
          <octave>5</octave>
          </pitch>
        <duration>4</duration>
        <voice>1</voice>
        <type>quarter</type>
        <stem>down</stem>
        </note>
      <note default-x="48.98" default-y="-15.00">
        <pitch>
          <step>C</step>
          <octave>5</octave>
          </pitch>
        <duration>4</duration>
        <voice>1</voice>
        <type>quarter</type>
        <stem>down</stem>
        </note>
      <note default-x="87.95" default-y="-15.00">
        <pitch>
          <step>C</step>
          <octave>5</octave>
          </pitch>
        <duration>4</duration>
        <voice>1</voice>
        <type>quarter</type>
        <stem>down</stem>
        </note>
      <note default-x="126.93" default-y="-20.00">
        <pitch>
          <step>B</step>
          <octave>4</octave>
          </pitch>
        <duration>4</duration>
        <voice>1</voice>
        <type>quarter</type>
        <stem>down</stem>
        </note>
      </measure>
    <measure number="7" width="146.30">
      <note default-x="10.36" default-y="-15.00">
        <pitch>
          <step>C</step>
          <octave>5</octave>
          </pitch>
        <duration>12</duration>
        <voice>1</voice>
        <type>half</type>
        <dot/>
        <stem>down</stem>
        </note>
      <note default-x="85.82" default-y="-20.00">
        <pitch>
          <step>B</step>
          <octave>4</octave>
          </pitch>
        <duration>2</duration>
        <voice>1</voice>
        <type>eighth</type>
        <stem>down</stem>
        <beam number="1">begin</beam>
        </note>
      <note default-x="115.26" default-y="-15.00">
        <pitch>
          <step>C</step>
          <octave>5</octave>
          </pitch>
        <duration>2</duration>
        <voice>1</voice>
        <type>eighth</type>
        <stem>down</stem>
        <beam number="1">end</beam>
        </note>
      </measure>
    <measure number="8" width="177.03">
      <note default-x="14.36" default-y="-10.00">
        <pitch>
          <step>D</step>
          <octave>5</octave>
          </pitch>
        <duration>6</duration>
        <voice>1</voice>
        <type>quarter</type>
        <dot/>
        <stem>down</stem>
        </note>
      <note default-x="75.94" default-y="-10.00">
        <pitch>
          <step>D</step>
          <octave>5</octave>
          </pitch>
        <duration>2</duration>
        <voice>1</voice>
        <type>eighth</type>
        <stem>down</stem>
        </note>
      <note default-x="99.63" default-y="-15.00">
        <pitch>
          <step>C</step>
          <octave>5</octave>
          </pitch>
        <duration>4</duration>
        <voice>1</voice>
        <type>quarter</type>
        <stem>down</stem>
        </note>
      <note default-x="137.53" default-y="-20.00">
        <pitch>
          <step>B</step>
          <octave>4</octave>
          </pitch>
        <duration>4</duration>
        <voice>1</voice>
        <type>quarter</type>
        <stem>down</stem>
        </note>
      </measure>
    <measure number="9" width="154.59">
      <note default-x="10.36" default-y="-25.00">
        <pitch>
          <step>A</step>
          <octave>4</octave>
          </pitch>
        <duration>12</duration>
        <voice>1</voice>
        <type>half</type>
        <dot/>
        <stem>up</stem>
        </note>
      <note default-x="103.93" default-y="-35.00">
        <pitch>
          <step>F</step>
          <alter>1</alter>
          <octave>4</octave>
          </pitch>
        <duration>2</duration>
        <voice>1</voice>
        <type>eighth</type>
        <stem>up</stem>
        <beam number="1">begin</beam>
        </note>
      <note default-x="128.46" default-y="-30.00">
        <pitch>
          <step>G</step>
          <octave>4</octave>
          </pitch>
        <duration>2</duration>
        <voice>1</voice>
        <type>eighth</type>
        <stem>up</stem>
        <beam number="1">end</beam>
        </note>
      </measure>
    <measure number="10" width="192.63">
      <note default-x="10.36" default-y="-25.00">
        <pitch>
          <step>A</step>
          <octave>4</octave>
          </pitch>
        <duration>12</duration>
        <voice>1</voice>
        <type>half</type>
        <dot/>
        <stem>up</stem>
        </note>
      <note default-x="140.94" default-y="-35.00">
        <pitch>
          <step>F</step>
          <alter>1</alter>
          <octave>4</octave>
          </pitch>
        <duration>2</duration>
        <voice>1</voice>
        <type>eighth</type>
        <stem>up</stem>
        <beam number="1">begin</beam>
        </note>
      <note default-x="165.98" default-y="-30.00">
        <pitch>
          <step>G</step>
          <octave>4</octave>
          </pitch>
        <duration>2</duration>
        <voice>1</voice>
        <type>eighth</type>
        <stem>up</stem>
        <beam number="1">end</beam>
        </note>
      </measure>
    <measure number="11" width="127.50">
      <note default-x="10.36" default-y="-25.00">
        <pitch>
          <step>A</step>
          <octave>4</octave>
          </pitch>
        <duration>12</duration>
        <voice>1</voice>
        <type>half</type>
        <dot/>
        <stem>up</stem>
        </note>
      <note default-x="86.87" default-y="-10.00">
        <pitch>
          <step>D</step>
          <octave>5</octave>
          </pitch>
        <duration>4</duration>
        <voice>1</voice>
        <type>quarter</type>
        <stem>down</stem>
        </note>
      </measure>
    <measure number="12" width="241.76">
      <print new-system="yes">
        <system-layout>
          <system-margins>
            <left-margin>32.17</left-margin>
            <right-margin>0.00</right-margin>
            </system-margins>
          <system-distance>150.00</system-distance>
          </system-layout>
        </print>
      <note default-x="83.69" default-y="-10.00">
        <pitch>
          <step>D</step>
          <octave>5</octave>
          </pitch>
        <duration>6</duration>
        <voice>1</voice>
        <type>quarter</type>
        <dot/>
        <stem>down</stem>
        </note>
      <note default-x="139.59" default-y="-15.00">
        <pitch>
          <step>C</step>
          <octave>5</octave>
          </pitch>
        <duration>2</duration>
        <voice>1</voice>
        <type>eighth</type>
        <stem>down</stem>
        </note>
      <note default-x="161.09" default-y="-20.00">
        <pitch>
          <step>B</step>
          <octave>4</octave>
          </pitch>
        <duration>4</duration>
        <voice>1</voice>
        <type>quarter</type>
        <stem>down</stem>
        </note>
      <note default-x="195.50" default-y="-25.00">
        <pitch>
          <step>A</step>
          <octave>4</octave>
          </pitch>
        <duration>4</duration>
        <voice>1</voice>
        <type>quarter</type>
        <stem>up</stem>
        </note>
      </measure>
    <measure number="13" width="121.68">
      <note default-x="10.00" default-y="-30.00">
        <pitch>
          <step>G</step>
          <octave>4</octave>
          </pitch>
        <duration>12</duration>
        <voice>1</voice>
        <type>half</type>
        <dot/>
        <stem>up</stem>
        </note>
      <note default-x="71.86" default-y="-35.00">
        <pitch>
          <step>F</step>
          <alter>1</alter>
          <octave>4</octave>
          </pitch>
        <duration>2</duration>
        <voice>1</voice>
        <type>eighth</type>
        <stem>up</stem>
        <beam number="1">begin</beam>
        </note>
      <note default-x="95.97" default-y="-30.00">
        <pitch>
          <step>G</step>
          <octave>4</octave>
          </pitch>
        <duration>2</duration>
        <voice>1</voice>
        <type>eighth</type>
        <stem>up</stem>
        <beam number="1">end</beam>
        </note>
      </measure>
    <measure number="14" width="168.37">
      <note default-x="10.36" default-y="-25.00">
        <pitch>
          <step>A</step>
          <octave>4</octave>
          </pitch>
        <duration>12</duration>
        <voice>1</voice>
        <type>half</type>
        <dot/>
        <stem>up</stem>
        </note>
      <note default-x="122.17" default-y="-35.00">
        <pitch>
          <step>F</step>
          <alter>1</alter>
          <octave>4</octave>
          </pitch>
        <duration>2</duration>
        <voice>1</voice>
        <type>eighth</type>
        <stem>up</stem>
        <beam number="1">begin</beam>
        </note>
      <note default-x="143.60" default-y="-30.00">
        <pitch>
          <step>G</step>
          <octave>4</octave>
          </pitch>
        <duration>2</duration>
        <voice>1</voice>
        <type>eighth</type>
        <stem>up</stem>
        <beam number="1">end</beam>
        </note>
      </measure>
    <measure number="15" width="149.57">
      <note default-x="10.36" default-y="-25.00">
        <pitch>
          <step>A</step>
          <octave>4</octave>
          </pitch>
        <duration>12</duration>
        <voice>1</voice>
        <type>half</type>
        <dot/>
        <stem>up</stem>
        </note>
      <note default-x="115.67" default-y="-10.00">
        <pitch>
          <step>D</step>
          <octave>5</octave>
          </pitch>
        <duration>4</duration>
        <voice>1</voice>
        <type>quarter</type>
        <stem>down</stem>
        </note>
      </measure>
    <measure number="16" width="191.93">
      <note default-x="10.36" default-y="-10.00">
        <pitch>
          <step>D</step>
          <octave>5</octave>
          </pitch>
        <duration>6</duration>
        <voice>1</voice>
        <type>quarter</type>
        <dot/>
        <stem>down</stem>
        </note>
      <note default-x="70.96" default-y="-15.00">
        <pitch>
          <step>C</step>
          <octave>5</octave>
          </pitch>
        <duration>2</duration>
        <voice>1</voice>
        <type>eighth</type>
        <stem>down</stem>
        </note>
      <note default-x="96.96" default-y="-20.00">
        <pitch>
          <step>B</step>
          <octave>4</octave>
          </pitch>
        <duration>4</duration>
        <voice>1</voice>
        <type>quarter</type>
        <stem>down</stem>
        </note>
      <note default-x="134.25" default-y="-25.00">
        <pitch>
          <step>A</step>
          <octave>4</octave>
          </pitch>
        <duration>4</duration>
        <voice>1</voice>
        <type>quarter</type>
        <stem>up</stem>
        </note>
      </measure>
    <measure number="17" width="147.09">
      <note default-x="13.80" default-y="-30.00">
        <pitch>
          <step>G</step>
          <octave>4</octave>
          </pitch>
        <duration>4</duration>
        <voice>1</voice>
        <type>quarter</type>
        <stem>up</stem>
        </note>
      <note default-x="46.72" default-y="-10.00">
        <pitch>
          <step>D</step>
          <octave>5</octave>
          </pitch>
        <duration>4</duration>
        <voice>1</voice>
        <type>quarter</type>
        <stem>down</stem>
        </note>
      <note default-x="79.65" default-y="-30.00">
        <pitch>
          <step>G</step>
          <octave>4</octave>
          </pitch>
        <duration>4</duration>
        <voice>1</voice>
        <type>quarter</type>
        <stem>up</stem>
        </note>
      <note default-x="112.57" default-y="-10.00">
        <pitch>
          <step>D</step>
          <octave>5</octave>
          </pitch>
        <duration>4</duration>
        <voice>1</voice>
        <type>quarter</type>
        <stem>down</stem>
        </note>
      </measure>
    <measure number="18" width="140.12">
      <note default-x="10.00" default-y="-30.00">
        <pitch>
          <step>G</step>
          <octave>4</octave>
          </pitch>
        <duration>4</duration>
        <voice>1</voice>
        <type>quarter</type>
        <stem>up</stem>
        </note>
      <note default-x="42.72" default-y="-10.00">
        <pitch>
          <step>D</step>
          <octave>5</octave>
          </pitch>
        <duration>4</duration>
        <voice>1</voice>
        <type>quarter</type>
        <stem>down</stem>
        </note>
      <note default-x="75.45" default-y="-10.00">
        <pitch>
          <step>D</step>
          <octave>5</octave>
          </pitch>
        <duration>6</duration>
        <voice>1</voice>
        <type>quarter</type>
        <dot/>
        <stem>down</stem>
        </note>
      <note default-x="115.35" default-y="-5.00">
        <pitch>
          <step>E</step>
          <octave>5</octave>
          </pitch>
        <duration>2</duration>
        <voice>1</voice>
        <type>eighth</type>
        <stem>down</stem>
        </note>
      </measure>
    <measure number="19" width="167.21">
      <note default-x="10.00" default-y="-10.00">
        <pitch>
          <step>D</step>
          <octave>5</octave>
          </pitch>
        <duration>2</duration>
        <voice>1</voice>
        <type>eighth</type>
        <stem>down</stem>
        <beam number="1">begin</beam>
        </note>
      <note default-x="31.61" default-y="-15.00">
        <pitch>
          <step>C</step>
          <octave>5</octave>
          </pitch>
        <duration>2</duration>
        <voice>1</voice>
        <type>eighth</type>
        <stem>down</stem>
        <beam number="1">continue</beam>
        </note>
      <note default-x="53.23" default-y="-20.00">
        <pitch>
          <step>B</step>
          <octave>4</octave>
          </pitch>
        <duration>2</duration>
        <voice>1</voice>
        <type>eighth</type>
        <stem>down</stem>
        <beam number="1">continue</beam>
        </note>
      <note default-x="74.84" default-y="-25.00">
        <pitch>
          <step>A</step>
          <octave>4</octave>
          </pitch>
        <duration>2</duration>
        <voice>1</voice>
        <type>eighth</type>
        <stem>down</stem>
        <beam number="1">end</beam>
        </note>
      <note default-x="96.45" default-y="-30.00">
        <pitch>
          <step>G</step>
          <octave>4</octave>
          </pitch>
        <duration>4</duration>
        <voice>1</voice>
        <type>quarter</type>
        <stem>up</stem>
        </note>
      <note default-x="131.03" default-y="-10.00">
        <pitch>
          <step>D</step>
          <octave>5</octave>
          </pitch>
        <duration>4</duration>
        <voice>1</voice>
        <type>quarter</type>
        <stem>down</stem>
        </note>
      </measure>
    <measure number="20" width="159.94">
      <note default-x="10.00" default-y="-30.00">
        <pitch>
          <step>G</step>
          <octave>4</octave>
          </pitch>
        <duration>4</duration>
        <voice>1</voice>
        <type>quarter</type>
        <stem>up</stem>
        </note>
      <note default-x="41.88" default-y="-10.00">
        <pitch>
          <step>D</step>
          <octave>5</octave>
          </pitch>
        <duration>4</duration>
        <voice>1</voice>
        <type>quarter</type>
        <stem>down</stem>
        </note>
      <note default-x="73.76" default-y="-30.00">
        <pitch>
          <step>G</step>
          <octave>4</octave>
          </pitch>
        <duration>4</duration>
        <voice>1</voice>
        <type>quarter</type>
        <stem>up</stem>
        </note>
      <note default-x="105.64" default-y="-10.00">
        <pitch>
          <step>D</step>
          <octave>5</octave>
          </pitch>
        <duration>4</duration>
        <voice>1</voice>
        <type>quarter</type>
        <stem>down</stem>
        </note>
      </measure>
    <measure number="21" width="196.01">
      <note default-x="10.36" default-y="-10.00">
        <pitch>
          <step>D</step>
          <octave>5</octave>
          </pitch>
        <duration>6</duration>
        <voice>1</voice>
        <type>quarter</type>
        <dot/>
        <stem>down</stem>
        </note>
      <note default-x="53.23" default-y="-5.00">
        <pitch>
          <step>E</step>
          <octave>5</octave>
          </pitch>
        <duration>2</duration>
        <voice>1</voice>
        <type>eighth</type>
        <stem>down</stem>
        </note>
      <note default-x="86.85" default-y="-10.00">
        <pitch>
          <step>D</step>
          <octave>5</octave>
          </pitch>
        <duration>2</duration>
        <voice>1</voice>
        <type>eighth</type>
        <stem>down</stem>
        <beam number="1">begin</beam>
        </note>
      <note default-x="113.74" default-y="-15.00">
        <pitch>
          <step>C</step>
          <octave>5</octave>
          </pitch>
        <duration>2</duration>
        <voice>1</voice>
        <type>eighth</type>
        <stem>down</stem>
        <beam number="1">continue</beam>
        </note>
      <note default-x="140.63" default-y="-20.00">
        <pitch>
          <step>B</step>
          <octave>4</octave>
          </pitch>
        <duration>2</duration>
        <voice>1</voice>
        <type>eighth</type>
        <stem>down</stem>
        <beam number="1">continue</beam>
        </note>
      <note default-x="167.52" default-y="-25.00">
        <pitch>
          <step>A</step>
          <octave>4</octave>
          </pitch>
        <duration>2</duration>
        <voice>1</voice>
        <type>eighth</type>
        <stem>down</stem>
        <beam number="1">end</beam>
        </note>
      </measure>
    <measure number="22" width="93.51">
      <note default-x="10.00" default-y="-30.00">
        <pitch>
          <step>G</step>
          <octave>4</octave>
          </pitch>
        <duration>16</duration>
        <voice>1</voice>
        <type>whole</type>
        </note>
      <barline location="right">
        <bar-style>light-heavy</bar-style>
        </barline>
      </measure>
    </part>
  <part id="P2">
    <measure number="1" width="131.51">
      <print>
        <staff-layout number="1">
          <staff-distance>65.00</staff-distance>
          </staff-layout>
        </print>
      <attributes>
        <divisions>4</divisions>
        <key print-object="no">
          <fifths>1</fifths>
          <mode>major</mode>
          </key>
        <time symbol="common">
          <beats>4</beats>
          <beat-type>4</beat-type>
          </time>
        <clef>
          <sign>G</sign>
          <line>2</line>
          </clef>
        </attributes>
      <note default-x="74.62" default-y="-140.00">
        <pitch>
          <step>F</step>
          <alter>1</alter>
          <octave>4</octave>
          </pitch>
        <duration>4</duration>
        <voice>1</voice>
        <type>quarter</type>
        <stem>up</stem>
        </note>
      </measure>
    <measure number="2" width="167.50">
      <note default-x="10.00" default-y="-135.00">
        <pitch>
          <step>G</step>
          <octave>4</octave>
          </pitch>
        <duration>4</duration>
        <voice>1</voice>
        <type>quarter</type>
        <stem>up</stem>
        </note>
      <note default-x="48.98" default-y="-135.00">
        <pitch>
          <step>G</step>
          <octave>4</octave>
          </pitch>
        <duration>4</duration>
        <voice>1</voice>
        <type>quarter</type>
        <stem>up</stem>
        </note>
      <note default-x="87.95" default-y="-130.00">
        <pitch>
          <step>A</step>
          <octave>4</octave>
          </pitch>
        <duration>4</duration>
        <voice>1</voice>
        <type>quarter</type>
        <stem>up</stem>
        </note>
      <note default-x="126.93" default-y="-135.00">
        <pitch>
          <step>G</step>
          <octave>4</octave>
          </pitch>
        <duration>4</duration>
        <voice>1</voice>
        <type>quarter</type>
        <stem>up</stem>
        </note>
      </measure>
    <measure number="3" width="146.30">
      <note default-x="10.36" default-y="-135.00">
        <pitch>
          <step>G</step>
          <octave>4</octave>
          </pitch>
        <duration>12</duration>
        <voice>1</voice>
        <type>half</type>
        <dot/>
        <stem>up</stem>
        </note>
      <note default-x="85.82" default-y="-135.00">
        <pitch>
          <step>G</step>
          <octave>4</octave>
          </pitch>
        <duration>4</duration>
        <voice>1</voice>
        <type>quarter</type>
        <stem>up</stem>
        </note>
      </measure>
    <measure number="4" width="177.03">
      <note default-x="14.36" default-y="-130.00">
        <pitch>
          <step>A</step>
          <octave>4</octave>
          </pitch>
        <duration>4</duration>
        <voice>1</voice>
        <type>quarter</type>
        <stem>up</stem>
        </note>
      <note default-x="52.26" default-y="-130.00">
        <pitch>
          <step>A</step>
          <octave>4</octave>
          </pitch>
        <duration>4</duration>
        <voice>1</voice>
        <type>quarter</type>
        <stem>up</stem>
        </note>
      <note default-x="99.63" default-y="-130.00">
        <pitch>
          <step>A</step>
          <octave>4</octave>
          </pitch>
        <duration>4</duration>
        <voice>1</voice>
        <type>quarter</type>
        <stem>up</stem>
        </note>
      <note default-x="137.53" default-y="-135.00">
        <pitch>
          <step>G</step>
          <octave>4</octave>
          </pitch>
        <duration>4</duration>
        <voice>1</voice>
        <type>quarter</type>
        <stem>up</stem>
        </note>
      </measure>
    <measure number="5" width="146.30">
      <note default-x="10.36" default-y="-140.00">
        <pitch>
          <step>F</step>
          <alter>1</alter>
          <octave>4</octave>
          </pitch>
        <duration>12</duration>
        <voice>1</voice>
        <type>half</type>
        <dot/>
        <stem>up</stem>
        </note>
      <note default-x="85.82" default-y="-140.00">
        <pitch>
          <step>F</step>
          <alter>1</alter>
          <octave>4</octave>
          </pitch>
        <duration>4</duration>
        <voice>1</voice>
        <type>quarter</type>
        <stem>up</stem>
        </note>
      </measure>
    <measure number="6" width="167.50">
      <note default-x="10.00" default-y="-135.00">
        <pitch>
          <step>G</step>
          <octave>4</octave>
          </pitch>
        <duration>4</duration>
        <voice>1</voice>
        <type>quarter</type>
        <stem>up</stem>
        </note>
      <note default-x="48.98" default-y="-135.00">
        <pitch>
          <step>G</step>
          <octave>4</octave>
          </pitch>
        <duration>4</duration>
        <voice>1</voice>
        <type>quarter</type>
        <stem>up</stem>
        </note>
      <note default-x="87.95" default-y="-130.00">
        <pitch>
          <step>A</step>
          <octave>4</octave>
          </pitch>
        <duration>4</duration>
        <voice>1</voice>
        <type>quarter</type>
        <stem>up</stem>
        </note>
      <note default-x="126.93" default-y="-135.00">
        <pitch>
          <step>G</step>
          <octave>4</octave>
          </pitch>
        <duration>4</duration>
        <voice>1</voice>
        <type>quarter</type>
        <stem>up</stem>
        </note>
      </measure>
    <measure number="7" width="146.30">
      <note default-x="10.36" default-y="-135.00">
        <pitch>
          <step>G</step>
          <octave>4</octave>
          </pitch>
        <duration>12</duration>
        <voice>1</voice>
        <type>half</type>
        <dot/>
        <stem>up</stem>
        </note>
      <note default-x="85.82" default-y="-135.00">
        <pitch>
          <step>G</step>
          <octave>4</octave>
          </pitch>
        <duration>4</duration>
        <voice>1</voice>
        <type>quarter</type>
        <stem>up</stem>
        </note>
      </measure>
    <measure number="8" width="177.03">
      <note default-x="14.36" default-y="-130.00">
        <pitch>
          <step>A</step>
          <octave>4</octave>
          </pitch>
        <duration>4</duration>
        <voice>1</voice>
        <type>quarter</type>
        <stem>up</stem>
        </note>
      <note default-x="52.26" default-y="-130.00">
        <pitch>
          <step>A</step>
          <octave>4</octave>
          </pitch>
        <duration>4</duration>
        <voice>1</voice>
        <type>quarter</type>
        <stem>up</stem>
        </note>
      <note default-x="99.63" default-y="-130.00">
        <pitch>
          <step>A</step>
          <octave>4</octave>
          </pitch>
        <duration>4</duration>
        <voice>1</voice>
        <type>quarter</type>
        <stem>up</stem>
        </note>
      <note default-x="137.53" default-y="-135.00">
        <pitch>
          <step>G</step>
          <octave>4</octave>
          </pitch>
        <duration>4</duration>
        <voice>1</voice>
        <type>quarter</type>
        <stem>up</stem>
        </note>
      </measure>
    <measure number="9" width="154.59">
      <note default-x="10.36" default-y="-140.00">
        <pitch>
          <step>F</step>
          <alter>1</alter>
          <octave>4</octave>
          </pitch>
        <duration>12</duration>
        <voice>1</voice>
        <type>half</type>
        <dot/>
        <stem>up</stem>
        </note>
      <note default-x="103.93" default-y="-150.00">
        <pitch>
          <step>D</step>
          <octave>4</octave>
          </pitch>
        <duration>2</duration>
        <voice>1</voice>
        <type>eighth</type>
        <stem>up</stem>
        <beam number="1">begin</beam>
        </note>
      <note default-x="128.46" default-y="-145.00">
        <pitch>
          <step>E</step>
          <octave>4</octave>
          </pitch>
        <duration>2</duration>
        <voice>1</voice>
        <type>eighth</type>
        <stem>up</stem>
        <beam number="1">end</beam>
        </note>
      </measure>
    <measure number="10" width="192.63">
      <note default-x="10.36" default-y="-140.00">
        <pitch>
          <step>F</step>
          <alter>1</alter>
          <octave>4</octave>
          </pitch>
        <duration>12</duration>
        <voice>1</voice>
        <type>half</type>
        <dot/>
        <stem>up</stem>
        </note>
      <note default-x="140.94" default-y="-150.00">
        <pitch>
          <step>D</step>
          <octave>4</octave>
          </pitch>
        <duration>2</duration>
        <voice>1</voice>
        <type>eighth</type>
        <stem>up</stem>
        <beam number="1">begin</beam>
        </note>
      <note default-x="165.98" default-y="-145.00">
        <pitch>
          <step>E</step>
          <octave>4</octave>
          </pitch>
        <duration>2</duration>
        <voice>1</voice>
        <type>eighth</type>
        <stem>up</stem>
        <beam number="1">end</beam>
        </note>
      </measure>
    <measure number="11" width="127.50">
      <note default-x="10.36" default-y="-140.00">
        <pitch>
          <step>F</step>
          <alter>1</alter>
          <octave>4</octave>
          </pitch>
        <duration>12</duration>
        <voice>1</voice>
        <type>half</type>
        <dot/>
        <stem>up</stem>
        </note>
      <note default-x="86.87" default-y="-140.00">
        <pitch>
          <step>F</step>
          <alter>1</alter>
          <octave>4</octave>
          </pitch>
        <duration>4</duration>
        <voice>1</voice>
        <type>quarter</type>
        <stem>up</stem>
        </note>
      </measure>
    <measure number="12" width="241.76">
      <print new-system="yes">
        <staff-layout number="1">
          <staff-distance>65.00</staff-distance>
          </staff-layout>
        </print>
      <note default-x="83.32" default-y="-135.00">
        <pitch>
          <step>G</step>
          <octave>4</octave>
          </pitch>
        <duration>12</duration>
        <voice>1</voice>
        <type>half</type>
        <dot/>
        <stem>up</stem>
        </note>
      <note default-x="195.50" default-y="-140.00">
        <pitch>
          <step>F</step>
          <alter>1</alter>
          <octave>4</octave>
          </pitch>
        <duration>2</duration>
        <voice>1</voice>
        <type>eighth</type>
        <stem>up</stem>
        <beam number="1">begin</beam>
        </note>
      <note default-x="217.00" default-y="-145.00">
        <pitch>
          <step>E</step>
          <octave>4</octave>
          </pitch>
        <duration>2</duration>
        <voice>1</voice>
        <type>eighth</type>
        <stem>up</stem>
        <beam number="1">end</beam>
        </note>
      </measure>
    <measure number="13" width="121.68">
      <note default-x="10.00" default-y="-150.00">
        <pitch>
          <step>D</step>
          <octave>4</octave>
          </pitch>
        <duration>12</duration>
        <voice>1</voice>
        <type>half</type>
        <dot/>
        <stem>up</stem>
        </note>
      <note default-x="71.86" default-y="-150.00">
        <pitch>
          <step>D</step>
          <octave>4</octave>
          </pitch>
        <duration>2</duration>
        <voice>1</voice>
        <type>eighth</type>
        <stem>up</stem>
        <beam number="1">begin</beam>
        </note>
      <note default-x="95.97" default-y="-145.00">
        <pitch>
          <step>E</step>
          <octave>4</octave>
          </pitch>
        <duration>2</duration>
        <voice>1</voice>
        <type>eighth</type>
        <stem>up</stem>
        <beam number="1">end</beam>
        </note>
      </measure>
    <measure number="14" width="168.37">
      <note default-x="10.36" default-y="-140.00">
        <pitch>
          <step>F</step>
          <alter>1</alter>
          <octave>4</octave>
          </pitch>
        <duration>12</duration>
        <voice>1</voice>
        <type>half</type>
        <dot/>
        <stem>up</stem>
        </note>
      <note default-x="122.17" default-y="-150.00">
        <pitch>
          <step>D</step>
          <octave>4</octave>
          </pitch>
        <duration>2</duration>
        <voice>1</voice>
        <type>eighth</type>
        <stem>up</stem>
        <beam number="1">begin</beam>
        </note>
      <note default-x="143.60" default-y="-145.00">
        <pitch>
          <step>E</step>
          <octave>4</octave>
          </pitch>
        <duration>2</duration>
        <voice>1</voice>
        <type>eighth</type>
        <stem>up</stem>
        <beam number="1">end</beam>
        </note>
      </measure>
    <measure number="15" width="149.57">
      <note default-x="10.36" default-y="-140.00">
        <pitch>
          <step>F</step>
          <alter>1</alter>
          <octave>4</octave>
          </pitch>
        <duration>12</duration>
        <voice>1</voice>
        <type>half</type>
        <dot/>
        <stem>up</stem>
        </note>
      <note default-x="115.67" default-y="-140.00">
        <pitch>
          <step>F</step>
          <alter>1</alter>
          <octave>4</octave>
          </pitch>
        <duration>4</duration>
        <voice>1</voice>
        <type>quarter</type>
        <stem>up</stem>
        </note>
      </measure>
    <measure number="16" width="191.93">
      <note default-x="10.00" default-y="-150.00">
        <pitch>
          <step>D</step>
          <octave>4</octave>
          </pitch>
        <duration>8</duration>
        <voice>1</voice>
        <type>half</type>
        <stem>up</stem>
        </note>
      <note default-x="96.96" default-y="-150.00">
        <pitch>
          <step>D</step>
          <octave>4</octave>
          </pitch>
        <duration>6</duration>
        <voice>1</voice>
        <type>quarter</type>
        <dot/>
        <stem>up</stem>
        </note>
      <note default-x="157.56" default-y="-155.00">
        <pitch>
          <step>C</step>
          <octave>4</octave>
          </pitch>
        <duration>2</duration>
        <voice>1</voice>
        <type>eighth</type>
        <stem>up</stem>
        </note>
      </measure>
    <measure number="17" width="147.09">
      <note default-x="13.80" default-y="-160.00">
        <pitch>
          <step>B</step>
          <octave>3</octave>
          </pitch>
        <duration>4</duration>
        <voice>1</voice>
        <type>quarter</type>
        <stem>up</stem>
        </note>
      <note default-x="46.72" default-y="-160.00">
        <pitch>
          <step>B</step>
          <octave>3</octave>
          </pitch>
        <duration>4</duration>
        <voice>1</voice>
        <type>quarter</type>
        <stem>up</stem>
        </note>
      <note default-x="79.65" default-y="-150.00">
        <pitch>
          <step>D</step>
          <octave>4</octave>
          </pitch>
        <duration>4</duration>
        <voice>1</voice>
        <type>quarter</type>
        <stem>up</stem>
        </note>
      <note default-x="112.57" default-y="-150.00">
        <pitch>
          <step>D</step>
          <octave>4</octave>
          </pitch>
        <duration>4</duration>
        <voice>1</voice>
        <type>quarter</type>
        <stem>up</stem>
        </note>
      </measure>
    <measure number="18" width="140.12">
      <note default-x="10.00" default-y="-150.00">
        <pitch>
          <step>D</step>
          <octave>4</octave>
          </pitch>
        <duration>4</duration>
        <voice>1</voice>
        <type>quarter</type>
        <stem>up</stem>
        </note>
      <note default-x="42.72" default-y="-150.00">
        <pitch>
          <step>D</step>
          <octave>4</octave>
          </pitch>
        <duration>4</duration>
        <voice>1</voice>
        <type>quarter</type>
        <stem>up</stem>
        </note>
      <note default-x="75.09" default-y="-135.00">
        <pitch>
          <step>G</step>
          <octave>4</octave>
          </pitch>
        <duration>8</duration>
        <voice>1</voice>
        <type>half</type>
        <stem>up</stem>
        </note>
      </measure>
    <measure number="19" width="167.21">
      <note default-x="10.00" default-y="-135.00">
        <pitch>
          <step>G</step>
          <octave>4</octave>
          </pitch>
        <duration>4</duration>
        <voice>1</voice>
        <type>quarter</type>
        <stem>up</stem>
        </note>
      <note default-x="53.23" default-y="-135.00">
        <pitch>
          <step>G</step>
          <octave>4</octave>
          </pitch>
        <duration>4</duration>
        <voice>1</voice>
        <type>quarter</type>
        <stem>up</stem>
        </note>
      <note default-x="96.45" default-y="-150.00">
        <pitch>
          <step>D</step>
          <octave>4</octave>
          </pitch>
        <duration>4</duration>
        <voice>1</voice>
        <type>quarter</type>
        <stem>up</stem>
        </note>
      <note default-x="131.03" default-y="-150.00">
        <pitch>
          <step>D</step>
          <octave>4</octave>
          </pitch>
        <duration>4</duration>
        <voice>1</voice>
        <type>quarter</type>
        <stem>up</stem>
        </note>
      </measure>
    <measure number="20" width="159.94">
      <note default-x="10.00" default-y="-150.00">
        <pitch>
          <step>D</step>
          <octave>4</octave>
          </pitch>
        <duration>4</duration>
        <voice>1</voice>
        <type>quarter</type>
        <stem>up</stem>
        </note>
      <note default-x="41.88" default-y="-150.00">
        <pitch>
          <step>D</step>
          <octave>4</octave>
          </pitch>
        <duration>4</duration>
        <voice>1</voice>
        <type>quarter</type>
        <stem>up</stem>
        </note>
      <note default-x="73.76" default-y="-150.00">
        <pitch>
          <step>D</step>
          <octave>4</octave>
          </pitch>
        <duration>4</duration>
        <voice>1</voice>
        <type>quarter</type>
        <stem>up</stem>
        </note>
      <note default-x="105.64" default-y="-150.00">
        <pitch>
          <step>D</step>
          <octave>4</octave>
          </pitch>
        <duration>4</duration>
        <voice>1</voice>
        <type>quarter</type>
        <stem>up</stem>
        </note>
      </measure>
    <measure number="21" width="196.01">
      <note default-x="10.00" default-y="-135.00">
        <pitch>
          <step>G</step>
          <octave>4</octave>
          </pitch>
        <duration>8</duration>
        <voice>1</voice>
        <type>half</type>
        <stem>up</stem>
        </note>
      <note default-x="86.85" default-y="-140.00">
        <pitch>
          <step>F</step>
          <alter>1</alter>
          <octave>4</octave>
          </pitch>
        <duration>4</duration>
        <voice>1</voice>
        <type>quarter</type>
        <stem>up</stem>
        </note>
      <note default-x="140.63" default-y="-135.00">
        <pitch>
          <step>G</step>
          <octave>4</octave>
          </pitch>
        <duration>4</duration>
        <voice>1</voice>
        <type>quarter</type>
        <stem>up</stem>
        </note>
      </measure>
    <measure number="22" width="93.51">
      <note default-x="10.00" default-y="-150.00">
        <pitch>
          <step>D</step>
          <octave>4</octave>
          </pitch>
        <duration>16</duration>
        <voice>1</voice>
        <type>whole</type>
        </note>
      <barline location="right">
        <bar-style>light-heavy</bar-style>
        </barline>
      </measure>
    </part>
  <part id="P3">
    <measure number="1" width="131.51">
      <print>
        <staff-layout number="1">
          <staff-distance>65.00</staff-distance>
          </staff-layout>
        </print>
      <attributes>
        <divisions>4</divisions>
        <key print-object="no">
          <fifths>1</fifths>
          <mode>major</mode>
          </key>
        <time symbol="common">
          <beats>4</beats>
          <beat-type>4</beat-type>
          </time>
        <clef>
          <sign>C</sign>
          <line>3</line>
          </clef>
        </attributes>
      <note default-x="74.62" default-y="-225.00">
        <pitch>
          <step>D</step>
          <octave>4</octave>
          </pitch>
        <duration>4</duration>
        <voice>1</voice>
        <type>quarter</type>
        <stem>down</stem>
        </note>
      </measure>
    <measure number="2" width="167.50">
      <note default-x="10.00" default-y="-220.00">
        <pitch>
          <step>E</step>
          <octave>4</octave>
          </pitch>
        <duration>4</duration>
        <voice>1</voice>
        <type>quarter</type>
        <stem>down</stem>
        </note>
      <note default-x="48.98" default-y="-220.00">
        <pitch>
          <step>E</step>
          <octave>4</octave>
          </pitch>
        <duration>4</duration>
        <voice>1</voice>
        <type>quarter</type>
        <stem>down</stem>
        </note>
      <note default-x="87.95" default-y="-215.00">
        <pitch>
          <step>F</step>
          <octave>4</octave>
          </pitch>
        <duration>4</duration>
        <voice>1</voice>
        <type>quarter</type>
        <accidental>natural</accidental>
        <stem>down</stem>
        </note>
      <note default-x="126.93" default-y="-225.00">
        <pitch>
          <step>D</step>
          <octave>4</octave>
          </pitch>
        <duration>4</duration>
        <voice>1</voice>
        <type>quarter</type>
        <stem>down</stem>
        </note>
      </measure>
    <measure number="3" width="146.30">
      <note default-x="10.36" default-y="-220.00">
        <pitch>
          <step>E</step>
          <octave>4</octave>
          </pitch>
        <duration>12</duration>
        <voice>1</voice>
        <type>half</type>
        <dot/>
        <stem>down</stem>
        </note>
      <note default-x="85.82" default-y="-225.00">
        <pitch>
          <step>D</step>
          <octave>4</octave>
          </pitch>
        <duration>2</duration>
        <voice>1</voice>
        <type>eighth</type>
        <stem>down</stem>
        <beam number="1">begin</beam>
        </note>
      <note default-x="115.26" default-y="-220.00">
        <pitch>
          <step>E</step>
          <octave>4</octave>
          </pitch>
        <duration>2</duration>
        <voice>1</voice>
        <type>eighth</type>
        <stem>down</stem>
        <beam number="1">end</beam>
        </note>
      </measure>
    <measure number="4" width="177.03">
      <note default-x="14.36" default-y="-215.00">
        <pitch>
          <step>F</step>
          <octave>4</octave>
          </pitch>
        <duration>4</duration>
        <voice>1</voice>
        <type>quarter</type>
        <accidental>natural</accidental>
        <stem>down</stem>
        </note>
      <note default-x="52.26" default-y="-215.00">
        <pitch>
          <step>F</step>
          <octave>4</octave>
          </pitch>
        <duration>4</duration>
        <voice>1</voice>
        <type>quarter</type>
        <stem>down</stem>
        </note>
      <note default-x="99.63" default-y="-215.00">
        <pitch>
          <step>F</step>
          <octave>4</octave>
          </pitch>
        <duration>4</duration>
        <voice>1</voice>
        <type>quarter</type>
        <stem>down</stem>
        </note>
      <note default-x="137.53" default-y="-225.00">
        <pitch>
          <step>D</step>
          <octave>4</octave>
          </pitch>
        <duration>4</duration>
        <voice>1</voice>
        <type>quarter</type>
        <stem>down</stem>
        </note>
      </measure>
    <measure number="5" width="146.30">
      <note default-x="10.36" default-y="-225.00">
        <pitch>
          <step>D</step>
          <octave>4</octave>
          </pitch>
        <duration>12</duration>
        <voice>1</voice>
        <type>half</type>
        <dot/>
        <stem>down</stem>
        </note>
      <note default-x="85.82" default-y="-225.00">
        <pitch>
          <step>D</step>
          <octave>4</octave>
          </pitch>
        <duration>4</duration>
        <voice>1</voice>
        <type>quarter</type>
        <stem>down</stem>
        </note>
      </measure>
    <measure number="6" width="167.50">
      <note default-x="10.00" default-y="-220.00">
        <pitch>
          <step>E</step>
          <octave>4</octave>
          </pitch>
        <duration>4</duration>
        <voice>1</voice>
        <type>quarter</type>
        <stem>down</stem>
        </note>
      <note default-x="48.98" default-y="-220.00">
        <pitch>
          <step>E</step>
          <octave>4</octave>
          </pitch>
        <duration>4</duration>
        <voice>1</voice>
        <type>quarter</type>
        <stem>down</stem>
        </note>
      <note default-x="87.95" default-y="-215.00">
        <pitch>
          <step>F</step>
          <octave>4</octave>
          </pitch>
        <duration>4</duration>
        <voice>1</voice>
        <type>quarter</type>
        <accidental>natural</accidental>
        <stem>down</stem>
        </note>
      <note default-x="126.93" default-y="-225.00">
        <pitch>
          <step>D</step>
          <octave>4</octave>
          </pitch>
        <duration>4</duration>
        <voice>1</voice>
        <type>quarter</type>
        <stem>down</stem>
        </note>
      </measure>
    <measure number="7" width="146.30">
      <note default-x="10.36" default-y="-220.00">
        <pitch>
          <step>E</step>
          <octave>4</octave>
          </pitch>
        <duration>12</duration>
        <voice>1</voice>
        <type>half</type>
        <dot/>
        <stem>down</stem>
        </note>
      <note default-x="85.82" default-y="-225.00">
        <pitch>
          <step>D</step>
          <octave>4</octave>
          </pitch>
        <duration>2</duration>
        <voice>1</voice>
        <type>eighth</type>
        <stem>down</stem>
        <beam number="1">begin</beam>
        </note>
      <note default-x="115.26" default-y="-220.00">
        <pitch>
          <step>E</step>
          <octave>4</octave>
          </pitch>
        <duration>2</duration>
        <voice>1</voice>
        <type>eighth</type>
        <stem>down</stem>
        <beam number="1">end</beam>
        </note>
      </measure>
    <measure number="8" width="177.03">
      <note default-x="14.36" default-y="-215.00">
        <pitch>
          <step>F</step>
          <octave>4</octave>
          </pitch>
        <duration>4</duration>
        <voice>1</voice>
        <type>quarter</type>
        <accidental>natural</accidental>
        <stem>down</stem>
        </note>
      <note default-x="52.26" default-y="-215.00">
        <pitch>
          <step>F</step>
          <octave>4</octave>
          </pitch>
        <duration>4</duration>
        <voice>1</voice>
        <type>quarter</type>
        <stem>down</stem>
        </note>
      <note default-x="99.63" default-y="-215.00">
        <pitch>
          <step>F</step>
          <octave>4</octave>
          </pitch>
        <duration>4</duration>
        <voice>1</voice>
        <type>quarter</type>
        <stem>down</stem>
        </note>
      <note default-x="137.53" default-y="-225.00">
        <pitch>
          <step>D</step>
          <octave>4</octave>
          </pitch>
        <duration>4</duration>
        <voice>1</voice>
        <type>quarter</type>
        <stem>down</stem>
        </note>
      </measure>
    <measure number="9" width="154.59">
      <note default-x="10.36" default-y="-225.00">
        <pitch>
          <step>D</step>
          <octave>4</octave>
          </pitch>
        <duration>8</duration>
        <voice>1</voice>
        <type>half</type>
        <stem>down</stem>
        </note>
      <note default-x="64.33" default-y="-240.00">
        <pitch>
          <step>A</step>
          <octave>3</octave>
          </pitch>
        <duration>8</duration>
        <tie type="start"/>
        <voice>1</voice>
        <type>half</type>
        <stem>up</stem>
        </note>
      </measure>
    <measure number="10" width="192.63">
      <note default-x="10.72" default-y="-240.00">
        <pitch>
          <step>A</step>
          <octave>3</octave>
          </pitch>
        <duration>4</duration>
        <tie type="stop"/>
        <voice>1</voice>
        <type>quarter</type>
        <stem>up</stem>
        </note>
      <note default-x="50.79" default-y="-250.00">
        <pitch>
          <step>F</step>
          <alter>1</alter>
          <octave>3</octave>
          </pitch>
        <duration>2</duration>
        <voice>1</voice>
        <type>eighth</type>
        <stem>up</stem>
        <beam number="1">begin</beam>
        </note>
      <note default-x="75.83" default-y="-245.00">
        <pitch>
          <step>G</step>
          <octave>3</octave>
          </pitch>
        <duration>2</duration>
        <voice>1</voice>
        <type>eighth</type>
        <stem>up</stem>
        <beam number="1">end</beam>
        </note>
      <note default-x="100.51" default-y="-240.00">
        <pitch>
          <step>A</step>
          <octave>3</octave>
          </pitch>
        <duration>8</duration>
        <voice>1</voice>
        <type>half</type>
        <stem>up</stem>
        </note>
      </measure>
    <measure number="11" width="127.50">
      <note default-x="10.36" default-y="-240.00">
        <pitch>
          <step>A</step>
          <octave>3</octave>
          </pitch>
        <duration>12</duration>
        <voice>1</voice>
        <type>half</type>
        <dot/>
        <stem>up</stem>
        </note>
      <note default-x="86.87" default-y="-240.00">
        <pitch>
          <step>A</step>
          <octave>3</octave>
          </pitch>
        <duration>4</duration>
        <voice>1</voice>
        <type>quarter</type>
        <stem>up</stem>
        </note>
      </measure>
    <measure number="12" width="241.76">
      <print new-system="yes">
        <staff-layout number="1">
          <staff-distance>65.00</staff-distance>
          </staff-layout>
        </print>
      <note default-x="83.69" default-y="-235.00">
        <pitch>
          <step>B</step>
          <octave>3</octave>
          </pitch>
        <duration>6</duration>
        <voice>1</voice>
        <type>quarter</type>
        <dot/>
        <stem>up</stem>
        </note>
      <note default-x="139.59" default-y="-230.00">
        <pitch>
          <step>C</step>
          <octave>4</octave>
          </pitch>
        <duration>2</duration>
        <voice>1</voice>
        <type>eighth</type>
        <stem>down</stem>
        </note>
      <note default-x="161.09" default-y="-225.00">
        <pitch>
          <step>D</step>
          <octave>4</octave>
          </pitch>
        <duration>6</duration>
        <voice>1</voice>
        <type>quarter</type>
        <dot/>
        <stem>down</stem>
        </note>
      <note default-x="217.00" default-y="-230.00">
        <pitch>
          <step>C</step>
          <octave>4</octave>
          </pitch>
        <duration>2</duration>
        <voice>1</voice>
        <type>eighth</type>
        <stem>down</stem>
        </note>
      </measure>
    <measure number="13" width="121.68">
      <note default-x="10.00" default-y="-235.00">
        <pitch>
          <step>B</step>
          <octave>3</octave>
          </pitch>
        <duration>12</duration>
        <voice>1</voice>
        <type>half</type>
        <dot/>
        <stem>up</stem>
        </note>
      <note default-x="71.86" default-y="-240.00">
        <pitch>
          <step>A</step>
          <octave>3</octave>
          </pitch>
        <duration>4</duration>
        <voice>1</voice>
        <type>quarter</type>
        <stem>up</stem>
        </note>
      </measure>
    <measure number="14" width="168.37">
      <note default-x="10.72" default-y="-240.00">
        <pitch>
          <step>A</step>
          <octave>3</octave>
          </pitch>
        <duration>4</duration>
        <voice>1</voice>
        <type>quarter</type>
        <stem>up</stem>
        </note>
      <note default-x="45.01" default-y="-250.00">
        <pitch>
          <step>F</step>
          <alter>1</alter>
          <octave>3</octave>
          </pitch>
        <duration>2</duration>
        <voice>1</voice>
        <type>eighth</type>
        <stem>up</stem>
        <beam number="1">begin</beam>
        </note>
      <note default-x="66.44" default-y="-245.00">
        <pitch>
          <step>G</step>
          <octave>3</octave>
          </pitch>
        <duration>2</duration>
        <voice>1</voice>
        <type>eighth</type>
        <stem>up</stem>
        <beam number="1">end</beam>
        </note>
      <note default-x="87.52" default-y="-240.00">
        <pitch>
          <step>A</step>
          <octave>3</octave>
          </pitch>
        <duration>8</duration>
        <tie type="start"/>
        <voice>1</voice>
        <type>half</type>
        <stem>up</stem>
        </note>
      </measure>
    <measure number="15" width="149.57">
      <note default-x="10.72" default-y="-240.00">
        <pitch>
          <step>A</step>
          <octave>3</octave>
          </pitch>
        <duration>4</duration>
        <tie type="stop"/>
        <voice>1</voice>
        <type>quarter</type>
        <stem>up</stem>
        </note>
      <note default-x="43.01" default-y="-250.00">
        <pitch>
          <step>F</step>
          <alter>1</alter>
          <octave>3</octave>
          </pitch>
        <duration>2</duration>
        <voice>1</voice>
        <type>eighth</type>
        <stem>up</stem>
        <beam number="1">begin</beam>
        </note>
      <note default-x="63.20" default-y="-245.00">
        <pitch>
          <step>G</step>
          <octave>3</octave>
          </pitch>
        <duration>2</duration>
        <voice>1</voice>
        <type>eighth</type>
        <stem>up</stem>
        <beam number="1">end</beam>
        </note>
      <note default-x="83.02" default-y="-240.00">
        <pitch>
          <step>A</step>
          <octave>3</octave>
          </pitch>
        <duration>8</duration>
        <tie type="start"/>
        <voice>1</voice>
        <type>half</type>
        <stem>up</stem>
        </note>
      </measure>
    <measure number="16" width="191.93">
      <note default-x="10.36" default-y="-240.00">
        <pitch>
          <step>A</step>
          <octave>3</octave>
          </pitch>
        <duration>4</duration>
        <tie type="stop"/>
        <voice>1</voice>
        <type>quarter</type>
        <stem>up</stem>
        </note>
      <note default-x="47.29" default-y="-245.00">
        <pitch>
          <step>G</step>
          <octave>3</octave>
          </pitch>
        <duration>8</duration>
        <voice>1</voice>
        <type>half</type>
        <stem>up</stem>
        </note>
      <note default-x="134.25" default-y="-250.00">
        <pitch>
          <step>F</step>
          <alter>1</alter>
          <octave>3</octave>
          </pitch>
        <duration>4</duration>
        <voice>1</voice>
        <type>quarter</type>
        <stem>up</stem>
        </note>
      </measure>
    <measure number="17" width="147.09">
      <note default-x="13.80" default-y="-245.00">
        <pitch>
          <step>G</step>
          <octave>3</octave>
          </pitch>
        <duration>4</duration>
        <voice>1</voice>
        <type>quarter</type>
        <stem>up</stem>
        </note>
      <note default-x="46.72" default-y="-245.00">
        <pitch>
          <step>G</step>
          <octave>3</octave>
          </pitch>
        <duration>4</duration>
        <voice>1</voice>
        <type>quarter</type>
        <stem>up</stem>
        </note>
      <note default-x="79.65" default-y="-235.00">
        <pitch>
          <step>B</step>
          <octave>3</octave>
          </pitch>
        <duration>4</duration>
        <voice>1</voice>
        <type>quarter</type>
        <stem>up</stem>
        </note>
      <note default-x="112.57" default-y="-235.00">
        <pitch>
          <step>B</step>
          <octave>3</octave>
          </pitch>
        <duration>4</duration>
        <voice>1</voice>
        <type>quarter</type>
        <stem>up</stem>
        </note>
      </measure>
    <measure number="18" width="140.12">
      <note default-x="10.00" default-y="-235.00">
        <pitch>
          <step>B</step>
          <octave>3</octave>
          </pitch>
        <duration>4</duration>
        <voice>1</voice>
        <type>quarter</type>
        <stem>up</stem>
        </note>
      <note default-x="42.72" default-y="-235.00">
        <pitch>
          <step>B</step>
          <octave>3</octave>
          </pitch>
        <duration>4</duration>
        <voice>1</voice>
        <type>quarter</type>
        <stem>up</stem>
        </note>
      <note default-x="75.09" default-y="-235.00">
        <pitch>
          <step>B</step>
          <octave>3</octave>
          </pitch>
        <duration>8</duration>
        <tie type="start"/>
        <voice>1</voice>
        <type>half</type>
        <stem>up</stem>
        </note>
      </measure>
    <measure number="19" width="167.21">
      <note default-x="10.00" default-y="-235.00">
        <pitch>
          <step>B</step>
          <octave>3</octave>
          </pitch>
        <duration>4</duration>
        <tie type="stop"/>
        <voice>1</voice>
        <type>quarter</type>
        <stem>up</stem>
        </note>
      <note default-x="53.23" default-y="-225.00">
        <pitch>
          <step>D</step>
          <octave>4</octave>
          </pitch>
        <duration>4</duration>
        <voice>1</voice>
        <type>quarter</type>
        <stem>down</stem>
        </note>
      <note default-x="96.45" default-y="-235.00">
        <pitch>
          <step>B</step>
          <octave>3</octave>
          </pitch>
        <duration>4</duration>
        <voice>1</voice>
        <type>quarter</type>
        <stem>up</stem>
        </note>
      <note default-x="131.03" default-y="-235.00">
        <pitch>
          <step>B</step>
          <octave>3</octave>
          </pitch>
        <duration>4</duration>
        <voice>1</voice>
        <type>quarter</type>
        <stem>up</stem>
        </note>
      </measure>
    <measure number="20" width="159.94">
      <note default-x="10.00" default-y="-235.00">
        <pitch>
          <step>B</step>
          <octave>3</octave>
          </pitch>
        <duration>4</duration>
        <voice>1</voice>
        <type>quarter</type>
        <stem>up</stem>
        </note>
      <note default-x="41.88" default-y="-235.00">
        <pitch>
          <step>B</step>
          <octave>3</octave>
          </pitch>
        <duration>4</duration>
        <voice>1</voice>
        <type>quarter</type>
        <stem>up</stem>
        </note>
      <note default-x="73.76" default-y="-235.00">
        <pitch>
          <step>B</step>
          <octave>3</octave>
          </pitch>
        <duration>4</duration>
        <voice>1</voice>
        <type>quarter</type>
        <stem>up</stem>
        </note>
      <note default-x="105.64" default-y="-235.00">
        <pitch>
          <step>B</step>
          <octave>3</octave>
          </pitch>
        <duration>4</duration>
        <voice>1</voice>
        <type>quarter</type>
        <stem>up</stem>
        </note>
      </measure>
    <measure number="21" width="196.01">
      <note default-x="10.36" default-y="-225.00">
        <pitch>
          <step>D</step>
          <octave>4</octave>
          </pitch>
        <duration>6</duration>
        <voice>1</voice>
        <type>quarter</type>
        <dot/>
        <stem>down</stem>
        </note>
      <note default-x="53.23" default-y="-230.00">
        <pitch>
          <step>C</step>
          <octave>4</octave>
          </pitch>
        <duration>1</duration>
        <voice>1</voice>
        <type>16th</type>
        <stem>up</stem>
        <beam number="1">begin</beam>
        <beam number="2">begin</beam>
        </note>
      <note default-x="70.04" default-y="-235.00">
        <pitch>
          <step>B</step>
          <octave>3</octave>
          </pitch>
        <duration>1</duration>
        <voice>1</voice>
        <type>16th</type>
        <stem>up</stem>
        <beam number="1">end</beam>
        <beam number="2">end</beam>
        </note>
      <note default-x="86.85" default-y="-240.00">
        <pitch>
          <step>A</step>
          <octave>3</octave>
          </pitch>
        <duration>4</duration>
        <voice>1</voice>
        <type>quarter</type>
        <stem>up</stem>
        </note>
      <note default-x="140.63" default-y="-225.00">
        <pitch>
          <step>D</step>
          <octave>4</octave>
          </pitch>
        <duration>4</duration>
        <voice>1</voice>
        <type>quarter</type>
        <stem>down</stem>
        </note>
      </measure>
    <measure number="22" width="93.51">
      <note default-x="10.00" default-y="-235.00">
        <pitch>
          <step>B</step>
          <octave>3</octave>
          </pitch>
        <duration>16</duration>
        <voice>1</voice>
        <type>whole</type>
        </note>
      <barline location="right">
        <bar-style>light-heavy</bar-style>
        </barline>
      </measure>
    </part>
  <part id="P4">
    <measure number="1" width="131.51">
      <print>
        <staff-layout number="1">
          <staff-distance>65.00</staff-distance>
          </staff-layout>
        </print>
      <attributes>
        <divisions>4</divisions>
        <key print-object="no">
          <fifths>1</fifths>
          <mode>major</mode>
          </key>
        <time symbol="common">
          <beats>4</beats>
          <beat-type>4</beat-type>
          </time>
        <clef>
          <sign>F</sign>
          <line>4</line>
          </clef>
        </attributes>
      <note default-x="74.62" default-y="-335.00">
        <pitch>
          <step>D</step>
          <octave>3</octave>
          </pitch>
        <duration>4</duration>
        <voice>1</voice>
        <type>quarter</type>
        <stem>down</stem>
        </note>
      </measure>
    <measure number="2" width="167.50">
      <note default-x="10.00" default-y="-340.00">
        <pitch>
          <step>C</step>
          <octave>3</octave>
          </pitch>
        <duration>4</duration>
        <voice>1</voice>
        <type>quarter</type>
        <stem>up</stem>
        </note>
      <note default-x="48.98" default-y="-340.00">
        <pitch>
          <step>C</step>
          <octave>3</octave>
          </pitch>
        <duration>4</duration>
        <voice>1</voice>
        <type>quarter</type>
        <stem>up</stem>
        </note>
      <note default-x="87.95" default-y="-325.00">
        <pitch>
          <step>F</step>
          <octave>3</octave>
          </pitch>
        <duration>4</duration>
        <voice>1</voice>
        <type>quarter</type>
        <accidental>natural</accidental>
        <stem>down</stem>
        </note>
      <note default-x="126.93" default-y="-320.00">
        <pitch>
          <step>G</step>
          <octave>3</octave>
          </pitch>
        <duration>4</duration>
        <voice>1</voice>
        <type>quarter</type>
        <stem>down</stem>
        </note>
      </measure>
    <measure number="3" width="146.30">
      <note default-x="10.36" default-y="-340.00">
        <pitch>
          <step>C</step>
          <octave>3</octave>
          </pitch>
        <duration>12</duration>
        <voice>1</voice>
        <type>half</type>
        <dot/>
        <stem>up</stem>
        </note>
      <note default-x="85.82" default-y="-320.00">
        <pitch>
          <step>G</step>
          <octave>3</octave>
          </pitch>
        <duration>4</duration>
        <voice>1</voice>
        <type>quarter</type>
        <stem>down</stem>
        </note>
      </measure>
    <measure number="4" width="177.03">
      <note default-x="14.36" default-y="-335.00">
        <pitch>
          <step>D</step>
          <octave>3</octave>
          </pitch>
        <duration>4</duration>
        <voice>1</voice>
        <type>quarter</type>
        <stem>down</stem>
        </note>
      <note default-x="52.26" default-y="-335.00">
        <pitch>
          <step>D</step>
          <octave>3</octave>
          </pitch>
        <duration>4</duration>
        <voice>1</voice>
        <type>quarter</type>
        <stem>down</stem>
        </note>
      <note default-x="99.63" default-y="-325.00">
        <pitch>
          <step>F</step>
          <octave>3</octave>
          </pitch>
        <duration>4</duration>
        <voice>1</voice>
        <type>quarter</type>
        <accidental>natural</accidental>
        <stem>down</stem>
        </note>
      <note default-x="137.53" default-y="-320.00">
        <pitch>
          <step>G</step>
          <octave>3</octave>
          </pitch>
        <duration>4</duration>
        <voice>1</voice>
        <type>quarter</type>
        <stem>down</stem>
        </note>
      </measure>
    <measure number="5" width="146.30">
      <note default-x="10.36" default-y="-335.00">
        <pitch>
          <step>D</step>
          <octave>3</octave>
          </pitch>
        <duration>12</duration>
        <voice>1</voice>
        <type>half</type>
        <dot/>
        <stem>down</stem>
        </note>
      <note default-x="85.82" default-y="-335.00">
        <pitch>
          <step>D</step>
          <octave>3</octave>
          </pitch>
        <duration>4</duration>
        <voice>1</voice>
        <type>quarter</type>
        <stem>down</stem>
        </note>
      </measure>
    <measure number="6" width="167.50">
      <note default-x="10.00" default-y="-340.00">
        <pitch>
          <step>C</step>
          <octave>3</octave>
          </pitch>
        <duration>4</duration>
        <voice>1</voice>
        <type>quarter</type>
        <stem>up</stem>
        </note>
      <note default-x="48.98" default-y="-340.00">
        <pitch>
          <step>C</step>
          <octave>3</octave>
          </pitch>
        <duration>4</duration>
        <voice>1</voice>
        <type>quarter</type>
        <stem>up</stem>
        </note>
      <note default-x="87.95" default-y="-325.00">
        <pitch>
          <step>F</step>
          <octave>3</octave>
          </pitch>
        <duration>4</duration>
        <voice>1</voice>
        <type>quarter</type>
        <accidental>natural</accidental>
        <stem>down</stem>
        </note>
      <note default-x="126.93" default-y="-320.00">
        <pitch>
          <step>G</step>
          <octave>3</octave>
          </pitch>
        <duration>4</duration>
        <voice>1</voice>
        <type>quarter</type>
        <stem>down</stem>
        </note>
      </measure>
    <measure number="7" width="146.30">
      <note default-x="10.36" default-y="-340.00">
        <pitch>
          <step>C</step>
          <octave>3</octave>
          </pitch>
        <duration>12</duration>
        <voice>1</voice>
        <type>half</type>
        <dot/>
        <stem>up</stem>
        </note>
      <note default-x="85.82" default-y="-320.00">
        <pitch>
          <step>G</step>
          <octave>3</octave>
          </pitch>
        <duration>4</duration>
        <voice>1</voice>
        <type>quarter</type>
        <stem>down</stem>
        </note>
      </measure>
    <measure number="8" width="177.03">
      <note default-x="14.36" default-y="-335.00">
        <pitch>
          <step>D</step>
          <octave>3</octave>
          </pitch>
        <duration>4</duration>
        <voice>1</voice>
        <type>quarter</type>
        <stem>down</stem>
        </note>
      <note default-x="52.26" default-y="-335.00">
        <pitch>
          <step>D</step>
          <octave>3</octave>
          </pitch>
        <duration>4</duration>
        <voice>1</voice>
        <type>quarter</type>
        <stem>down</stem>
        </note>
      <note default-x="99.63" default-y="-325.00">
        <pitch>
          <step>F</step>
          <octave>3</octave>
          </pitch>
        <duration>4</duration>
        <voice>1</voice>
        <type>quarter</type>
        <accidental>natural</accidental>
        <stem>down</stem>
        </note>
      <note default-x="137.53" default-y="-320.00">
        <pitch>
          <step>G</step>
          <octave>3</octave>
          </pitch>
        <duration>4</duration>
        <voice>1</voice>
        <type>quarter</type>
        <stem>down</stem>
        </note>
      </measure>
    <measure number="9" width="154.59">
      <note default-x="10.36" default-y="-335.00">
        <pitch>
          <step>D</step>
          <octave>3</octave>
          </pitch>
        <duration>12</duration>
        <voice>1</voice>
        <type>half</type>
        <dot/>
        <stem>down</stem>
        </note>
      <note default-x="103.93" default-y="-335.00">
        <pitch>
          <step>D</step>
          <octave>3</octave>
          </pitch>
        <duration>4</duration>
        <voice>1</voice>
        <type>quarter</type>
        <stem>down</stem>
        </note>
      </measure>
    <measure number="10" width="192.63">
      <note default-x="10.36" default-y="-335.00">
        <pitch>
          <step>D</step>
          <octave>3</octave>
          </pitch>
        <duration>12</duration>
        <voice>1</voice>
        <type>half</type>
        <dot/>
        <stem>down</stem>
        </note>
      <note default-x="140.94" default-y="-335.00">
        <pitch>
          <step>D</step>
          <octave>3</octave>
          </pitch>
        <duration>4</duration>
        <voice>1</voice>
        <type>quarter</type>
        <stem>down</stem>
        </note>
      </measure>
    <measure number="11" width="127.50">
      <note default-x="10.36" default-y="-335.00">
        <pitch>
          <step>D</step>
          <octave>3</octave>
          </pitch>
        <duration>12</duration>
        <voice>1</voice>
        <type>half</type>
        <dot/>
        <stem>down</stem>
        </note>
      <note default-x="86.87" default-y="-335.00">
        <pitch>
          <step>D</step>
          <octave>3</octave>
          </pitch>
        <duration>4</duration>
        <voice>1</voice>
        <type>quarter</type>
        <stem>down</stem>
        </note>
      </measure>
    <measure number="12" width="241.76">
      <print new-system="yes">
        <staff-layout number="1">
          <staff-distance>65.00</staff-distance>
          </staff-layout>
        </print>
      <note default-x="83.69" default-y="-355.00">
        <pitch>
          <step>G</step>
          <octave>2</octave>
          </pitch>
        <duration>4</duration>
        <voice>1</voice>
        <type>quarter</type>
        <stem>up</stem>
        </note>
      <note default-x="117.73" default-y="-320.00">
        <pitch>
          <step>G</step>
          <octave>3</octave>
          </pitch>
        <duration>8</duration>
        <voice>1</voice>
        <type>half</type>
        <stem>down</stem>
        </note>
      <note default-x="195.50" default-y="-335.00">
        <pitch>
          <step>D</step>
          <octave>3</octave>
          </pitch>
        <duration>4</duration>
        <voice>1</voice>
        <type>quarter</type>
        <stem>down</stem>
        </note>
      </measure>
    <measure number="13" width="121.68">
      <note default-x="10.00" default-y="-355.00">
        <pitch>
          <step>G</step>
          <octave>2</octave>
          </pitch>
        <duration>12</duration>
        <voice>1</voice>
        <type>half</type>
        <dot/>
        <stem>up</stem>
        </note>
      <note default-x="71.86" default-y="-335.00">
        <pitch>
          <step>D</step>
          <octave>3</octave>
          </pitch>
        <duration>4</duration>
        <voice>1</voice>
        <type>quarter</type>
        <stem>down</stem>
        </note>
      </measure>
    <measure number="14" width="168.37">
      <note default-x="10.36" default-y="-335.00">
        <pitch>
          <step>D</step>
          <octave>3</octave>
          </pitch>
        <duration>12</duration>
        <voice>1</voice>
        <type>half</type>
        <dot/>
        <stem>down</stem>
        </note>
      <note default-x="122.17" default-y="-335.00">
        <pitch>
          <step>D</step>
          <octave>3</octave>
          </pitch>
        <duration>4</duration>
        <voice>1</voice>
        <type>quarter</type>
        <stem>down</stem>
        </note>
      </measure>
    <measure number="15" width="149.57">
      <note default-x="10.36" default-y="-335.00">
        <pitch>
          <step>D</step>
          <octave>3</octave>
          </pitch>
        <duration>12</duration>
        <voice>1</voice>
        <type>half</type>
        <dot/>
        <stem>down</stem>
        </note>
      <note default-x="115.67" default-y="-335.00">
        <pitch>
          <step>D</step>
          <octave>3</octave>
          </pitch>
        <duration>4</duration>
        <voice>1</voice>
        <type>quarter</type>
        <stem>down</stem>
        </note>
      </measure>
    <measure number="16" width="191.93">
      <note default-x="10.36" default-y="-345.00">
        <pitch>
          <step>B</step>
          <octave>2</octave>
          </pitch>
        <duration>6</duration>
        <voice>1</voice>
        <type>quarter</type>
        <dot/>
        <stem>up</stem>
        </note>
      <note default-x="70.96" default-y="-340.00">
        <pitch>
          <step>C</step>
          <octave>3</octave>
          </pitch>
        <duration>2</duration>
        <voice>1</voice>
        <type>eighth</type>
        <stem>up</stem>
        </note>
      <note default-x="96.60" default-y="-335.00">
        <pitch>
          <step>D</step>
          <octave>3</octave>
          </pitch>
        <duration>8</duration>
        <voice>1</voice>
        <type>half</type>
        <stem>down</stem>
        </note>
      </measure>
    <measure number="17" width="147.09">
      <note default-x="13.80" default-y="-355.00">
        <pitch>
          <step>G</step>
          <octave>2</octave>
          </pitch>
        <duration>4</duration>
        <voice>1</voice>
        <type>quarter</type>
        <stem>up</stem>
        </note>
      <note default-x="46.72" default-y="-355.00">
        <pitch>
          <step>G</step>
          <octave>2</octave>
          </pitch>
        <duration>4</duration>
        <voice>1</voice>
        <type>quarter</type>
        <stem>up</stem>
        </note>
      <note default-x="79.65" default-y="-355.00">
        <pitch>
          <step>G</step>
          <octave>2</octave>
          </pitch>
        <duration>4</duration>
        <voice>1</voice>
        <type>quarter</type>
        <stem>up</stem>
        </note>
      <note default-x="112.57" default-y="-355.00">
        <pitch>
          <step>G</step>
          <octave>2</octave>
          </pitch>
        <duration>4</duration>
        <voice>1</voice>
        <type>quarter</type>
        <stem>up</stem>
        </note>
      </measure>
    <measure number="18" width="140.12">
      <note default-x="10.00" default-y="-355.00">
        <pitch>
          <step>G</step>
          <octave>2</octave>
          </pitch>
        <duration>4</duration>
        <voice>1</voice>
        <type>quarter</type>
        <stem>up</stem>
        </note>
      <note default-x="42.72" default-y="-355.00">
        <pitch>
          <step>G</step>
          <octave>2</octave>
          </pitch>
        <duration>4</duration>
        <voice>1</voice>
        <type>quarter</type>
        <stem>up</stem>
        </note>
      <note default-x="75.09" default-y="-320.00">
        <pitch>
          <step>G</step>
          <octave>3</octave>
          </pitch>
        <duration>8</duration>
        <tie type="start"/>
        <voice>1</voice>
        <type>half</type>
        <stem>down</stem>
        </note>
      </measure>
    <measure number="19" width="167.21">
      <note default-x="10.00" default-y="-320.00">
        <pitch>
          <step>G</step>
          <octave>3</octave>
          </pitch>
        <duration>4</duration>
        <tie type="stop"/>
        <voice>1</voice>
        <type>quarter</type>
        <stem>down</stem>
        </note>
      <note default-x="53.23" default-y="-320.00">
        <pitch>
          <step>G</step>
          <octave>3</octave>
          </pitch>
        <duration>4</duration>
        <voice>1</voice>
        <type>quarter</type>
        <stem>down</stem>
        </note>
      <note default-x="96.45" default-y="-320.00">
        <pitch>
          <step>G</step>
          <octave>3</octave>
          </pitch>
        <duration>4</duration>
        <voice>1</voice>
        <type>quarter</type>
        <stem>down</stem>
        </note>
      <note default-x="131.03" default-y="-355.00">
        <pitch>
          <step>G</step>
          <octave>2</octave>
          </pitch>
        <duration>4</duration>
        <voice>1</voice>
        <type>quarter</type>
        <stem>up</stem>
        </note>
      </measure>
    <measure number="20" width="159.94">
      <note default-x="10.00" default-y="-355.00">
        <pitch>
          <step>G</step>
          <octave>2</octave>
          </pitch>
        <duration>4</duration>
        <voice>1</voice>
        <type>quarter</type>
        <stem>up</stem>
        </note>
      <note default-x="41.88" default-y="-355.00">
        <pitch>
          <step>G</step>
          <octave>2</octave>
          </pitch>
        <duration>4</duration>
        <voice>1</voice>
        <type>quarter</type>
        <stem>up</stem>
        </note>
      <note default-x="73.76" default-y="-355.00">
        <pitch>
          <step>G</step>
          <octave>2</octave>
          </pitch>
        <duration>6</duration>
        <voice>1</voice>
        <type>quarter</type>
        <dot/>
        <stem>up</stem>
        </note>
      <note default-x="125.57" default-y="-350.00">
        <pitch>
          <step>A</step>
          <octave>2</octave>
          </pitch>
        <duration>2</duration>
        <voice>1</voice>
        <type>eighth</type>
        <stem>up</stem>
        </note>
      </measure>
    <measure number="21" width="196.01">
      <note default-x="10.36" default-y="-345.00">
        <pitch>
          <step>B</step>
          <octave>2</octave>
          </pitch>
        <duration>6</duration>
        <voice>1</voice>
        <type>quarter</type>
        <dot/>
        <stem>up</stem>
        </note>
      <note default-x="53.23" default-y="-340.00">
        <pitch>
          <step>C</step>
          <octave>3</octave>
          </pitch>
        <duration>2</duration>
        <voice>1</voice>
        <type>eighth</type>
        <stem>up</stem>
        </note>
      <note default-x="86.85" default-y="-335.00">
        <pitch>
          <step>D</step>
          <octave>3</octave>
          </pitch>
        <duration>4</duration>
        <voice>1</voice>
        <type>quarter</type>
        <stem>down</stem>
        </note>
      <note default-x="140.63" default-y="-355.00">
        <pitch>
          <step>G</step>
          <octave>2</octave>
          </pitch>
        <duration>4</duration>
        <voice>1</voice>
        <type>quarter</type>
        <stem>up</stem>
        </note>
      </measure>
    <measure number="22" width="93.51">
      <note default-x="10.00" default-y="-355.00">
        <pitch>
          <step>G</step>
          <octave>2</octave>
          </pitch>
        <duration>16</duration>
        <voice>1</voice>
        <type>whole</type>
        </note>
      <barline location="right">
        <bar-style>light-heavy</bar-style>
        </barline>
      </measure>
    </part>
  </score-partwise>
