{"ref": "Jos0802e-Missa_Fortuna_desperata-Agnus", "title": "Jos0802e-Missa_Fortuna_desperata-Agnus", "composer": null, "lyricist": null, "corpus": "all:composers:josquin:messes", "meta_fields": [], "sources": [], "files": {"mei.xml": {"url": "http://localhost:8000/media/corpora/all/composers/josquin/messes/Jos0802e-Missa_Fortuna_desperata-Agnus/mei.xml"}, "summary.json": {"url": "http://localhost:8000/media/corpora/all/composers/josquin/messes/Jos0802e-Missa_Fortuna_desperata-Agnus/summary.json"}}}