{"ref": "Jos0601d-Missa_Lhomme_arme_quarti_toni-Sanctus", "title": "Jos0601d-Missa_Lhomme_arme_quarti_toni-Sanctus", "composer": null, "lyricist": null, "corpus": "all:composers:josquin:messes", "meta_fields": [], "sources": [], "files": {"mei.xml": {"url": "http://localhost:8000/media/corpora/all/composers/josquin/messes/Jos0601d-Missa_Lhomme_arme_quarti_toni-Sanctus/mei.xml"}, "summary.json": {"url": "http://localhost:8000/media/corpora/all/composers/josquin/messes/Jos0601d-Missa_Lhomme_arme_quarti_toni-Sanctus/summary.json"}}}