{"ref": "Jos0405b-Missa_Sub_tuum_presidium-Gloria", "title": "Jos0405b-Missa_Sub_tuum_presidium-Gloria", "composer": null, "lyricist": null, "corpus": "all:composers:josquin:messes", "meta_fields": [], "sources": [], "files": {"mei.xml": {"url": "http://localhost:8000/media/corpora/all/composers/josquin/messes/Jos0405b-Missa_Sub_tuum_presidium-Gloria/mei.xml"}, "summary.json": {"url": "http://localhost:8000/media/corpora/all/composers/josquin/messes/Jos0405b-Missa_Sub_tuum_presidium-Gloria/summary.json"}}}