{"ref": "Jos0406e-Missa_Veni_sancte_spiritus-Agnus", "title": "Jos0406e-Missa_Veni_sancte_spiritus-Agnus", "composer": null, "lyricist": null, "corpus": "all:composers:josquin:messes", "meta_fields": [], "sources": [], "files": {"mei.xml": {"url": "http://localhost:8000/media/corpora/all/composers/josquin/messes/Jos0406e-Missa_Veni_sancte_spiritus-Agnus/mei.xml"}, "summary.json": {"url": "http://localhost:8000/media/corpora/all/composers/josquin/messes/Jos0406e-Missa_Veni_sancte_spiritus-Agnus/summary.json"}}}