{"ref": "Jos0406c-Missa_Veni_sancte_spiritus-Credo", "title": "Jos0406c-Missa_Veni_sancte_spiritus-Credo", "composer": null, "lyricist": null, "corpus": "all:composers:josquin:messes", "meta_fields": [], "sources": [], "files": {"mei.xml": {"url": "http://localhost:8000/media/corpora/all/composers/josquin/messes/Jos0406c-Missa_Veni_sancte_spiritus-Credo/mei.xml"}, "summary.json": {"url": "http://localhost:8000/media/corpora/all/composers/josquin/messes/Jos0406c-Missa_Veni_sancte_spiritus-Credo/summary.json"}}}