{"ref": "Jos0301b-Missa_Ave_maris_stella-Gloria", "title": "Jos0301b-Missa_Ave_maris_stella-Gloria", "composer": null, "lyricist": null, "corpus": "all:composers:josquin:messes", "meta_fields": [], "sources": [], "files": {"mei.xml": {"url": "http://localhost:8000/media/corpora/all/composers/josquin/messes/Jos0301b-Missa_Ave_maris_stella-Gloria/mei.xml"}, "summary.json": {"url": "http://localhost:8000/media/corpora/all/composers/josquin/messes/Jos0301b-Missa_Ave_maris_stella-Gloria/summary.json"}}}