{"ref": "Jos0802a-Missa_Fortuna_desperata-Kyrie", "title": "Jos0802a-Missa_Fortuna_desperata-Kyrie", "composer": null, "lyricist": null, "corpus": "all:composers:josquin:messes", "meta_fields": [], "sources": [], "files": {"mei.xml": {"url": "http://localhost:8000/media/corpora/all/composers/josquin/messes/Jos0802a-Missa_Fortuna_desperata-Kyrie/mei.xml"}, "summary.json": {"url": "http://localhost:8000/media/corpora/all/composers/josquin/messes/Jos0802a-Missa_Fortuna_desperata-Kyrie/summary.json"}}}