{"ref": "Jos0802c-Missa_Fortuna_desperata-Credo", "title": "Jos0802c-Missa_Fortuna_desperata-Credo", "composer": null, "lyricist": null, "corpus": "all:composers:josquin:messes", "meta_fields": [], "sources": [], "files": {"mei.xml": {"url": "http://localhost:8000/media/corpora/all/composers/josquin/messes/Jos0802c-Missa_Fortuna_desperata-Credo/mei.xml"}, "summary.json": {"url": "http://localhost:8000/media/corpora/all/composers/josquin/messes/Jos0802c-Missa_Fortuna_desperata-Credo/summary.json"}}}