{"ref": "Jos0502c-Missa_Une_mousse_de_Biscaye-Credo", "title": "Jos0502c-Missa_Une_mousse_de_Biscaye-Credo", "composer": null, "lyricist": null, "corpus": "all:composers:josquin:messes", "meta_fields": [], "sources": [], "files": {"mei.xml": {"url": "http://localhost:8000/media/corpora/all/composers/josquin/messes/Jos0502c-Missa_Une_mousse_de_Biscaye-Credo/mei.xml"}, "summary.json": {"url": "http://localhost:8000/media/corpora/all/composers/josquin/messes/Jos0502c-Missa_Une_mousse_de_Biscaye-Credo/summary.json"}}}