{"ref": "Jos0502a-Missa_Une_mousse_de_Biscaye-Kyrie", "title": "Jos0502a-Missa_Une_mousse_de_Biscaye-Kyrie", "composer": null, "lyricist": null, "corpus": "all:composers:josquin:messes", "meta_fields": [], "sources": [], "files": {"mei.xml": {"url": "http://localhost:8000/media/corpora/all/composers/josquin/messes/Jos0502a-Missa_Une_mousse_de_Biscaye-Kyrie/mei.xml"}, "summary.json": {"url": "http://localhost:8000/media/corpora/all/composers/josquin/messes/Jos0502a-Missa_Une_mousse_de_Biscaye-Kyrie/summary.json"}}}