{"ref": "Jos0902b-Missa_Mon_seul_plaisir-Gloria", "title": "Jos0902b-Missa_Mon_seul_plaisir-Gloria", "composer": null, "lyricist": null, "corpus": "all:composers:josquin:messes", "meta_fields": [], "sources": [], "files": {"mei.xml": {"url": "http://localhost:8000/media/corpora/all/composers/josquin/messes/Jos0902b-Missa_Mon_seul_plaisir-Gloria/mei.xml"}, "summary.json": {"url": "http://localhost:8000/media/corpora/all/composers/josquin/messes/Jos0902b-Missa_Mon_seul_plaisir-Gloria/summary.json"}}}