{"ref": "Jos0406a-Missa_Veni_sancte_spiritus-Kyrie", "title": "Jos0406a-Missa_Veni_sancte_spiritus-Kyrie", "composer": null, "lyricist": null, "corpus": "all:composers:josquin:messes", "meta_fields": [], "sources": [], "files": {"mei.xml": {"url": "http://localhost:8000/media/corpora/all/composers/josquin/messes/Jos0406a-Missa_Veni_sancte_spiritus-Kyrie/mei.xml"}, "summary.json": {"url": "http://localhost:8000/media/corpora/all/composers/josquin/messes/Jos0406a-Missa_Veni_sancte_spiritus-Kyrie/summary.json"}}}