{"ref": "Jos0802d-Missa_Fortuna_desperata-Sanctus", "title": "Jos0802d-Missa_Fortuna_desperata-Sanctus", "composer": null, "lyricist": null, "corpus": "all:composers:josquin:messes", "meta_fields": [], "sources": [], "files": {"mei.xml": {"url": "http://localhost:8000/media/corpora/all/composers/josquin/messes/Jos0802d-Missa_Fortuna_desperata-Sanctus/mei.xml"}, "summary.json": {"url": "http://localhost:8000/media/corpora/all/composers/josquin/messes/Jos0802d-Missa_Fortuna_desperata-Sanctus/summary.json"}}}