{"ref": "Jos0601c-Missa_Lhomme_arme_quarti_toni-Credo", "title": "Jos0601c-Missa_Lhomme_arme_quarti_toni-Credo", "composer": null, "lyricist": null, "corpus": "all:composers:josquin:messes", "meta_fields": [], "sources": [], "files": {"mei.xml": {"url": "http://localhost:8000/media/corpora/all/composers/josquin/messes/Jos0601c-Missa_Lhomme_arme_quarti_toni-Credo/mei.xml"}, "summary.json": {"url": "http://localhost:8000/media/corpora/all/composers/josquin/messes/Jos0601c-Missa_Lhomme_arme_quarti_toni-Credo/summary.json"}}}