{"ref": "Jos0602e-Missa_Lhomme_arme_sexti_toni-Agnus", "title": "Jos0602e-Missa_Lhomme_arme_sexti_toni-Agnus", "composer": null, "lyricist": null, "corpus": "all:composers:josquin:messes", "meta_fields": [], "sources": [], "files": {"mei.xml": {"url": "http://localhost:8000/media/corpora/all/composers/josquin/messes/Jos0602e-Missa_Lhomme_arme_sexti_toni-Agnus/mei.xml"}, "summary.json": {"url": "http://localhost:8000/media/corpora/all/composers/josquin/messes/Jos0602e-Missa_Lhomme_arme_sexti_toni-Agnus/summary.json"}}}