{"ref": "Jos0405a-Missa_Sub_tuum_presidium-Kyrie", "title": "Jos0405a-Missa_Sub_tuum_presidium-Kyrie", "composer": null, "lyricist": null, "corpus": "all:composers:josquin:messes", "meta_fields": [], "sources": [], "files": {"mei.xml": {"url": "http://localhost:8000/media/corpora/all/composers/josquin/messes/Jos0405a-Missa_Sub_tuum_presidium-Kyrie/mei.xml"}, "summary.json": {"url": "http://localhost:8000/media/corpora/all/composers/josquin/messes/Jos0405a-Missa_Sub_tuum_presidium-Kyrie/summary.json"}}}