{"ref": "Jos0404g-Missa_Pro_Defunctis-Communion", "title": "Jos0404g-Missa_Pro_Defunctis-Communion", "composer": null, "lyricist": null, "corpus": "all:composers:josquin:messes", "meta_fields": [], "sources": [], "files": {"mei.xml": {"url": "http://localhost:8000/media/corpora/all/composers/josquin/messes/Jos0404g-Missa_Pro_Defunctis-Communion/mei.xml"}, "summary.json": {"url": "http://localhost:8000/media/corpora/all/composers/josquin/messes/Jos0404g-Missa_Pro_Defunctis-Communion/summary.json"}}}