{"ref": "Jos0502b-Missa_Une_mousse_de_Biscaye-Gloria", "title": "Jos0502b-Missa_Une_mousse_de_Biscaye-Gloria", "composer": null, "lyricist": null, "corpus": "all:composers:josquin:messes", "meta_fields": [], "sources": [], "files": {"mei.xml": {"url": "http://localhost:8000/media/corpora/all/composers/josquin/messes/Jos0502b-Missa_Une_mousse_de_Biscaye-Gloria/mei.xml"}, "summary.json": {"url": "http://localhost:8000/media/corpora/all/composers/josquin/messes/Jos0502b-Missa_Une_mousse_de_Biscaye-Gloria/summary.json"}}}