{"ref": "Jos0502e-Missa_Une_mousse_de_Biscaye-Agnus", "title": "Jos0502e-Missa_Une_mousse_de_Biscaye-Agnus", "composer": null, "lyricist": null, "corpus": "all:composers:josquin:messes", "meta_fields": [], "sources": [], "files": {"mei.xml": {"url": "http://localhost:8000/media/corpora/all/composers/josquin/messes/Jos0502e-Missa_Une_mousse_de_Biscaye-Agnus/mei.xml"}, "summary.json": {"url": "http://localhost:8000/media/corpora/all/composers/josquin/messes/Jos0502e-Missa_Une_mousse_de_Biscaye-Agnus/summary.json"}}}