{"ref": "Jos0502d-Missa_Une_mousse_de_Biscaye-Sanctus", "title": "Jos0502d-Missa_Une_mousse_de_Biscaye-Sanctus", "composer": null, "lyricist": null, "corpus": "all:composers:josquin:messes", "meta_fields": [], "sources": [], "files": {"mei.xml": {"url": "http://localhost:8000/media/corpora/all/composers/josquin/messes/Jos0502d-Missa_Une_mousse_de_Biscaye-Sanctus/mei.xml"}, "summary.json": {"url": "http://localhost:8000/media/corpora/all/composers/josquin/messes/Jos0502d-Missa_Une_mousse_de_Biscaye-Sanctus/summary.json"}}}