{"ref": "Jos0406b-Missa_Veni_sancte_spiritus-Gloria", "title": "Jos0406b-Missa_Veni_sancte_spiritus-Gloria", "composer": null, "lyricist": null, "corpus": "all:composers:josquin:messes", "meta_fields": [], "sources": [], "files": {"mei.xml": {"url": "http://localhost:8000/media/corpora/all/composers/josquin/messes/Jos0406b-Missa_Veni_sancte_spiritus-Gloria/mei.xml"}, "summary.json": {"url": "http://localhost:8000/media/corpora/all/composers/josquin/messes/Jos0406b-Missa_Veni_sancte_spiritus-Gloria/summary.json"}}}