{"ref": "Jos0601a-Missa_Lhomme_arme_quarti_toni-Kyrie", "title": "Jos0601a-Missa_Lhomme_arme_quarti_toni-Kyrie", "composer": null, "lyricist": null, "corpus": "all:composers:josquin:messes", "meta_fields": [], "sources": [], "files": {"mei.xml": {"url": "http://localhost:8000/media/corpora/all/composers/josquin/messes/Jos0601a-Missa_Lhomme_arme_quarti_toni-Kyrie/mei.xml"}, "summary.json": {"url": "http://localhost:8000/media/corpora/all/composers/josquin/messes/Jos0601a-Missa_Lhomme_arme_quarti_toni-Kyrie/summary.json"}}}