{"ref": "Jos0701d-Missa_Allez_regretz_I-Sanctus", "title": "Jos0701d-Missa_Allez_regretz_I-Sanctus", "composer": null, "lyricist": null, "corpus": "all:composers:josquin:messes", "meta_fields": [], "sources": [], "files": {"mei.xml": {"url": "http://localhost:8000/media/corpora/all/composers/josquin/messes/Jos0701d-Missa_Allez_regretz_I-Sanctus/mei.xml"}, "summary.json": {"url": "http://localhost:8000/media/corpora/all/composers/josquin/messes/Jos0701d-Missa_Allez_regretz_I-Sanctus/summary.json"}}}