{"ref": "Jos0404d-Missa_Pro_Defunctis-Offertory", "title": "Jos0404d-Missa_Pro_Defunctis-Offertory", "composer": null, "lyricist": null, "corpus": "all:composers:josquin:messes", "meta_fields": [], "sources": [], "files": {"mei.xml": {"url": "http://localhost:8000/media/corpora/all/composers/josquin/messes/Jos0404d-Missa_Pro_Defunctis-Offertory/mei.xml"}, "summary.json": {"url": "http://localhost:8000/media/corpora/all/composers/josquin/messes/Jos0404d-Missa_Pro_Defunctis-Offertory/summary.json"}}}