{"ref": "Jos0602b-Missa_Lhomme_arme_sexti_toni-Gloria", "title": "Jos0602b-Missa_Lhomme_arme_sexti_toni-Gloria", "composer": null, "lyricist": null, "corpus": "all:composers:josquin:messes", "meta_fields": [], "sources": [], "files": {"mei.xml": {"url": "http://localhost:8000/media/corpora/all/composers/josquin/messes/Jos0602b-Missa_Lhomme_arme_sexti_toni-Gloria/mei.xml"}, "summary.json": {"url": "http://localhost:8000/media/corpora/all/composers/josquin/messes/Jos0602b-Missa_Lhomme_arme_sexti_toni-Gloria/summary.json"}}}