{"ref": "Jos0405c-Missa_Sub_tuum_presidium-Credo", "title": "Jos0405c-Missa_Sub_tuum_presidium-Credo", "composer": null, "lyricist": null, "corpus": "all:composers:josquin:messes", "meta_fields": [], "sources": [], "files": {"mei.xml": {"url": "http://localhost:8000/media/corpora/all/composers/josquin/messes/Jos0405c-Missa_Sub_tuum_presidium-Credo/mei.xml"}, "summary.json": {"url": "http://localhost:8000/media/corpora/all/composers/josquin/messes/Jos0405c-Missa_Sub_tuum_presidium-Credo/summary.json"}}}