{"ref": "Jos0703b-Missa_Dung_aultre_amer-Gloria", "title": "Jos0703b-Missa_Dung_aultre_amer-Gloria", "composer": null, "lyricist": null, "corpus": "all:composers:josquin:messes", "meta_fields": [], "sources": [], "files": {"mei.xml": {"url": "http://localhost:8000/media/corpora/all/composers/josquin/messes/Jos0703b-Missa_Dung_aultre_amer-Gloria/mei.xml"}, "summary.json": {"url": "http://localhost:8000/media/corpora/all/composers/josquin/messes/Jos0703b-Missa_Dung_aultre_amer-Gloria/summary.json"}}}