{"ref": "Jos0301d-Missa_Ave_maris_stella-Sanctus", "title": "Jos0301d-Missa_Ave_maris_stella-Sanctus", "composer": null, "lyricist": null, "corpus": "all:composers:josquin:messes", "meta_fields": [], "sources": [], "files": {"mei.xml": {"url": "http://localhost:8000/media/corpora/all/composers/josquin/messes/Jos0301d-Missa_Ave_maris_stella-Sanctus/mei.xml"}, "summary.json": {"url": "http://localhost:8000/media/corpora/all/composers/josquin/messes/Jos0301d-Missa_Ave_maris_stella-Sanctus/summary.json"}}}