{"ref": "Jos1002a-Missa_Missus_est_Gabriel_Angelus-Kyrie", "title": "Jos1002a-Missa_Missus_est_Gabriel_Angelus-Kyrie", "composer": null, "lyricist": null, "corpus": "all:composers:josquin:messes", "meta_fields": [], "sources": [], "files": {"mei.xml": {"url": "http://localhost:8000/media/corpora/all/composers/josquin/messes/Jos1002a-Missa_Missus_est_Gabriel_Angelus-Kyrie/mei.xml"}, "summary.json": {"url": "http://localhost:8000/media/corpora/all/composers/josquin/messes/Jos1002a-Missa_Missus_est_Gabriel_Angelus-Kyrie/summary.json"}}}