{"ref": "Jos1003a-Missa_Quem_dicunt_homines-Kyrie", "title": "Jos1003a-Missa_Quem_dicunt_homines-Kyrie", "composer": null, "lyricist": null, "corpus": "all:composers:josquin:messes", "meta_fields": [], "sources": [], "files": {"mei.xml": {"url": "http://localhost:8000/media/corpora/all/composers/josquin/messes/Jos1003a-Missa_Quem_dicunt_homines-Kyrie/mei.xml"}, "summary.json": {"url": "http://localhost:8000/media/corpora/all/composers/josquin/messes/Jos1003a-Missa_Quem_dicunt_homines-Kyrie/summary.json"}}}