{"ref": "Jos1002e-Missa_Missus_est_Gabriel_Angelus-Agnus", "title": "Jos1002e-Missa_Missus_est_Gabriel_Angelus-Agnus", "composer": null, "lyricist": null, "corpus": "all:composers:josquin:messes", "meta_fields": [], "sources": [], "files": {"mei.xml": {"url": "http://localhost:8000/media/corpora/all/composers/josquin/messes/Jos1002e-Missa_Missus_est_Gabriel_Angelus-Agnus/mei.xml"}, "summary.json": {"url": "http://localhost:8000/media/corpora/all/composers/josquin/messes/Jos1002e-Missa_Missus_est_Gabriel_Angelus-Agnus/summary.json"}}}