{"ref": "Jos1002b-Missa_Missus_est_Gabriel_Angelus-Gloria", "title": "Jos1002b-Missa_Missus_est_Gabriel_Angelus-Gloria", "composer": null, "lyricist": null, "corpus": "all:composers:josquin:messes", "meta_fields": [], "sources": [], "files": {"mei.xml": {"url": "http://localhost:8000/media/corpora/all/composers/josquin/messes/Jos1002b-Missa_Missus_est_Gabriel_Angelus-Gloria/mei.xml"}, "summary.json": {"url": "http://localhost:8000/media/corpora/all/composers/josquin/messes/Jos1002b-Missa_Missus_est_Gabriel_Angelus-Gloria/summary.json"}}}