{"ref": "Jos1101e-Missa_Hercules_dux_Ferrarie-Agnus", "title": "Jos1101e-Missa_Hercules_dux_Ferrarie-Agnus", "composer": null, "lyricist": null, "corpus": "all:composers:josquin:messes", "meta_fields": [], "sources": [], "files": {"mei.xml": {"url": "http://localhost:8000/media/corpora/all/composers/josquin/messes/Jos1101e-Missa_Hercules_dux_Ferrarie-Agnus/mei.xml"}, "summary.json": {"url": "http://localhost:8000/media/corpora/all/composers/josquin/messes/Jos1101e-Missa_Hercules_dux_Ferrarie-Agnus/summary.json"}}}