{"ref": "Jos1101b-Missa_Hercules_dux_Ferrarie-Gloria", "title": "Jos1101b-Missa_Hercules_dux_Ferrarie-Gloria", "composer": null, "lyricist": null, "corpus": "all:composers:josquin:messes", "meta_fields": [], "sources": [], "files": {"mei.xml": {"url": "http://localhost:8000/media/corpora/all/composers/josquin/messes/Jos1101b-Missa_Hercules_dux_Ferrarie-Gloria/mei.xml"}, "summary.json": {"url": "http://localhost:8000/media/corpora/all/composers/josquin/messes/Jos1101b-Missa_Hercules_dux_Ferrarie-Gloria/summary.json"}}}