{"ref": "Jos1101a-Missa_Hercules_dux_Ferrarie-Kyrie", "title": "Jos1101a-Missa_Hercules_dux_Ferrarie-Kyrie", "composer": null, "lyricist": null, "corpus": "all:composers:josquin:messes", "meta_fields": [], "sources": [], "files": {"mei.xml": {"url": "http://localhost:8000/media/corpora/all/composers/josquin/messes/Jos1101a-Missa_Hercules_dux_Ferrarie-Kyrie/mei.xml"}, "summary.json": {"url": "http://localhost:8000/media/corpora/all/composers/josquin/messes/Jos1101a-Missa_Hercules_dux_Ferrarie-Kyrie/summary.json"}}}