{"ref": "Jos1201e.b-Missa_Ad_fugam-Agnus-version_II", "title": "Jos1201e.b-Missa_Ad_fugam-Agnus-version_II", "composer": null, "lyricist": null, "corpus": "all:composers:josquin:messes", "meta_fields": [], "sources": [], "files": {"mei.xml": {"url": "http://localhost:8000/media/corpora/all/composers/josquin/messes/Jos1201e.b-Missa_Ad_fugam-Agnus-version_II/mei.xml"}, "summary.json": {"url": "http://localhost:8000/media/corpora/all/composers/josquin/messes/Jos1201e.b-Missa_Ad_fugam-Agnus-version_II/summary.json"}}}