{"ref": "Jos1002c-Missa_Missus_est_Gabriel_Angelus-Credo", "title": "Jos1002c-Missa_Missus_est_Gabriel_Angelus-Credo", "composer": null, "lyricist": null, "corpus": "all:composers:josquin:messes", "meta_fields": [], "sources": [], "files": {"mei.xml": {"url": "http://localhost:8000/media/corpora/all/composers/josquin/messes/Jos1002c-Missa_Missus_est_Gabriel_Angelus-Credo/mei.xml"}, "summary.json": {"url": "http://localhost:8000/media/corpora/all/composers/josquin/messes/Jos1002c-Missa_Missus_est_Gabriel_Angelus-Credo/summary.json"}}}