{"ref": "Jos1101d-Missa_Hercules_dux_Ferrarie-Sanctus", "title": "Jos1101d-Missa_Hercules_dux_Ferrarie-Sanctus", "composer": null, "lyricist": null, "corpus": "all:composers:josquin:messes", "meta_fields": [], "sources": [], "files": {"mei.xml": {"url": "http://localhost:8000/media/corpora/all/composers/josquin/messes/Jos1101d-Missa_Hercules_dux_Ferrarie-Sanctus/mei.xml"}, "summary.json": {"url": "http://localhost:8000/media/corpora/all/composers/josquin/messes/Jos1101d-Missa_Hercules_dux_Ferrarie-Sanctus/summary.json"}}}