{"ref": "Jos1003d-Missa_Quem_dicunt_homines-Sanctus", "title": "Jos1003d-Missa_Quem_dicunt_homines-Sanctus", "composer": null, "lyricist": null, "corpus": "all:composers:josquin:messes", "meta_fields": [], "sources": [], "files": {"mei.xml": {"url": "http://localhost:8000/media/corpora/all/composers/josquin/messes/Jos1003d-Missa_Quem_dicunt_homines-Sanctus/mei.xml"}, "summary.json": {"url": "http://localhost:8000/media/corpora/all/composers/josquin/messes/Jos1003d-Missa_Quem_dicunt_homines-Sanctus/summary.json"}}}