{"ref": "Jos1003b-Missa_Quem_dicunt_homines-Gloria", "title": "Jos1003b-Missa_Quem_dicunt_homines-Gloria", "composer": null, "lyricist": null, "corpus": "all:composers:josquin:messes", "meta_fields": [], "sources": [], "files": {"mei.xml": {"url": "http://localhost:8000/media/corpora/all/composers/josquin/messes/Jos1003b-Missa_Quem_dicunt_homines-Gloria/mei.xml"}, "summary.json": {"url": "http://localhost:8000/media/corpora/all/composers/josquin/messes/Jos1003b-Missa_Quem_dicunt_homines-Gloria/summary.json"}}}