{"ref": "Jos1101c-Missa_Hercules_dux_Ferrarie-Credo", "title": "Jos1101c-Missa_Hercules_dux_Ferrarie-Credo", "composer": null, "lyricist": null, "corpus": "all:composers:josquin:messes", "meta_fields": [], "sources": [], "files": {"mei.xml": {"url": "http://localhost:8000/media/corpora/all/composers/josquin/messes/Jos1101c-Missa_Hercules_dux_Ferrarie-Credo/mei.xml"}, "summary.json": {"url": "http://localhost:8000/media/corpora/all/composers/josquin/messes/Jos1101c-Missa_Hercules_dux_Ferrarie-Credo/summary.json"}}}