{"ref": "Jos1003e-Missa_Quem_dicunt_homines-Agnus", "title": "Jos1003e-Missa_Quem_dicunt_homines-Agnus", "composer": null, "lyricist": null, "corpus": "all:composers:josquin:messes", "meta_fields": [], "sources": [], "files": {"mei.xml": {"url": "http://localhost:8000/media/corpora/all/composers/josquin/messes/Jos1003e-Missa_Quem_dicunt_homines-Agnus/mei.xml"}, "summary.json": {"url": "http://localhost:8000/media/corpora/all/composers/josquin/messes/Jos1003e-Missa_Quem_dicunt_homines-Agnus/summary.json"}}}