{"ref": "Jos1003c-Missa_Quem_dicunt_homines-Credo", "title": "Jos1003c-Missa_Quem_dicunt_homines-Credo", "composer": null, "lyricist": null, "corpus": "all:composers:josquin:messes", "meta_fields": [], "sources": [], "files": {"mei.xml": {"url": "http://localhost:8000/media/corpora/all/composers/josquin/messes/Jos1003c-Missa_Quem_dicunt_homines-Credo/mei.xml"}, "summary.json": {"url": "http://localhost:8000/media/corpora/all/composers/josquin/messes/Jos1003c-Missa_Quem_dicunt_homines-Credo/summary.json"}}}