{"ref": "Jos1102d-Missa_La_sol_fa_re_mi-Sanctus", "title": "Jos1102d-Missa_La_sol_fa_re_mi-Sanctus", "composer": null, "lyricist": null, "corpus": "all:composers:josquin:messes", "meta_fields": [], "sources": [], "files": {"mei.xml": {"url": "http://localhost:8000/media/corpora/all/composers/josquin/messes/Jos1102d-Missa_La_sol_fa_re_mi-Sanctus/mei.xml"}, "summary.json": {"url": "http://localhost:8000/media/corpora/all/composers/josquin/messes/Jos1102d-Missa_La_sol_fa_re_mi-Sanctus/summary.json"}}}