{"ref": "Jos1002d-Missa_Missus_est_Gabriel_Angelus-Sanctus", "title": "Jos1002d-Missa_Missus_est_Gabriel_Angelus-Sanctus", "composer": null, "lyricist": null, "corpus": "all:composers:josquin:messes", "meta_fields": [], "sources": [], "files": {"mei.xml": {"url": "http://localhost:8000/media/corpora/all/composers/josquin/messes/Jos1002d-Missa_Missus_est_Gabriel_Angelus-Sanctus/mei.xml"}, "summary.json": {"url": "http://localhost:8000/media/corpora/all/composers/josquin/messes/Jos1002d-Missa_Missus_est_Gabriel_Angelus-Sanctus/summary.json"}}}