<!DOCTYPE score-partwise PUBLIC "-//Recordare//DTD MusicXML 3.1 Partwise//EN" "http://www.musicxml.org/dtds/partwise.dtd">
<score-partwise version="3.1">
  <work>
    <work-title>LXVIII, Courante</work-title>
    </work>
  <identification>
    <creator type="composer">M. Praetor. C.
</creator>
    <encoding>
      <software>MuseScore 3.2.3</software>
      <encoding-date>2020-03-30</encoding-date>
      <supports element="accidental" type="yes"/>
      <supports element="beam" type="yes"/>
      <supports element="print" attribute="new-page" type="yes" value="yes"/>
      <supports element="print" attribute="new-system" type="yes" value="yes"/>
      <supports element="stem" type="yes"/>
      </encoding>
    </identification>
  <defaults>
    <scaling>
      <millimeters>5.90294</millimeters>
      <tenths>40</tenths>
      </scaling>
    <page-layout>
      <page-height>2012.56</page-height>
      <page-width>1423.02</page-width>
      <page-margins type="even">
        <left-margin>67.7628</left-margin>
        <right-margin>67.7628</right-margin>
        <top-margin>67.7628</top-margin>
        <bottom-margin>135.526</bottom-margin>
        </page-margins>
      <page-margins type="odd">
        <left-margin>67.7628</left-margin>
        <right-margin>67.7628</right-margin>
        <top-margin>67.7628</top-margin>
        <bottom-margin>135.526</bottom-margin>
        </page-margins>
      </page-layout>
    <word-font font-family="FreeSerif" font-size="10"/>
    <lyric-font font-family="Times New Roman" font-size="9.6688"/>
    </defaults>
  <credit page="1">
    <credit-words default-x="1355.26" default-y="1794.79" justify="right" valign="bottom" font-size="12">M. P. C.</credit-words>
    </credit>
  <credit page="1">
    <credit-words default-x="711.51" default-y="1944.79" justify="center" valign="top" font-size="24">Courante</credit-words>
    </credit>
  <part-list>
    <score-part id="P1">
      <part-name>Cantus</part-name>
      <part-abbreviation>C.</part-abbreviation>
      <score-instrument id="P1-I1">
        <instrument-name> </instrument-name>
        </score-instrument>
      <midi-device id="P1-I1" port="1"/>
      <midi-instrument id="P1-I1">
        <midi-channel>1</midi-channel>
        <midi-program>1</midi-program>
        <volume>78.7402</volume>
        <pan>0</pan>
        </midi-instrument>
      </score-part>
    <score-part id="P2">
      <part-name>Altus</part-name>
      <part-abbreviation>A.</part-abbreviation>
      <score-instrument id="P2-I1">
        <instrument-name> </instrument-name>
        </score-instrument>
      <midi-device id="P2-I1" port="1"/>
      <midi-instrument id="P2-I1">
        <midi-channel>2</midi-channel>
        <midi-program>1</midi-program>
        <volume>78.7402</volume>
        <pan>0</pan>
        </midi-instrument>
      </score-part>
    <score-part id="P3">
      <part-name>Tenor</part-name>
      <part-abbreviation>T.</part-abbreviation>
      <score-instrument id="P3-I1">
        <instrument-name> </instrument-name>
        </score-instrument>
      <midi-device id="P3-I1" port="1"/>
      <midi-instrument id="P3-I1">
        <midi-channel>3</midi-channel>
        <midi-program>1</midi-program>
        <volume>78.7402</volume>
        <pan>0</pan>
        </midi-instrument>
      </score-part>
    <score-part id="P4">
      <part-name>Quintus</part-name>
      <part-abbreviation>Q.</part-abbreviation>
      <score-instrument id="P4-I1">
        <instrument-name> </instrument-name>
        </score-instrument>
      <midi-device id="P4-I1" port="1"/>
      <midi-instrument id="P4-I1">
        <midi-channel>4</midi-channel>
        <midi-program>1</midi-program>
        <volume>78.7402</volume>
        <pan>0</pan>
        </midi-instrument>
      </score-part>
    <score-part id="P5">
      <part-name>Bassus</part-name>
      <part-abbreviation>B.</part-abbreviation>
      <score-instrument id="P5-I1">
        <instrument-name> </instrument-name>
        </score-instrument>
      <midi-device id="P5-I1" port="1"/>
      <midi-instrument id="P5-I1">
        <midi-channel>5</midi-channel>
        <midi-program>1</midi-program>
        <volume>78.7402</volume>
        <pan>0</pan>
        </midi-instrument>
      </score-part>
    </part-list>
  <part id="P1">
    <measure number="1" width="128.51">
      <print>
        <system-layout>
          <system-margins>
            <left-margin>83.63</left-margin>
            <right-margin>0.00</right-margin>
            </system-margins>
          <top-system-distance>220.00</top-system-distance>
          </system-layout>
        </print>
      <attributes>
        <divisions>2</divisions>
        <key print-object="no">
          <fifths>-1</fifths>
          <mode>major</mode>
          </key>
        <time>
          <beats>3</beats>
          <beat-type>2</beat-type>
          </time>
        <clef>
          <sign>G</sign>
          <line>2</line>
          </clef>
        </attributes>
      <note default-x="75.76" default-y="10.00">
        <pitch>
          <step>A</step>
          <octave>5</octave>
          </pitch>
        <duration>4</duration>
        <voice>1</voice>
        <type>half</type>
        <stem>down</stem>
        </note>
      </measure>
    <measure number="2" width="184.82">
      <note default-x="16.28" default-y="10.00">
        <pitch>
          <step>A</step>
          <octave>5</octave>
          </pitch>
        <duration>6</duration>
        <voice>1</voice>
        <type>half</type>
        <dot/>
        <stem>down</stem>
        </note>
      <note default-x="88.05" default-y="15.00">
        <pitch>
          <step>B</step>
          <alter>-1</alter>
          <octave>5</octave>
          </pitch>
        <duration>2</duration>
        <voice>1</voice>
        <type>quarter</type>
        <stem>down</stem>
        </note>
      <note default-x="124.29" default-y="10.00">
        <pitch>
          <step>A</step>
          <octave>5</octave>
          </pitch>
        <duration>4</duration>
        <voice>1</voice>
        <type>half</type>
        <stem>down</stem>
        </note>
      </measure>
    <measure number="3" width="154.54">
      <note default-x="10.36" default-y="5.00">
        <pitch>
          <step>G</step>
          <octave>5</octave>
          </pitch>
        <duration>4</duration>
        <voice>1</voice>
        <type>half</type>
        <stem>down</stem>
        </note>
      <note default-x="62.10" default-y="0.00">
        <pitch>
          <step>F</step>
          <octave>5</octave>
          </pitch>
        <duration>8</duration>
        <voice>1</voice>
        <type>whole</type>
        </note>
      </measure>
    <measure number="4" width="164.09">
      <note default-x="21.74" default-y="-5.00">
        <pitch>
          <step>E</step>
          <octave>5</octave>
          </pitch>
        <duration>12</duration>
        <voice>1</voice>
        <type>whole</type>
        <dot/>
        </note>
      </measure>
    <measure number="5" width="211.98">
      <note default-x="16.28" default-y="-10.00">
        <pitch>
          <step>D</step>
          <octave>5</octave>
          </pitch>
        <duration>6</duration>
        <voice>1</voice>
        <type>half</type>
        <dot/>
        <stem>down</stem>
        </note>
      <note default-x="106.59" default-y="-5.00">
        <pitch>
          <step>E</step>
          <octave>5</octave>
          </pitch>
        <duration>2</duration>
        <voice>1</voice>
        <type>quarter</type>
        <stem>down</stem>
        </note>
      <note default-x="141.19" default-y="0.00">
        <pitch>
          <step>F</step>
          <octave>5</octave>
          </pitch>
        <duration>2</duration>
        <voice>1</voice>
        <type>quarter</type>
        <stem>down</stem>
        </note>
      <note default-x="175.79" default-y="-10.00">
        <pitch>
          <step>D</step>
          <octave>5</octave>
          </pitch>
        <duration>2</duration>
        <voice>1</voice>
        <type>quarter</type>
        <stem>down</stem>
        </note>
      </measure>
    <measure number="6" width="218.96">
      <note default-x="13.80" default-y="-5.00">
        <pitch>
          <step>E</step>
          <octave>5</octave>
          </pitch>
        <duration>4</duration>
        <voice>1</voice>
        <type>half</type>
        <stem>down</stem>
        </note>
      <note default-x="69.68" default-y="-10.00">
        <pitch>
          <step>D</step>
          <octave>5</octave>
          </pitch>
        <duration>6</duration>
        <voice>1</voice>
        <type>half</type>
        <dot/>
        <stem>down</stem>
        </note>
      <note default-x="166.56" default-y="-15.00">
        <pitch>
          <step>C</step>
          <octave>5</octave>
          </pitch>
        <duration>1</duration>
        <voice>1</voice>
        <type>eighth</type>
        <stem>down</stem>
        <beam number="1">begin</beam>
        </note>
      <note default-x="191.96" default-y="-10.00">
        <pitch>
          <step>D</step>
          <octave>5</octave>
          </pitch>
        <duration>1</duration>
        <voice>1</voice>
        <type>eighth</type>
        <stem>down</stem>
        <beam number="1">end</beam>
        </note>
      </measure>
    <measure number="7" width="140.96">
      <note default-x="13.32" default-y="-15.00">
        <pitch>
          <step>C</step>
          <octave>5</octave>
          </pitch>
        <duration>12</duration>
        <voice>1</voice>
        <type>whole</type>
        <dot/>
        </note>
      </measure>
    <measure number="8" width="190.24">
      <print new-system="yes">
        <system-layout>
          <system-margins>
            <left-margin>31.99</left-margin>
            <right-margin>0.00</right-margin>
            </system-margins>
          <system-distance>150.00</system-distance>
          </system-layout>
        </print>
      <note default-x="81.41" default-y="-15.00">
        <pitch>
          <step>C</step>
          <octave>5</octave>
          </pitch>
        <duration>8</duration>
        <voice>1</voice>
        <type>whole</type>
        </note>
      <barline location="right">
        <bar-style>light-heavy</bar-style>
        <repeat direction="backward"/>
        </barline>
      </measure>
    <measure number="9" width="77.85">
      <barline location="left">
        <bar-style>heavy-light</bar-style>
        <repeat direction="forward"/>
        </barline>
      <note default-x="23.81" default-y="0.00">
        <pitch>
          <step>F</step>
          <octave>5</octave>
          </pitch>
        <duration>4</duration>
        <voice>1</voice>
        <type>half</type>
        <stem>down</stem>
        </note>
      </measure>
    <measure number="10" width="143.83">
      <note default-x="13.32" default-y="0.00">
        <pitch>
          <step>F</step>
          <octave>5</octave>
          </pitch>
        <duration>12</duration>
        <voice>1</voice>
        <type>whole</type>
        <dot/>
        </note>
      </measure>
    <measure number="11" width="143.83">
      <note default-x="13.32" default-y="-15.00">
        <pitch>
          <step>C</step>
          <octave>5</octave>
          </pitch>
        <duration>12</duration>
        <voice>1</voice>
        <type>whole</type>
        <dot/>
        </note>
      </measure>
    <measure number="12" width="179.94">
      <note default-x="13.80" default-y="10.00">
        <pitch>
          <step>A</step>
          <octave>5</octave>
          </pitch>
        <duration>4</duration>
        <voice>1</voice>
        <type>half</type>
        <stem>down</stem>
        </note>
      <note default-x="73.99" default-y="10.00">
        <pitch>
          <step>A</step>
          <octave>5</octave>
          </pitch>
        <duration>8</duration>
        <voice>1</voice>
        <type>whole</type>
        </note>
      </measure>
    <measure number="13" width="168.30">
      <note default-x="13.32" default-y="0.00">
        <pitch>
          <step>F</step>
          <octave>5</octave>
          </pitch>
        <duration>8</duration>
        <voice>1</voice>
        <type>whole</type>
        </note>
      <note default-x="116.32" default-y="20.00">
        <pitch>
          <step>C</step>
          <octave>6</octave>
          </pitch>
        <duration>4</duration>
        <voice>1</voice>
        <type>half</type>
        <stem>down</stem>
        </note>
      </measure>
    <measure number="14" width="185.58">
      <note default-x="13.80" default-y="20.00">
        <pitch>
          <step>C</step>
          <octave>6</octave>
          </pitch>
        <duration>4</duration>
        <voice>1</voice>
        <type>half</type>
        <stem>down</stem>
        </note>
      <note default-x="70.41" default-y="10.00">
        <pitch>
          <step>A</step>
          <octave>5</octave>
          </pitch>
        <duration>4</duration>
        <voice>1</voice>
        <type>half</type>
        <stem>down</stem>
        </note>
      <note default-x="127.01" default-y="20.00">
        <pitch>
          <step>C</step>
          <octave>6</octave>
          </pitch>
        <duration>4</duration>
        <voice>1</voice>
        <type>half</type>
        <stem>down</stem>
        </note>
      </measure>
    <measure number="15" width="165.94">
      <note default-x="13.80" default-y="20.00">
        <pitch>
          <step>C</step>
          <octave>6</octave>
          </pitch>
        <duration>4</duration>
        <voice>1</voice>
        <type>half</type>
        <stem>down</stem>
        </note>
      <note default-x="68.60" default-y="15.00">
        <pitch>
          <step>B</step>
          <alter>-1</alter>
          <octave>5</octave>
          </pitch>
        <duration>8</duration>
        <voice>1</voice>
        <type>whole</type>
        </note>
      </measure>
    <measure number="16" width="222.02">
      <print new-page="yes">
        <system-layout>
          <system-margins>
            <left-margin>31.99</left-margin>
            <right-margin>0.00</right-margin>
            </system-margins>
          <top-system-distance>70.00</top-system-distance>
          </system-layout>
        </print>
      <note default-x="94.63" default-y="10.00">
        <pitch>
          <step>A</step>
          <octave>5</octave>
          </pitch>
        <duration>12</duration>
        <voice>1</voice>
        <type>whole</type>
        <dot/>
        </note>
      </measure>
    <measure number="17" width="140.71">
      <note default-x="13.32" default-y="5.00">
        <pitch>
          <step>G</step>
          <octave>5</octave>
          </pitch>
        <duration>12</duration>
        <voice>1</voice>
        <type>whole</type>
        <dot/>
        </note>
      </measure>
    <measure number="18" width="206.35">
      <note default-x="13.80" default-y="10.00">
        <pitch>
          <step>A</step>
          <octave>5</octave>
          </pitch>
        <duration>6</duration>
        <voice>1</voice>
        <type>half</type>
        <dot/>
        <stem>down</stem>
        </note>
      <note default-x="102.65" default-y="5.00">
        <pitch>
          <step>G</step>
          <octave>5</octave>
          </pitch>
        <duration>2</duration>
        <voice>1</voice>
        <type>quarter</type>
        <stem>down</stem>
        </note>
      <note default-x="136.68" default-y="0.00">
        <pitch>
          <step>F</step>
          <octave>5</octave>
          </pitch>
        <duration>2</duration>
        <voice>1</voice>
        <type>quarter</type>
        <stem>down</stem>
        </note>
      <note default-x="170.71" default-y="5.00">
        <pitch>
          <step>G</step>
          <octave>5</octave>
          </pitch>
        <duration>2</duration>
        <voice>1</voice>
        <type>quarter</type>
        <stem>down</stem>
        </note>
      </measure>
    <measure number="19" width="251.39">
      <note default-x="13.80" default-y="10.00">
        <pitch>
          <step>A</step>
          <octave>5</octave>
          </pitch>
        <duration>4</duration>
        <voice>1</voice>
        <type>half</type>
        <stem>down</stem>
        </note>
      <note default-x="68.95" default-y="5.00">
        <pitch>
          <step>G</step>
          <octave>5</octave>
          </pitch>
        <duration>6</duration>
        <voice>1</voice>
        <type>half</type>
        <dot/>
        <stem>down</stem>
        </note>
      <note default-x="199.66" default-y="0.00">
        <pitch>
          <step>F</step>
          <octave>5</octave>
          </pitch>
        <duration>1</duration>
        <voice>1</voice>
        <type>eighth</type>
        <stem>down</stem>
        <beam number="1">begin</beam>
        </note>
      <note default-x="224.73" default-y="5.00">
        <pitch>
          <step>G</step>
          <octave>5</octave>
          </pitch>
        <duration>1</duration>
        <voice>1</voice>
        <type>eighth</type>
        <stem>down</stem>
        <beam number="1">end</beam>
        </note>
      </measure>
    <measure number="20" width="140.71">
      <note default-x="13.32" default-y="0.00">
        <pitch>
          <step>F</step>
          <octave>5</octave>
          </pitch>
        <duration>12</duration>
        <voice>1</voice>
        <type>whole</type>
        <dot/>
        </note>
      </measure>
    <measure number="21" width="120.07">
      <barline location="left">
        <ending number="1" type="start" default-y="54.00"/>
        </barline>
      <note default-x="13.32" default-y="0.00">
        <pitch>
          <step>F</step>
          <octave>5</octave>
          </pitch>
        <duration>8</duration>
        <voice>1</voice>
        <type>whole</type>
        </note>
      <barline location="right">
        <bar-style>light-heavy</bar-style>
        <ending number="1" type="stop"/>
        <repeat direction="backward"/>
        </barline>
      </measure>
    <measure number="22" width="174.24">
      <barline location="left">
        <ending number="2" type="start" default-y="54.00"/>
        </barline>
      <note default-x="14.89" default-y="0.00">
        <pitch>
          <step>F</step>
          <octave>5</octave>
          </pitch>
        <duration>16</duration>
        <voice>1</voice>
        <type>breve</type>
        </note>
      <barline location="right">
        <bar-style>light-heavy</bar-style>
        <ending number="2" type="stop"/>
        </barline>
      </measure>
    </part>
  <part id="P2">
    <measure number="1" width="128.51">
      <print>
        <staff-layout number="1">
          <staff-distance>65.00</staff-distance>
          </staff-layout>
        </print>
      <attributes>
        <divisions>2</divisions>
        <key print-object="no">
          <fifths>-1</fifths>
          <mode>major</mode>
          </key>
        <time>
          <beats>3</beats>
          <beat-type>2</beat-type>
          </time>
        <clef>
          <sign>G</sign>
          <line>2</line>
          </clef>
        </attributes>
      <note default-x="75.76" default-y="-105.00">
        <pitch>
          <step>F</step>
          <octave>5</octave>
          </pitch>
        <duration>4</duration>
        <voice>1</voice>
        <type>half</type>
        <stem>down</stem>
        </note>
      </measure>
    <measure number="2" width="184.82">
      <note default-x="13.32" default-y="-105.00">
        <pitch>
          <step>F</step>
          <octave>5</octave>
          </pitch>
        <duration>8</duration>
        <voice>1</voice>
        <type>whole</type>
        </note>
      <note default-x="124.29" default-y="-105.00">
        <pitch>
          <step>F</step>
          <octave>5</octave>
          </pitch>
        <duration>4</duration>
        <voice>1</voice>
        <type>half</type>
        <stem>down</stem>
        </note>
      </measure>
    <measure number="3" width="154.54">
      <note default-x="10.36" default-y="-110.00">
        <pitch>
          <step>E</step>
          <octave>5</octave>
          </pitch>
        <duration>4</duration>
        <voice>1</voice>
        <type>half</type>
        <stem>down</stem>
        </note>
      <note default-x="62.10" default-y="-115.00">
        <pitch>
          <step>D</step>
          <octave>5</octave>
          </pitch>
        <duration>8</duration>
        <voice>1</voice>
        <type>whole</type>
        </note>
      </measure>
    <measure number="4" width="164.09">
      <note default-x="21.74" default-y="-120.00">
        <pitch>
          <step>C</step>
          <alter>1</alter>
          <octave>5</octave>
          </pitch>
        <duration>12</duration>
        <voice>1</voice>
        <type>whole</type>
        <dot/>
        <accidental>sharp</accidental>
        </note>
      </measure>
    <measure number="5" width="211.98">
      <note default-x="16.28" default-y="-115.00">
        <pitch>
          <step>D</step>
          <octave>5</octave>
          </pitch>
        <duration>4</duration>
        <voice>1</voice>
        <type>half</type>
        <stem>down</stem>
        </note>
      <note default-x="68.68" default-y="-125.00">
        <pitch>
          <step>B</step>
          <alter>-1</alter>
          <octave>4</octave>
          </pitch>
        <duration>8</duration>
        <voice>1</voice>
        <type>whole</type>
        </note>
      </measure>
    <measure number="6" width="218.96">
      <note default-x="13.80" default-y="-135.00">
        <pitch>
          <step>G</step>
          <octave>4</octave>
          </pitch>
        <duration>4</duration>
        <voice>1</voice>
        <type>half</type>
        <stem>up</stem>
        </note>
      <note default-x="66.72" default-y="-135.00">
        <pitch>
          <step>G</step>
          <octave>4</octave>
          </pitch>
        <duration>8</duration>
        <voice>1</voice>
        <type>whole</type>
        </note>
      </measure>
    <measure number="7" width="140.96">
      <note default-x="13.32" default-y="-135.00">
        <pitch>
          <step>G</step>
          <octave>4</octave>
          </pitch>
        <duration>12</duration>
        <voice>1</voice>
        <type>whole</type>
        <dot/>
        </note>
      </measure>
    <measure number="8" width="190.24">
      <print new-system="yes">
        <staff-layout number="1">
          <staff-distance>65.00</staff-distance>
          </staff-layout>
        </print>
      <note default-x="81.41" default-y="-135.00">
        <pitch>
          <step>G</step>
          <octave>4</octave>
          </pitch>
        <duration>8</duration>
        <voice>1</voice>
        <type>whole</type>
        </note>
      <barline location="right">
        <bar-style>light-heavy</bar-style>
        <repeat direction="backward"/>
        </barline>
      </measure>
    <measure number="9" width="77.85">
      <barline location="left">
        <bar-style>heavy-light</bar-style>
        <repeat direction="forward"/>
        </barline>
      <note default-x="23.81" default-y="-125.00">
        <pitch>
          <step>B</step>
          <alter>-1</alter>
          <octave>4</octave>
          </pitch>
        <duration>4</duration>
        <voice>1</voice>
        <type>half</type>
        <stem>down</stem>
        </note>
      </measure>
    <measure number="10" width="143.83">
      <note default-x="13.32" default-y="-130.00">
        <pitch>
          <step>A</step>
          <octave>4</octave>
          </pitch>
        <duration>12</duration>
        <voice>1</voice>
        <type>whole</type>
        <dot/>
        </note>
      </measure>
    <measure number="11" width="143.83">
      <note default-x="13.32" default-y="-130.00">
        <pitch>
          <step>A</step>
          <octave>4</octave>
          </pitch>
        <duration>12</duration>
        <voice>1</voice>
        <type>whole</type>
        <dot/>
        </note>
      </measure>
    <measure number="12" width="179.94">
      <note default-x="13.80" default-y="-115.00">
        <pitch>
          <step>D</step>
          <octave>5</octave>
          </pitch>
        <duration>4</duration>
        <voice>1</voice>
        <type>half</type>
        <stem>down</stem>
        </note>
      <note default-x="73.99" default-y="-120.00">
        <pitch>
          <step>C</step>
          <alter>1</alter>
          <octave>5</octave>
          </pitch>
        <duration>8</duration>
        <voice>1</voice>
        <type>whole</type>
        <accidental>sharp</accidental>
        </note>
      </measure>
    <measure number="13" width="168.30">
      <note default-x="13.32" default-y="-115.00">
        <pitch>
          <step>D</step>
          <octave>5</octave>
          </pitch>
        <duration>8</duration>
        <voice>1</voice>
        <type>whole</type>
        </note>
      <note default-x="116.32" default-y="-110.00">
        <pitch>
          <step>E</step>
          <octave>5</octave>
          </pitch>
        <duration>4</duration>
        <voice>1</voice>
        <type>half</type>
        <stem>down</stem>
        </note>
      </measure>
    <measure number="14" width="185.58">
      <note default-x="13.80" default-y="-110.00">
        <pitch>
          <step>E</step>
          <octave>5</octave>
          </pitch>
        <duration>4</duration>
        <voice>1</voice>
        <type>half</type>
        <stem>down</stem>
        </note>
      <note default-x="70.41" default-y="-105.00">
        <pitch>
          <step>F</step>
          <octave>5</octave>
          </pitch>
        <duration>4</duration>
        <voice>1</voice>
        <type>half</type>
        <stem>down</stem>
        </note>
      <note default-x="127.01" default-y="-110.00">
        <pitch>
          <step>E</step>
          <octave>5</octave>
          </pitch>
        <duration>4</duration>
        <voice>1</voice>
        <type>half</type>
        <stem>down</stem>
        </note>
      </measure>
    <measure number="15" width="165.94">
      <note default-x="13.80" default-y="-105.00">
        <pitch>
          <step>F</step>
          <octave>5</octave>
          </pitch>
        <duration>4</duration>
        <voice>1</voice>
        <type>half</type>
        <stem>down</stem>
        </note>
      <note default-x="68.60" default-y="-115.00">
        <pitch>
          <step>D</step>
          <octave>5</octave>
          </pitch>
        <duration>8</duration>
        <voice>1</voice>
        <type>whole</type>
        </note>
      </measure>
    <measure number="16" width="222.02">
      <print new-page="yes">
        <staff-layout number="1">
          <staff-distance>65.00</staff-distance>
          </staff-layout>
        </print>
      <note default-x="94.63" default-y="-115.00">
        <pitch>
          <step>D</step>
          <octave>5</octave>
          </pitch>
        <duration>12</duration>
        <voice>1</voice>
        <type>whole</type>
        <dot/>
        </note>
      </measure>
    <measure number="17" width="140.71">
      <note default-x="13.32" default-y="-115.00">
        <pitch>
          <step>D</step>
          <octave>5</octave>
          </pitch>
        <duration>12</duration>
        <voice>1</voice>
        <type>whole</type>
        <dot/>
        </note>
      </measure>
    <measure number="18" width="206.35">
      <note default-x="10.84" default-y="-130.00">
        <pitch>
          <step>A</step>
          <octave>4</octave>
          </pitch>
        <duration>8</duration>
        <voice>1</voice>
        <type>whole</type>
        </note>
      <note default-x="136.32" default-y="-130.00">
        <pitch>
          <step>A</step>
          <octave>4</octave>
          </pitch>
        <duration>4</duration>
        <voice>1</voice>
        <type>half</type>
        <stem>up</stem>
        </note>
      </measure>
    <measure number="19" width="251.39">
      <note default-x="13.80" default-y="-130.00">
        <pitch>
          <step>A</step>
          <octave>4</octave>
          </pitch>
        <duration>4</duration>
        <voice>1</voice>
        <type>half</type>
        <stem>up</stem>
        </note>
      <note default-x="65.99" default-y="-120.00">
        <pitch>
          <step>C</step>
          <octave>5</octave>
          </pitch>
        <duration>8</duration>
        <voice>1</voice>
        <type>whole</type>
        </note>
      </measure>
    <measure number="20" width="140.71">
      <note default-x="13.32" default-y="-130.00">
        <pitch>
          <step>A</step>
          <octave>4</octave>
          </pitch>
        <duration>12</duration>
        <voice>1</voice>
        <type>whole</type>
        <dot/>
        </note>
      </measure>
    <measure number="21" width="120.07">
      <barline location="left">
        <ending number="1" type="start" default-y="54.00"/>
        </barline>
      <note default-x="13.32" default-y="-130.00">
        <pitch>
          <step>A</step>
          <octave>4</octave>
          </pitch>
        <duration>8</duration>
        <voice>1</voice>
        <type>whole</type>
        </note>
      <barline location="right">
        <bar-style>light-heavy</bar-style>
        <ending number="1" type="stop"/>
        <repeat direction="backward"/>
        </barline>
      </measure>
    <measure number="22" width="174.24">
      <barline location="left">
        <ending number="2" type="start" default-y="54.00"/>
        </barline>
      <note default-x="14.89" default-y="-130.00">
        <pitch>
          <step>A</step>
          <octave>4</octave>
          </pitch>
        <duration>16</duration>
        <voice>1</voice>
        <type>breve</type>
        </note>
      <barline location="right">
        <bar-style>light-heavy</bar-style>
        <ending number="2" type="stop"/>
        </barline>
      </measure>
    </part>
  <part id="P3">
    <measure number="1" width="128.51">
      <print>
        <staff-layout number="1">
          <staff-distance>65.00</staff-distance>
          </staff-layout>
        </print>
      <attributes>
        <divisions>2</divisions>
        <key print-object="no">
          <fifths>-1</fifths>
          <mode>major</mode>
          </key>
        <time>
          <beats>3</beats>
          <beat-type>2</beat-type>
          </time>
        <clef>
          <sign>G</sign>
          <line>2</line>
          </clef>
        </attributes>
      <note default-x="75.76" default-y="-245.00">
        <pitch>
          <step>F</step>
          <octave>4</octave>
          </pitch>
        <duration>4</duration>
        <voice>1</voice>
        <type>half</type>
        <stem>up</stem>
        </note>
      </measure>
    <measure number="2" width="184.82">
      <note default-x="13.32" default-y="-245.00">
        <pitch>
          <step>F</step>
          <octave>4</octave>
          </pitch>
        <duration>8</duration>
        <voice>1</voice>
        <type>whole</type>
        </note>
      <note default-x="124.29" default-y="-245.00">
        <pitch>
          <step>F</step>
          <octave>4</octave>
          </pitch>
        <duration>4</duration>
        <voice>1</voice>
        <type>half</type>
        <stem>up</stem>
        </note>
      </measure>
    <measure number="3" width="154.54">
      <note default-x="10.36" default-y="-240.00">
        <pitch>
          <step>G</step>
          <octave>4</octave>
          </pitch>
        <duration>4</duration>
        <voice>1</voice>
        <type>half</type>
        <stem>up</stem>
        </note>
      <note default-x="62.10" default-y="-255.00">
        <pitch>
          <step>D</step>
          <octave>4</octave>
          </pitch>
        <duration>8</duration>
        <voice>1</voice>
        <type>whole</type>
        </note>
      </measure>
    <measure number="4" width="164.09">
      <note default-x="24.70" default-y="-250.00">
        <pitch>
          <step>E</step>
          <octave>4</octave>
          </pitch>
        <duration>4</duration>
        <voice>1</voice>
        <type>half</type>
        <stem>up</stem>
        </note>
      <note default-x="74.59" default-y="-235.00">
        <pitch>
          <step>A</step>
          <octave>4</octave>
          </pitch>
        <duration>8</duration>
        <voice>1</voice>
        <type>whole</type>
        </note>
      </measure>
    <measure number="5" width="211.98">
      <note default-x="13.32" default-y="-245.00">
        <pitch>
          <step>F</step>
          <octave>4</octave>
          </pitch>
        <duration>8</duration>
        <voice>1</voice>
        <type>whole</type>
        </note>
      <note default-x="140.83" default-y="-245.00">
        <pitch>
          <step>F</step>
          <octave>4</octave>
          </pitch>
        <duration>4</duration>
        <voice>1</voice>
        <type>half</type>
        <stem>up</stem>
        </note>
      </measure>
    <measure number="6" width="218.96">
      <note default-x="13.80" default-y="-250.00">
        <pitch>
          <step>E</step>
          <octave>4</octave>
          </pitch>
        <duration>4</duration>
        <voice>1</voice>
        <type>half</type>
        <stem>up</stem>
        </note>
      <note default-x="69.68" default-y="-240.00">
        <pitch>
          <step>G</step>
          <octave>4</octave>
          </pitch>
        <duration>4</duration>
        <voice>1</voice>
        <type>half</type>
        <stem>up</stem>
        </note>
      <note default-x="125.56" default-y="-255.00">
        <pitch>
          <step>D</step>
          <octave>4</octave>
          </pitch>
        <duration>4</duration>
        <voice>1</voice>
        <type>half</type>
        <stem>up</stem>
        </note>
      </measure>
    <measure number="7" width="140.96">
      <note default-x="13.32" default-y="-250.00">
        <pitch>
          <step>E</step>
          <octave>4</octave>
          </pitch>
        <duration>12</duration>
        <voice>1</voice>
        <type>whole</type>
        <dot/>
        </note>
      </measure>
    <measure number="8" width="190.24">
      <print new-system="yes">
        <staff-layout number="1">
          <staff-distance>65.00</staff-distance>
          </staff-layout>
        </print>
      <note default-x="81.41" default-y="-250.00">
        <pitch>
          <step>E</step>
          <octave>4</octave>
          </pitch>
        <duration>8</duration>
        <voice>1</voice>
        <type>whole</type>
        </note>
      <barline location="right">
        <bar-style>light-heavy</bar-style>
        <repeat direction="backward"/>
        </barline>
      </measure>
    <measure number="9" width="77.85">
      <barline location="left">
        <bar-style>heavy-light</bar-style>
        <repeat direction="forward"/>
        </barline>
      <note default-x="23.81" default-y="-245.00">
        <pitch>
          <step>F</step>
          <octave>4</octave>
          </pitch>
        <duration>4</duration>
        <voice>1</voice>
        <type>half</type>
        <stem>up</stem>
        </note>
      </measure>
    <measure number="10" width="143.83">
      <note default-x="13.32" default-y="-245.00">
        <pitch>
          <step>F</step>
          <octave>4</octave>
          </pitch>
        <duration>12</duration>
        <voice>1</voice>
        <type>whole</type>
        <dot/>
        </note>
      </measure>
    <measure number="11" width="143.83">
      <note default-x="13.32" default-y="-245.00">
        <pitch>
          <step>F</step>
          <octave>4</octave>
          </pitch>
        <duration>12</duration>
        <voice>1</voice>
        <type>whole</type>
        <dot/>
        </note>
      </measure>
    <measure number="12" width="179.94">
      <note default-x="13.80" default-y="-245.00">
        <pitch>
          <step>F</step>
          <octave>4</octave>
          </pitch>
        <duration>4</duration>
        <voice>1</voice>
        <type>half</type>
        <stem>up</stem>
        </note>
      <note default-x="73.99" default-y="-235.00">
        <pitch>
          <step>A</step>
          <octave>4</octave>
          </pitch>
        <duration>8</duration>
        <voice>1</voice>
        <type>whole</type>
        </note>
      </measure>
    <measure number="13" width="168.30">
      <note default-x="13.32" default-y="-235.00">
        <pitch>
          <step>A</step>
          <octave>4</octave>
          </pitch>
        <duration>8</duration>
        <voice>1</voice>
        <type>whole</type>
        </note>
      <note default-x="116.32" default-y="-235.00">
        <pitch>
          <step>A</step>
          <octave>4</octave>
          </pitch>
        <duration>4</duration>
        <voice>1</voice>
        <type>half</type>
        <stem>up</stem>
        </note>
      </measure>
    <measure number="14" width="185.58">
      <note default-x="13.80" default-y="-240.00">
        <pitch>
          <step>G</step>
          <octave>4</octave>
          </pitch>
        <duration>4</duration>
        <voice>1</voice>
        <type>half</type>
        <stem>up</stem>
        </note>
      <note default-x="70.41" default-y="-245.00">
        <pitch>
          <step>F</step>
          <octave>4</octave>
          </pitch>
        <duration>4</duration>
        <voice>1</voice>
        <type>half</type>
        <stem>up</stem>
        </note>
      <note default-x="127.01" default-y="-240.00">
        <pitch>
          <step>G</step>
          <octave>4</octave>
          </pitch>
        <duration>4</duration>
        <voice>1</voice>
        <type>half</type>
        <stem>up</stem>
        </note>
      </measure>
    <measure number="15" width="165.94">
      <note default-x="13.80" default-y="-235.00">
        <pitch>
          <step>A</step>
          <octave>4</octave>
          </pitch>
        <duration>4</duration>
        <voice>1</voice>
        <type>half</type>
        <stem>up</stem>
        </note>
      <note default-x="68.60" default-y="-240.00">
        <pitch>
          <step>G</step>
          <octave>4</octave>
          </pitch>
        <duration>8</duration>
        <voice>1</voice>
        <type>whole</type>
        </note>
      </measure>
    <measure number="16" width="222.02">
      <print new-page="yes">
        <staff-layout number="1">
          <staff-distance>65.00</staff-distance>
          </staff-layout>
        </print>
      <note default-x="94.63" default-y="-245.00">
        <pitch>
          <step>F</step>
          <alter>1</alter>
          <octave>4</octave>
          </pitch>
        <duration>12</duration>
        <voice>1</voice>
        <type>whole</type>
        <dot/>
        <accidental>sharp</accidental>
        </note>
      </measure>
    <measure number="17" width="140.71">
      <note default-x="13.32" default-y="-240.00">
        <pitch>
          <step>G</step>
          <octave>4</octave>
          </pitch>
        <duration>12</duration>
        <voice>1</voice>
        <type>whole</type>
        <dot/>
        </note>
      </measure>
    <measure number="18" width="206.35">
      <note default-x="13.80" default-y="-260.00">
        <pitch>
          <step>C</step>
          <octave>4</octave>
          </pitch>
        <duration>4</duration>
        <voice>1</voice>
        <type>half</type>
        <stem>up</stem>
        </note>
      <note default-x="65.29" default-y="-245.00">
        <pitch>
          <step>F</step>
          <octave>4</octave>
          </pitch>
        <duration>8</duration>
        <voice>1</voice>
        <type>whole</type>
        </note>
      </measure>
    <measure number="19" width="251.39">
      <note default-x="13.80" default-y="-245.00">
        <pitch>
          <step>F</step>
          <octave>4</octave>
          </pitch>
        <duration>6</duration>
        <voice>1</voice>
        <type>half</type>
        <dot/>
        <stem>up</stem>
        </note>
      <note default-x="109.42" default-y="-250.00">
        <pitch>
          <step>E</step>
          <octave>4</octave>
          </pitch>
        <duration>1</duration>
        <voice>1</voice>
        <type>eighth</type>
        <stem>up</stem>
        <beam number="1">begin</beam>
        </note>
      <note default-x="134.48" default-y="-255.00">
        <pitch>
          <step>D</step>
          <octave>4</octave>
          </pitch>
        <duration>1</duration>
        <voice>1</voice>
        <type>eighth</type>
        <stem>up</stem>
        <beam number="1">end</beam>
        </note>
      <note default-x="159.19" default-y="-250.00">
        <pitch>
          <step>E</step>
          <octave>4</octave>
          </pitch>
        <duration>4</duration>
        <voice>1</voice>
        <type>half</type>
        <stem>up</stem>
        </note>
      </measure>
    <measure number="20" width="140.71">
      <note default-x="13.32" default-y="-245.00">
        <pitch>
          <step>F</step>
          <octave>4</octave>
          </pitch>
        <duration>12</duration>
        <voice>1</voice>
        <type>whole</type>
        <dot/>
        </note>
      </measure>
    <measure number="21" width="120.07">
      <barline location="left">
        <ending number="1" type="start" default-y="54.00"/>
        </barline>
      <note default-x="13.32" default-y="-245.00">
        <pitch>
          <step>F</step>
          <octave>4</octave>
          </pitch>
        <duration>8</duration>
        <voice>1</voice>
        <type>whole</type>
        </note>
      <barline location="right">
        <bar-style>light-heavy</bar-style>
        <ending number="1" type="stop"/>
        <repeat direction="backward"/>
        </barline>
      </measure>
    <measure number="22" width="174.24">
      <barline location="left">
        <ending number="2" type="start" default-y="54.00"/>
        </barline>
      <note default-x="14.89" default-y="-245.00">
        <pitch>
          <step>F</step>
          <octave>4</octave>
          </pitch>
        <duration>16</duration>
        <voice>1</voice>
        <type>breve</type>
        </note>
      <barline location="right">
        <bar-style>light-heavy</bar-style>
        <ending number="2" type="stop"/>
        </barline>
      </measure>
    </part>
  <part id="P4">
    <measure number="1" width="128.51">
      <print>
        <staff-layout number="1">
          <staff-distance>65.00</staff-distance>
          </staff-layout>
        </print>
      <attributes>
        <divisions>2</divisions>
        <key print-object="no">
          <fifths>-1</fifths>
          <mode>major</mode>
          </key>
        <time>
          <beats>3</beats>
          <beat-type>2</beat-type>
          </time>
        <clef>
          <sign>C</sign>
          <line>3</line>
          </clef>
        </attributes>
      <note default-x="75.76" default-y="-335.00">
        <pitch>
          <step>C</step>
          <octave>4</octave>
          </pitch>
        <duration>4</duration>
        <voice>1</voice>
        <type>half</type>
        <stem>down</stem>
        </note>
      </measure>
    <measure number="2" width="184.82">
      <note default-x="16.28" default-y="-335.00">
        <pitch>
          <step>C</step>
          <octave>4</octave>
          </pitch>
        <duration>6</duration>
        <voice>1</voice>
        <type>half</type>
        <dot/>
        <stem>down</stem>
        </note>
      <note default-x="88.05" default-y="-330.00">
        <pitch>
          <step>D</step>
          <octave>4</octave>
          </pitch>
        <duration>2</duration>
        <voice>1</voice>
        <type>quarter</type>
        <stem>down</stem>
        </note>
      <note default-x="124.29" default-y="-335.00">
        <pitch>
          <step>C</step>
          <octave>4</octave>
          </pitch>
        <duration>4</duration>
        <voice>1</voice>
        <type>half</type>
        <stem>down</stem>
        </note>
      </measure>
    <measure number="3" width="154.54">
      <note default-x="10.36" default-y="-335.00">
        <pitch>
          <step>C</step>
          <octave>4</octave>
          </pitch>
        <duration>4</duration>
        <voice>1</voice>
        <type>half</type>
        <stem>down</stem>
        </note>
      <note default-x="62.10" default-y="-345.00">
        <pitch>
          <step>A</step>
          <octave>3</octave>
          </pitch>
        <duration>8</duration>
        <voice>1</voice>
        <type>whole</type>
        </note>
      </measure>
    <measure number="4" width="164.09">
      <note default-x="21.74" default-y="-345.00">
        <pitch>
          <step>A</step>
          <octave>3</octave>
          </pitch>
        <duration>12</duration>
        <voice>1</voice>
        <type>whole</type>
        <dot/>
        </note>
      </measure>
    <measure number="5" width="211.98">
      <note default-x="13.32" default-y="-330.00">
        <pitch>
          <step>D</step>
          <octave>4</octave>
          </pitch>
        <duration>8</duration>
        <voice>1</voice>
        <type>whole</type>
        </note>
      <note default-x="140.83" default-y="-330.00">
        <pitch>
          <step>D</step>
          <octave>4</octave>
          </pitch>
        <duration>4</duration>
        <voice>1</voice>
        <type>half</type>
        <stem>down</stem>
        </note>
      </measure>
    <measure number="6" width="218.96">
      <note default-x="13.80" default-y="-335.00">
        <pitch>
          <step>C</step>
          <octave>4</octave>
          </pitch>
        <duration>4</duration>
        <voice>1</voice>
        <type>half</type>
        <stem>down</stem>
        </note>
      <note default-x="66.72" default-y="-340.00">
        <pitch>
          <step>B</step>
          <octave>3</octave>
          </pitch>
        <duration>8</duration>
        <voice>1</voice>
        <type>whole</type>
        <accidental>natural</accidental>
        </note>
      </measure>
    <measure number="7" width="140.96">
      <note default-x="13.32" default-y="-335.00">
        <pitch>
          <step>C</step>
          <octave>4</octave>
          </pitch>
        <duration>12</duration>
        <voice>1</voice>
        <type>whole</type>
        <dot/>
        </note>
      </measure>
    <measure number="8" width="190.24">
      <print new-system="yes">
        <staff-layout number="1">
          <staff-distance>65.00</staff-distance>
          </staff-layout>
        </print>
      <note default-x="81.41" default-y="-335.00">
        <pitch>
          <step>C</step>
          <octave>4</octave>
          </pitch>
        <duration>8</duration>
        <voice>1</voice>
        <type>whole</type>
        </note>
      <barline location="right">
        <bar-style>light-heavy</bar-style>
        <repeat direction="backward"/>
        </barline>
      </measure>
    <measure number="9" width="77.85">
      <barline location="left">
        <bar-style>heavy-light</bar-style>
        <repeat direction="forward"/>
        </barline>
      <note default-x="23.81" default-y="-330.00">
        <pitch>
          <step>D</step>
          <octave>4</octave>
          </pitch>
        <duration>4</duration>
        <voice>1</voice>
        <type>half</type>
        <stem>down</stem>
        </note>
      </measure>
    <measure number="10" width="143.83">
      <note default-x="13.32" default-y="-335.00">
        <pitch>
          <step>C</step>
          <octave>4</octave>
          </pitch>
        <duration>12</duration>
        <voice>1</voice>
        <type>whole</type>
        <dot/>
        </note>
      </measure>
    <measure number="11" width="143.83">
      <note default-x="13.32" default-y="-335.00">
        <pitch>
          <step>C</step>
          <octave>4</octave>
          </pitch>
        <duration>12</duration>
        <voice>1</voice>
        <type>whole</type>
        <dot/>
        </note>
      </measure>
    <measure number="12" width="179.94">
      <note default-x="13.80" default-y="-330.00">
        <pitch>
          <step>D</step>
          <octave>4</octave>
          </pitch>
        <duration>4</duration>
        <voice>1</voice>
        <type>half</type>
        <stem>down</stem>
        </note>
      <note default-x="73.99" default-y="-325.00">
        <pitch>
          <step>E</step>
          <octave>4</octave>
          </pitch>
        <duration>8</duration>
        <voice>1</voice>
        <type>whole</type>
        </note>
      </measure>
    <measure number="13" width="168.30">
      <note default-x="16.28" default-y="-330.00">
        <pitch>
          <step>D</step>
          <octave>4</octave>
          </pitch>
        <duration>4</duration>
        <voice>1</voice>
        <type>half</type>
        <stem>down</stem>
        </note>
      <note default-x="66.30" default-y="-320.00">
        <pitch>
          <step>F</step>
          <octave>4</octave>
          </pitch>
        <duration>4</duration>
        <voice>1</voice>
        <type>half</type>
        <stem>down</stem>
        </note>
      <note default-x="116.32" default-y="-325.00">
        <pitch>
          <step>E</step>
          <octave>4</octave>
          </pitch>
        <duration>4</duration>
        <voice>1</voice>
        <type>half</type>
        <stem>down</stem>
        </note>
      </measure>
    <measure number="14" width="185.58">
      <note default-x="13.80" default-y="-325.00">
        <pitch>
          <step>E</step>
          <octave>4</octave>
          </pitch>
        <duration>4</duration>
        <voice>1</voice>
        <type>half</type>
        <stem>down</stem>
        </note>
      <note default-x="70.41" default-y="-330.00">
        <pitch>
          <step>D</step>
          <octave>4</octave>
          </pitch>
        <duration>4</duration>
        <voice>1</voice>
        <type>half</type>
        <stem>down</stem>
        </note>
      <note default-x="127.01" default-y="-325.00">
        <pitch>
          <step>E</step>
          <octave>4</octave>
          </pitch>
        <duration>4</duration>
        <voice>1</voice>
        <type>half</type>
        <stem>down</stem>
        </note>
      </measure>
    <measure number="15" width="165.94">
      <note default-x="13.80" default-y="-345.00">
        <pitch>
          <step>A</step>
          <octave>3</octave>
          </pitch>
        <duration>4</duration>
        <voice>1</voice>
        <type>half</type>
        <stem>up</stem>
        </note>
      <note default-x="68.60" default-y="-330.00">
        <pitch>
          <step>D</step>
          <octave>4</octave>
          </pitch>
        <duration>8</duration>
        <voice>1</voice>
        <type>whole</type>
        </note>
      </measure>
    <measure number="16" width="222.02">
      <print new-page="yes">
        <staff-layout number="1">
          <staff-distance>65.00</staff-distance>
          </staff-layout>
        </print>
      <note default-x="94.63" default-y="-330.00">
        <pitch>
          <step>D</step>
          <octave>4</octave>
          </pitch>
        <duration>12</duration>
        <voice>1</voice>
        <type>whole</type>
        <dot/>
        </note>
      </measure>
    <measure number="17" width="140.71">
      <note default-x="13.32" default-y="-340.00">
        <pitch>
          <step>B</step>
          <alter>-1</alter>
          <octave>3</octave>
          </pitch>
        <duration>12</duration>
        <voice>1</voice>
        <type>whole</type>
        <dot/>
        </note>
      </measure>
    <measure number="18" width="206.35">
      <note default-x="13.80" default-y="-320.00">
        <pitch>
          <step>F</step>
          <octave>4</octave>
          </pitch>
        <duration>4</duration>
        <voice>1</voice>
        <type>half</type>
        <stem>down</stem>
        </note>
      <note default-x="68.25" default-y="-335.00">
        <pitch>
          <step>C</step>
          <octave>4</octave>
          </pitch>
        <duration>4</duration>
        <voice>1</voice>
        <type>half</type>
        <stem>down</stem>
        </note>
      <note default-x="136.32" default-y="-330.00">
        <pitch>
          <step>D</step>
          <octave>4</octave>
          </pitch>
        <duration>4</duration>
        <voice>1</voice>
        <type>half</type>
        <stem>down</stem>
        </note>
      </measure>
    <measure number="19" width="251.39">
      <note default-x="13.80" default-y="-335.00">
        <pitch>
          <step>C</step>
          <octave>4</octave>
          </pitch>
        <duration>4</duration>
        <voice>1</voice>
        <type>half</type>
        <stem>down</stem>
        </note>
      <note default-x="65.99" default-y="-335.00">
        <pitch>
          <step>C</step>
          <octave>4</octave>
          </pitch>
        <duration>8</duration>
        <voice>1</voice>
        <type>whole</type>
        </note>
      </measure>
    <measure number="20" width="140.71">
      <note default-x="13.32" default-y="-335.00">
        <pitch>
          <step>C</step>
          <octave>4</octave>
          </pitch>
        <duration>12</duration>
        <voice>1</voice>
        <type>whole</type>
        <dot/>
        </note>
      </measure>
    <measure number="21" width="120.07">
      <barline location="left">
        <ending number="1" type="start" default-y="54.00"/>
        </barline>
      <note default-x="13.32" default-y="-335.00">
        <pitch>
          <step>C</step>
          <octave>4</octave>
          </pitch>
        <duration>8</duration>
        <voice>1</voice>
        <type>whole</type>
        </note>
      <barline location="right">
        <bar-style>light-heavy</bar-style>
        <ending number="1" type="stop"/>
        <repeat direction="backward"/>
        </barline>
      </measure>
    <measure number="22" width="174.24">
      <barline location="left">
        <ending number="2" type="start" default-y="54.00"/>
        </barline>
      <note default-x="14.89" default-y="-335.00">
        <pitch>
          <step>C</step>
          <octave>4</octave>
          </pitch>
        <duration>16</duration>
        <voice>1</voice>
        <type>breve</type>
        </note>
      <barline location="right">
        <bar-style>light-heavy</bar-style>
        <ending number="2" type="stop"/>
        </barline>
      </measure>
    </part>
  <part id="P5">
    <measure number="1" width="128.51">
      <print>
        <staff-layout number="1">
          <staff-distance>65.00</staff-distance>
          </staff-layout>
        </print>
      <attributes>
        <divisions>2</divisions>
        <key print-object="no">
          <fifths>-1</fifths>
          <mode>major</mode>
          </key>
        <time>
          <beats>3</beats>
          <beat-type>2</beat-type>
          </time>
        <clef>
          <sign>F</sign>
          <line>4</line>
          </clef>
        </attributes>
      <note default-x="75.76" default-y="-430.00">
        <pitch>
          <step>F</step>
          <octave>3</octave>
          </pitch>
        <duration>4</duration>
        <voice>1</voice>
        <type>half</type>
        <stem>down</stem>
        </note>
      </measure>
    <measure number="2" width="184.82">
      <note default-x="13.32" default-y="-430.00">
        <pitch>
          <step>F</step>
          <octave>3</octave>
          </pitch>
        <duration>8</duration>
        <voice>1</voice>
        <type>whole</type>
        </note>
      <note default-x="124.29" default-y="-430.00">
        <pitch>
          <step>F</step>
          <octave>3</octave>
          </pitch>
        <duration>4</duration>
        <voice>1</voice>
        <type>half</type>
        <stem>down</stem>
        </note>
      </measure>
    <measure number="3" width="154.54">
      <note default-x="10.36" default-y="-445.00">
        <pitch>
          <step>C</step>
          <octave>3</octave>
          </pitch>
        <duration>4</duration>
        <voice>1</voice>
        <type>half</type>
        <stem>up</stem>
        </note>
      <note default-x="62.10" default-y="-440.00">
        <pitch>
          <step>D</step>
          <octave>3</octave>
          </pitch>
        <duration>8</duration>
        <voice>1</voice>
        <type>whole</type>
        </note>
      </measure>
    <measure number="4" width="164.09">
      <note default-x="21.74" default-y="-420.00">
        <pitch>
          <step>A</step>
          <octave>3</octave>
          </pitch>
        <duration>12</duration>
        <voice>1</voice>
        <type>whole</type>
        <dot/>
        </note>
      </measure>
    <measure number="5" width="211.98">
      <note default-x="13.32" default-y="-415.00">
        <pitch>
          <step>B</step>
          <alter>-1</alter>
          <octave>3</octave>
          </pitch>
        <duration>8</duration>
        <voice>1</voice>
        <type>whole</type>
        </note>
      <note default-x="140.83" default-y="-415.00">
        <pitch>
          <step>B</step>
          <alter>-1</alter>
          <octave>3</octave>
          </pitch>
        <duration>4</duration>
        <voice>1</voice>
        <type>half</type>
        <stem>down</stem>
        </note>
      </measure>
    <measure number="6" width="218.96">
      <note default-x="13.80" default-y="-410.00">
        <pitch>
          <step>C</step>
          <octave>4</octave>
          </pitch>
        <duration>4</duration>
        <voice>1</voice>
        <type>half</type>
        <stem>down</stem>
        </note>
      <note default-x="66.72" default-y="-425.00">
        <pitch>
          <step>G</step>
          <octave>3</octave>
          </pitch>
        <duration>8</duration>
        <voice>1</voice>
        <type>whole</type>
        </note>
      </measure>
    <measure number="7" width="140.96">
      <note default-x="13.32" default-y="-445.00">
        <pitch>
          <step>C</step>
          <octave>3</octave>
          </pitch>
        <duration>12</duration>
        <voice>1</voice>
        <type>whole</type>
        <dot/>
        </note>
      </measure>
    <measure number="8" width="190.24">
      <print new-system="yes">
        <staff-layout number="1">
          <staff-distance>65.00</staff-distance>
          </staff-layout>
        </print>
      <note default-x="81.41" default-y="-445.00">
        <pitch>
          <step>C</step>
          <octave>3</octave>
          </pitch>
        <duration>8</duration>
        <voice>1</voice>
        <type>whole</type>
        </note>
      <barline location="right">
        <bar-style>light-heavy</bar-style>
        <repeat direction="backward"/>
        </barline>
      </measure>
    <measure number="9" width="77.85">
      <barline location="left">
        <bar-style>heavy-light</bar-style>
        <repeat direction="forward"/>
        </barline>
      <note default-x="23.81" default-y="-450.00">
        <pitch>
          <step>B</step>
          <alter>-1</alter>
          <octave>2</octave>
          </pitch>
        <duration>4</duration>
        <voice>1</voice>
        <type>half</type>
        <stem>up</stem>
        </note>
      </measure>
    <measure number="10" width="143.83">
      <note default-x="13.32" default-y="-430.00">
        <pitch>
          <step>F</step>
          <octave>3</octave>
          </pitch>
        <duration>12</duration>
        <voice>1</voice>
        <type>whole</type>
        <dot/>
        </note>
      </measure>
    <measure number="11" width="143.83">
      <note default-x="13.32" default-y="-430.00">
        <pitch>
          <step>F</step>
          <octave>3</octave>
          </pitch>
        <duration>12</duration>
        <voice>1</voice>
        <type>whole</type>
        <dot/>
        </note>
      </measure>
    <measure number="12" width="179.94">
      <note default-x="13.80" default-y="-440.00">
        <pitch>
          <step>D</step>
          <octave>3</octave>
          </pitch>
        <duration>4</duration>
        <voice>1</voice>
        <type>half</type>
        <stem>down</stem>
        </note>
      <note default-x="73.99" default-y="-420.00">
        <pitch>
          <step>A</step>
          <octave>3</octave>
          </pitch>
        <duration>8</duration>
        <voice>1</voice>
        <type>whole</type>
        </note>
      </measure>
    <measure number="13" width="168.30">
      <note default-x="13.32" default-y="-440.00">
        <pitch>
          <step>D</step>
          <octave>3</octave>
          </pitch>
        <duration>8</duration>
        <voice>1</voice>
        <type>whole</type>
        </note>
      <note default-x="116.32" default-y="-420.00">
        <pitch>
          <step>A</step>
          <octave>3</octave>
          </pitch>
        <duration>4</duration>
        <voice>1</voice>
        <type>half</type>
        <stem>down</stem>
        </note>
      </measure>
    <measure number="14" width="185.58">
      <note default-x="13.80" default-y="-410.00">
        <pitch>
          <step>C</step>
          <octave>4</octave>
          </pitch>
        <duration>4</duration>
        <voice>1</voice>
        <type>half</type>
        <stem>down</stem>
        </note>
      <note default-x="70.41" default-y="-405.00">
        <pitch>
          <step>D</step>
          <octave>4</octave>
          </pitch>
        <duration>4</duration>
        <voice>1</voice>
        <type>half</type>
        <stem>down</stem>
        </note>
      <note default-x="127.01" default-y="-410.00">
        <pitch>
          <step>C</step>
          <octave>4</octave>
          </pitch>
        <duration>4</duration>
        <voice>1</voice>
        <type>half</type>
        <stem>down</stem>
        </note>
      </measure>
    <measure number="15" width="165.94">
      <note default-x="13.80" default-y="-430.00">
        <pitch>
          <step>F</step>
          <octave>3</octave>
          </pitch>
        <duration>4</duration>
        <voice>1</voice>
        <type>half</type>
        <stem>down</stem>
        </note>
      <note default-x="68.60" default-y="-425.00">
        <pitch>
          <step>G</step>
          <octave>3</octave>
          </pitch>
        <duration>8</duration>
        <voice>1</voice>
        <type>whole</type>
        </note>
      </measure>
    <measure number="16" width="222.02">
      <print new-page="yes">
        <staff-layout number="1">
          <staff-distance>65.00</staff-distance>
          </staff-layout>
        </print>
      <note default-x="94.63" default-y="-440.00">
        <pitch>
          <step>D</step>
          <octave>3</octave>
          </pitch>
        <duration>12</duration>
        <voice>1</voice>
        <type>whole</type>
        <dot/>
        </note>
      </measure>
    <measure number="17" width="140.71">
      <note default-x="13.32" default-y="-425.00">
        <pitch>
          <step>G</step>
          <octave>3</octave>
          </pitch>
        <duration>12</duration>
        <voice>1</voice>
        <type>whole</type>
        <dot/>
        </note>
      </measure>
    <measure number="18" width="206.35">
      <note default-x="13.80" default-y="-430.00">
        <pitch>
          <step>F</step>
          <octave>3</octave>
          </pitch>
        <duration>6</duration>
        <voice>1</voice>
        <type>half</type>
        <dot/>
        <stem>down</stem>
        </note>
      <note default-x="102.65" default-y="-435.00">
        <pitch>
          <step>E</step>
          <octave>3</octave>
          </pitch>
        <duration>2</duration>
        <voice>1</voice>
        <type>quarter</type>
        <stem>down</stem>
        </note>
      <note default-x="136.32" default-y="-440.00">
        <pitch>
          <step>D</step>
          <octave>3</octave>
          </pitch>
        <duration>4</duration>
        <voice>1</voice>
        <type>half</type>
        <stem>down</stem>
        </note>
      </measure>
    <measure number="19" width="251.39">
      <note default-x="13.80" default-y="-430.00">
        <pitch>
          <step>F</step>
          <octave>3</octave>
          </pitch>
        <duration>4</duration>
        <voice>1</voice>
        <type>half</type>
        <stem>down</stem>
        </note>
      <note default-x="65.99" default-y="-445.00">
        <pitch>
          <step>C</step>
          <octave>3</octave>
          </pitch>
        <duration>8</duration>
        <voice>1</voice>
        <type>whole</type>
        </note>
      </measure>
    <measure number="20" width="140.71">
      <note default-x="13.32" default-y="-430.00">
        <pitch>
          <step>F</step>
          <octave>3</octave>
          </pitch>
        <duration>12</duration>
        <voice>1</voice>
        <type>whole</type>
        <dot/>
        </note>
      </measure>
    <measure number="21" width="120.07">
      <barline location="left">
        <ending number="1" type="start" default-y="54.00"/>
        </barline>
      <note default-x="13.32" default-y="-430.00">
        <pitch>
          <step>F</step>
          <octave>3</octave>
          </pitch>
        <duration>8</duration>
        <voice>1</voice>
        <type>whole</type>
        </note>
      <barline location="right">
        <bar-style>light-heavy</bar-style>
        <ending number="1" type="stop"/>
        <repeat direction="backward"/>
        </barline>
      </measure>
    <measure number="22" width="174.24">
      <barline location="left">
        <ending number="2" type="start" default-y="54.00"/>
        </barline>
      <note default-x="14.89" default-y="-430.00">
        <pitch>
          <step>F</step>
          <octave>3</octave>
          </pitch>
        <duration>16</duration>
        <voice>1</voice>
        <type>breve</type>
        </note>
      <barline location="right">
        <bar-style>light-heavy</bar-style>
        <ending number="2" type="stop"/>
        </barline>
      </measure>
    </part>
  </score-partwise>
