<?xml version="1.0" encoding="UTF-8" standalone="no"?>
<!DOCTYPE score-partwise PUBLIC "-//Recordare//DTD MusicXML 3.0 Partwise//EN" "http://www.musicxml.org/dtds/partwise.dtd">
<score-partwise version="3.0">
  <identification>
    <encoding>
      <software>Finale 2014 for Mac</software>
      <software>Dolet Light for Finale 2014</software>
      <encoding-date>2014-07-02</encoding-date>
      <supports attribute="new-system" element="print" type="yes" value="yes"/>
      <supports attribute="new-page" element="print" type="yes" value="yes"/>
      <supports element="accidental" type="yes"/>
      <supports element="beam" type="yes"/>
      <supports element="stem" type="yes"/>
    </encoding>
  </identification>
  <defaults>
    <scaling>
      <millimeters>7.2319</millimeters>
      <tenths>40</tenths>
    </scaling>
    <page-layout>
      <page-height>1545</page-height>
      <page-width>1194</page-width>
      <page-margins type="both">
        <left-margin>70</left-margin>
        <right-margin>70</right-margin>
        <top-margin>88</top-margin>
        <bottom-margin>88</bottom-margin>
      </page-margins>
    </page-layout>
    <system-layout>
      <system-margins>
        <left-margin>0</left-margin>
        <right-margin>0</right-margin>
      </system-margins>
      <system-distance>121</system-distance>
      <top-system-distance>70</top-system-distance>
    </system-layout>
    <appearance>
      <line-width type="stem">0.7487</line-width>
      <line-width type="beam">5</line-width>
      <line-width type="staff">0.7487</line-width>
      <line-width type="light barline">0.7487</line-width>
      <line-width type="heavy barline">5</line-width>
      <line-width type="leger">0.7487</line-width>
      <line-width type="ending">0.7487</line-width>
      <line-width type="wedge">0.7487</line-width>
      <line-width type="enclosure">0.7487</line-width>
      <line-width type="tuplet bracket">0.7487</line-width>
      <note-size type="grace">60</note-size>
      <note-size type="cue">60</note-size>
      <distance type="hyphen">120</distance>
      <distance type="beam">8</distance>
    </appearance>
    <music-font font-family="Maestro,engraved" font-size="20.5"/>
    <word-font font-family="Times New Roman" font-size="10.25"/>
    <lyric-font font-family="Finale Lyrics" font-size="10.25"/>
  </defaults>
  <credit page="1">
    <credit-words default-x="70" default-y="1453" font-size="12" valign="top">Conducteur</credit-words>
  </credit>
  <part-list>
    <score-part id="P1">
      <part-name print-object="no">MusicXML Part</part-name>
      <score-instrument id="P1-I1">
        <instrument-name>MusicXML Default 1</instrument-name>
      </score-instrument>
      <midi-instrument id="P1-I1">
        <midi-channel>1</midi-channel>
        <midi-program>1</midi-program>
      </midi-instrument>
    </score-part>
  </part-list>
  <!--=========================================================-->
  <part id="P1">
    <measure number="1" width="229">
      <print>
        <system-layout>
          <system-margins>
            <left-margin>70</left-margin>
            <right-margin>0</right-margin>
          </system-margins>
          <top-system-distance>211</top-system-distance>
        </system-layout>
        <measure-numbering>system</measure-numbering>
      </print>
      <attributes>
        <divisions>2</divisions>
        <key>
          <fifths>-1</fifths>
          <mode>major</mode>
        </key>
        <time symbol="cut">
          <beats>2</beats>
          <beat-type>2</beat-type>
        </time>
        <clef>
          <sign>G</sign>
          <line>2</line>
        </clef>
      </attributes>
      <sound tempo="120"/>
      <note default-x="109">
        <pitch>
          <step>C</step>
          <octave>5</octave>
        </pitch>
        <duration>4</duration>
        <voice>1</voice>
        <type>half</type>
        <stem default-y="-50.5">down</stem>
        <lyric default-y="-80" number="1">
          <syllabic>single</syllabic>
          <text>Le</text>
        </lyric>
      </note>
      <note default-x="169">
        <pitch>
          <step>C</step>
          <octave>5</octave>
        </pitch>
        <duration>4</duration>
        <voice>1</voice>
        <type>half</type>
        <stem default-y="-50.5">down</stem>
        <lyric default-y="-80" number="1">
          <syllabic>begin</syllabic>
          <text>Sei</text>
        </lyric>
      </note>
    </measure>
    <!--=======================================================-->
    <measure number="2" width="133">
      <note default-x="13">
        <pitch>
          <step>A</step>
          <octave>4</octave>
        </pitch>
        <duration>4</duration>
        <voice>1</voice>
        <type>half</type>
        <stem default-y="10.5">up</stem>
        <lyric default-y="-80" number="1">
          <syllabic>end</syllabic>
          <text>gneur</text>
        </lyric>
      </note>
      <note default-x="73">
        <pitch>
          <step>A</step>
          <octave>4</octave>
        </pitch>
        <duration>4</duration>
        <voice>1</voice>
        <type>half</type>
        <stem default-y="10.5">up</stem>
        <lyric default-y="-80" number="1">
          <syllabic>single</syllabic>
          <text>fait</text>
        </lyric>
      </note>
    </measure>
    <!--=======================================================-->
    <measure number="3" width="133">
      <note default-x="13">
        <pitch>
          <step>F</step>
          <octave>4</octave>
        </pitch>
        <duration>4</duration>
        <voice>1</voice>
        <type>half</type>
        <stem default-y="0">up</stem>
        <lyric default-y="-80" number="1">
          <syllabic>single</syllabic>
          <text>par</text>
        </lyric>
      </note>
      <note default-x="73">
        <pitch>
          <step>G</step>
          <octave>4</octave>
        </pitch>
        <duration>4</duration>
        <voice>1</voice>
        <type>half</type>
        <stem default-y="5.5">up</stem>
        <lyric default-y="-80" number="1">
          <syllabic>single</syllabic>
          <text>tout</text>
        </lyric>
      </note>
    </measure>
    <!--=======================================================-->
    <measure number="4" width="110">
      <note default-x="14">
        <pitch>
          <step>A</step>
          <octave>4</octave>
        </pitch>
        <duration>8</duration>
        <voice>1</voice>
        <type>whole</type>
        <lyric default-y="-80" number="1">
          <syllabic>single</syllabic>
          <text>voir</text>
        </lyric>
      </note>
    </measure>
    <!--=======================================================-->
    <measure number="5" width="134">
      <note default-x="14">
        <pitch>
          <step>B</step>
          <alter>-1</alter>
          <octave>4</octave>
        </pitch>
        <duration>4</duration>
        <voice>1</voice>
        <type>half</type>
        <stem default-y="-55">down</stem>
        <lyric default-y="-80" number="1">
          <syllabic>single</syllabic>
          <text>sa</text>
        </lyric>
      </note>
      <note default-x="73">
        <pitch>
          <step>A</step>
          <octave>4</octave>
        </pitch>
        <duration>4</duration>
        <voice>1</voice>
        <type>half</type>
        <stem default-y="10.5">up</stem>
        <lyric default-y="-80" number="1">
          <syllabic>begin</syllabic>
          <text>for</text>
        </lyric>
      </note>
    </measure>
    <!--=======================================================-->
    <measure number="6" width="133">
      <note default-x="13">
        <pitch>
          <step>A</step>
          <octave>4</octave>
        </pitch>
        <duration>4</duration>
        <voice>1</voice>
        <type>half</type>
        <stem default-y="10.5">up</stem>
        <lyric default-y="-80" number="1">
          <syllabic>end</syllabic>
          <text>ce</text>
          <elision> </elision>
          <syllabic>begin</syllabic>
          <text>im</text>
        </lyric>
      </note>
      <note default-x="73">
        <pitch>
          <step>G</step>
          <octave>4</octave>
        </pitch>
        <duration>4</duration>
        <voice>1</voice>
        <type>half</type>
        <stem default-y="5.5">up</stem>
        <lyric default-y="-80" number="1">
          <syllabic>middle</syllabic>
          <text>mor</text>
        </lyric>
      </note>
    </measure>
    <!--=======================================================-->
    <measure number="7" width="110">
      <note default-x="13">
        <pitch>
          <step>G</step>
          <octave>4</octave>
        </pitch>
        <duration>8</duration>
        <voice>1</voice>
        <type>whole</type>
        <lyric default-y="-80" number="1">
          <syllabic>middle</syllabic>
          <text>tel</text>
        </lyric>
      </note>
    </measure>
    <!--=======================================================-->
    <measure number="8" width="174">
      <print new-system="yes">
        <system-layout>
          <system-distance>114</system-distance>
        </system-layout>
      </print>
      <note default-x="77">
        <pitch>
          <step>F</step>
          <octave>4</octave>
        </pitch>
        <duration>8</duration>
        <voice>1</voice>
        <type>whole</type>
        <lyric default-y="-80" number="1">
          <syllabic>end</syllabic>
          <text>le,</text>
        </lyric>
      </note>
    </measure>
    <!--=======================================================-->
    <measure number="9" width="135">
      <note default-x="14">
        <rest/>
        <duration>4</duration>
        <voice>1</voice>
        <type>half</type>
      </note>
      <note default-x="75">
        <pitch>
          <step>C</step>
          <octave>5</octave>
        </pitch>
        <duration>4</duration>
        <voice>1</voice>
        <type>half</type>
        <stem default-y="-50">down</stem>
        <lyric default-y="-80" number="1">
          <syllabic>single</syllabic>
          <text>Mais</text>
        </lyric>
      </note>
    </measure>
    <!--=======================================================-->
    <measure number="10" width="134">
      <note default-x="14">
        <pitch>
          <step>C</step>
          <octave>5</octave>
        </pitch>
        <duration>4</duration>
        <voice>1</voice>
        <type>half</type>
        <stem default-y="-50">down</stem>
        <lyric default-y="-80" number="1">
          <syllabic>single</syllabic>
          <text>il</text>
        </lyric>
      </note>
      <note default-x="74">
        <pitch>
          <step>D</step>
          <octave>5</octave>
        </pitch>
        <duration>4</duration>
        <voice>1</voice>
        <type>half</type>
        <stem default-y="-45.5">down</stem>
        <lyric default-y="-80" number="1">
          <syllabic>single</syllabic>
          <text>faut</text>
        </lyric>
      </note>
    </measure>
    <!--=======================================================-->
    <measure number="11" width="134">
      <note default-x="14">
        <pitch>
          <step>E</step>
          <octave>5</octave>
        </pitch>
        <duration>4</duration>
        <voice>1</voice>
        <type>half</type>
        <stem default-y="-40">down</stem>
        <lyric default-y="-80" number="1">
          <syllabic>begin</syllabic>
          <text>ad</text>
        </lyric>
      </note>
      <note default-x="74">
        <pitch>
          <step>E</step>
          <octave>5</octave>
        </pitch>
        <duration>4</duration>
        <voice>1</voice>
        <type>half</type>
        <stem default-y="-40">down</stem>
        <lyric default-y="-80" number="1">
          <syllabic>middle</syllabic>
          <text>voü</text>
        </lyric>
      </note>
    </measure>
    <!--=======================================================-->
    <measure number="12" width="111">
      <note default-x="13">
        <pitch>
          <step>F</step>
          <octave>5</octave>
        </pitch>
        <duration>8</duration>
        <voice>1</voice>
        <type>whole</type>
        <lyric default-y="-80" number="1">
          <syllabic>end</syllabic>
          <text>er</text>
        </lyric>
      </note>
    </measure>
    <!--=======================================================-->
    <measure number="13" width="230">
      <note default-x="14">
        <pitch>
          <step>D</step>
          <octave>5</octave>
        </pitch>
        <duration>4</duration>
        <voice>1</voice>
        <type>half</type>
        <stem default-y="-45.5">down</stem>
        <lyric default-y="-80" number="1">
          <syllabic>begin</syllabic>
          <text>qu'a</text>
        </lyric>
      </note>
      <note default-x="74">
        <pitch>
          <step>G</step>
          <octave>5</octave>
        </pitch>
        <duration>8</duration>
        <voice>1</voice>
        <type>whole</type>
        <lyric default-y="-80" number="1">
          <syllabic>end</syllabic>
          <text>vec</text>
        </lyric>
      </note>
      <note default-x="170">
        <pitch>
          <step>E</step>
          <octave>5</octave>
        </pitch>
        <duration>4</duration>
        <voice>1</voice>
        <type>half</type>
        <stem default-y="-40">down</stem>
        <lyric default-y="-80" number="1">
          <syllabic>single</syllabic>
          <text>tant</text>
        </lyric>
      </note>
    </measure>
    <!--=======================================================-->
    <measure number="14" width="134">
      <note default-x="14">
        <pitch>
          <step>C</step>
          <octave>5</octave>
        </pitch>
        <duration>4</duration>
        <voice>1</voice>
        <type>half</type>
        <stem default-y="-50">down</stem>
        <lyric default-y="-80" number="1">
          <syllabic>single</syllabic>
          <text>de</text>
        </lyric>
      </note>
      <note default-x="74">
        <pitch>
          <step>B</step>
          <octave>4</octave>
        </pitch>
        <duration>4</duration>
        <voice>1</voice>
        <type>half</type>
        <accidental>natural</accidental>
        <stem default-y="-55">down</stem>
        <lyric default-y="-80" number="1">
          <syllabic>begin</syllabic>
          <text>splen</text>
        </lyric>
      </note>
    </measure>
    <!--=======================================================-->
    <measure number="15" width="173">
      <print new-system="yes">
        <system-layout>
          <system-distance>114</system-distance>
        </system-layout>
      </print>
      <note default-x="77">
        <pitch>
          <step>C</step>
          <octave>5</octave>
        </pitch>
        <duration>8</duration>
        <voice>1</voice>
        <type>whole</type>
        <lyric default-y="-80" number="1">
          <syllabic>end</syllabic>
          <text>deur,</text>
        </lyric>
      </note>
    </measure>
    <!--=======================================================-->
    <measure number="16" width="133">
      <note default-x="13">
        <rest/>
        <duration>4</duration>
        <voice>1</voice>
        <type>half</type>
      </note>
      <note default-x="74">
        <pitch>
          <step>C</step>
          <octave>5</octave>
        </pitch>
        <duration>4</duration>
        <voice>1</voice>
        <type>half</type>
        <stem default-y="-50">down</stem>
        <lyric default-y="-80" number="1">
          <syllabic>single</syllabic>
          <text>Il</text>
        </lyric>
      </note>
    </measure>
    <!--=======================================================-->
    <measure number="17" width="132">
      <note default-x="14">
        <pitch>
          <step>D</step>
          <octave>5</octave>
        </pitch>
        <duration>4</duration>
        <voice>1</voice>
        <type>half</type>
        <stem default-y="-45">down</stem>
        <lyric default-y="-80" number="1">
          <syllabic>single</syllabic>
          <text>n'a</text>
        </lyric>
      </note>
      <note default-x="73">
        <pitch>
          <step>F</step>
          <octave>5</octave>
        </pitch>
        <duration>4</duration>
        <voice>1</voice>
        <type>half</type>
        <stem default-y="-35">down</stem>
        <lyric default-y="-80" number="1">
          <syllabic>begin</syllabic>
          <text>ja</text>
        </lyric>
      </note>
    </measure>
    <!--=======================================================-->
    <measure number="18" width="132">
      <note default-x="14">
        <pitch>
          <step>E</step>
          <octave>5</octave>
        </pitch>
        <duration>4</duration>
        <voice>1</voice>
        <type>half</type>
        <stem default-y="-40.5">down</stem>
        <lyric default-y="-80" number="1">
          <syllabic>end</syllabic>
          <text>mais</text>
        </lyric>
      </note>
      <note default-x="73">
        <pitch>
          <step>D</step>
          <octave>5</octave>
        </pitch>
        <duration>4</duration>
        <voice>1</voice>
        <type>half</type>
        <stem default-y="-45">down</stem>
        <lyric default-y="-80" number="1">
          <syllabic>begin</syllabic>
          <text>mon</text>
        </lyric>
      </note>
    </measure>
    <!--=======================================================-->
    <measure number="19" width="109">
      <note default-x="13">
        <pitch>
          <step>C</step>
          <octave>5</octave>
        </pitch>
        <duration>8</duration>
        <voice>1</voice>
        <type>whole</type>
        <lyric default-y="-80" number="1">
          <syllabic>end</syllabic>
          <text>tré</text>
        </lyric>
      </note>
    </measure>
    <!--=======================================================-->
    <measure number="20" width="109">
      <note default-x="13">
        <pitch>
          <step>D</step>
          <octave>5</octave>
        </pitch>
        <duration>8</duration>
        <voice>1</voice>
        <type>whole</type>
        <lyric default-y="-80" number="1">
          <syllabic>single</syllabic>
          <text>sa</text>
        </lyric>
      </note>
    </measure>
    <!--=======================================================-->
    <measure number="21" width="132">
      <note default-x="14">
        <pitch>
          <step>C</step>
          <octave>5</octave>
        </pitch>
        <duration>4</duration>
        <voice>1</voice>
        <type>half</type>
        <stem default-y="-50">down</stem>
        <lyric default-y="-80" number="1">
          <syllabic>begin</syllabic>
          <text>for</text>
        </lyric>
      </note>
      <note default-x="73">
        <pitch>
          <step>B</step>
          <alter>-1</alter>
          <octave>4</octave>
        </pitch>
        <duration>4</duration>
        <voice>1</voice>
        <type>half</type>
        <stem default-y="-55">down</stem>
        <lyric default-y="-80" number="1">
          <syllabic>end</syllabic>
          <text>ce</text>
          <elision> </elision>
          <syllabic>single</syllabic>
          <text>et</text>
        </lyric>
      </note>
    </measure>
    <!--=======================================================-->
    <measure number="22" width="133">
      <note default-x="14">
        <pitch>
          <step>A</step>
          <octave>4</octave>
        </pitch>
        <duration>4</duration>
        <voice>1</voice>
        <type>half</type>
        <stem default-y="10">up</stem>
        <lyric default-y="-80" number="1">
          <syllabic>single</syllabic>
          <text>sa</text>
        </lyric>
      </note>
      <note default-x="73">
        <pitch>
          <step>G</step>
          <octave>4</octave>
        </pitch>
        <duration>4</duration>
        <voice>1</voice>
        <type>half</type>
        <stem default-y="5.5">up</stem>
        <lyric default-y="-80" number="1">
          <syllabic>begin</syllabic>
          <text>gran</text>
        </lyric>
      </note>
    </measure>
    <!--=======================================================-->
    <measure number="23" width="173">
      <print new-system="yes">
        <system-layout>
          <system-distance>114</system-distance>
        </system-layout>
      </print>
      <note default-x="77">
        <pitch>
          <step>G</step>
          <octave>4</octave>
        </pitch>
        <duration>8</duration>
        <voice>1</voice>
        <type>whole</type>
        <lyric default-y="-80" number="1">
          <syllabic>end</syllabic>
          <text>deur,</text>
        </lyric>
      </note>
    </measure>
    <!--=======================================================-->
    <measure number="24" width="134">
      <note default-x="13">
        <rest/>
        <duration>4</duration>
        <voice>1</voice>
        <type>half</type>
      </note>
      <note default-x="74">
        <pitch>
          <step>A</step>
          <octave>4</octave>
        </pitch>
        <duration>4</duration>
        <voice>1</voice>
        <type>half</type>
        <stem default-y="10">up</stem>
        <lyric default-y="-80" number="1">
          <syllabic>begin</syllabic>
          <text>Com</text>
        </lyric>
      </note>
    </measure>
    <!--=======================================================-->
    <measure number="25" width="132">
      <note default-x="13">
        <pitch>
          <step>F</step>
          <octave>4</octave>
        </pitch>
        <duration>4</duration>
        <voice>1</voice>
        <type>half</type>
        <stem default-y="0.5">up</stem>
        <lyric default-y="-80" number="1">
          <syllabic>end</syllabic>
          <text>me</text>
          <elision> </elision>
          <syllabic>single</syllabic>
          <text>il</text>
        </lyric>
      </note>
      <note default-x="72">
        <pitch>
          <step>G</step>
          <octave>4</octave>
        </pitch>
        <duration>4</duration>
        <voice>1</voice>
        <type>half</type>
        <stem default-y="5.5">up</stem>
        <lyric default-y="-80" number="1">
          <syllabic>single</syllabic>
          <text>les</text>
        </lyric>
      </note>
    </measure>
    <!--=======================================================-->
    <measure number="26" width="132">
      <note default-x="13">
        <pitch>
          <step>A</step>
          <octave>4</octave>
        </pitch>
        <duration>4</duration>
        <voice>1</voice>
        <type>half</type>
        <stem default-y="10">up</stem>
        <lyric default-y="-80" number="1">
          <syllabic>single</syllabic>
          <text>fait</text>
        </lyric>
      </note>
      <note default-x="72">
        <pitch>
          <step>B</step>
          <alter>-1</alter>
          <octave>4</octave>
        </pitch>
        <duration>4</duration>
        <voice>1</voice>
        <type>half</type>
        <stem default-y="-55.5">down</stem>
        <lyric default-y="-80" number="1">
          <syllabic>begin</syllabic>
          <text>pa</text>
        </lyric>
      </note>
    </measure>
    <!--=======================================================-->
    <measure number="27" width="110">
      <note default-x="13">
        <pitch>
          <step>C</step>
          <octave>5</octave>
        </pitch>
        <duration>8</duration>
        <voice>1</voice>
        <type>whole</type>
        <lyric default-y="-80" number="1">
          <syllabic>middle</syllabic>
          <text>roi</text>
        </lyric>
      </note>
    </measure>
    <!--=======================================================-->
    <measure number="28" width="110">
      <note default-x="13">
        <pitch>
          <step>D</step>
          <octave>5</octave>
        </pitch>
        <duration>8</duration>
        <voice>1</voice>
        <type>whole</type>
        <lyric default-y="-80" number="1">
          <syllabic>end</syllabic>
          <text>stre</text>
          <elision> </elision>
          <syllabic>single</syllabic>
          <text>à</text>
        </lyric>
      </note>
    </measure>
    <!--=======================================================-->
    <measure number="29" width="132">
      <note default-x="14">
        <pitch>
          <step>C</step>
          <octave>5</octave>
        </pitch>
        <duration>4</duration>
        <voice>1</voice>
        <type>half</type>
        <stem default-y="-50">down</stem>
        <lyric default-y="-80" number="1">
          <syllabic>single</syllabic>
          <text>sa</text>
        </lyric>
      </note>
      <note default-x="73">
        <pitch>
          <step>B</step>
          <alter>-1</alter>
          <octave>4</octave>
        </pitch>
        <duration>4</duration>
        <voice>1</voice>
        <type>half</type>
        <stem default-y="-55.5">down</stem>
        <lyric default-y="-80" number="1">
          <syllabic>begin</syllabic>
          <text>vil</text>
        </lyric>
      </note>
    </measure>
    <!--=======================================================-->
    <measure number="30" width="132">
      <note default-x="14">
        <pitch>
          <step>B</step>
          <alter>-1</alter>
          <octave>4</octave>
        </pitch>
        <duration>4</duration>
        <voice>1</voice>
        <type>half</type>
        <stem default-y="-55.5">down</stem>
        <lyric default-y="-80" number="1">
          <syllabic>end</syllabic>
          <text>le</text>
        </lyric>
      </note>
      <note default-x="73">
        <pitch>
          <step>A</step>
          <octave>4</octave>
        </pitch>
        <duration>4</duration>
        <voice>1</voice>
        <type>half</type>
        <stem default-y="10">up</stem>
        <lyric default-y="-80" number="1">
          <syllabic>begin</syllabic>
          <text>fi</text>
        </lyric>
      </note>
    </measure>
    <!--=======================================================-->
    <measure number="31" width="450">
      <print new-system="yes">
        <system-layout>
          <system-distance>114</system-distance>
        </system-layout>
      </print>
      <note default-x="77">
        <pitch>
          <step>G</step>
          <octave>4</octave>
        </pitch>
        <duration>8</duration>
        <voice>1</voice>
        <type>whole</type>
        <lyric default-y="-80" number="1">
          <syllabic>middle</syllabic>
          <text>del</text>
        </lyric>
      </note>
    </measure>
    <!--=======================================================-->
    <measure number="32" width="604">
      <note default-x="13">
        <pitch>
          <step>F</step>
          <octave>4</octave>
        </pitch>
        <duration>16</duration>
        <voice>1</voice>
        <type>breve</type>
        <lyric default-y="-80" number="1">
          <syllabic>end</syllabic>
          <text>le.</text>
        </lyric>
      </note>
      <barline location="right">
        <bar-style>light-heavy</bar-style>
      </barline>
    </measure>
  </part>
  <!--=========================================================-->
</score-partwise>
