{"ref": "francoeur", "title": "Francoeur", "short_title": "Francoeur", "description": "<p>\r\n\t<span style=\"font-size:12px;\"><em>Responsable </em>: Pascal Den&eacute;cheau</span></p>\r\n<p>\r\n\t<strong>Un outil pour l&rsquo;identification</strong></p>\r\n<p style=\"text-align: justify; \">\r\n\tLe corpus Franc&oelig;ur a pour objectif l&rsquo;indexation des airs vocaux et instrumentaux issus des ouvrages repr&eacute;sent&eacute;s &agrave; l&rsquo;ARM de Paris sous l&rsquo;Ancien R&eacute;gime pour ensuite permettre l&rsquo;identification de s&eacute;quences musicales r&eacute;utilis&eacute;es dans d&rsquo;autres &oelig;uvres (op&eacute;ras, vaudevilles, messes parodi&eacute;es, etc.). Sont absentes de cet ensemble les &oelig;uvres de Rameau qui font l&rsquo;objet d&rsquo;une indexation dans un corpus s&eacute;par&eacute; (voir le corpus Rameau dans NEUMA).</p>\r\n<p>\r\n\t<strong>Limite du corpus</strong></p>\r\n<p style=\"text-align: justify; \">\r\n\tDans un premier temps, nous avons choisi de commencer par l&rsquo;indexation les &oelig;uvres repr&eacute;sent&eacute;es pendant la p&eacute;riode 1688-1733, soit apr&egrave;s la mort de Lully et avant la repr&eacute;sentation du premier op&eacute;ra de Rameau.</p>\r\n<p style=\"text-align: justify; \">\r\n\tLors de l&rsquo;indexation, nous n&#39;avons retenu que les s&eacute;quences musicales d&rsquo;un op&eacute;ra susceptibles d&rsquo;avoir pu &ecirc;tre r&eacute;utilis&eacute;es dans d&rsquo;autres &oelig;uvres&nbsp;: petits airs &agrave; maxime de forme binaire (AB), ariettes, airs de divertissement parodi&eacute;s sur la musique d&rsquo;une danse qui l&rsquo;encadre, duos, trios, ch&oelig;urs, etc. Nous n&rsquo;avons pas retenu les r&eacute;citatifs et les airs de formes plus libres, les grands monologues, propres &agrave; la dramaturgie d&rsquo;une &oelig;uvre particuli&egrave;re, &agrave; son livret, et qui n&rsquo;ont probablement pas &eacute;t&eacute; r&eacute;utilis&eacute;s dans d&rsquo;autres ouvrages. En revanche nous avons index&eacute; tous les passages instrumentaux (ouvertures, pr&eacute;ludes et ritournelles, airs de danses, etc.).</p>\r\n<p>\r\n\t<strong>Normes de transcription</strong></p>\r\n<p style=\"text-align: justify; \">\r\n\tPour chaque &oelig;uvre, nous avons choisi une source de r&eacute;f&eacute;rence, de pr&eacute;f&eacute;rence la premi&egrave;re &eacute;dition ou un manuscrit proche de la cr&eacute;ation, pour pr&eacute;c&eacute;der aux choix des s&eacute;quences &agrave; retranscrire. La plupart de ces partitions proviennent des collections du d&eacute;partement de la Musique de la BnF (F-Pn) ou du fonds de la Biblioth&egrave;que-Mus&eacute;e de l&rsquo;Op&eacute;ra Garnier (F-Po), certaines ayant appartenues &agrave; Fran&ccedil;ois Franc&oelig;ur qui dirigea l&#39;Acad&eacute;mie royale de musique pendant de nombreuses ann&eacute;es. Dans chaque cas, la cote du document est pr&eacute;cis&eacute;e.</p>\r\n<p style=\"text-align: justify; \">\r\n\tDans ces incipit, nous avons modernis&eacute; tacitement l&rsquo;orthographe et la ponctuation afin de faciliter la recherche sur le texte.</p>\r\n<p style=\"text-align: justify; \">\r\n\tPour la musique, seule la ligne m&eacute;lodique de la premi&egrave;re port&eacute;e d&rsquo;un syst&egrave;me (correspondant &agrave; la partie vocale ou de dessus intrumental) a &eacute;t&eacute; prise en compte pour la transcription de ces incipit dans la mesure o&ugrave; c&rsquo;est sur elle que va porter l&rsquo;interrogation et l&rsquo;identification. Les indications de nuance ont &eacute;t&eacute; relev&eacute;es telles qu&rsquo;elles figurent dans la source de r&eacute;f&eacute;rence. En revanche, l&#39;ancienne notation d&#39;indication de mesure (3, 2, etc.) a &eacute;t&eacute; tacitement modernis&eacute;e.</p>\r\n<p style=\"text-align: justify; \">\r\n\tLes titres des s&eacute;quences proviennent de la source r&eacute;f&eacute;rence. Dans certaines sources, la table des airs &agrave; chanter et des airs &agrave; jouer &agrave; permis de compl&eacute;ter ces titres et ces attributions. Lorsqu&rsquo;il n&rsquo;y a pas de titre dans la source, ni de mention des personnages chantants ou dansants, ces informations ont &eacute;t&eacute; restitu&eacute;es entre crochet d&rsquo;apr&egrave;s la premi&egrave;re &eacute;dition du livret lorsque cette derni&egrave;re le permet.</p>\r\n", "is_public": true, "short_description": "R\u00e9pertoire de l\u2019Acad\u00e9mie royale de musique sous l\u2019Ancien R\u00e9gime", "licence_code": null, "copyright": null, "supervisors": null}