{
  "id": "http://localhost:8000/home/opus/all:collabscore:royaumont:pelleas:pelleas_2_3",
  "ref": "all:collabscore:royaumont:pelleas_2_3",
  "local_ref": "pelleas_2_3",
  "collection_ref": "all:collabscore:royaumont",
  "title": "Pelléas, Acte 2, scène 3",
  "description": null,
  "composer": {
    "first_name": "Claude",
    "last_name": "Debussy",
    "name_and_dates": "Claude  Debussy (1868, 1918)",
    "year_birth": 1868,
    "year_death": 1918,
    "dbpedia_uri": "https://dbpedia.org/page/Claude_Debussy"
  },
  "features": [],
  "sources": [
    {
      "id": "http://localhost:8000//home/opus/all:collabscore:royaumont:pelleas_3_A/_source/iiif",
      "ref": "iiif",
      "description": "Pelléas acte 2 scène 3",
      "source_type": "JPEG",
      "mime_type": "image/jpeg",
      "url": null,
      "metadata": {},
      "copyright": null,
      "organization": null,
      "licence": null,
      "thumbnail": null,
      "file_path": "/media/sources/all-collabscore-royaumont-pelleas_3_A/pelleasA2S3.json",
      "has_manifest": true,
      "has_iiif_manifest": true
    },
    {
      "id": "http://localhost:8000//home/opus/all:collabscore:royaumont:pelleas_3_A/_source/musicxml",
      "ref": "musicxml",
      "description": "('MusicXML file updated on 2025-10-20',)",
      "source_type": "MusicXML",
      "mime_type": "application/xml",
      "url": "",
      "metadata": {},
      "copyright": null,
      "organization": null,
      "licence": null,
      "thumbnail": null,
      "file_path": "/media/sources/all-collabscore-royaumont-pelleas_3_A/score.xml",
      "has_manifest": false,
      "has_iiif_manifest": false
    },
    {
      "id": "http://localhost:8000//home/opus/all:collabscore:royaumont:pelleas_3_A/_source/mei",
      "ref": "mei",
      "description": "('MEI file updated on 2025-10-20',)",
      "source_type": "MEI",
      "mime_type": "application/xml",
      "url": "",
      "metadata": {},
      "copyright": null,
      "organization": null,
      "licence": null,
      "thumbnail": null,
      "file_path": "/media/sources/all-collabscore-royaumont-pelleas_3_A/score.mei",
      "has_manifest": false,
      "has_iiif_manifest": false
    },
    {
      "id": "http://localhost:8000//home/opus/all:collabscore:royaumont:pelleas_3_A/_source/midi",
      "ref": "midi",
      "description": "('MIDI file updated on 2025-10-20',)",
      "source_type": "MIDI",
      "mime_type": "audio/midi",
      "url": "",
      "metadata": {},
      "copyright": null,
      "organization": null,
      "licence": null,
      "thumbnail": null,
      "file_path": "/media/sources/all-collabscore-royaumont-pelleas_3_A/score.midi",
      "has_manifest": false,
      "has_iiif_manifest": false
    }
  ],
  "files": [
    {
      "name": "score.xml",
      "url": "http://localhost:8000//media/corpora/all/collabscore/royaumont/pelleas_3_A/score.xml"
    },
    {
      "name": "mei.xml",
      "url": "http://localhost:8000//media/corpora/all/collabscore/royaumont/pelleas_3_A/mei.xml"
    }
  ]
}
