{
  "id": "http://localhost:8000/home/opus/all:collabscore:royaumont:pelleas_2_1",
  "ref": "all:collabscore:royaumont:pelleas_2_1",
  "local_ref": "pelleas_2_1",
  "collection_ref": "all:collabscore:royaumont",
  "title": "Pelléas, Acte II, scène 1",
  "description": "Texte de description de l'œuvre",
  "composer": {
    "first_name": "Claude",
    "last_name": "Debussy",
    "name_and_dates": "Claude  Debussy (1868, 1918)",
    "year_birth": 1868,
    "year_death": 1918,
    "dbpedia_uri": "https://dbpedia.org/page/Claude_Debussy"
  },
  "features": [],
  "sources": [
    {
      "id": "http://localhost:8000//home/opus/all:collabscore:royaumont:pelleas_2_1/_source/musicxml",
      "ref": "musicxml",
      "description": "('MusicXML file updated on 2025-11-13',)",
      "source_type": "MusicXML",
      "mime_type": "application/xml",
      "url": "",
      "metadata": {},
      "copyright": null,
      "organization": null,
      "licence": null,
      "thumbnail": null,
      "file_path": "/media/sources/all-collabscore-royaumont-pelleas_2_1/musicxml/score.xml",
      "has_manifest": false,
      "has_iiif_manifest": false
    },
    {
      "id": "http://localhost:8000//home/opus/all:collabscore:royaumont:pelleas_2_1/_source/mei",
      "ref": "mei",
      "description": "('MEI file updated on 2025-11-13',)",
      "source_type": "MEI",
      "mime_type": "application/xml",
      "url": "",
      "metadata": {},
      "copyright": null,
      "organization": null,
      "licence": null,
      "thumbnail": null,
      "file_path": "/media/sources/all-collabscore-royaumont-pelleas_2_1/mei/score.mei",
      "has_manifest": false,
      "has_iiif_manifest": false
    },
    {
      "id": "http://localhost:8000//home/opus/all:collabscore:royaumont:pelleas_2_1/_source/midi",
      "ref": "midi",
      "description": "('MIDI file updated on 2025-11-13',)",
      "source_type": "MIDI",
      "mime_type": "audio/midi",
      "url": "",
      "metadata": {},
      "copyright": null,
      "organization": null,
      "licence": null,
      "thumbnail": null,
      "file_path": "/media/sources/all-collabscore-royaumont-pelleas_2_1/midi/score.midi",
      "has_manifest": false,
      "has_iiif_manifest": false
    },
    {
      "id": "http://localhost:8000//home/opus/all:collabscore:royaumont:pelleas_2_1/_source/iiif",
      "ref": "iiif",
      "description": "Source IIIF bibliothèque Royaumont",
      "source_type": "JPEG",
      "mime_type": "image/jpeg",
      "url": null,
      "metadata": {
        "page_max": 999,
        "page_min": 1,
        "last_page_of_music": 18,
        "first_page_of_music": 1
      },
      "copyright": "Tous droits réservés Royaumont",
      "organization": {
        "name": "Fondation Royaumont",
        "logo": {
          "id": "royaumont",
          "url": "https://deptfod.cnam.fr/ImageS/iiif/2/imgs%2Froyaumont",
          "url_default": "https://deptfod.cnam.fr/ImageS/iiif/2/imgs%2Froyaumont/full/max/0/default.png",
          "width": 1218,
          "height": 702
        },
        "homepage": "https://www.royaumont.com/"
      },
      "licence": {
        "code": "CC BY-SA",
        "name": "Attribution-NonCommercial-ShareAlike 4.0 International",
        "url": "http://creativecommons.org/licenses/by-nc-sa/4.0/",
        "notice": "<img alt=\"Creative Commons License\" style=\"border-width:0\" src=\"https://i.creativecommons.org/l/by-nc-sa/4.0/88x31.png\" />\n\t\t\t\t\n\t\t\t<br />This work is licensed under a Creative Commons Attribution-NonCommercial-ShareAlike 4.0 International License."
      },
      "thumbnail": null,
      "file_path": "/media/sources/all-collabscore-royaumont-pelleas_2_1/iiif/pelleas_dmos_a2s1.json",
      "has_manifest": true,
      "has_iiif_manifest": true
    },
    {
      "id": "http://localhost:8000//home/opus/all:collabscore:royaumont:pelleas_2_1/_source/audio",
      "ref": "audio",
      "description": "Source audio Royaumont",
      "source_type": "MP4",
      "mime_type": "video/mpeg",
      "url": "https://mediaserver.lecnam.net/downloads/file/v126b0e715b7fx9wxgc4/?url=media_1080_9iBked9mBA.mp4",
      "metadata": {
        "duration": 466
      },
      "copyright": "Tous droits réservés Royaumont",
      "organization": null,
      "licence": {
        "code": "CC BY-SA",
        "name": "Attribution-NonCommercial-ShareAlike 4.0 International",
        "url": "http://creativecommons.org/licenses/by-nc-sa/4.0/",
        "notice": "<img alt=\"Creative Commons License\" style=\"border-width:0\" src=\"https://i.creativecommons.org/l/by-nc-sa/4.0/88x31.png\" />\n\t\t\t\t\n\t\t\t<br />This work is licensed under a Creative Commons Attribution-NonCommercial-ShareAlike 4.0 International License."
      },
      "thumbnail": null,
      "file_path": "/media/sources/all-collabscore-royaumont-pelleas_2_1/audio/pelleas6.json",
      "has_manifest": false,
      "has_iiif_manifest": false
    },
    {
      "id": "http://localhost:8000//home/opus/all:collabscore:royaumont:pelleas_2_1/_source/sync",
      "ref": "sync",
      "description": "Démonstration des données Royaumont",
      "source_type": "SYNC",
      "mime_type": "application/json",
      "url": null,
      "metadata": {},
      "copyright": null,
      "organization": null,
      "licence": {
        "code": "CC BY-SA",
        "name": "Attribution-NonCommercial-ShareAlike 4.0 International",
        "url": "http://creativecommons.org/licenses/by-nc-sa/4.0/",
        "notice": "<img alt=\"Creative Commons License\" style=\"border-width:0\" src=\"https://i.creativecommons.org/l/by-nc-sa/4.0/88x31.png\" />\n\t\t\t\t\n\t\t\t<br />This work is licensed under a Creative Commons Attribution-NonCommercial-ShareAlike 4.0 International License."
      },
      "thumbnail": null,
      "file_path": "/media/sources/all-collabscore-royaumont-pelleas_2_1/sync/combined_manifest.json",
      "has_manifest": false,
      "has_iiif_manifest": false
    }
  ],
  "files": [
    {
      "name": "score.xml",
      "url": "http://localhost:8000//media/corpora/all/collabscore/royaumont/pelleas_2_1/score.xml"
    },
    {
      "name": "mei.xml",
      "url": "http://localhost:8000//media/corpora/all/collabscore/royaumont/pelleas_2_1/mei.xml"
    }
  ]
}