{
  "id": "https://neuma.huma-num.fr/home/opus/all:collabscore:concert:C045_0",
  "url": "https://neuma.huma-num.fr/home/opus/all:collabscore:concert:C045_0",
  "ref": "all:collabscore:concert:C045_0",
  "local_ref": "C045_0",
  "collection_ref": "all:collabscore:concert",
  "title": "[Au cimetière. Voix, piano. Op. 26, no 5] ",
  "description": null,
  "composer": {
    "first_name": "Camille",
    "last_name": "Saint-Saëns",
    "name_and_dates": "Camille  Saint-Saëns (1835, 1921)",
    "year_birth": 1835,
    "year_death": 1921,
    "dbpedia_uri": "https://dbpedia.org/page/Camille_Saint-Sa%C3%ABns"
  },
  "metadata": [],
  "features": [],
  "sources": [
    {
      "id": "https://neuma.huma-num.fr//home/opus/all:collabscore:concert:C045_0/_source/sync",
      "ref": "sync",
      "description": "Captation de la mélodie \"Au cimetière\" de C. Saint-Saëns, le 4 novembre 2025, à l'abbaye de Royaumont, par Kaëlig Boché (ténor) et Nicolas Royez (piano).",
      "source_type": "SYNC",
      "mime_type": "application/json",
      "url": null,
      "metadata": {},
      "copyright": null,
      "organization": null,
      "licence": {
        "code": "CC BY-SA",
        "name": "Attribution-NonCommercial-ShareAlike 4.0 International",
        "url": "http://creativecommons.org/licenses/by-nc-sa/4.0/",
        "notice": "<img alt=\"Creative Commons License\" style=\"border-width:0\" src=\"https://i.creativecommons.org/l/by-nc-sa/4.0/88x31.png\" />\n\t\t\t\t\n\t\t\t<br />This work is licensed under a Creative Commons Attribution-NonCommercial-ShareAlike 4.0 International License."
      },
      "thumbnail": {
        "id": "cimetiere",
        "url": "https://deptfod.cnam.fr/ImageS/iiif/2/imgs%2Fcimetiere",
        "url_default": "https://deptfod.cnam.fr/ImageS/iiif/2/imgs%2Fcimetiere/full/max/0/default.png",
        "width": 3158,
        "height": 1764
      },
      "file_path": "/media/sources/all-collabscore-concert-C045_0/sync/combined_manifest.json",
      "has_manifest": false,
      "has_iiif_manifest": false
    },
    {
      "id": "https://neuma.huma-num.fr//home/opus/all:collabscore:concert:C045_0/_source/audio",
      "ref": "audio",
      "description": "Kaëlig Boché (ténor) et Nicolas Royez (piano). Captation du moment musical proposé par la projet CollabScore le 4 novembre 2025",
      "source_type": "MP4",
      "mime_type": "video/mpeg",
      "url": "https://mediaserver.lecnam.net/downloads/file/v126b13dde5c1i5e7caq/?url=media_1080_4leCQevozb.mp4",
      "metadata": {
        "duration": 230
      },
      "copyright": "Tous droits réservés Royaumont",
      "organization": null,
      "licence": {
        "code": "CC BY-SA",
        "name": "Attribution-NonCommercial-ShareAlike 4.0 International",
        "url": "http://creativecommons.org/licenses/by-nc-sa/4.0/",
        "notice": "<img alt=\"Creative Commons License\" style=\"border-width:0\" src=\"https://i.creativecommons.org/l/by-nc-sa/4.0/88x31.png\" />\n\t\t\t\t\n\t\t\t<br />This work is licensed under a Creative Commons Attribution-NonCommercial-ShareAlike 4.0 International License."
      },
      "thumbnail": null,
      "file_path": "/media/sources/all-collabscore-concert-C045_0/audio/manifescim.json",
      "has_manifest": true,
      "has_iiif_manifest": false
    },
    {
      "id": "https://neuma.huma-num.fr//home/opus/all:collabscore:concert:C045_0/_source/ref_mei",
      "ref": "ref_mei",
      "description": "Référence MEI",
      "source_type": "MEI",
      "mime_type": "application/xml",
      "url": "",
      "metadata": {},
      "copyright": null,
      "organization": null,
      "licence": null,
      "thumbnail": null,
      "file_path": "/media/sources/all-collabscore-concert-C045_0/ref_mei.xml",
      "has_manifest": false,
      "has_iiif_manifest": false
    },
    {
      "id": "https://neuma.huma-num.fr//home/opus/all:collabscore:concert:C045_0/_source/musicxml",
      "ref": "musicxml",
      "description": "('MusicXML file updated on 2025-11-04',)",
      "source_type": "MusicXML",
      "mime_type": "application/xml",
      "url": "",
      "metadata": {},
      "copyright": null,
      "organization": null,
      "licence": null,
      "thumbnail": null,
      "file_path": "/media/sources/all-collabscore-concert-C045_0/score.xml",
      "has_manifest": false,
      "has_iiif_manifest": false
    },
    {
      "id": "https://neuma.huma-num.fr//home/opus/all:collabscore:concert:C045_0/_source/mei",
      "ref": "mei",
      "description": "('MEI file updated on 2025-11-04',)",
      "source_type": "MEI",
      "mime_type": "application/xml",
      "url": "",
      "metadata": {},
      "copyright": null,
      "organization": null,
      "licence": null,
      "thumbnail": null,
      "file_path": "/media/sources/all-collabscore-concert-C045_0/score.mei",
      "has_manifest": false,
      "has_iiif_manifest": false
    },
    {
      "id": "https://neuma.huma-num.fr//home/opus/all:collabscore:concert:C045_0/_source/midi",
      "ref": "midi",
      "description": "('MIDI file updated on 2025-11-04',)",
      "source_type": "MIDI",
      "mime_type": "audio/midi",
      "url": "",
      "metadata": {},
      "copyright": null,
      "organization": null,
      "licence": null,
      "thumbnail": null,
      "file_path": "/media/sources/all-collabscore-concert-C045_0/score.midi",
      "has_manifest": false,
      "has_iiif_manifest": false
    },
    {
      "id": "https://neuma.huma-num.fr//home/opus/all:collabscore:concert:C045_0/_source/tmp",
      "ref": "tmp",
      "description": "('MusicXML file created on 2025-10-29',)",
      "source_type": "MusicXML",
      "mime_type": "application/xml",
      "url": "",
      "metadata": {},
      "copyright": null,
      "organization": null,
      "licence": null,
      "thumbnail": null,
      "file_path": "/media/sources/all-collabscore-concert-C045_0/tmp.xml",
      "has_manifest": false,
      "has_iiif_manifest": false
    },
    {
      "id": "https://neuma.huma-num.fr//home/opus/all:collabscore:concert:C045_0/_source/iiif",
      "ref": "iiif",
      "description": "Lien Gallica",
      "source_type": "JPEG",
      "mime_type": "image/jpeg",
      "url": "https://gallica.bnf.fr/ark:/12148/bpt6k1162061c",
      "metadata": {
        "last_page_of_music": 5,
        "first_page_of_music": 2
      },
      "copyright": null,
      "organization": null,
      "licence": null,
      "thumbnail": null,
      "file_path": "/media/sources/all-collabscore-concert-C045_0/dmos.json",
      "has_manifest": true,
      "has_iiif_manifest": true
    }
  ],
  "files": [
    {
      "name": "score.xml",
      "url": "https://neuma.huma-num.fr//media/corpora/all/collabscore/concert/C045_0/score.xml"
    },
    {
      "name": "mei.xml",
      "url": "https://neuma.huma-num.fr//media/corpora/all/collabscore/concert/C045_0/mei.xml"
    }
  ]
}