{
  "id": "https://neuma.huma-num.fr/home/opus/all:collabscore:concert:C094_0",
  "url": "https://neuma.huma-num.fr/home/opus/all:collabscore:concert:C094_0",
  "ref": "all:collabscore:concert:C094_0",
  "local_ref": "C094_0",
  "collection_ref": "all:collabscore:concert",
  "title": "[Le pas d'armes du roi Jean] ",
  "description": null,
  "composer": {
    "first_name": "Camille",
    "last_name": "Saint-Saëns",
    "name_and_dates": "Camille  Saint-Saëns (1835, 1921)",
    "year_birth": 1835,
    "year_death": 1921,
    "dbpedia_uri": "https://dbpedia.org/page/Camille_Saint-Sa%C3%ABns"
  },
  "metadata": [],
  "features": [],
  "sources": [
    {
      "id": "https://neuma.huma-num.fr//home/opus/all:collabscore:concert:C094_0/_source/ref_mei",
      "ref": "ref_mei",
      "description": "Référence MEI",
      "source_type": "MEI",
      "mime_type": "application/xml",
      "url": "",
      "metadata": {},
      "copyright": null,
      "organization": null,
      "licence": null,
      "thumbnail": null,
      "file_path": "/media/sources/all-collabscore-concert-C094_0/ref_mei.xml",
      "has_manifest": false,
      "has_iiif_manifest": false
    },
    {
      "id": "https://neuma.huma-num.fr//home/opus/all:collabscore:concert:C094_0/_source/iiif",
      "ref": "iiif",
      "description": "Lien Gallica",
      "source_type": "JPEG",
      "mime_type": "image/jpeg",
      "url": "https://gallica.bnf.fr/ark:/12148/bpt6k11619986",
      "metadata": {
        "last_page_of_music": 9,
        "first_page_of_music": 2
      },
      "copyright": null,
      "organization": null,
      "licence": null,
      "thumbnail": null,
      "file_path": "/media/sources/all-collabscore-concert-C094_0/dmos.json",
      "has_manifest": true,
      "has_iiif_manifest": true
    },
    {
      "id": "https://neuma.huma-num.fr//home/opus/all:collabscore:concert:C094_0/_source/musicxml",
      "ref": "musicxml",
      "description": "('MusicXML file updated on 2025-11-04',)",
      "source_type": "MusicXML",
      "mime_type": "application/xml",
      "url": "",
      "metadata": {},
      "copyright": null,
      "organization": null,
      "licence": null,
      "thumbnail": null,
      "file_path": "/media/sources/all-collabscore-concert-C094_0/score.xml",
      "has_manifest": false,
      "has_iiif_manifest": false
    },
    {
      "id": "https://neuma.huma-num.fr//home/opus/all:collabscore:concert:C094_0/_source/tmp",
      "ref": "tmp",
      "description": "('MusicXML file updated on 2025-10-29',)",
      "source_type": "MusicXML",
      "mime_type": "application/xml",
      "url": "",
      "metadata": {},
      "copyright": null,
      "organization": null,
      "licence": null,
      "thumbnail": null,
      "file_path": "/media/sources/all-collabscore-concert-C094_0/tmp.xml",
      "has_manifest": false,
      "has_iiif_manifest": false
    },
    {
      "id": "https://neuma.huma-num.fr//home/opus/all:collabscore:concert:C094_0/_source/mei",
      "ref": "mei",
      "description": "('MEI file updated on 2025-11-04',)",
      "source_type": "MEI",
      "mime_type": "application/xml",
      "url": "",
      "metadata": {},
      "copyright": null,
      "organization": null,
      "licence": null,
      "thumbnail": null,
      "file_path": "/media/sources/all-collabscore-concert-C094_0/score.mei",
      "has_manifest": false,
      "has_iiif_manifest": false
    },
    {
      "id": "https://neuma.huma-num.fr//home/opus/all:collabscore:concert:C094_0/_source/midi",
      "ref": "midi",
      "description": "('MIDI file updated on 2025-11-04',)",
      "source_type": "MIDI",
      "mime_type": "audio/midi",
      "url": "",
      "metadata": {},
      "copyright": null,
      "organization": null,
      "licence": null,
      "thumbnail": null,
      "file_path": "/media/sources/all-collabscore-concert-C094_0/score.midi",
      "has_manifest": false,
      "has_iiif_manifest": false
    }
  ],
  "files": [
    {
      "name": "score.xml",
      "url": "https://neuma.huma-num.fr//media/corpora/all/collabscore/concert/C094_0/score.xml"
    },
    {
      "name": "mei.xml",
      "url": "https://neuma.huma-num.fr//media/corpora/all/collabscore/concert/C094_0/mei.xml"
    }
  ]
}