{
  "ref": "all:collabscore:concert",
  "local_ref": "concert",
  "url": "https://neuma.huma-num.fr/home/corpus/all:collabscore:concert",
  "title": "Saint-Saëns à Royaumont",
  "short_title": "Saint-Saëns à Royaumont",
  "description": "Ces quatre mélodies de Saint-Saëns ont été enregistrées pendant les journées consacrées au projet CollabScore qui se sont tenues les 4 et 5 novembre 2025 à l'abbaye de Royaumont. Elles ont été synchronisées à cette occasion avec les partitions provenant de Gallica, afin d'illustrer les résultats du projet.  Ce moment musical était proposé par Kaëlig Boché (ténor) et Nicolas Royez (piano).",
  "short_description": "Mélodies pour concert Royaumont",
  "is_public": true,
  "copyright": "Tous droits réservés Royaumont",
  "supervisors": null,
  "organization": {
    "name": "Fondation Royaumont",
    "logo": {
      "id": "royaumont",
      "url": "https://deptfod.cnam.fr/ImageS/iiif/2/imgs%2Froyaumont",
      "url_default": "https://deptfod.cnam.fr/ImageS/iiif/2/imgs%2Froyaumont/full/max/0/default.png",
      "width": 1218,
      "height": 702
    },
    "homepage": "https://www.royaumont.com/"
  },
  "licence": {
    "code": "CC BY-SA",
    "name": "Attribution-NonCommercial-ShareAlike 4.0 International",
    "url": "http://creativecommons.org/licenses/by-nc-sa/4.0/",
    "notice": "<img alt=\"Creative Commons License\" style=\"border-width:0\" src=\"https://i.creativecommons.org/l/by-nc-sa/4.0/88x31.png\" />\n\t\t\t\t\n\t\t\t<br />This work is licensed under a Creative Commons Attribution-NonCommercial-ShareAlike 4.0 International License."
  },
  "thumbnail": {
    "id": "saintsaens1",
    "url": "https://deptfod.cnam.fr/ImageS/iiif/2/imgs%2Fsaintsaens1",
    "url_default": "https://deptfod.cnam.fr/ImageS/iiif/2/imgs%2Fsaintsaens1/full/max/0/default.png",
    "width": 220,
    "height": 295
  },
  "composer": {
    "first_name": "Camille",
    "last_name": "Saint-Saëns",
    "name_and_dates": "Camille  Saint-Saëns (1835, 1921)",
    "year_birth": 1835,
    "year_death": 1921,
    "dbpedia_uri": "https://dbpedia.org/page/Camille_Saint-Sa%C3%ABns"
  }
}