{"ref": "motetimprime", "title": "Motet imprim\u00e9 en France (1647-1789)", "short_title": "Motet imprim\u00e9", "description": "<p style=\"text-align: justify;\">\r\n\t<span style=\"font-size:12px;\"><em>Responsable </em>: Nathalie Berton-Blivet</span></p>\r\n<p style=\"text-align: justify; \">\r\n\t<span style=\"font-size:14px;\">Le corpus des incipits du <em>Motet imprim&eacute; en France (1647-1789)</em> est destin&eacute; &agrave; faciliter les attributions et concordances, notamment lors de l&rsquo;&eacute;tude des sources manuscrites. Il compl&egrave;te le<em> Catalogue</em> du m&ecirc;me titre &ndash; paru en 2011 aux &eacute;ditions de la <u><a href=\"http://www.sfmusicologie.fr/index.php?id=66&amp;voir=art_lien_3694#art3694\" target=\"_blank\">Soci&eacute;t&eacute; fran&ccedil;aise de musicologie</a></u> &ndash; auquel l&rsquo;internaute est invit&eacute; &agrave; se reporter pour consulter la description de chaque pi&egrave;ce index&eacute;e. </span></p>\r\n<p style=\"text-align: justify;\">\r\n\t<span style=\"font-size: 14px;\">Nous avons utilis&eacute; pour les transcriptions les r&egrave;gles modernes du solf&egrave;ge.</span></p>\r\n", "is_public": true, "short_description": "Catalogue des motets imprim\u00e9s en France (1647-1789)", "licence_code": null, "copyright": null, "supervisors": null}