<?xml version="1.0" encoding="UTF-8"?><!DOCTYPE score-partwise PUBLIC "-//Recordare//DTD MusicXML 2.0 Partwise//EN"                                "http://www.musicxml.org/dtds/partwise.dtd"><score-partwise version="2.0">  <movement-title>MI.538 Festinate gaudete pastores</movement-title>  <identification>    <creator type="composer">L'Affilard, Michel </creator>    <encoding>      <software>Finale 2011 for Macintosh</software>      <software>Dolet Light for Finale 2011</software>      <encoding-date>2012-03-27</encoding-date>      <supports attribute="new-system" element="print" type="yes" value="yes"/>      <supports attribute="new-page" element="print" type="yes" value="yes"/>    </encoding>  </identification>  <defaults>    <scaling>      <millimeters>7.2319</millimeters>      <tenths>40</tenths>    </scaling>    <page-layout>      <page-height>1643</page-height>      <page-width>1161</page-width>      <page-margins type="both">        <left-margin>70</left-margin>        <right-margin>70</right-margin>        <top-margin>88</top-margin>        <bottom-margin>88</bottom-margin>      </page-margins>    </page-layout>    <system-layout>      <system-margins>        <left-margin>0</left-margin>        <right-margin>0</right-margin>      </system-margins>      <system-distance>121</system-distance>      <top-system-distance>70</top-system-distance>    </system-layout>    <appearance>      <line-width type="stem">0.7487</line-width>      <line-width type="beam">5</line-width>      <line-width type="staff">0.7487</line-width>      <line-width type="light barline">0.7487</line-width>      <line-width type="heavy barline">5</line-width>      <line-width type="leger">0.7487</line-width>      <line-width type="ending">1.4583</line-width>      <line-width type="wedge">1.4583</line-width>      <line-width type="enclosure">0.7487</line-width>      <line-width type="tuplet bracket">0.7487</line-width>      <note-size type="grace">60</note-size>      <note-size type="cue">60</note-size>    </appearance>    <music-font font-family="Maestro" font-size="20.5"/>    <word-font font-family="Times New Roman" font-size="10.25"/>    <lyric-font font-family="Times New Roman" font-size="10.25" name="verse"/>  </defaults>  <part-list>    <score-part id="P1">      <part-name print-object="no">MusicXML Part</part-name>      <score-instrument id="P1-I1">        <instrument-name>Grand Piano</instrument-name>      </score-instrument>      <midi-instrument id="P1-I1">        <midi-channel>1</midi-channel>        <midi-program>1</midi-program>        <volume>80</volume>        <pan>0</pan>      </midi-instrument>    </score-part>  </part-list>  <!--=========================================================-->  <part id="P1">    <measure number="1" width="424">      <print>        <system-layout>          <system-margins>            <left-margin>70</left-margin>            <right-margin>0</right-margin>          </system-margins>          <top-system-distance>211</top-system-distance>        </system-layout>        <measure-numbering>system</measure-numbering>      </print>      <attributes>        <divisions>4</divisions>        <key>          <fifths>-1</fifths>          <mode>major</mode>        </key>        <time symbol="cut">          <beats>2</beats>          <beat-type>2</beat-type>        </time>        <clef>          <sign>G</sign>          <line>2</line>        </clef>      </attributes>      <sound tempo="120"/>      <direction placement="above">        <direction-type>          <words default-y="33">Angeli</words>        </direction-type>      </direction>      <note default-x="109">        <pitch>          <step>D</step>          <octave>5</octave>        </pitch>        <duration>3</duration>        <voice>1</voice>        <type>eighth</type>        <dot/>        <stem default-y="-45.5">down</stem>        <lyric default-y="-80" number="1">          <syllabic>begin</syllabic>          <text>Fes</text>        </lyric>      </note>      <note default-x="152">        <pitch>          <step>D</step>          <octave>5</octave>        </pitch>        <duration>1</duration>        <voice>1</voice>        <type>16th</type>        <stem default-y="-45.5">down</stem>        <lyric default-y="-80" number="1">          <syllabic>middle</syllabic>          <text>ti</text>        </lyric>      </note>      <note default-x="176">        <pitch>          <step>D</step>          <octave>5</octave>        </pitch>        <duration>2</duration>        <voice>1</voice>        <type>eighth</type>        <stem default-y="-45.5">down</stem>        <lyric default-y="-80" number="1" relative-x="3">          <syllabic>middle</syllabic>          <text>na</text>        </lyric>      </note>      <note default-x="194">        <grace slash="yes"/>        <pitch>          <step>C</step>          <octave>5</octave>        </pitch>        <voice>1</voice>        <type>eighth</type>        <stem default-y="6">up</stem>        <notations>          <slur number="1" placement="below" type="start"/>        </notations>        <lyric default-y="-80" justify="left" number="1">          <syllabic>end</syllabic>          <text>te,</text>          <extend/>        </lyric>      </note>      <note default-x="216">        <pitch>          <step>B</step>          <alter>-1</alter>          <octave>4</octave>        </pitch>        <duration>2</duration>        <voice>1</voice>        <type>eighth</type>        <stem default-y="-55">down</stem>        <notations>          <slur number="1" type="stop"/>        </notations>      </note>      <note default-x="248">        <pitch>          <step>A</step>          <octave>4</octave>        </pitch>        <duration>1</duration>        <voice>1</voice>        <type>16th</type>        <stem default-y="10">up</stem>        <beam number="1">begin</beam>        <beam number="2">begin</beam>        <lyric default-y="-80" number="1" relative-x="8">          <syllabic>begin</syllabic>          <text>gau</text>        </lyric>      </note>      <note default-x="270">        <pitch>          <step>G</step>          <octave>4</octave>        </pitch>        <duration>1</duration>        <voice>1</voice>        <type>16th</type>        <stem default-y="5">up</stem>        <beam number="1">end</beam>        <beam number="2">end</beam>      </note>      <note default-x="292">        <pitch>          <step>A</step>          <octave>4</octave>        </pitch>        <duration>1</duration>        <voice>1</voice>        <type>16th</type>        <stem default-y="10">up</stem>        <beam number="1">begin</beam>        <beam number="2">begin</beam>        <lyric default-y="-80" number="1" relative-x="3">          <syllabic>middle</syllabic>          <text>de</text>        </lyric>      </note>      <note default-x="314">        <pitch>          <step>B</step>          <alter>-1</alter>          <octave>4</octave>        </pitch>        <duration>1</duration>        <voice>1</voice>        <type>16th</type>        <stem default-y="15">up</stem>        <beam number="1">end</beam>        <beam number="2">end</beam>      </note>      <note default-x="336">        <pitch>          <step>A</step>          <octave>4</octave>        </pitch>        <duration>1</duration>        <voice>1</voice>        <type>16th</type>        <stem default-y="10">up</stem>        <beam number="1">begin</beam>        <beam number="2">begin</beam>        <lyric default-y="-80" justify="left" number="1">          <syllabic>end</syllabic>          <text>te,</text>          <extend/>        </lyric>      </note>      <note default-x="358">        <pitch>          <step>B</step>          <alter>-1</alter>          <octave>4</octave>        </pitch>        <duration>1</duration>        <voice>1</voice>        <type>16th</type>        <stem default-y="15">up</stem>        <beam number="1">end</beam>        <beam number="2">end</beam>      </note>      <note default-x="379">        <pitch>          <step>G</step>          <octave>4</octave>        </pitch>        <duration>1</duration>        <voice>1</voice>        <type>16th</type>        <stem default-y="5">up</stem>        <beam number="1">begin</beam>        <beam number="2">begin</beam>        <lyric default-y="-80" number="1" relative-x="6">          <syllabic>begin</syllabic>          <text>pas</text>        </lyric>      </note>      <note default-x="401">        <pitch>          <step>A</step>          <octave>4</octave>        </pitch>        <duration>1</duration>        <voice>1</voice>        <type>16th</type>        <stem default-y="10">up</stem>        <beam number="1">end</beam>        <beam number="2">end</beam>      </note>    </measure>    <!--=======================================================-->    <measure number="2" width="176">      <note default-x="14">        <pitch>          <step>B</step>          <alter>-1</alter>          <octave>4</octave>        </pitch>        <duration>4</duration>        <voice>1</voice>        <type>quarter</type>        <stem default-y="-55">down</stem>        <lyric default-y="-80" number="1">          <syllabic>middle</syllabic>          <text>to</text>        </lyric>      </note>      <note default-x="37">        <grace slash="yes"/>        <pitch>          <step>A</step>          <octave>4</octave>        </pitch>        <voice>1</voice>        <type>eighth</type>        <stem default-y="-3.5">up</stem>        <notations>          <slur number="1" placement="below" type="start"/>        </notations>        <lyric default-y="-80" justify="left" number="1">          <syllabic>end</syllabic>          <text>res,</text>          <extend/>        </lyric>      </note>      <note default-x="58">        <pitch>          <step>G</step>          <octave>4</octave>        </pitch>        <duration>4</duration>        <voice>1</voice>        <type>quarter</type>        <stem default-y="5">up</stem>        <notations>          <slur number="1" type="stop"/>        </notations>      </note>      <note default-x="101">        <rest/>        <duration>8</duration>        <voice>1</voice>        <type>half</type>      </note>    </measure>    <!--=======================================================-->    <measure number="3" width="350">      <note default-x="14">        <pitch>          <step>C</step>          <octave>5</octave>        </pitch>        <duration>2</duration>        <voice>1</voice>        <type>eighth</type>        <stem default-y="-50">down</stem>        <lyric default-y="-80" number="1">          <syllabic>begin</syllabic>          <text>E</text>        </lyric>      </note>      <note default-x="51">        <pitch>          <step>C</step>          <octave>5</octave>        </pitch>        <duration>2</duration>        <voice>1</voice>        <type>eighth</type>        <stem default-y="-50">down</stem>        <lyric default-y="-80" number="1">          <syllabic>middle</syllabic>          <text>xul</text>        </lyric>      </note>      <note default-x="88">        <pitch>          <step>C</step>          <octave>5</octave>        </pitch>        <duration>2</duration>        <voice>1</voice>        <type>eighth</type>        <stem default-y="-50">down</stem>        <lyric default-y="-80" number="1" relative-x="5">          <syllabic>middle</syllabic>          <text>tan</text>        </lyric>      </note>      <note default-x="107">        <grace slash="yes"/>        <pitch>          <step>B</step>          <alter>-1</alter>          <octave>4</octave>        </pitch>        <voice>1</voice>        <type>eighth</type>        <stem default-y="1">up</stem>        <notations>          <slur number="1" placement="below" type="start"/>        </notations>        <lyric default-y="-80" justify="left" number="1">          <syllabic>end</syllabic>          <text>tes,</text>          <extend/>        </lyric>      </note>      <note default-x="128">        <pitch>          <step>A</step>          <octave>4</octave>        </pitch>        <duration>2</duration>        <voice>1</voice>        <type>eighth</type>        <stem default-y="10.5">up</stem>        <notations>          <slur number="1" type="stop"/>        </notations>      </note>      <note default-x="165">        <pitch>          <step>G</step>          <octave>4</octave>        </pitch>        <duration>1</duration>        <voice>1</voice>        <type>16th</type>        <stem default-y="5">up</stem>        <beam number="1">begin</beam>        <beam number="2">begin</beam>        <lyric default-y="-80" number="1">          <syllabic>begin</syllabic>          <text>o</text>        </lyric>      </note>      <note default-x="188">        <pitch>          <step>F</step>          <octave>4</octave>        </pitch>        <duration>1</duration>        <voice>1</voice>        <type>16th</type>        <stem default-y="3">up</stem>        <beam number="1">end</beam>        <beam number="2">end</beam>      </note>      <note default-x="210">        <pitch>          <step>G</step>          <octave>4</octave>        </pitch>        <duration>1</duration>        <voice>1</voice>        <type>16th</type>        <stem default-y="5">up</stem>        <beam number="1">begin</beam>        <beam number="2">begin</beam>        <lyric default-y="-80" number="1" relative-x="3">          <syllabic>middle</syllabic>          <text>va</text>        </lyric>      </note>      <note default-x="234">        <pitch>          <step>A</step>          <octave>4</octave>        </pitch>        <duration>1</duration>        <voice>1</voice>        <type>16th</type>        <stem default-y="10">up</stem>        <beam number="1">end</beam>        <beam number="2">end</beam>      </note>      <note default-x="256">        <pitch>          <step>G</step>          <octave>4</octave>        </pitch>        <duration>1</duration>        <voice>1</voice>        <type>16th</type>        <stem default-y="5">up</stem>        <beam number="1">begin</beam>        <beam number="2">begin</beam>        <lyric default-y="-80" justify="left" number="1">          <syllabic>end</syllabic>          <text>te,</text>          <extend/>        </lyric>      </note>      <note default-x="280">        <pitch>          <step>A</step>          <octave>4</octave>        </pitch>        <duration>1</duration>        <voice>1</voice>        <type>16th</type>        <stem default-y="10">up</stem>        <beam number="1">end</beam>        <beam number="2">end</beam>      </note>      <note default-x="304">        <pitch>          <step>F</step>          <octave>4</octave>        </pitch>        <duration>1</duration>        <voice>1</voice>        <type>16th</type>        <stem default-y="0">up</stem>        <beam number="1">begin</beam>        <beam number="2">begin</beam>        <lyric default-y="-80" number="1" relative-x="3">          <syllabic>begin</syllabic>          <text>mor</text>        </lyric>      </note>      <note default-x="327">        <pitch>          <step>G</step>          <octave>4</octave>        </pitch>        <duration>1</duration>        <voice>1</voice>        <type>16th</type>        <stem default-y="5">up</stem>        <beam number="1">end</beam>        <beam number="2">end</beam>      </note>    </measure>    <!--=======================================================-->    <measure number="4" width="1021">      <print new-system="yes">        <system-layout>          <system-distance>114</system-distance>        </system-layout>      </print>      <note default-x="77">        <pitch>          <step>A</step>          <octave>4</octave>        </pitch>        <duration>4</duration>        <voice>1</voice>        <type>quarter</type>        <stem default-y="10">up</stem>        <notations>          <slur number="1" placement="below" type="start"/>          <technical>            <stopped default-x="0" default-y="-45" placement="below"/>          </technical>        </notations>        <lyric default-y="-80" number="1">          <syllabic>middle</syllabic>          <text>ta</text>        </lyric>      </note>      <note default-x="312">        <grace/>        <pitch>          <step>G</step>          <octave>4</octave>        </pitch>        <voice>1</voice>        <type>16th</type>        <stem default-y="-9">up</stem>        <beam number="1">begin</beam>        <beam number="2">begin</beam>      </note>      <note default-x="325">        <grace/>        <pitch>          <step>F</step>          <octave>4</octave>        </pitch>        <voice>1</voice>        <type>16th</type>        <stem default-y="-12">up</stem>        <beam number="1">end</beam>        <beam number="2">end</beam>        <notations>          <slur number="1" type="stop"/>        </notations>      </note>      <note default-x="338">        <pitch>          <step>F</step>          <octave>4</octave>        </pitch>        <duration>4</duration>        <voice>1</voice>        <type>quarter</type>        <stem default-y="0.5">up</stem>        <lyric default-y="-80" number="1">          <syllabic>end</syllabic>          <text>les,</text>        </lyric>      </note>      <note default-x="597">        <rest/>        <duration>8</duration>        <voice>1</voice>        <type>half</type>      </note>    </measure>  </part>  <!--=========================================================--></score-partwise>