<?xml version="1.0" encoding="UTF-8"?><!DOCTYPE score-partwise PUBLIC "-//Recordare//DTD MusicXML 2.0 Partwise//EN"                                "http://www.musicxml.org/dtds/partwise.dtd"><score-partwise version="2.0">  <movement-title>MI.674 Animae amantes ad Deum esurientes</movement-title>  <identification>    <creator type="composer">Morin, Jean-Baptiste</creator>    <encoding>      <software>Finale 2011 for Macintosh</software>      <software>Dolet Light for Finale 2011</software>      <encoding-date>2012-04-04</encoding-date>      <supports attribute="new-system" element="print" type="yes" value="yes"/>      <supports attribute="new-page" element="print" type="yes" value="yes"/>    </encoding>  </identification>  <defaults>    <scaling>      <millimeters>7.2319</millimeters>      <tenths>40</tenths>    </scaling>    <page-layout>      <page-height>1643</page-height>      <page-width>1161</page-width>      <page-margins type="both">        <left-margin>70</left-margin>        <right-margin>70</right-margin>        <top-margin>88</top-margin>        <bottom-margin>88</bottom-margin>      </page-margins>    </page-layout>    <system-layout>      <system-margins>        <left-margin>0</left-margin>        <right-margin>0</right-margin>      </system-margins>      <system-distance>121</system-distance>      <top-system-distance>70</top-system-distance>    </system-layout>    <appearance>      <line-width type="stem">0.7487</line-width>      <line-width type="beam">5</line-width>      <line-width type="staff">0.7487</line-width>      <line-width type="light barline">0.7487</line-width>      <line-width type="heavy barline">5</line-width>      <line-width type="leger">0.7487</line-width>      <line-width type="ending">1.4583</line-width>      <line-width type="wedge">1.4583</line-width>      <line-width type="enclosure">0.7487</line-width>      <line-width type="tuplet bracket">0.7487</line-width>      <note-size type="grace">60</note-size>      <note-size type="cue">60</note-size>    </appearance>    <music-font font-family="Maestro" font-size="20.5"/>    <word-font font-family="Times New Roman" font-size="10.25"/>    <lyric-font font-family="Times New Roman" font-size="10.25" name="verse"/>  </defaults>  <part-list>    <score-part id="P1">      <part-name print-object="no">MusicXML Part</part-name>    </score-part>  </part-list>  <!--=========================================================-->  <part id="P1">    <measure number="1" width="397">      <print>        <system-layout>          <system-margins>            <left-margin>70</left-margin>            <right-margin>0</right-margin>          </system-margins>          <top-system-distance>211</top-system-distance>        </system-layout>        <measure-numbering>system</measure-numbering>      </print>      <attributes>        <divisions>4</divisions>        <key>          <fifths>2</fifths>          <mode>major</mode>        </key>        <time symbol="common">          <beats>4</beats>          <beat-type>4</beat-type>        </time>        <clef>          <sign>G</sign>          <line>2</line>        </clef>      </attributes>      <sound tempo="120"/>      <note default-x="121">        <pitch>          <step>A</step>          <octave>4</octave>        </pitch>        <duration>3</duration>        <voice>1</voice>        <type>eighth</type>        <dot/>        <stem default-y="10.5">up</stem>        <lyric default-y="-80" number="1">          <syllabic>begin</syllabic>          <text>A</text>        </lyric>      </note>      <note default-x="170">        <pitch>          <step>A</step>          <octave>4</octave>        </pitch>        <duration>1</duration>        <voice>1</voice>        <type>16th</type>        <stem default-y="10.5">up</stem>        <lyric default-y="-80" number="1">          <syllabic>middle</syllabic>          <text>ni</text>        </lyric>      </note>      <note default-x="209">        <pitch>          <step>A</step>          <octave>4</octave>        </pitch>        <duration>2</duration>        <voice>1</voice>        <type>eighth</type>        <stem default-y="10.5">up</stem>        <lyric default-y="-80" number="1">          <syllabic>end</syllabic>          <text>mae</text>        </lyric>      </note>      <note default-x="247">        <pitch>          <step>A</step>          <octave>4</octave>        </pitch>        <duration>2</duration>        <voice>1</voice>        <type>eighth</type>        <stem default-y="10.5">up</stem>        <lyric default-y="-80" number="1">          <syllabic>begin</syllabic>          <text>a</text>        </lyric>      </note>      <note default-x="292">        <pitch>          <step>F</step>          <alter>1</alter>          <octave>4</octave>        </pitch>        <duration>4</duration>        <voice>1</voice>        <type>quarter</type>        <stem default-y="0">up</stem>        <notations>          <technical>            <stopped default-x="0" default-y="-50" placement="below"/>          </technical>        </notations>        <lyric default-y="-80" number="1">          <syllabic>middle</syllabic>          <text>man</text>        </lyric>      </note>      <note default-x="345">        <pitch>          <step>F</step>          <alter>1</alter>          <octave>4</octave>        </pitch>        <duration>4</duration>        <voice>1</voice>        <type>quarter</type>        <stem default-y="0">up</stem>        <lyric default-y="-80" number="1">          <syllabic>end</syllabic>          <text>tes,</text>        </lyric>      </note>    </measure>    <!--=======================================================-->    <measure number="2" width="283">      <note default-x="13">        <rest/>        <duration>2</duration>        <voice>1</voice>        <type>eighth</type>      </note>      <note default-x="45">        <pitch>          <step>A</step>          <octave>4</octave>        </pitch>        <duration>2</duration>        <voice>1</voice>        <type>eighth</type>        <stem default-y="10.5">up</stem>        <lyric default-y="-80" number="1">          <syllabic>single</syllabic>          <text>Ad</text>        </lyric>      </note>      <note default-x="84">        <pitch>          <step>D</step>          <octave>5</octave>        </pitch>        <duration>4</duration>        <voice>1</voice>        <type>quarter</type>        <stem default-y="-45.5">down</stem>        <lyric default-y="-80" number="1">          <syllabic>begin</syllabic>          <text>De</text>        </lyric>      </note>      <note default-x="134">        <pitch>          <step>D</step>          <octave>5</octave>        </pitch>        <duration>2</duration>        <voice>1</voice>        <type>eighth</type>        <stem default-y="-45.5">down</stem>        <lyric default-y="-80" number="1">          <syllabic>end</syllabic>          <text>um</text>        </lyric>      </note>      <note default-x="168">        <pitch>          <step>D</step>          <octave>5</octave>        </pitch>        <duration>2</duration>        <voice>1</voice>        <type>eighth</type>        <stem default-y="-45.5">down</stem>        <lyric default-y="-80" number="1">          <syllabic>begin</syllabic>          <text>e</text>        </lyric>      </note>      <note default-x="201">        <pitch>          <step>D</step>          <octave>5</octave>        </pitch>        <duration>2</duration>        <voice>1</voice>        <type>eighth</type>        <stem default-y="-45.5">down</stem>        <lyric default-y="-80" number="1">          <syllabic>middle</syllabic>          <text>su</text>        </lyric>      </note>      <note default-x="234">        <pitch>          <step>C</step>          <alter>1</alter>          <octave>5</octave>        </pitch>        <duration>2</duration>        <voice>1</voice>        <type>eighth</type>        <stem default-y="-50">down</stem>        <lyric default-y="-80" number="1">          <syllabic>middle</syllabic>          <text>ri</text>        </lyric>      </note>      <note default-x="256">        <grace/>        <pitch>          <step>C</step>          <alter>1</alter>          <octave>5</octave>        </pitch>        <voice>1</voice>        <type>16th</type>        <stem default-y="8">up</stem>        <beam number="1">begin</beam>        <beam number="2">begin</beam>        <notations>          <slur number="1" placement="below" type="start"/>        </notations>        <lyric default-y="-80" number="1">          <syllabic>middle</syllabic>          <text>en</text>        </lyric>      </note>      <note default-x="269">        <grace/>        <pitch>          <step>D</step>          <octave>5</octave>        </pitch>        <voice>1</voice>        <type>16th</type>        <stem default-y="11">up</stem>        <beam number="1">end</beam>        <beam number="2">end</beam>      </note>    </measure>    <!--=======================================================-->    <measure number="3" width="270">      <note default-x="14">        <pitch>          <step>E</step>          <octave>5</octave>        </pitch>        <duration>4</duration>        <voice>1</voice>        <type>quarter</type>        <stem default-y="-40">down</stem>        <notations>          <slur number="1" type="stop"/>        </notations>      </note>      <note default-x="63">        <pitch>          <step>E</step>          <octave>5</octave>        </pitch>        <duration>4</duration>        <voice>1</voice>        <type>quarter</type>        <stem default-y="-40">down</stem>        <lyric default-y="-80" number="1">          <syllabic>end</syllabic>          <text>tes,</text>        </lyric>      </note>      <note default-x="112">        <rest/>        <duration>2</duration>        <voice>1</voice>        <type>eighth</type>      </note>      <note default-x="142">        <pitch>          <step>E</step>          <octave>5</octave>        </pitch>        <duration>2</duration>        <voice>1</voice>        <type>eighth</type>        <stem default-y="-40">down</stem>        <lyric default-y="-80" number="1">          <syllabic>begin</syllabic>          <text>Ve</text>        </lyric>      </note>      <note default-x="177">        <pitch>          <step>C</step>          <alter>1</alter>          <octave>5</octave>        </pitch>        <duration>2</duration>        <voice>1</voice>        <type>eighth</type>        <stem default-y="-50">down</stem>        <notations>          <technical>            <stopped default-x="0" default-y="-5" placement="above"/>          </technical>        </notations>        <lyric default-y="-80" number="1">          <syllabic>middle</syllabic>          <text>ni</text>        </lyric>      </note>      <note default-x="209">        <pitch>          <step>D</step>          <octave>5</octave>        </pitch>        <duration>1</duration>        <voice>1</voice>        <type>16th</type>        <stem default-y="-45.5">down</stem>        <lyric default-y="-80" number="1">          <syllabic>end</syllabic>          <text>te,</text>        </lyric>      </note>      <note default-x="242">        <pitch>          <step>E</step>          <octave>5</octave>        </pitch>        <duration>1</duration>        <voice>1</voice>        <type>16th</type>        <stem default-y="-40">down</stem>        <lyric default-y="-80" number="1">          <syllabic>begin</syllabic>          <text>vo</text>        </lyric>      </note>    </measure>    <!--=======================================================-->    <measure number="4" width="751">      <print new-system="yes">        <system-layout>          <system-distance>114</system-distance>        </system-layout>      </print>      <note default-x="92">        <pitch>          <step>F</step>          <alter>1</alter>          <octave>5</octave>        </pitch>        <duration>1</duration>        <voice>1</voice>        <type>16th</type>        <stem default-y="-30">down</stem>        <beam number="1">begin</beam>        <beam number="2">begin</beam>        <lyric default-y="-80" number="1">          <syllabic>middle</syllabic>          <text>la</text>        </lyric>      </note>      <note default-x="134">        <pitch>          <step>G</step>          <octave>5</octave>        </pitch>        <duration>1</duration>        <voice>1</voice>        <type>16th</type>        <stem default-y="-31">down</stem>        <beam number="1">continue</beam>        <beam number="2">continue</beam>      </note>      <note default-x="175">        <pitch>          <step>F</step>          <alter>1</alter>          <octave>5</octave>        </pitch>        <duration>1</duration>        <voice>1</voice>        <type>16th</type>        <stem default-y="-32">down</stem>        <beam number="1">continue</beam>        <beam number="2">continue</beam>      </note>      <note default-x="216">        <pitch>          <step>E</step>          <octave>5</octave>        </pitch>        <duration>1</duration>        <voice>1</voice>        <type>16th</type>        <stem default-y="-32">down</stem>        <beam number="1">end</beam>        <beam number="2">end</beam>      </note>      <note default-x="257">        <pitch>          <step>D</step>          <octave>5</octave>        </pitch>        <duration>1</duration>        <voice>1</voice>        <type>16th</type>        <stem default-y="-45">down</stem>        <beam number="1">begin</beam>        <beam number="2">begin</beam>      </note>      <note default-x="298">        <pitch>          <step>F</step>          <alter>1</alter>          <octave>5</octave>        </pitch>        <duration>1</duration>        <voice>1</voice>        <type>16th</type>        <stem default-y="-43.5">down</stem>        <beam number="1">continue</beam>        <beam number="2">continue</beam>      </note>      <note default-x="339">        <pitch>          <step>E</step>          <octave>5</octave>        </pitch>        <duration>1</duration>        <voice>1</voice>        <type>16th</type>        <stem default-y="-41.5">down</stem>        <beam number="1">continue</beam>        <beam number="2">continue</beam>      </note>      <note default-x="380">        <pitch>          <step>F</step>          <alter>1</alter>          <octave>5</octave>        </pitch>        <duration>1</duration>        <voice>1</voice>        <type>16th</type>        <stem default-y="-40">down</stem>        <beam number="1">end</beam>        <beam number="2">end</beam>      </note>      <note default-x="421">        <pitch>          <step>G</step>          <alter>1</alter>          <octave>5</octave>        </pitch>        <duration>1</duration>        <voice>1</voice>        <type>16th</type>        <accidental>sharp</accidental>        <stem default-y="-30">down</stem>        <beam number="1">begin</beam>        <beam number="2">begin</beam>      </note>      <note default-x="462">        <pitch>          <step>A</step>          <octave>5</octave>        </pitch>        <duration>1</duration>        <voice>1</voice>        <type>16th</type>        <stem default-y="-31">down</stem>        <beam number="1">continue</beam>        <beam number="2">continue</beam>      </note>      <note default-x="504">        <pitch>          <step>G</step>          <alter>1</alter>          <octave>5</octave>        </pitch>        <duration>1</duration>        <voice>1</voice>        <type>16th</type>        <stem default-y="-32">down</stem>        <beam number="1">continue</beam>        <beam number="2">continue</beam>      </note>      <note default-x="545">        <pitch>          <step>F</step>          <alter>1</alter>          <octave>5</octave>        </pitch>        <duration>1</duration>        <voice>1</voice>        <type>16th</type>        <stem default-y="-32">down</stem>        <beam number="1">end</beam>        <beam number="2">end</beam>      </note>      <note default-x="586">        <pitch>          <step>E</step>          <octave>5</octave>        </pitch>        <duration>1</duration>        <voice>1</voice>        <type>16th</type>        <stem default-y="-35">down</stem>        <beam number="1">begin</beam>        <beam number="2">begin</beam>      </note>      <note default-x="627">        <pitch>          <step>G</step>          <alter>1</alter>          <octave>5</octave>        </pitch>        <duration>1</duration>        <voice>1</voice>        <type>16th</type>        <stem default-y="-34">down</stem>        <beam number="1">continue</beam>        <beam number="2">continue</beam>      </note>      <note default-x="668">        <pitch>          <step>F</step>          <alter>1</alter>          <octave>5</octave>        </pitch>        <duration>1</duration>        <voice>1</voice>        <type>16th</type>        <stem default-y="-33">down</stem>        <beam number="1">continue</beam>        <beam number="2">continue</beam>      </note>      <note default-x="709">        <pitch>          <step>G</step>          <alter>1</alter>          <octave>5</octave>        </pitch>        <duration>1</duration>        <voice>1</voice>        <type>16th</type>        <stem default-y="-32">down</stem>        <beam number="1">end</beam>        <beam number="2">end</beam>        <notations>          <slur number="1" placement="above" type="start"/>        </notations>      </note>    </measure>    <!--=======================================================-->    <measure number="5" width="270">      <note default-x="16">        <pitch>          <step>A</step>          <octave>5</octave>        </pitch>        <duration>2</duration>        <voice>1</voice>        <type>eighth</type>        <stem default-y="-25.5">down</stem>      </note>      <note default-x="57">        <pitch>          <step>A</step>          <octave>4</octave>        </pitch>        <duration>2</duration>        <voice>1</voice>        <type>eighth</type>        <stem default-y="10">up</stem>        <notations>          <slur number="1" type="stop"/>        </notations>        <lyric default-y="-80" number="1">          <syllabic>end</syllabic>          <text>te,</text>        </lyric>      </note>      <note default-x="98">        <rest/>        <duration>4</duration>        <voice>1</voice>        <type>quarter</type>      </note>      <note default-x="161">        <rest/>        <duration>8</duration>        <voice>1</voice>        <type>half</type>      </note>    </measure>  </part>  <!--=========================================================--></score-partwise>