<?xml version="1.0" encoding="UTF-8"?><!DOCTYPE score-partwise PUBLIC "-//Recordare//DTD MusicXML 2.0 Partwise//EN"                                "http://www.musicxml.org/dtds/partwise.dtd"><score-partwise version="2.0">  <movement-title>MI.660 Vanitas vanitatum et omnia vanitas </movement-title>  <identification>    <creator type="composer">Millet, Jean</creator>    <encoding>      <software>Finale 2011 for Macintosh</software>      <software>Dolet Light for Finale 2011</software>      <encoding-date>2012-04-02</encoding-date>      <supports attribute="new-system" element="print" type="yes" value="yes"/>      <supports attribute="new-page" element="print" type="yes" value="yes"/>    </encoding>  </identification>  <defaults>    <scaling>      <millimeters>7.2319</millimeters>      <tenths>40</tenths>    </scaling>    <page-layout>      <page-height>1643</page-height>      <page-width>1161</page-width>      <page-margins type="both">        <left-margin>70</left-margin>        <right-margin>70</right-margin>        <top-margin>88</top-margin>        <bottom-margin>88</bottom-margin>      </page-margins>    </page-layout>    <system-layout>      <system-margins>        <left-margin>0</left-margin>        <right-margin>0</right-margin>      </system-margins>      <system-distance>121</system-distance>      <top-system-distance>70</top-system-distance>    </system-layout>    <appearance>      <line-width type="stem">0.7487</line-width>      <line-width type="beam">5</line-width>      <line-width type="staff">0.7487</line-width>      <line-width type="light barline">0.7487</line-width>      <line-width type="heavy barline">5</line-width>      <line-width type="leger">0.7487</line-width>      <line-width type="ending">1.4583</line-width>      <line-width type="wedge">1.4583</line-width>      <line-width type="enclosure">0.7487</line-width>      <line-width type="tuplet bracket">0.7487</line-width>      <note-size type="grace">60</note-size>      <note-size type="cue">60</note-size>    </appearance>    <music-font font-family="Maestro" font-size="20.5"/>    <word-font font-family="Times New Roman" font-size="10.25"/>    <lyric-font font-family="Times New Roman" font-size="10.25" name="verse"/>  </defaults>  <part-list>    <score-part id="P1">      <part-name print-object="no">MusicXML Part</part-name>      <score-instrument id="P1-I1">        <instrument-name>Grand Piano</instrument-name>      </score-instrument>      <midi-instrument id="P1-I1">        <midi-channel>1</midi-channel>        <midi-program>1</midi-program>        <volume>80</volume>        <pan>0</pan>      </midi-instrument>    </score-part>  </part-list>  <!--=========================================================-->  <part id="P1">    <measure number="1" width="248">      <print>        <system-layout>          <system-margins>            <left-margin>70</left-margin>            <right-margin>0</right-margin>          </system-margins>          <top-system-distance>211</top-system-distance>        </system-layout>        <measure-numbering>system</measure-numbering>      </print>      <attributes>        <divisions>4</divisions>        <key>          <fifths>0</fifths>          <mode>major</mode>        </key>        <time symbol="common">          <beats>4</beats>          <beat-type>4</beat-type>        </time>        <clef>          <sign>G</sign>          <line>2</line>        </clef>      </attributes>      <sound tempo="120"/>      <note default-x="84">        <rest/>        <duration>8</duration>        <voice>1</voice>        <type>half</type>      </note>      <note default-x="150">        <rest/>        <duration>4</duration>        <voice>1</voice>        <type>quarter</type>      </note>      <note default-x="190">        <pitch>          <step>D</step>          <octave>5</octave>        </pitch>        <duration>3</duration>        <voice>1</voice>        <type>eighth</type>        <dot/>        <stem default-y="-45.5">down</stem>        <lyric default-y="-80" number="1">          <syllabic>begin</syllabic>          <text>Va</text>        </lyric>      </note>      <note default-x="224">        <pitch>          <step>A</step>          <octave>4</octave>        </pitch>        <duration>1</duration>        <voice>1</voice>        <type>16th</type>        <stem default-y="10.5">up</stem>        <lyric default-y="-80" number="1">          <syllabic>middle</syllabic>          <text>ni</text>        </lyric>      </note>    </measure>    <!--=======================================================-->    <measure number="2" width="259">      <note default-x="25">        <pitch>          <step>B</step>          <alter>-1</alter>          <octave>4</octave>        </pitch>        <duration>4</duration>        <voice>1</voice>        <type>quarter</type>        <accidental>flat</accidental>        <stem default-y="-55">down</stem>        <lyric default-y="-80" number="1">          <syllabic>end</syllabic>          <text>tas,</text>        </lyric>      </note>      <note default-x="67">        <pitch>          <step>F</step>          <alter>1</alter>          <octave>4</octave>        </pitch>        <duration>3</duration>        <voice>1</voice>        <type>eighth</type>        <dot/>        <accidental>sharp</accidental>        <stem default-y="0">up</stem>        <lyric default-y="-80" number="1">          <syllabic>begin</syllabic>          <text>va</text>        </lyric>      </note>      <note default-x="110">        <pitch>          <step>F</step>          <alter>1</alter>          <octave>4</octave>        </pitch>        <duration>1</duration>        <voice>1</voice>        <type>16th</type>        <stem default-y="0">up</stem>        <lyric default-y="-80" number="1">          <syllabic>middle</syllabic>          <text>ni</text>        </lyric>      </note>      <note default-x="144">        <pitch>          <step>G</step>          <octave>4</octave>        </pitch>        <duration>4</duration>        <voice>1</voice>        <type>quarter</type>        <stem default-y="5">up</stem>        <lyric default-y="-80" number="1">          <syllabic>end</syllabic>          <text>tas</text>        </lyric>      </note>      <note default-x="186">        <pitch>          <step>F</step>          <octave>4</octave>        </pitch>        <duration>3</duration>        <voice>1</voice>        <type>eighth</type>        <dot/>        <accidental>natural</accidental>        <stem default-y="0">up</stem>        <notations>          <technical>            <stopped default-x="0" default-y="-50" placement="below"/>          </technical>        </notations>        <lyric default-y="-80" number="1">          <syllabic>begin</syllabic>          <text>va</text>        </lyric>      </note>      <note default-x="228">        <pitch>          <step>E</step>          <octave>4</octave>        </pitch>        <duration>1</duration>        <voice>1</voice>        <type>16th</type>        <stem default-y="-4.5">up</stem>        <lyric default-y="-80" number="1">          <syllabic>middle</syllabic>          <text>ni</text>        </lyric>      </note>    </measure>    <!--=======================================================-->    <measure number="3" width="206">      <note default-x="14">        <pitch>          <step>F</step>          <octave>4</octave>        </pitch>        <duration>8</duration>        <voice>1</voice>        <type>half</type>        <stem default-y="0">up</stem>        <notations>          <technical>            <stopped default-x="0" default-y="-50" placement="below"/>          </technical>        </notations>        <lyric default-y="-80" number="1">          <syllabic>middle</syllabic>          <text>ta</text>        </lyric>      </note>      <note default-x="84">        <pitch>          <step>E</step>          <octave>4</octave>        </pitch>        <duration>2</duration>        <voice>1</voice>        <type>eighth</type>        <stem default-y="-4.5">up</stem>        <lyric default-y="-80" number="1">          <syllabic>end</syllabic>          <text>tum</text>        </lyric>      </note>      <note default-x="116">        <pitch>          <step>A</step>          <octave>4</octave>        </pitch>        <duration>2</duration>        <voice>1</voice>        <type>eighth</type>        <stem default-y="10.5">up</stem>        <lyric default-y="-80" number="1">          <syllabic>single</syllabic>          <text>et</text>        </lyric>      </note>      <note default-x="147">        <pitch>          <step>A</step>          <octave>4</octave>        </pitch>        <duration>3</duration>        <voice>1</voice>        <type>eighth</type>        <dot/>        <stem default-y="10.5">up</stem>        <lyric default-y="-80" number="1">          <syllabic>begin</syllabic>          <text>om</text>        </lyric>      </note>      <note default-x="184">        <pitch>          <step>B</step>          <octave>4</octave>        </pitch>        <duration>1</duration>        <voice>1</voice>        <type>16th</type>        <stem default-y="-55">down</stem>        <lyric default-y="-80" number="1">          <syllabic>middle</syllabic>          <text>ni</text>        </lyric>      </note>    </measure>    <!--=======================================================-->    <measure number="4" width="238">      <note default-x="14">        <pitch>          <step>C</step>          <octave>5</octave>        </pitch>        <duration>2</duration>        <voice>1</voice>        <type>eighth</type>        <stem default-y="-50">down</stem>        <lyric default-y="-80" number="1">          <syllabic>end</syllabic>          <text>a,</text>        </lyric>      </note>      <note default-x="43">        <pitch>          <step>A</step>          <octave>4</octave>        </pitch>        <duration>2</duration>        <voice>1</voice>        <type>eighth</type>        <stem default-y="10.5">up</stem>        <lyric default-y="-80" number="1">          <syllabic>single</syllabic>          <text>et</text>        </lyric>      </note>      <note default-x="77">        <pitch>          <step>D</step>          <octave>5</octave>        </pitch>        <duration>3</duration>        <voice>1</voice>        <type>eighth</type>        <dot/>        <stem default-y="-45.5">down</stem>        <lyric default-y="-80" number="1">          <syllabic>begin</syllabic>          <text>om</text>        </lyric>      </note>      <note default-x="114">        <pitch>          <step>E</step>          <octave>5</octave>        </pitch>        <duration>1</duration>        <voice>1</voice>        <type>16th</type>        <stem default-y="-40">down</stem>        <lyric default-y="-80" number="1">          <syllabic>middle</syllabic>          <text>ni</text>        </lyric>      </note>      <note default-x="135">        <pitch>          <step>F</step>          <octave>5</octave>        </pitch>        <duration>4</duration>        <voice>1</voice>        <type>quarter</type>        <stem default-y="-35">down</stem>        <lyric default-y="-80" number="1">          <syllabic>end</syllabic>          <text>a</text>        </lyric>      </note>      <note default-x="178">        <pitch>          <step>E</step>          <octave>5</octave>        </pitch>        <duration>3</duration>        <voice>1</voice>        <type>eighth</type>        <dot/>        <stem default-y="-40">down</stem>        <notations>          <technical>            <stopped default-x="0" default-y="10" placement="above"/>          </technical>        </notations>        <lyric default-y="-80" number="1">          <syllabic>begin</syllabic>          <text>va</text>        </lyric>      </note>      <note default-x="214">        <pitch>          <step>D</step>          <octave>5</octave>        </pitch>        <duration>1</duration>        <voice>1</voice>        <type>16th</type>        <stem default-y="-45.5">down</stem>        <lyric default-y="-80" number="1">          <syllabic>middle</syllabic>          <text>ni</text>        </lyric>      </note>    </measure>    <!--=======================================================-->    <measure number="5" width="1021">      <print new-system="yes">        <system-layout>          <system-distance>114</system-distance>        </system-layout>      </print>      <note default-x="65">        <pitch>          <step>C</step>          <alter>1</alter>          <octave>5</octave>        </pitch>        <duration>4</duration>        <voice>1</voice>        <type>quarter</type>        <accidental>sharp</accidental>        <stem default-y="-50">down</stem>        <lyric default-y="-80" number="1">          <syllabic>end</syllabic>          <text>tas.</text>        </lyric>      </note>    </measure>  </part>  <!--=========================================================--></score-partwise>