<?xml version="1.0" encoding="UTF-8"?><!DOCTYPE score-partwise PUBLIC "-//Recordare//DTD MusicXML 2.0 Partwise//EN"                                "http://www.musicxml.org/dtds/partwise.dtd"><score-partwise version="2.0">  <movement-title>MI.665 Paratum cor meum... et psalmum </movement-title>  <identification>    <creator type="composer">Cassanéa de Mondonville, Jean-Joseph</creator>    <encoding>      <software>Finale 2011 for Macintosh</software>      <software>Dolet Light for Finale 2011</software>      <encoding-date>2012-04-04</encoding-date>      <supports attribute="new-system" element="print" type="yes" value="yes"/>      <supports attribute="new-page" element="print" type="yes" value="yes"/>    </encoding>  </identification>  <defaults>    <scaling>      <millimeters>7.2319</millimeters>      <tenths>40</tenths>    </scaling>    <page-layout>      <page-height>1643</page-height>      <page-width>1161</page-width>      <page-margins type="both">        <left-margin>70</left-margin>        <right-margin>70</right-margin>        <top-margin>88</top-margin>        <bottom-margin>88</bottom-margin>      </page-margins>    </page-layout>    <system-layout>      <system-margins>        <left-margin>0</left-margin>        <right-margin>0</right-margin>      </system-margins>      <system-distance>121</system-distance>      <top-system-distance>70</top-system-distance>    </system-layout>    <appearance>      <line-width type="stem">0.7487</line-width>      <line-width type="beam">5</line-width>      <line-width type="staff">0.7487</line-width>      <line-width type="light barline">0.7487</line-width>      <line-width type="heavy barline">5</line-width>      <line-width type="leger">0.7487</line-width>      <line-width type="ending">1.4583</line-width>      <line-width type="wedge">1.4583</line-width>      <line-width type="enclosure">0.7487</line-width>      <line-width type="tuplet bracket">0.7487</line-width>      <note-size type="grace">60</note-size>      <note-size type="cue">60</note-size>    </appearance>    <music-font font-family="Maestro" font-size="20.5"/>    <word-font font-family="Times New Roman" font-size="10.25"/>    <lyric-font font-family="Times New Roman" font-size="10.25" name="verse"/>  </defaults>  <part-list>    <score-part id="P1">      <part-name print-object="no">MusicXML Part</part-name>    </score-part>  </part-list>  <!--=========================================================-->  <part id="P1">    <measure number="1" width="269">      <print>        <system-layout>          <system-margins>            <left-margin>70</left-margin>            <right-margin>0</right-margin>          </system-margins>          <top-system-distance>211</top-system-distance>        </system-layout>        <measure-numbering>system</measure-numbering>      </print>      <attributes>        <divisions>4</divisions>        <key>          <fifths>-2</fifths>          <mode>major</mode>        </key>        <time>          <beats>3</beats>          <beat-type>8</beat-type>        </time>        <clef>          <sign>G</sign>          <line>2</line>        </clef>        <measure-style>          <multiple-rest>16</multiple-rest>        </measure-style>      </attributes>      <sound tempo="120"/>      <note>        <rest/>        <duration>6</duration>        <voice>1</voice>      </note>    </measure>    <!--=======================================================-->    <measure number="2" width="0">      <note>        <rest/>        <duration>6</duration>        <voice>1</voice>      </note>    </measure>    <!--=======================================================-->    <measure number="3" width="0">      <note>        <rest/>        <duration>6</duration>        <voice>1</voice>      </note>    </measure>    <!--=======================================================-->    <measure number="4" width="0">      <note>        <rest/>        <duration>6</duration>        <voice>1</voice>      </note>    </measure>    <!--=======================================================-->    <measure number="5" width="0">      <note>        <rest/>        <duration>6</duration>        <voice>1</voice>      </note>    </measure>    <!--=======================================================-->    <measure number="6" width="0">      <note>        <rest/>        <duration>6</duration>        <voice>1</voice>      </note>    </measure>    <!--=======================================================-->    <measure number="7" width="0">      <note>        <rest/>        <duration>6</duration>        <voice>1</voice>      </note>    </measure>    <!--=======================================================-->    <measure number="8" width="0">      <note>        <rest/>        <duration>6</duration>        <voice>1</voice>      </note>    </measure>    <!--=======================================================-->    <measure number="9" width="0">      <note>        <rest/>        <duration>6</duration>        <voice>1</voice>      </note>    </measure>    <!--=======================================================-->    <measure number="10" width="0">      <note>        <rest/>        <duration>6</duration>        <voice>1</voice>      </note>    </measure>    <!--=======================================================-->    <measure number="11" width="0">      <note>        <rest/>        <duration>6</duration>        <voice>1</voice>      </note>    </measure>    <!--=======================================================-->    <measure number="12" width="0">      <note>        <rest/>        <duration>6</duration>        <voice>1</voice>      </note>    </measure>    <!--=======================================================-->    <measure number="13" width="0">      <note>        <rest/>        <duration>6</duration>        <voice>1</voice>      </note>    </measure>    <!--=======================================================-->    <measure number="14" width="0">      <note>        <rest/>        <duration>6</duration>        <voice>1</voice>      </note>    </measure>    <!--=======================================================-->    <measure number="15" width="0">      <note>        <rest/>        <duration>6</duration>        <voice>1</voice>      </note>    </measure>    <!--=======================================================-->    <measure number="16" width="0">      <note>        <rest/>        <duration>6</duration>        <voice>1</voice>      </note>    </measure>    <!--=======================================================-->    <measure number="17" width="92">      <note default-x="13">        <rest/>        <duration>2</duration>        <voice>1</voice>        <type>eighth</type>      </note>      <note default-x="39">        <rest/>        <duration>2</duration>        <voice>1</voice>        <type>eighth</type>      </note>      <note default-x="65">        <pitch>          <step>D</step>          <octave>5</octave>        </pitch>        <duration>2</duration>        <voice>1</voice>        <type>eighth</type>        <stem default-y="-45.5">down</stem>        <lyric default-y="-80" number="1">          <syllabic>begin</syllabic>          <text>Pa</text>        </lyric>      </note>    </measure>    <!--=======================================================-->    <measure number="18" width="131">      <note default-x="14">        <pitch>          <step>C</step>          <octave>5</octave>        </pitch>        <duration>2</duration>        <voice>1</voice>        <type>eighth</type>        <stem default-y="-50">down</stem>        <notations>          <ornaments>            <inverted-mordent default-x="-3" default-y="0" placement="above"/>          </ornaments>        </notations>        <lyric default-y="-80" number="1">          <syllabic>middle</syllabic>          <text>ra</text>        </lyric>      </note>      <note default-x="32">        <grace slash="yes"/>        <pitch>          <step>B</step>          <alter>-1</alter>          <octave>4</octave>        </pitch>        <tie type="start"/>        <voice>1</voice>        <type>eighth</type>        <stem default-y="1">up</stem>        <notations>          <tied type="start"/>        </notations>      </note>      <note default-x="54">        <pitch>          <step>A</step>          <octave>4</octave>        </pitch>        <duration>2</duration>        <voice>1</voice>        <type>eighth</type>        <stem default-y="10.5">up</stem>        <lyric default-y="-80" number="1">          <syllabic>end</syllabic>          <text>tum,</text>        </lyric>      </note>      <note default-x="93">        <pitch>          <step>B</step>          <alter>-1</alter>          <octave>4</octave>        </pitch>        <duration>2</duration>        <voice>1</voice>        <type>eighth</type>        <stem default-y="-55">down</stem>        <lyric default-y="-80" number="1">          <syllabic>begin</syllabic>          <text>pa</text>        </lyric>      </note>    </measure>    <!--=======================================================-->    <measure number="19" width="130">      <note default-x="14">        <pitch>          <step>E</step>          <alter>-1</alter>          <octave>5</octave>        </pitch>        <duration>3</duration>        <voice>1</voice>        <type>eighth</type>        <dot/>        <stem default-y="-40">down</stem>        <lyric default-y="-80" number="1">          <syllabic>middle</syllabic>          <text>ra</text>        </lyric>      </note>      <note default-x="55">        <pitch>          <step>F</step>          <octave>5</octave>        </pitch>        <duration>1</duration>        <voice>1</voice>        <type>16th</type>        <stem default-y="-35">down</stem>        <lyric default-y="-80" number="1">          <syllabic>end</syllabic>          <text>tum</text>        </lyric>      </note>      <note default-x="73">        <grace slash="yes"/>        <pitch>          <step>E</step>          <alter>-1</alter>          <octave>5</octave>        </pitch>        <tie type="start"/>        <voice>1</voice>        <type>16th</type>        <stem default-y="16.5">up</stem>        <notations>          <tied type="start"/>        </notations>      </note>      <note default-x="95">        <pitch>          <step>D</step>          <octave>5</octave>        </pitch>        <duration>2</duration>        <voice>1</voice>        <type>eighth</type>        <stem default-y="-45.5">down</stem>        <lyric default-y="-80" number="1">          <syllabic>single</syllabic>          <text>cor</text>        </lyric>      </note>    </measure>    <!--=======================================================-->    <measure number="20" width="91">      <note default-x="14">        <pitch>          <step>G</step>          <octave>5</octave>        </pitch>        <duration>4</duration>        <voice>1</voice>        <type>quarter</type>        <stem default-y="-30">down</stem>        <lyric default-y="-80" number="1">          <syllabic>begin</syllabic>          <text>me</text>        </lyric>      </note>      <note default-x="57">        <pitch>          <step>F</step>          <octave>5</octave>        </pitch>        <duration>2</duration>        <voice>1</voice>        <type>eighth</type>        <stem default-y="-35">down</stem>        <lyric default-y="-80" number="1">          <syllabic>end</syllabic>          <text>um,</text>        </lyric>      </note>    </measure>    <!--=======================================================-->    <measure number="21" width="124">      <note default-x="14">        <pitch>          <step>E</step>          <alter>-1</alter>          <octave>5</octave>        </pitch>        <duration>3</duration>        <voice>1</voice>        <type>eighth</type>        <dot/>        <stem default-y="-40">down</stem>        <notations>          <ornaments>            <inverted-mordent default-x="-3" default-y="10" placement="above"/>          </ornaments>        </notations>        <lyric default-y="-80" number="1">          <syllabic>begin</syllabic>          <text>De</text>        </lyric>      </note>      <note default-x="50">        <pitch>          <step>F</step>          <octave>5</octave>        </pitch>        <duration>1</duration>        <voice>1</voice>        <type>16th</type>        <stem default-y="-35">down</stem>        <lyric default-y="-80" number="1">          <syllabic>end</syllabic>          <text>us,</text>        </lyric>      </note>      <note default-x="68">        <grace slash="yes"/>        <pitch>          <step>E</step>          <alter>-1</alter>          <octave>5</octave>        </pitch>        <voice>1</voice>        <type>16th</type>        <stem default-y="16.5">up</stem>      </note>      <note default-x="90">        <pitch>          <step>D</step>          <octave>5</octave>        </pitch>        <duration>2</duration>        <voice>1</voice>        <type>eighth</type>        <stem default-y="-45.5">down</stem>        <lyric default-y="-80" number="1">          <syllabic>single</syllabic>          <text>cor</text>        </lyric>      </note>    </measure>    <!--=======================================================-->    <measure number="22" width="114">      <note default-x="14">        <pitch>          <step>C</step>          <octave>5</octave>        </pitch>        <duration>2</duration>        <voice>1</voice>        <type>eighth</type>        <stem default-y="-50">down</stem>        <notations>          <ornaments>            <inverted-mordent default-x="-3" default-y="0" placement="above"/>          </ornaments>        </notations>        <lyric default-y="-80" number="1">          <syllabic>begin</syllabic>          <text>me</text>        </lyric>      </note>      <note default-x="32">        <grace slash="yes"/>        <pitch>          <step>B</step>          <alter>-1</alter>          <octave>4</octave>        </pitch>        <voice>1</voice>        <type>16th</type>        <stem default-y="1">up</stem>      </note>      <note default-x="53">        <pitch>          <step>A</step>          <octave>4</octave>        </pitch>        <duration>2</duration>        <voice>1</voice>        <type>eighth</type>        <stem default-y="10.5">up</stem>        <lyric default-y="-80" number="1">          <syllabic>end</syllabic>          <text>um</text>        </lyric>      </note>      <note default-x="85">        <rest/>        <duration>2</duration>        <voice>1</voice>        <type>eighth</type>      </note>    </measure>  </part>  <!--=========================================================--></score-partwise>