<?xml version="1.0" encoding="UTF-8"?><!DOCTYPE score-partwise PUBLIC "-//Recordare//DTD MusicXML 2.0 Partwise//EN"                                "http://www.musicxml.org/dtds/partwise.dtd"><score-partwise version="2.0">  <movement-title>MI.846 Domine salvum fac regem</movement-title>  <identification>    <creator type="composer">M. Noël</creator>    <encoding>      <software>Finale 2011 for Macintosh</software>      <software>Dolet Light for Finale 2011</software>      <encoding-date>2012-04-03</encoding-date>      <supports attribute="new-system" element="print" type="yes" value="yes"/>      <supports attribute="new-page" element="print" type="yes" value="yes"/>    </encoding>  </identification>  <defaults>    <scaling>      <millimeters>7.2319</millimeters>      <tenths>40</tenths>    </scaling>    <page-layout>      <page-height>1642</page-height>      <page-width>1161</page-width>      <page-margins type="both">        <left-margin>70</left-margin>        <right-margin>70</right-margin>        <top-margin>88</top-margin>        <bottom-margin>88</bottom-margin>      </page-margins>    </page-layout>    <system-layout>      <system-margins>        <left-margin>0</left-margin>        <right-margin>0</right-margin>      </system-margins>      <system-distance>121</system-distance>      <top-system-distance>70</top-system-distance>    </system-layout>    <appearance>      <line-width type="stem">0.7487</line-width>      <line-width type="beam">5</line-width>      <line-width type="staff">0.7487</line-width>      <line-width type="light barline">0.7487</line-width>      <line-width type="heavy barline">5</line-width>      <line-width type="leger">0.7487</line-width>      <line-width type="ending">1.4583</line-width>      <line-width type="wedge">1.4583</line-width>      <line-width type="enclosure">0.7487</line-width>      <line-width type="tuplet bracket">0.7487</line-width>      <note-size type="grace">60</note-size>      <note-size type="cue">60</note-size>    </appearance>    <music-font font-family="Maestro" font-size="20.5"/>    <word-font font-family="Times New Roman" font-size="10.25"/>    <lyric-font font-family="Times New Roman" font-size="10.25" name="verse"/>  </defaults>  <part-list>    <score-part id="P1">      <part-name print-object="no">MusicXML Part</part-name>    </score-part>  </part-list>  <!--=========================================================-->  <part id="P1">    <measure number="1" width="317">      <print>        <system-layout>          <top-system-distance>211</top-system-distance>        </system-layout>        <measure-numbering>system</measure-numbering>      </print>      <attributes>        <divisions>4</divisions>        <key>          <fifths>0</fifths>          <mode>minor</mode>        </key>        <time symbol="common">          <beats>4</beats>          <beat-type>4</beat-type>        </time>        <clef>          <sign>G</sign>          <line>2</line>        </clef>      </attributes>      <sound tempo="120"/>      <note default-x="84">        <rest/>        <duration>4</duration>        <voice>1</voice>        <type>quarter</type>      </note>      <note default-x="131">        <pitch>          <step>C</step>          <octave>5</octave>        </pitch>        <duration>3</duration>        <voice>1</voice>        <type>eighth</type>        <dot/>        <stem default-y="-50">down</stem>        <lyric default-y="-80" number="1">          <syllabic>begin</syllabic>          <text>Do</text>        </lyric>      </note>      <note default-x="171">        <pitch>          <step>D</step>          <octave>5</octave>        </pitch>        <duration>1</duration>        <voice>1</voice>        <type>16th</type>        <stem default-y="-45">down</stem>        <lyric default-y="-80" number="1">          <syllabic>middle</syllabic>          <text>mi</text>        </lyric>      </note>      <note default-x="201">        <pitch>          <step>E</step>          <octave>5</octave>        </pitch>        <duration>4</duration>        <voice>1</voice>        <type>quarter</type>        <stem default-y="-40">down</stem>        <lyric default-y="-80" number="1">          <syllabic>end</syllabic>          <text>ne,</text>        </lyric>      </note>      <note default-x="248">        <pitch>          <step>E</step>          <octave>5</octave>        </pitch>        <duration>3</duration>        <voice>1</voice>        <type>eighth</type>        <dot/>        <stem default-y="-40">down</stem>        <lyric default-y="-80" number="1">          <syllabic>begin</syllabic>          <text>Do</text>        </lyric>      </note>      <note default-x="289">        <pitch>          <step>F</step>          <octave>5</octave>        </pitch>        <duration>1</duration>        <voice>1</voice>        <type>16th</type>        <stem default-y="-35.5">down</stem>        <lyric default-y="-80" number="1">          <syllabic>middle</syllabic>          <text>mi</text>        </lyric>      </note>    </measure>    <!--=======================================================-->    <measure number="2" width="246">      <note default-x="14">        <pitch>          <step>G</step>          <octave>5</octave>        </pitch>        <duration>6</duration>        <voice>1</voice>        <type>quarter</type>        <dot/>        <stem default-y="-30">down</stem>        <lyric default-y="-80" number="1">          <syllabic>end</syllabic>          <text>ne</text>        </lyric>      </note>      <note default-x="80">        <pitch>          <step>G</step>          <octave>4</octave>        </pitch>        <duration>2</duration>        <voice>1</voice>        <type>eighth</type>        <stem default-y="5.5">up</stem>        <lyric default-y="-80" number="1">          <syllabic>begin</syllabic>          <text>sal</text>        </lyric>      </note>      <note default-x="120">        <pitch>          <step>A</step>          <octave>4</octave>        </pitch>        <duration>2</duration>        <voice>1</voice>        <type>eighth</type>        <stem default-y="10.5">up</stem>        <lyric default-y="-80" number="1">          <syllabic>end</syllabic>          <text>vum</text>        </lyric>      </note>      <note default-x="159">        <pitch>          <step>B</step>          <octave>4</octave>        </pitch>        <duration>2</duration>        <voice>1</voice>        <type>eighth</type>        <stem default-y="-55.5">down</stem>        <lyric default-y="-80" number="1">          <syllabic>single</syllabic>          <text>fac</text>        </lyric>      </note>      <note default-x="195">        <pitch>          <step>C</step>          <octave>5</octave>        </pitch>        <duration>4</duration>        <voice>1</voice>        <type>quarter</type>        <stem default-y="-50">down</stem>        <lyric default-y="-80" number="1">          <syllabic>begin</syllabic>          <text>re</text>        </lyric>      </note>    </measure>    <!--=======================================================-->    <measure number="3" width="289">      <note default-x="14">        <pitch>          <step>B</step>          <octave>4</octave>        </pitch>        <duration>4</duration>        <voice>1</voice>        <type>quarter</type>        <stem default-y="-55.5">down</stem>        <notations>          <technical>            <stopped default-x="0" default-y="-5" placement="above"/>          </technical>        </notations>        <lyric default-y="-80" number="1">          <syllabic>end</syllabic>          <text>gem</text>        </lyric>      </note>      <note default-x="68">        <pitch>          <step>D</step>          <octave>5</octave>        </pitch>        <duration>2</duration>        <voice>1</voice>        <type>eighth</type>        <stem default-y="-45">down</stem>        <lyric default-y="-80" number="1">          <syllabic>begin</syllabic>          <text>nos</text>        </lyric>      </note>      <note default-x="111">        <pitch>          <step>D</step>          <octave>5</octave>        </pitch>        <duration>2</duration>        <voice>1</voice>        <type>eighth</type>        <stem default-y="-45">down</stem>        <lyric default-y="-80" number="1">          <syllabic>end</syllabic>          <text>trum</text>        </lyric>      </note>      <note default-x="149">        <pitch>          <step>E</step>          <octave>5</octave>        </pitch>        <duration>1</duration>        <voice>1</voice>        <type>16th</type>        <stem default-y="-40">down</stem>        <beam number="1">begin</beam>        <beam number="2">begin</beam>        <lyric default-y="-80" number="1" relative-x="5">          <syllabic>begin</syllabic>          <text>Lu</text>        </lyric>      </note>      <note default-x="171">        <pitch>          <step>D</step>          <octave>5</octave>        </pitch>        <duration>1</duration>        <voice>1</voice>        <type>16th</type>        <stem default-y="-42">down</stem>        <beam number="1">end</beam>        <beam number="2">end</beam>      </note>      <note default-x="193">        <pitch>          <step>C</step>          <octave>5</octave>        </pitch>        <duration>1</duration>        <voice>1</voice>        <type>16th</type>        <stem default-y="-50">down</stem>        <beam number="1">begin</beam>        <beam number="2">begin</beam>        <notations>          <slur number="1" placement="above" type="start"/>        </notations>        <lyric default-y="-80" number="1" relative-x="3">          <syllabic>middle</syllabic>          <text>do</text>        </lyric>      </note>      <note default-x="215">        <pitch>          <step>B</step>          <octave>4</octave>        </pitch>        <duration>1</duration>        <voice>1</voice>        <type>16th</type>        <stem default-y="-55">down</stem>        <beam number="1">end</beam>        <beam number="2">end</beam>        <notations>          <slur number="1" type="stop"/>        </notations>      </note>      <note default-x="237">        <pitch>          <step>A</step>          <octave>4</octave>        </pitch>        <duration>4</duration>        <voice>1</voice>        <type>quarter</type>        <stem default-y="10.5">up</stem>        <notations>          <technical>            <stopped default-x="0" default-y="-45" placement="below"/>          </technical>        </notations>        <lyric default-y="-80" number="1">          <syllabic>middle</syllabic>          <text>vi</text>        </lyric>      </note>    </measure>    <!--=======================================================-->    <measure number="4" width="169">      <note default-x="14">        <pitch>          <step>G</step>          <octave>4</octave>        </pitch>        <duration>4</duration>        <voice>1</voice>        <type>quarter</type>        <stem default-y="5.5">up</stem>        <lyric default-y="-80" number="1">          <syllabic>end</syllabic>          <text>cum,</text>        </lyric>      </note>      <note default-x="56">        <rest/>        <duration>4</duration>        <voice>1</voice>        <type>quarter</type>      </note>      <note default-x="97">        <rest/>        <duration>8</duration>        <voice>1</voice>        <type>half</type>      </note>    </measure>  </part>  <!--=========================================================--></score-partwise>