<?xml version="1.0" encoding="UTF-8"?><!DOCTYPE score-partwise PUBLIC "-//Recordare//DTD MusicXML 2.0 Partwise//EN"                                "http://www.musicxml.org/dtds/partwise.dtd"><score-partwise version="2.0">  <movement-title>MI.892 O benignissime Jesu</movement-title>  <identification>    <creator type="composer">Rauch, Johann Georg</creator>    <encoding>      <software>Finale 2011 for Macintosh</software>      <software>Dolet Light for Finale 2011</software>      <encoding-date>2012-02-09</encoding-date>      <supports attribute="new-system" element="print" type="yes" value="yes"/>      <supports attribute="new-page" element="print" type="yes" value="yes"/>    </encoding>  </identification>  <defaults>    <scaling>      <millimeters>7.2319</millimeters>      <tenths>40</tenths>    </scaling>    <page-layout>      <page-height>1642</page-height>      <page-width>1161</page-width>      <page-margins type="both">        <left-margin>70</left-margin>        <right-margin>70</right-margin>        <top-margin>88</top-margin>        <bottom-margin>88</bottom-margin>      </page-margins>    </page-layout>    <system-layout>      <system-margins>        <left-margin>0</left-margin>        <right-margin>0</right-margin>      </system-margins>      <system-distance>121</system-distance>      <top-system-distance>70</top-system-distance>    </system-layout>    <appearance>      <line-width type="stem">0.7487</line-width>      <line-width type="beam">5</line-width>      <line-width type="staff">0.7487</line-width>      <line-width type="light barline">0.7487</line-width>      <line-width type="heavy barline">5</line-width>      <line-width type="leger">0.7487</line-width>      <line-width type="ending">1.4583</line-width>      <line-width type="wedge">1.4583</line-width>      <line-width type="enclosure">0.7487</line-width>      <line-width type="tuplet bracket">0.7487</line-width>      <note-size type="grace">60</note-size>      <note-size type="cue">60</note-size>    </appearance>    <music-font font-family="Maestro" font-size="20.5"/>    <word-font font-family="Times New Roman" font-size="10.25"/>    <lyric-font font-family="Times New Roman" font-size="10.25" name="verse"/>  </defaults>  <part-list>    <score-part id="P1">      <part-name print-object="no">MusicXML Part</part-name>      <score-instrument id="P1-I1">        <instrument-name>Grand Piano</instrument-name>      </score-instrument>      <midi-instrument id="P1-I1">        <midi-channel>1</midi-channel>        <midi-program>1</midi-program>        <volume>80</volume>        <pan>0</pan>      </midi-instrument>    </score-part>  </part-list>  <!--=========================================================-->  <part id="P1">    <measure number="1" width="401">      <print>        <system-layout>          <top-system-distance>211</top-system-distance>        </system-layout>        <measure-numbering>system</measure-numbering>      </print>      <attributes>        <divisions>4</divisions>        <key>          <fifths>2</fifths>          <mode>major</mode>        </key>        <time symbol="common">          <beats>4</beats>          <beat-type>4</beat-type>        </time>        <clef>          <sign>G</sign>          <line>2</line>        </clef>      </attributes>      <sound tempo="120"/>      <note default-x="121">        <pitch>          <step>D</step>          <octave>4</octave>        </pitch>        <duration>1</duration>        <voice>1</voice>        <type>16th</type>        <stem default-y="0">up</stem>        <beam number="1">begin</beam>        <beam number="2">begin</beam>        <lyric default-y="-80" justify="left" number="1">          <syllabic>single</syllabic>          <text>O</text>          <extend/>        </lyric>      </note>      <note default-x="141">        <pitch>          <step>E</step>          <octave>4</octave>        </pitch>        <duration>1</duration>        <voice>1</voice>        <type>16th</type>        <stem default-y="1.5">up</stem>        <beam number="1">continue</beam>        <beam number="2">continue</beam>      </note>      <note default-x="161">        <pitch>          <step>F</step>          <alter>1</alter>          <octave>4</octave>        </pitch>        <duration>1</duration>        <voice>1</voice>        <type>16th</type>        <stem default-y="3.5">up</stem>        <beam number="1">continue</beam>        <beam number="2">continue</beam>      </note>      <note default-x="181">        <pitch>          <step>G</step>          <octave>4</octave>        </pitch>        <duration>1</duration>        <voice>1</voice>        <type>16th</type>        <stem default-y="5">up</stem>        <beam number="1">end</beam>        <beam number="2">end</beam>      </note>      <note default-x="200">        <pitch>          <step>A</step>          <octave>4</octave>        </pitch>        <duration>1</duration>        <voice>1</voice>        <type>16th</type>        <stem default-y="10">up</stem>        <beam number="1">begin</beam>        <beam number="2">begin</beam>        <lyric default-y="-80" number="1" relative-x="3">          <syllabic>begin</syllabic>          <text>be</text>        </lyric>      </note>      <note default-x="220">        <pitch>          <step>B</step>          <octave>4</octave>        </pitch>        <duration>1</duration>        <voice>1</voice>        <type>16th</type>        <stem default-y="15">up</stem>        <beam number="1">end</beam>        <beam number="2">end</beam>      </note>      <note default-x="240">        <pitch>          <step>C</step>          <alter>1</alter>          <octave>5</octave>        </pitch>        <duration>1</duration>        <voice>1</voice>        <type>16th</type>        <stem default-y="-55">down</stem>        <beam number="1">begin</beam>        <beam number="2">begin</beam>        <lyric default-y="-80" number="1">          <syllabic>middle</syllabic>          <text>ni</text>        </lyric>      </note>      <note default-x="260">        <pitch>          <step>A</step>          <octave>4</octave>        </pitch>        <duration>1</duration>        <voice>1</voice>        <type>16th</type>        <stem default-y="-60">down</stem>        <beam number="1">end</beam>        <beam number="2">end</beam>      </note>      <note default-x="288">        <pitch>          <step>D</step>          <octave>5</octave>        </pitch>        <duration>6</duration>        <voice>1</voice>        <type>quarter</type>        <dot/>        <stem default-y="-45">down</stem>        <lyric default-y="-80" number="1">          <syllabic>middle</syllabic>          <text>gnis</text>        </lyric>      </note>      <note default-x="344">        <pitch>          <step>E</step>          <octave>5</octave>        </pitch>        <duration>1</duration>        <voice>1</voice>        <type>16th</type>        <stem default-y="-40">down</stem>        <lyric default-y="-80" number="1">          <syllabic>middle</syllabic>          <text>si</text>        </lyric>      </note>      <note default-x="372">        <pitch>          <step>F</step>          <alter>1</alter>          <octave>5</octave>        </pitch>        <duration>1</duration>        <voice>1</voice>        <type>16th</type>        <stem default-y="-35.5">down</stem>        <lyric default-y="-80" number="1">          <syllabic>end</syllabic>          <text>me</text>        </lyric>      </note>    </measure>    <!--=======================================================-->    <measure number="2" width="166">      <note default-x="14">        <pitch>          <step>E</step>          <octave>5</octave>        </pitch>        <duration>2</duration>        <voice>1</voice>        <type>eighth</type>        <stem default-y="-40">down</stem>        <lyric default-y="-80" number="1">          <syllabic>begin</syllabic>          <text>Je</text>        </lyric>      </note>      <note default-x="39">        <pitch>          <step>E</step>          <octave>5</octave>        </pitch>        <duration>2</duration>        <voice>1</voice>        <type>eighth</type>        <stem default-y="-40">down</stem>        <lyric default-y="-80" number="1">          <syllabic>end</syllabic>          <text>su,</text>        </lyric>      </note>      <note default-x="64">        <rest/>        <duration>4</duration>        <voice>1</voice>        <type>quarter</type>      </note>      <note default-x="101">        <rest/>        <duration>8</duration>        <voice>1</voice>        <type>half</type>      </note>    </measure>    <!--=======================================================-->    <measure number="3" width="288">      <note default-x="13">        <pitch>          <step>D</step>          <octave>4</octave>        </pitch>        <duration>1</duration>        <voice>1</voice>        <type>16th</type>        <stem default-y="0">up</stem>        <beam number="1">begin</beam>        <beam number="2">begin</beam>        <lyric default-y="-80" justify="left" number="1">          <syllabic>single</syllabic>          <text>o</text>          <extend/>        </lyric>      </note>      <note default-x="33">        <pitch>          <step>E</step>          <octave>4</octave>        </pitch>        <duration>1</duration>        <voice>1</voice>        <type>16th</type>        <stem default-y="1.5">up</stem>        <beam number="1">continue</beam>        <beam number="2">continue</beam>      </note>      <note default-x="53">        <pitch>          <step>F</step>          <alter>1</alter>          <octave>4</octave>        </pitch>        <duration>1</duration>        <voice>1</voice>        <type>16th</type>        <stem default-y="3.5">up</stem>        <beam number="1">continue</beam>        <beam number="2">continue</beam>      </note>      <note default-x="73">        <pitch>          <step>G</step>          <octave>4</octave>        </pitch>        <duration>1</duration>        <voice>1</voice>        <type>16th</type>        <stem default-y="5">up</stem>        <beam number="1">end</beam>        <beam number="2">end</beam>      </note>      <note default-x="92">        <pitch>          <step>A</step>          <octave>4</octave>        </pitch>        <duration>1</duration>        <voice>1</voice>        <type>16th</type>        <stem default-y="10">up</stem>        <beam number="1">begin</beam>        <beam number="2">begin</beam>        <lyric default-y="-80" number="1" relative-x="3">          <syllabic>begin</syllabic>          <text>su</text>        </lyric>      </note>      <note default-x="112">        <pitch>          <step>B</step>          <octave>4</octave>        </pitch>        <duration>1</duration>        <voice>1</voice>        <type>16th</type>        <stem default-y="15">up</stem>        <beam number="1">end</beam>        <beam number="2">end</beam>      </note>      <note default-x="132">        <pitch>          <step>C</step>          <alter>1</alter>          <octave>5</octave>        </pitch>        <duration>1</duration>        <voice>1</voice>        <type>16th</type>        <stem default-y="-55">down</stem>        <beam number="1">begin</beam>        <beam number="2">begin</beam>        <notations>          <slur number="1" placement="above" type="start"/>        </notations>        <lyric default-y="-80" number="1">          <syllabic>middle</syllabic>          <text>a</text>        </lyric>      </note>      <note default-x="151">        <pitch>          <step>A</step>          <octave>4</octave>        </pitch>        <duration>1</duration>        <voice>1</voice>        <type>16th</type>        <stem default-y="-60">down</stem>        <beam number="1">end</beam>        <beam number="2">end</beam>      </note>      <note default-x="175">        <pitch>          <step>D</step>          <octave>5</octave>        </pitch>        <duration>6</duration>        <voice>1</voice>        <type>quarter</type>        <dot/>        <stem default-y="-45">down</stem>        <notations>          <slur number="1" type="stop"/>        </notations>        <lyric default-y="-80" number="1">          <syllabic>middle</syllabic>          <text>vis</text>        </lyric>      </note>      <note default-x="230">        <pitch>          <step>E</step>          <octave>5</octave>        </pitch>        <duration>1</duration>        <voice>1</voice>        <type>16th</type>        <stem default-y="-40">down</stem>        <lyric default-y="-80" number="1">          <syllabic>middle</syllabic>          <text>si</text>        </lyric>      </note>      <note default-x="259">        <pitch>          <step>F</step>          <alter>1</alter>          <octave>5</octave>        </pitch>        <duration>1</duration>        <voice>1</voice>        <type>16th</type>        <stem default-y="-35.5">down</stem>        <lyric default-y="-80" number="1">          <syllabic>end</syllabic>          <text>me</text>        </lyric>      </note>    </measure>    <!--=======================================================-->    <measure number="4" width="165">      <note default-x="14">        <pitch>          <step>E</step>          <octave>5</octave>        </pitch>        <duration>2</duration>        <voice>1</voice>        <type>eighth</type>        <stem default-y="-40">down</stem>        <lyric default-y="-80" number="1">          <syllabic>begin</syllabic>          <text>Je</text>        </lyric>      </note>      <note default-x="39">        <pitch>          <step>E</step>          <octave>5</octave>        </pitch>        <duration>2</duration>        <voice>1</voice>        <type>eighth</type>        <stem default-y="-40">down</stem>        <lyric default-y="-80" number="1">          <syllabic>end</syllabic>          <text>su</text>        </lyric>      </note>      <note default-x="63">        <rest/>        <duration>4</duration>        <voice>1</voice>        <type>quarter</type>      </note>      <note default-x="100">        <rest/>        <duration>8</duration>        <voice>1</voice>        <type>half</type>      </note>    </measure>  </part>  <!--=========================================================--></score-partwise>