<?xml version="1.0" encoding="UTF-8"?><!DOCTYPE score-partwise PUBLIC "-//Recordare//DTD MusicXML 2.0 Partwise//EN"                                "http://www.musicxml.org/dtds/partwise.dtd"><score-partwise version="2.0">  <movement-title>MI.924 Domine quis habitabit</movement-title>  <identification>    <creator type="composer">Suffret</creator>    <encoding>      <software>Finale 2011 for Macintosh</software>      <software>Dolet Light for Finale 2011</software>      <encoding-date>2012-02-09</encoding-date>      <supports attribute="new-system" element="print" type="yes" value="yes"/>      <supports attribute="new-page" element="print" type="yes" value="yes"/>    </encoding>  </identification>  <defaults>    <scaling>      <millimeters>7.2319</millimeters>      <tenths>40</tenths>    </scaling>    <page-layout>      <page-height>1642</page-height>      <page-width>1161</page-width>      <page-margins type="both">        <left-margin>70</left-margin>        <right-margin>70</right-margin>        <top-margin>88</top-margin>        <bottom-margin>88</bottom-margin>      </page-margins>    </page-layout>    <system-layout>      <system-margins>        <left-margin>0</left-margin>        <right-margin>0</right-margin>      </system-margins>      <system-distance>121</system-distance>      <top-system-distance>70</top-system-distance>    </system-layout>    <appearance>      <line-width type="stem">0.7487</line-width>      <line-width type="beam">5</line-width>      <line-width type="staff">0.7487</line-width>      <line-width type="light barline">0.7487</line-width>      <line-width type="heavy barline">5</line-width>      <line-width type="leger">0.7487</line-width>      <line-width type="ending">1.4583</line-width>      <line-width type="wedge">1.4583</line-width>      <line-width type="enclosure">0.7487</line-width>      <line-width type="tuplet bracket">0.7487</line-width>      <note-size type="grace">60</note-size>      <note-size type="cue">60</note-size>    </appearance>    <music-font font-family="Maestro" font-size="20.5"/>    <word-font font-family="Times New Roman" font-size="10.25"/>    <lyric-font font-family="Times New Roman" font-size="10.25" name="verse"/>  </defaults>  <part-list>    <score-part id="P1">      <part-name print-object="no">MusicXML Part</part-name>      <score-instrument id="P1-I1">        <instrument-name>Grand Piano</instrument-name>      </score-instrument>      <midi-instrument id="P1-I1">        <midi-channel>1</midi-channel>        <midi-program>1</midi-program>        <volume>80</volume>        <pan>0</pan>      </midi-instrument>    </score-part>  </part-list>  <!--=========================================================-->  <part id="P1">    <measure number="1" width="283">      <print>        <system-layout>          <top-system-distance>211</top-system-distance>        </system-layout>        <measure-numbering>system</measure-numbering>      </print>      <attributes>        <divisions>4</divisions>        <key>          <fifths>-1</fifths>          <mode>major</mode>        </key>        <time symbol="common">          <beats>4</beats>          <beat-type>4</beat-type>        </time>        <clef>          <sign>G</sign>          <line>2</line>        </clef>        <measure-style>          <multiple-rest>5</multiple-rest>        </measure-style>      </attributes>      <sound tempo="120"/>      <direction directive="yes" placement="above">        <direction-type>          <words default-y="40" font-size="12" font-weight="bold">Adagio</words>        </direction-type>      </direction>      <note>        <rest/>        <duration>16</duration>        <voice>1</voice>      </note>    </measure>    <!--=======================================================-->    <measure number="2" width="0">      <note>        <rest/>        <duration>16</duration>        <voice>1</voice>      </note>    </measure>    <!--=======================================================-->    <measure number="3" width="0">      <note>        <rest/>        <duration>16</duration>        <voice>1</voice>      </note>    </measure>    <!--=======================================================-->    <measure number="4" width="0">      <note>        <rest/>        <duration>16</duration>        <voice>1</voice>      </note>    </measure>    <!--=======================================================-->    <measure number="5" width="0">      <note>        <rest/>        <duration>16</duration>        <voice>1</voice>      </note>    </measure>    <!--=======================================================-->    <measure number="6" width="278">      <note default-x="14">        <pitch>          <step>C</step>          <octave>5</octave>        </pitch>        <duration>3</duration>        <voice>1</voice>        <type>eighth</type>        <dot/>        <stem default-y="-50">down</stem>        <lyric default-y="-80" number="1">          <syllabic>begin</syllabic>          <text>Do</text>        </lyric>      </note>      <note default-x="59">        <pitch>          <step>C</step>          <octave>5</octave>        </pitch>        <duration>1</duration>        <voice>1</voice>        <type>16th</type>        <stem default-y="-50">down</stem>        <lyric default-y="-80" number="1">          <syllabic>middle</syllabic>          <text>mi</text>        </lyric>      </note>      <note default-x="82">        <pitch>          <step>C</step>          <octave>5</octave>        </pitch>        <duration>4</duration>        <voice>1</voice>        <type>quarter</type>        <stem default-y="-50">down</stem>        <lyric default-y="-80" number="1" relative-x="3">          <syllabic>end</syllabic>          <text>ne,</text>        </lyric>      </note>      <note default-x="137">        <rest/>        <duration>2</duration>        <voice>1</voice>        <type>eighth</type>      </note>      <note default-x="172">        <pitch>          <step>G</step>          <octave>4</octave>        </pitch>        <duration>2</duration>        <voice>1</voice>        <type>eighth</type>        <stem default-y="5.5">up</stem>        <lyric default-y="-80" number="1">          <syllabic>single</syllabic>          <text>quis</text>        </lyric>      </note>      <note default-x="208">        <pitch>          <step>A</step>          <octave>4</octave>        </pitch>        <duration>2</duration>        <voice>1</voice>        <type>eighth</type>        <stem default-y="10.5">up</stem>        <lyric default-y="-80" number="1">          <syllabic>begin</syllabic>          <text>ha</text>        </lyric>      </note>      <note default-x="242">        <pitch>          <step>B</step>          <alter>-1</alter>          <octave>4</octave>        </pitch>        <duration>2</duration>        <voice>1</voice>        <type>eighth</type>        <stem default-y="-55.5">down</stem>        <lyric default-y="-80" number="1">          <syllabic>middle</syllabic>          <text>bi</text>        </lyric>      </note>    </measure>    <!--=======================================================-->    <measure number="7" width="241">      <note default-x="13">        <pitch>          <step>A</step>          <octave>4</octave>        </pitch>        <duration>4</duration>        <voice>1</voice>        <type>quarter</type>        <stem default-y="10.5">up</stem>        <notations>          <technical>            <stopped default-x="0" default-y="-45" placement="below"/>          </technical>        </notations>        <lyric default-y="-80" number="1">          <syllabic>middle</syllabic>          <text>ta</text>        </lyric>      </note>      <note default-x="64">        <pitch>          <step>F</step>          <octave>4</octave>        </pitch>        <duration>4</duration>        <voice>1</voice>        <type>quarter</type>        <stem default-y="1">up</stem>        <lyric default-y="-80" number="1" relative-x="4">          <syllabic>end</syllabic>          <text>bit</text>        </lyric>      </note>      <note default-x="115">        <rest/>        <duration>2</duration>        <voice>1</voice>        <type>eighth</type>      </note>      <note default-x="146">        <pitch>          <step>A</step>          <octave>4</octave>        </pitch>        <duration>2</duration>        <voice>1</voice>        <type>eighth</type>        <stem default-y="10.5">up</stem>        <lyric default-y="-80" number="1">          <syllabic>single</syllabic>          <text>in</text>        </lyric>      </note>      <note default-x="178">        <pitch>          <step>B</step>          <alter>-1</alter>          <octave>4</octave>        </pitch>        <duration>2</duration>        <voice>1</voice>        <type>eighth</type>        <stem default-y="-55.5">down</stem>        <lyric default-y="-80" number="1">          <syllabic>begin</syllabic>          <text>ta</text>        </lyric>      </note>      <note default-x="209">        <pitch>          <step>C</step>          <octave>5</octave>        </pitch>        <duration>2</duration>        <voice>1</voice>        <type>eighth</type>        <stem default-y="-50">down</stem>        <lyric default-y="-80" number="1">          <syllabic>middle</syllabic>          <text>ber</text>        </lyric>      </note>    </measure>    <!--=======================================================-->    <measure number="8" width="219">      <note default-x="14">        <pitch>          <step>D</step>          <octave>5</octave>        </pitch>        <duration>3</duration>        <voice>1</voice>        <type>eighth</type>        <dot/>        <stem default-y="-45">down</stem>        <lyric default-y="-80" number="1">          <syllabic>middle</syllabic>          <text>na</text>        </lyric>      </note>      <note default-x="52">        <pitch>          <step>E</step>          <octave>5</octave>        </pitch>        <duration>1</duration>        <voice>1</voice>        <type>16th</type>        <stem default-y="-40">down</stem>        <lyric default-y="-80" number="1">          <syllabic>middle</syllabic>          <text>cu</text>        </lyric>      </note>      <note default-x="79">        <pitch>          <step>F</step>          <octave>5</octave>        </pitch>        <duration>4</duration>        <voice>1</voice>        <type>quarter</type>        <stem default-y="-35.5">down</stem>        <lyric default-y="-80" number="1">          <syllabic>end</syllabic>          <text>lo</text>        </lyric>      </note>      <note default-x="126">        <pitch>          <step>E</step>          <octave>5</octave>        </pitch>        <duration>4</duration>        <voice>1</voice>        <type>quarter</type>        <stem default-y="-40">down</stem>        <notations>          <technical>            <stopped default-x="0" default-y="10" placement="above"/>          </technical>        </notations>        <lyric default-y="-80" number="1">          <syllabic>begin</syllabic>          <text>tu</text>        </lyric>      </note>      <note default-x="172">        <pitch>          <step>C</step>          <octave>5</octave>        </pitch>        <duration>4</duration>        <voice>1</voice>        <type>quarter</type>        <stem default-y="-50">down</stem>        <lyric default-y="-80" number="1">          <syllabic>end</syllabic>          <text>o:</text>        </lyric>      </note>    </measure>    <!--=======================================================-->    <measure number="9" width="638">      <print new-system="yes">        <system-layout>          <system-distance>114</system-distance>        </system-layout>      </print>      <note default-x="77">        <pitch>          <step>G</step>          <octave>4</octave>        </pitch>        <duration>2</duration>        <voice>1</voice>        <type>eighth</type>        <stem default-y="5.5">up</stem>        <lyric default-y="-80" number="1">          <syllabic>single</syllabic>          <text>aut</text>        </lyric>      </note>      <note default-x="161">        <pitch>          <step>G</step>          <octave>4</octave>        </pitch>        <duration>2</duration>        <voice>1</voice>        <type>eighth</type>        <stem default-y="5.5">up</stem>        <lyric default-y="-80" number="1">          <syllabic>single</syllabic>          <text>quis</text>        </lyric>      </note>      <note default-x="246">        <pitch>          <step>G</step>          <octave>4</octave>        </pitch>        <duration>2</duration>        <voice>1</voice>        <type>eighth</type>        <stem default-y="5.5">up</stem>        <lyric default-y="-80" number="1">          <syllabic>begin</syllabic>          <text>re</text>        </lyric>      </note>      <note default-x="331">        <pitch>          <step>G</step>          <octave>4</octave>        </pitch>        <duration>2</duration>        <voice>1</voice>        <type>eighth</type>        <stem default-y="5.5">up</stem>        <lyric default-y="-80" number="1">          <syllabic>middle</syllabic>          <text>qui</text>        </lyric>      </note>      <note default-x="416">        <pitch>          <step>C</step>          <octave>5</octave>        </pitch>        <duration>8</duration>        <voice>1</voice>        <type>half</type>        <stem default-y="-50.5">down</stem>        <notations>          <slur number="1" placement="above" type="start"/>        </notations>        <lyric default-y="-80" number="1">          <syllabic>middle</syllabic>          <text>es</text>        </lyric>      </note>    </measure>    <!--=======================================================-->    <measure number="10" width="383">      <note default-x="14">        <pitch>          <step>C</step>          <octave>5</octave>        </pitch>        <duration>8</duration>        <voice>1</voice>        <type>half</type>        <stem default-y="-50.5">down</stem>        <notations>          <slur number="1" type="stop"/>        </notations>      </note>      <note default-x="181">        <pitch>          <step>A</step>          <octave>4</octave>        </pitch>        <duration>6</duration>        <voice>1</voice>        <type>quarter</type>        <dot/>        <stem default-y="10.5">up</stem>        <notations>          <technical>            <stopped default-x="0" default-y="-45" placement="below"/>          </technical>        </notations>        <lyric default-y="-80" number="1">          <syllabic>end</syllabic>          <text>cet</text>        </lyric>      </note>      <note default-x="318">        <rest/>        <duration>2</duration>        <voice>1</voice>        <type>eighth</type>      </note>    </measure>  </part>  <!--=========================================================--></score-partwise>