<?xml version="1.0" encoding="UTF-8"?><!DOCTYPE score-partwise PUBLIC "-//Recordare//DTD MusicXML 2.0 Partwise//EN"                                "http://www.musicxml.org/dtds/partwise.dtd"><score-partwise version="2.0">  <movement-title>MI.1030 Leçon de ténèbres, III. 1</movement-title>  <identification>    <creator type="composer">Villeneuve, Alexandre de</creator>    <encoding>      <software>Finale 2011 for Macintosh</software>      <software>Dolet Light for Finale 2011</software>      <encoding-date>2012-03-19</encoding-date>      <supports attribute="new-system" element="print" type="yes" value="yes"/>      <supports attribute="new-page" element="print" type="yes" value="yes"/>    </encoding>  </identification>  <defaults>    <scaling>      <millimeters>7.2319</millimeters>      <tenths>40</tenths>    </scaling>    <page-layout>      <page-height>1642</page-height>      <page-width>1161</page-width>      <page-margins type="both">        <left-margin>70</left-margin>        <right-margin>70</right-margin>        <top-margin>88</top-margin>        <bottom-margin>88</bottom-margin>      </page-margins>    </page-layout>    <system-layout>      <system-margins>        <left-margin>0</left-margin>        <right-margin>0</right-margin>      </system-margins>      <system-distance>121</system-distance>      <top-system-distance>70</top-system-distance>    </system-layout>    <appearance>      <line-width type="stem">0.7487</line-width>      <line-width type="beam">5</line-width>      <line-width type="staff">0.7487</line-width>      <line-width type="light barline">0.7487</line-width>      <line-width type="heavy barline">5</line-width>      <line-width type="leger">0.7487</line-width>      <line-width type="ending">1.4583</line-width>      <line-width type="wedge">1.4583</line-width>      <line-width type="enclosure">0.7487</line-width>      <line-width type="tuplet bracket">0.7487</line-width>      <note-size type="grace">60</note-size>      <note-size type="cue">60</note-size>    </appearance>    <music-font font-family="Maestro" font-size="20.5"/>    <word-font font-family="Times New Roman" font-size="10.25"/>    <lyric-font font-family="Times New Roman" font-size="10.25" name="verse"/>  </defaults>  <part-list>    <score-part id="P1">      <part-name print-object="no">MusicXML Part</part-name>      <score-instrument id="P1-I1">        <instrument-name>Grand Piano</instrument-name>      </score-instrument>      <midi-instrument id="P1-I1">        <midi-channel>1</midi-channel>        <midi-program>1</midi-program>        <volume>80</volume>        <pan>0</pan>      </midi-instrument>    </score-part>  </part-list>  <!--=========================================================-->  <part id="P1">    <measure number="1" width="284">      <print>        <system-layout>          <top-system-distance>211</top-system-distance>        </system-layout>        <measure-numbering>system</measure-numbering>      </print>      <attributes>        <divisions>8</divisions>        <key>          <fifths>3</fifths>          <mode>minor</mode>        </key>        <time symbol="common">          <beats>4</beats>          <beat-type>4</beat-type>        </time>        <clef>          <sign>G</sign>          <line>2</line>        </clef>        <measure-style>          <multiple-rest>3</multiple-rest>        </measure-style>      </attributes>      <sound tempo="120"/>      <note>        <rest/>        <duration>32</duration>        <voice>1</voice>      </note>    </measure>    <!--=======================================================-->    <measure number="2" width="0">      <note>        <rest/>        <duration>32</duration>        <voice>1</voice>      </note>    </measure>    <!--=======================================================-->    <measure number="3" width="0">      <note>        <rest/>        <duration>32</duration>        <voice>1</voice>      </note>    </measure>    <!--=======================================================-->    <measure number="4" width="256">      <note default-x="14">        <pitch>          <step>C</step>          <alter>1</alter>          <octave>5</octave>        </pitch>        <duration>8</duration>        <voice>1</voice>        <type>quarter</type>        <stem default-y="-50">down</stem>        <lyric default-y="-80" number="1">          <syllabic>single</syllabic>          <text>De</text>        </lyric>      </note>      <note default-x="59">        <pitch>          <step>D</step>          <octave>5</octave>        </pitch>        <duration>4</duration>        <voice>1</voice>        <type>eighth</type>        <stem default-y="-45">down</stem>        <lyric default-y="-80" number="1">          <syllabic>begin</syllabic>          <text>la</text>        </lyric>      </note>      <note default-x="93">        <pitch>          <step>E</step>          <octave>5</octave>        </pitch>        <duration>4</duration>        <voice>1</voice>        <type>eighth</type>        <stem default-y="-40">down</stem>        <lyric default-y="-80" number="1">          <syllabic>middle</syllabic>          <text>men</text>        </lyric>      </note>      <note default-x="128">        <pitch>          <step>E</step>          <octave>5</octave>        </pitch>        <duration>6</duration>        <voice>1</voice>        <type>eighth</type>        <dot/>        <stem default-y="-57.5">down</stem>        <beam number="1">begin</beam>        <lyric default-y="-80" number="1">          <syllabic>middle</syllabic>          <text>ta</text>        </lyric>      </note>      <note default-x="165">        <pitch>          <step>D</step>          <octave>5</octave>        </pitch>        <duration>1</duration>        <voice>1</voice>        <type>32nd</type>        <stem default-y="-57.5">down</stem>        <beam number="1">continue</beam>        <beam number="2">begin</beam>        <beam number="3">begin</beam>        <notations>          <ornaments>            <inverted-mordent default-x="-4" default-y="5" placement="above"/>          </ornaments>        </notations>      </note>      <note default-x="181">        <pitch>          <step>C</step>          <alter>1</alter>          <octave>5</octave>        </pitch>        <duration>1</duration>        <voice>1</voice>        <type>32nd</type>        <stem default-y="-57.5">down</stem>        <beam number="1">continue</beam>        <beam number="2">end</beam>        <beam number="3">end</beam>      </note>      <note default-x="196">        <pitch>          <step>D</step>          <octave>5</octave>        </pitch>        <duration>6</duration>        <voice>1</voice>        <type>eighth</type>        <dot/>        <stem default-y="-57.5">down</stem>        <beam number="1">end</beam>      </note>      <note default-x="233">        <pitch>          <step>E</step>          <octave>5</octave>        </pitch>        <duration>2</duration>        <voice>1</voice>        <type>16th</type>        <stem default-y="-40">down</stem>        <lyric default-y="-80" number="1">          <syllabic>middle</syllabic>          <text>ti</text>        </lyric>      </note>    </measure>    <!--=======================================================-->    <measure number="5" width="244">      <note default-x="14">        <pitch>          <step>C</step>          <alter>1</alter>          <octave>5</octave>        </pitch>        <duration>4</duration>        <voice>1</voice>        <type>eighth</type>        <stem default-y="-50">down</stem>        <notations>          <technical>            <stopped default-x="0" default-y="5" placement="above"/>          </technical>        </notations>        <lyric default-y="-80" number="1">          <syllabic>middle</syllabic>          <text>o</text>        </lyric>      </note>      <note default-x="41">        <pitch>          <step>C</step>          <alter>1</alter>          <octave>5</octave>        </pitch>        <duration>4</duration>        <voice>1</voice>        <type>eighth</type>        <stem default-y="-50">down</stem>        <lyric default-y="-80" number="1">          <syllabic>end</syllabic>          <text>ne</text>        </lyric>      </note>      <note default-x="71">        <pitch>          <step>C</step>          <alter>1</alter>          <octave>5</octave>        </pitch>        <duration>6</duration>        <voice>1</voice>        <type>eighth</type>        <dot/>        <stem default-y="-50">down</stem>        <lyric default-y="-80" number="1">          <syllabic>begin</syllabic>          <text>Je</text>        </lyric>      </note>      <note default-x="105">        <pitch>          <step>D</step>          <octave>5</octave>        </pitch>        <duration>2</duration>        <voice>1</voice>        <type>16th</type>        <stem default-y="-45">down</stem>        <lyric default-y="-80" number="1">          <syllabic>middle</syllabic>          <text>re</text>        </lyric>      </note>      <note default-x="134">        <pitch>          <step>B</step>          <octave>4</octave>        </pitch>        <duration>8</duration>        <voice>1</voice>        <type>quarter</type>        <stem default-y="-55.5">down</stem>        <notations>          <ornaments>            <inverted-mordent default-x="-4" default-y="0" placement="above"/>          </ornaments>        </notations>        <lyric default-y="-80" number="1">          <syllabic>middle</syllabic>          <text>mi</text>        </lyric>      </note>      <note default-x="174">        <pitch>          <step>B</step>          <octave>4</octave>        </pitch>        <duration>6</duration>        <voice>1</voice>        <type>eighth</type>        <dot/>        <stem default-y="-55.5">down</stem>        <lyric default-y="-80" number="1">          <syllabic>end</syllabic>          <text>ae</text>        </lyric>      </note>      <note default-x="213">        <pitch>          <step>A</step>          <octave>4</octave>        </pitch>        <duration>2</duration>        <voice>1</voice>        <type>16th</type>        <stem default-y="10.5">up</stem>        <lyric default-y="-80" number="1">          <syllabic>begin</syllabic>          <text>Pro</text>        </lyric>      </note>    </measure>    <!--=======================================================-->    <measure number="6" width="237">      <note default-x="13">        <pitch>          <step>B</step>          <octave>4</octave>        </pitch>        <duration>4</duration>        <voice>1</voice>        <type>eighth</type>        <stem default-y="-62">down</stem>        <beam number="1">begin</beam>        <notations>          <slur number="1" placement="above" type="start"/>        </notations>        <lyric default-y="-80" number="1">          <syllabic>middle</syllabic>          <text>phe</text>        </lyric>      </note>      <note default-x="39">        <pitch>          <step>B</step>          <octave>4</octave>        </pitch>        <duration>1</duration>        <voice>1</voice>        <type>32nd</type>        <stem default-y="-62">down</stem>        <beam number="1">continue</beam>        <beam number="2">begin</beam>        <beam number="3">begin</beam>        <notations>          <slur number="1" type="stop"/>        </notations>      </note>      <note default-x="57">        <pitch>          <step>C</step>          <alter>1</alter>          <octave>5</octave>        </pitch>        <duration>1</duration>        <voice>1</voice>        <type>32nd</type>        <stem default-y="-62">down</stem>        <beam number="1">continue</beam>        <beam number="2">continue</beam>        <beam number="3">continue</beam>      </note>      <note default-x="75">        <pitch>          <step>B</step>          <octave>4</octave>        </pitch>        <duration>1</duration>        <voice>1</voice>        <type>32nd</type>        <stem default-y="-62">down</stem>        <beam number="1">continue</beam>        <beam number="2">continue</beam>        <beam number="3">continue</beam>      </note>      <note default-x="93">        <pitch>          <step>C</step>          <alter>1</alter>          <octave>5</octave>        </pitch>        <duration>1</duration>        <voice>1</voice>        <type>32nd</type>        <stem default-y="-62">down</stem>        <beam number="1">continue</beam>        <beam number="2">end</beam>        <beam number="3">end</beam>      </note>      <note default-x="111">        <pitch>          <step>C</step>          <alter>1</alter>          <octave>5</octave>        </pitch>        <duration>6</duration>        <voice>1</voice>        <type>eighth</type>        <dot/>        <stem default-y="-62">down</stem>        <beam number="1">continue</beam>        <notations>          <technical>            <stopped default-x="0" default-y="5" placement="above"/>          </technical>        </notations>      </note>      <note default-x="144">        <pitch>          <step>B</step>          <octave>4</octave>        </pitch>        <duration>2</duration>        <voice>1</voice>        <type>16th</type>        <stem default-y="-62">down</stem>        <beam number="1">end</beam>        <beam number="2">backward hook</beam>      </note>      <note default-x="169">        <pitch>          <step>B</step>          <octave>4</octave>        </pitch>        <duration>16</duration>        <voice>1</voice>        <type>half</type>        <stem default-y="-55.5">down</stem>        <lyric default-y="-80" number="1">          <syllabic>end</syllabic>          <text>tae</text>        </lyric>      </note>    </measure>  </part>  <!--=========================================================--></score-partwise>