<?xml version="1.0" encoding="UTF-8"?><!DOCTYPE score-partwise PUBLIC "-//Recordare//DTD MusicXML 2.0 Partwise//EN"                                "http://www.musicxml.org/dtds/partwise.dtd"><score-partwise version="2.0">  <movement-title>Psalme premier</movement-title>  <identification>    <encoding>      <software>Finale 2011 for Macintosh</software>      <software>Dolet Light for Finale 2011</software>      <encoding-date>2017-05-16</encoding-date>      <supports attribute="new-system" element="print" type="yes" value="yes"/>      <supports attribute="new-page" element="print" type="yes" value="yes"/>    </encoding>  </identification>  <defaults>    <scaling>      <millimeters>7.112</millimeters>      <tenths>40</tenths>    </scaling>    <page-layout>      <page-height>1671</page-height>      <page-width>1181</page-width>      <page-margins type="both">        <left-margin>28</left-margin>        <right-margin>28</right-margin>        <top-margin>28</top-margin>        <bottom-margin>28</bottom-margin>      </page-margins>    </page-layout>    <system-layout>      <system-margins>        <left-margin>0</left-margin>        <right-margin>323</right-margin>      </system-margins>      <system-distance>80</system-distance>      <top-system-distance>50</top-system-distance>    </system-layout>    <appearance>      <line-width type="stem">0.7487</line-width>      <line-width type="beam">5</line-width>      <line-width type="staff">0.7487</line-width>      <line-width type="light barline">0.7487</line-width>      <line-width type="heavy barline">5</line-width>      <line-width type="leger">0.7487</line-width>      <line-width type="ending">1.4583</line-width>      <line-width type="wedge">1.4583</line-width>      <line-width type="enclosure">0.7487</line-width>      <line-width type="tuplet bracket">0.7487</line-width>      <note-size type="grace">60</note-size>      <note-size type="cue">60</note-size>    </appearance>    <music-font font-family="Maestro" font-size="20.2"/>    <word-font font-family="Times New Roman" font-size="10.1"/>    <lyric-font font-family="Times New Roman" font-size="10.1" name="verse"/>  </defaults>  <credit page="1">    <credit-words default-x="612" default-y="1556" font-size="18" justify="center" valign="top">Psalme I</credit-words>  </credit>  <part-list>    <score-part id="P1">      <part-name print-object="no">MusicXML Part</part-name>      <score-instrument id="P1-I2">        <instrument-name>SmartMusic SoftSynth</instrument-name>      </score-instrument>      <midi-instrument id="P1-I2">        <midi-channel>1</midi-channel>        <midi-program>55</midi-program>        <volume>80</volume>        <pan>0</pan>      </midi-instrument>    </score-part>  </part-list>  <!--=========================================================-->  <part id="P1">    <measure number="1" width="226">      <print>        <system-layout>          <system-margins>            <left-margin>72</left-margin>            <right-margin>0</right-margin>          </system-margins>          <top-system-distance>176</top-system-distance>        </system-layout>        <measure-numbering>system</measure-numbering>      </print>      <attributes>        <divisions>2</divisions>        <key>          <fifths>-1</fifths>          <mode>major</mode>        </key>        <time symbol="cut">          <beats>2</beats>          <beat-type>2</beat-type>        </time>        <clef>          <sign>C</sign>          <line>3</line>        </clef>      </attributes>      <sound tempo="120"/>      <note default-x="107">        <pitch>          <step>D</step>          <octave>4</octave>        </pitch>        <duration>4</duration>        <voice>1</voice>        <type>half</type>        <stem default-y="-50">down</stem>        <lyric default-y="-80" number="1" relative-x="5">          <syllabic>begin</syllabic>          <text font-size="12">1.Com</text>        </lyric>      </note>      <note default-x="184">        <pitch>          <step>G</step>          <octave>3</octave>        </pitch>        <duration>4</duration>        <voice>1</voice>        <type>half</type>        <stem default-y="0">up</stem>        <lyric default-y="-80" number="1">          <syllabic>end</syllabic>          <text font-size="12">bien</text>        </lyric>      </note>      <barline location="right">        <bar-style>none</bar-style>      </barline>    </measure>    <!--=======================================================-->    <measure number="2" width="130">      <note default-x="14">        <pitch>          <step>D</step>          <octave>4</octave>        </pitch>        <duration>4</duration>        <voice>1</voice>        <type>half</type>        <stem default-y="-50">down</stem>        <lyric default-y="-80" number="1">          <syllabic>single</syllabic>          <text font-size="12">est</text>        </lyric>      </note>      <note default-x="72">        <pitch>          <step>D</step>          <octave>4</octave>        </pitch>        <duration>4</duration>        <voice>1</voice>        <type>half</type>        <stem default-y="-50">down</stem>        <lyric default-y="-80" number="1">          <syllabic>begin</syllabic>          <text font-size="12">ces</text>        </lyric>      </note>      <barline location="right">        <bar-style>none</bar-style>      </barline>    </measure>    <!--=======================================================-->    <measure number="3" width="143">      <note default-x="14">        <pitch>          <step>F</step>          <octave>4</octave>        </pitch>        <duration>4</duration>        <voice>1</voice>        <type>half</type>        <stem default-y="-40">down</stem>        <lyric default-y="-80" number="1">          <syllabic>middle</syllabic>          <text font-size="12">tuy</text>        </lyric>      </note>      <note default-x="72">        <pitch>          <step>E</step>          <octave>4</octave>        </pitch>        <duration>2</duration>        <voice>1</voice>        <type>quarter</type>        <stem default-y="-45">down</stem>        <lyric default-y="-80" number="1">          <syllabic>end</syllabic>          <text font-size="12">là</text>        </lyric>      </note>      <note default-x="108">        <pitch>          <step>E</step>          <octave>4</octave>        </pitch>        <duration>2</duration>        <voice>1</voice>        <type>quarter</type>        <stem default-y="-45">down</stem>        <lyric default-y="-80" number="1">          <syllabic>begin</syllabic>          <text font-size="12">heu</text>        </lyric>      </note>      <barline location="right">        <bar-style>none</bar-style>      </barline>    </measure>    <!--=======================================================-->    <measure number="4" width="82">      <note default-x="14">        <pitch>          <step>D</step>          <octave>4</octave>        </pitch>        <duration>4</duration>        <voice>1</voice>        <type>half</type>        <stem default-y="-50">down</stem>        <lyric default-y="-80" number="1">          <syllabic>end</syllabic>          <text font-size="12">reus</text>        </lyric>      </note>      <note default-x="47">        <rest/>        <duration>4</duration>        <voice>1</voice>        <type>half</type>      </note>      <barline location="right">        <bar-style>none</bar-style>      </barline>    </measure>    <!--=======================================================-->    <measure number="5" width="195">      <note default-x="14">        <pitch>          <step>A</step>          <octave>3</octave>        </pitch>        <duration>4</duration>        <voice>1</voice>        <type>half</type>        <stem default-y="5">up</stem>        <lyric default-y="-80" number="1" relative-x="3">          <syllabic>single</syllabic>          <text font-size="12">2.Qui</text>        </lyric>      </note>      <note default-x="95">        <pitch>          <step>C</step>          <octave>4</octave>        </pitch>        <duration>2</duration>        <voice>1</voice>        <type>quarter</type>        <stem default-y="-55">down</stem>        <lyric default-y="-80" number="1">          <syllabic>single</syllabic>          <text font-size="12">point</text>        </lyric>      </note>      <note default-x="145">        <pitch>          <step>C</step>          <octave>4</octave>        </pitch>        <duration>2</duration>        <voice>1</voice>        <type>quarter</type>        <stem default-y="-55">down</stem>        <lyric default-y="-80" number="1">          <syllabic>single</syllabic>          <text font-size="12">ne</text>        </lyric>      </note>      <barline location="right">        <bar-style>none</bar-style>      </barline>    </measure>    <!--=======================================================-->    <measure number="6" width="186">      <note default-x="13">        <pitch>          <step>G</step>          <octave>3</octave>        </pitch>        <duration>2</duration>        <voice>1</voice>        <type>quarter</type>        <stem default-y="0">up</stem>        <lyric default-y="-80" number="1">          <syllabic>begin</syllabic>          <text font-size="12">com</text>        </lyric>      </note>      <note default-x="61">        <pitch>          <step>A</step>          <octave>3</octave>        </pitch>        <duration>2</duration>        <voice>1</voice>        <type>quarter</type>        <stem default-y="5">up</stem>        <lyric default-y="-80" number="1">          <syllabic>middle</syllabic>          <text font-size="12">mu</text>        </lyric>      </note>      <note default-x="109">        <pitch>          <step>B</step>          <alter>-1</alter>          <octave>3</octave>        </pitch>        <duration>4</duration>        <voice>1</voice>        <type>half</type>        <stem default-y="11">up</stem>        <lyric default-y="-80" number="1">          <syllabic>middle</syllabic>          <text font-size="12">ni</text>        </lyric>      </note>      <barline location="right">        <bar-style>none</bar-style>      </barline>    </measure>    <!--=======================================================-->    <measure number="7" width="91">      <note default-x="13">        <pitch>          <step>A</step>          <octave>3</octave>        </pitch>        <duration>4</duration>        <voice>1</voice>        <type>half</type>        <stem default-y="5">up</stem>        <lyric default-y="-80" number="1">          <syllabic>end</syllabic>          <text font-size="12">que</text>        </lyric>      </note>      <note default-x="51">        <rest/>        <duration>4</duration>        <voice>1</voice>        <type>half</type>      </note>      <barline location="right">        <bar-style>none</bar-style>      </barline>    </measure>    <!--=======================================================-->    <measure number="8" width="286">      <print new-system="yes">        <system-layout>          <system-margins>            <left-margin>0</left-margin>            <right-margin>0</right-margin>          </system-margins>          <system-distance>84</system-distance>        </system-layout>      </print>      <note default-x="75">        <pitch>          <step>D</step>          <octave>4</octave>        </pitch>        <duration>4</duration>        <voice>1</voice>        <type>half</type>        <stem default-y="-50">down</stem>        <lyric default-y="-80" number="1">          <syllabic>single</syllabic>          <text font-size="12">3.Des</text>        </lyric>      </note>      <note default-x="169">        <pitch>          <step>F</step>          <octave>4</octave>        </pitch>        <duration>2</duration>        <voice>1</voice>        <type>quarter</type>        <stem default-y="-40">down</stem>        <lyric default-y="-80" number="1">          <syllabic>begin</syllabic>          <text font-size="12">mes</text>        </lyric>      </note>      <note default-x="228">        <pitch>          <step>E</step>          <octave>4</octave>        </pitch>        <duration>2</duration>        <voice>1</voice>        <type>quarter</type>        <stem default-y="-45">down</stem>        <lyric default-y="-80" number="1">          <syllabic>end</syllabic>          <text font-size="12">chants</text>        </lyric>      </note>      <barline location="right">        <bar-style>none</bar-style>      </barline>    </measure>    <!--=======================================================-->    <measure number="9" width="163">      <note default-x="14">        <pitch>          <step>D</step>          <octave>4</octave>        </pitch>        <duration>4</duration>        <voice>1</voice>        <type>half</type>        <stem default-y="-50">down</stem>        <lyric default-y="-80" number="1">          <syllabic>single</syllabic>          <text font-size="12">&amp;</text>        </lyric>      </note>      <note default-x="81">        <pitch>          <step>C</step>          <octave>4</octave>        </pitch>        <duration>2</duration>        <voice>1</voice>        <type>quarter</type>        <stem default-y="-55">down</stem>        <lyric default-y="-80" number="1">          <syllabic>single</syllabic>          <text font-size="12">des</text>        </lyric>      </note>      <note default-x="122">        <pitch>          <step>B</step>          <alter>-1</alter>          <octave>3</octave>        </pitch>        <duration>2</duration>        <voice>1</voice>        <type>quarter</type>        <stem default-y="10.5">up</stem>        <lyric default-y="-80" number="1">          <syllabic>begin</syllabic>          <text font-size="12">mal</text>        </lyric>      </note>      <barline location="right">        <bar-style>none</bar-style>      </barline>    </measure>    <!--=======================================================-->    <measure number="10" width="160">      <note default-x="14">        <pitch>          <step>C</step>          <octave>4</octave>        </pitch>        <duration>4</duration>        <voice>1</voice>        <type>half</type>        <stem default-y="-55">down</stem>        <lyric default-y="-80" number="1">          <syllabic>middle</syllabic>          <text font-size="12">heu</text>        </lyric>      </note>      <note default-x="87">        <pitch>          <step>B</step>          <alter>-1</alter>          <octave>3</octave>        </pitch>        <duration>4</duration>        <voice>1</voice>        <type>half</type>        <stem default-y="10.5">up</stem>        <lyric default-y="-80" number="1">          <syllabic>end</syllabic>          <text font-size="12">reus</text>        </lyric>      </note>      <barline location="right">        <bar-style>none</bar-style>      </barline>    </measure>    <!--=======================================================-->    <measure number="11" width="139">      <note default-x="13">        <rest/>        <duration>4</duration>        <voice>1</voice>        <type>half</type>      </note>      <note default-x="77">        <pitch>          <step>D</step>          <octave>4</octave>        </pitch>        <duration>4</duration>        <voice>1</voice>        <type>half</type>        <stem default-y="-50">down</stem>        <lyric default-y="-80" number="1">          <syllabic>single</syllabic>          <text font-size="12">4.Au</text>        </lyric>      </note>      <barline location="right">        <bar-style>none</bar-style>      </barline>    </measure>    <!--=======================================================-->    <measure number="12" width="192">      <note default-x="14">        <pitch>          <step>C</step>          <octave>4</octave>        </pitch>        <duration>2</duration>        <voice>1</voice>        <type>quarter</type>        <stem default-y="-55">down</stem>        <lyric default-y="-80" number="1">          <syllabic>begin</syllabic>          <text font-size="12">con</text>        </lyric>      </note>      <note default-x="59">        <pitch>          <step>B</step>          <alter>-1</alter>          <octave>3</octave>        </pitch>        <duration>2</duration>        <voice>1</voice>        <type>quarter</type>        <stem default-y="10.5">up</stem>        <lyric default-y="-80" number="1">          <syllabic>end</syllabic>          <text font-size="12">seil</text>        </lyric>      </note>      <note default-x="103">        <pitch>          <step>C</step>          <octave>4</octave>        </pitch>        <duration>2</duration>        <voice>1</voice>        <type>quarter</type>        <stem default-y="-55">down</stem>        <lyric default-y="-80" number="1">          <syllabic>begin</syllabic>          <text font-size="12">ti</text>        </lyric>      </note>      <note default-x="147">        <pitch>          <step>C</step>          <octave>4</octave>        </pitch>        <duration>2</duration>        <voice>1</voice>        <type>quarter</type>        <stem default-y="-55">down</stem>        <lyric default-y="-80" number="1">          <syllabic>middle</syllabic>          <text font-size="12">ran</text>        </lyric>      </note>      <barline location="right">        <bar-style>none</bar-style>      </barline>    </measure>    <!--=======================================================-->    <measure number="13" width="185">      <note default-x="13">        <pitch>          <step>A</step>          <octave>3</octave>        </pitch>        <duration>4</duration>        <voice>1</voice>        <type>half</type>        <stem default-y="5.5">up</stem>        <lyric default-y="-80" number="1">          <syllabic>middle</syllabic>          <text font-size="12">ni</text>        </lyric>      </note>      <note default-x="100">        <pitch>          <step>G</step>          <octave>3</octave>        </pitch>        <duration>4</duration>        <voice>1</voice>        <type>half</type>        <stem default-y="0.5">up</stem>        <lyric default-y="-80" number="1">          <syllabic>end</syllabic>          <text font-size="12">que!</text>        </lyric>      </note>      <barline location="right">        <bar-style>none</bar-style>      </barline>    </measure>    <!--=======================================================-->    <measure number="14" width="176">      <print new-system="yes">        <system-layout>          <system-margins>            <left-margin>0</left-margin>            <right-margin>0</right-margin>          </system-margins>          <system-distance>84</system-distance>        </system-layout>      </print>      <note default-x="75">        <rest/>        <duration>4</duration>        <voice>1</voice>        <type>half</type>      </note>      <note default-x="126">        <pitch>          <step>B</step>          <alter>-1</alter>          <octave>3</octave>        </pitch>        <duration>4</duration>        <voice>1</voice>        <type>half</type>        <stem default-y="10.5">up</stem>        <lyric default-y="-80" number="1">          <syllabic>single</syllabic>          <text font-size="12">5.Des</text>        </lyric>      </note>      <barline location="right">        <bar-style>none</bar-style>      </barline>    </measure>    <!--=======================================================-->    <measure number="15" width="194">      <note default-x="13">        <pitch>          <step>A</step>          <octave>3</octave>        </pitch>        <duration>2</duration>        <voice>1</voice>        <type>quarter</type>        <stem default-y="5.5">up</stem>        <lyric default-y="-80" number="1">          <syllabic>begin</syllabic>          <text font-size="12">pe</text>        </lyric>      </note>      <note default-x="64">        <pitch>          <step>B</step>          <alter>-1</alter>          <octave>3</octave>        </pitch>        <duration>2</duration>        <voice>1</voice>        <type>quarter</type>        <stem default-y="10.5">up</stem>        <lyric default-y="-80" number="1">          <syllabic>end</syllabic>          <text font-size="12">cheurs</text>        </lyric>      </note>      <note default-x="126">        <pitch>          <step>C</step>          <octave>4</octave>        </pitch>        <duration>4</duration>        <voice>1</voice>        <type>half</type>        <stem default-y="-55.5">down</stem>        <lyric default-y="-80" number="1">          <syllabic>begin</syllabic>          <text font-size="12">n'ar</text>        </lyric>      </note>      <barline location="right">        <bar-style>none</bar-style>      </barline>    </measure>    <!--=======================================================-->    <measure number="16" width="176">      <note default-x="14">        <pitch>          <step>D</step>          <octave>4</octave>        </pitch>        <duration>4</duration>        <voice>1</voice>        <type>half</type>        <stem default-y="-50.5">down</stem>        <lyric default-y="-80" number="1">          <syllabic>end</syllabic>          <text font-size="12">reste</text>        </lyric>      </note>      <note default-x="86">        <pitch>          <step>B</step>          <alter>-1</alter>          <octave>3</octave>        </pitch>        <duration>2</duration>        <voice>1</voice>        <type>quarter</type>        <stem default-y="10.5">up</stem>        <lyric default-y="-80" number="1">          <syllabic>single</syllabic>          <text font-size="12">aux</text>        </lyric>      </note>      <note default-x="131">        <pitch>          <step>C</step>          <octave>4</octave>        </pitch>        <duration>2</duration>        <voice>1</voice>        <type>quarter</type>        <stem default-y="-55.5">down</stem>        <lyric default-y="-80" number="1">          <syllabic>begin</syllabic>          <text font-size="12">sen</text>        </lyric>      </note>      <barline location="right">        <bar-style>none</bar-style>      </barline>    </measure>    <!--=======================================================-->    <measure number="17" width="87">      <note default-x="14">        <pitch>          <step>D</step>          <octave>4</octave>        </pitch>        <duration>4</duration>        <voice>1</voice>        <type>half</type>        <stem default-y="-50.5">down</stem>        <lyric default-y="-80" number="1">          <syllabic>end</syllabic>          <text font-size="12">tiers</text>        </lyric>      </note>      <note default-x="49">        <rest/>        <duration>4</duration>        <voice>1</voice>        <type>half</type>      </note>      <barline location="right">        <bar-style>none</bar-style>      </barline>    </measure>    <!--=======================================================-->    <measure number="18" width="170">      <note default-x="14">        <pitch>          <step>F</step>          <octave>4</octave>        </pitch>        <duration>4</duration>        <voice>1</voice>        <type>half</type>        <stem default-y="-40">down</stem>        <lyric default-y="-80" number="1">          <syllabic>single</syllabic>          <text font-size="12">6.Ne</text>        </lyric>      </note>      <note default-x="81">        <pitch>          <step>E</step>          <octave>4</octave>        </pitch>        <duration>2</duration>        <voice>1</voice>        <type>quarter</type>        <stem default-y="-45">down</stem>        <lyric default-y="-80" number="1">          <syllabic>single</syllabic>          <text font-size="12">des</text>        </lyric>      </note>      <note default-x="127">        <pitch>          <step>D</step>          <octave>4</octave>        </pitch>        <duration>2</duration>        <voice>1</voice>        <type>quarter</type>        <stem default-y="-50.5">down</stem>        <lyric default-y="-80" number="1">          <syllabic>begin</syllabic>          <text font-size="12">mes</text>        </lyric>      </note>      <barline location="right">        <bar-style>none</bar-style>      </barline>    </measure>    <!--=======================================================-->    <measure number="19" width="123">      <note default-x="14">        <pitch>          <step>C</step>          <octave>4</octave>        </pitch>        <duration>4</duration>        <voice>1</voice>        <type>half</type>        <stem default-y="-55.5">down</stem>        <lyric default-y="-80" number="1">          <syllabic>middle</syllabic>          <text font-size="12">di</text>        </lyric>      </note>      <note default-x="68">        <pitch>          <step>D</step>          <octave>4</octave>        </pitch>        <duration>4</duration>        <voice>1</voice>        <type>half</type>        <stem default-y="-50.5">down</stem>        <lyric default-y="-80" number="1">          <syllabic>end</syllabic>          <text font-size="12">sans</text>        </lyric>      </note>      <barline location="right">        <bar-style>none</bar-style>      </barline>    </measure>    <!--=======================================================-->    <measure number="20" width="200">      <note default-x="14">        <pitch>          <step>C</step>          <octave>4</octave>        </pitch>        <duration>2</duration>        <voice>1</voice>        <type>quarter</type>        <stem default-y="-55.5">down</stem>        <lyric default-y="-80" number="1">          <syllabic>begin</syllabic>          <text font-size="12">vo</text>        </lyric>      </note>      <note default-x="65">        <pitch>          <step>B</step>          <alter>-1</alter>          <octave>3</octave>        </pitch>        <duration>2</duration>        <voice>1</voice>        <type>quarter</type>        <stem default-y="10.5">up</stem>        <lyric default-y="-80" number="1">          <syllabic>middle</syllabic>          <text font-size="12">lon</text>        </lyric>      </note>      <note default-x="116">        <pitch>          <step>A</step>          <octave>3</octave>        </pitch>        <duration>4</duration>        <voice>1</voice>        <type>half</type>        <stem default-y="5.5">up</stem>        <lyric default-y="-80" number="1">          <syllabic>end</syllabic>          <text font-size="12">tiers</text>        </lyric>      </note>      <barline location="right">        <bar-style>none</bar-style>      </barline>    </measure>    <!--=======================================================-->    <measure number="21" width="243">      <print new-system="yes">        <system-layout>          <system-distance>84</system-distance>        </system-layout>      </print>      <note default-x="75">        <rest/>        <duration>4</duration>        <voice>1</voice>        <type>half</type>      </note>      <note default-x="160">        <pitch>          <step>D</step>          <octave>4</octave>        </pitch>        <duration>4</duration>        <voice>1</voice>        <type>half</type>        <stem default-y="-50">down</stem>        <lyric default-y="-80" number="1">          <syllabic>single</syllabic>          <text font-size="12">7.Ne</text>        </lyric>      </note>      <barline location="right">        <bar-style>none</bar-style>      </barline>    </measure>    <!--=======================================================-->    <measure number="22" width="265">      <note default-x="13">        <pitch>          <step>B</step>          <alter>-1</alter>          <octave>3</octave>        </pitch>        <duration>2</duration>        <voice>1</voice>        <type>quarter</type>        <stem default-y="11">up</stem>        <lyric default-y="-80" number="1">          <syllabic>single</syllabic>          <text font-size="12">sied</text>        </lyric>      </note>      <note default-x="76">        <pitch>          <step>C</step>          <octave>4</octave>        </pitch>        <duration>2</duration>        <voice>1</voice>        <type>quarter</type>        <stem default-y="-55">down</stem>        <lyric default-y="-80" number="1">          <syllabic>single</syllabic>          <text font-size="12">au</text>        </lyric>      </note>      <note default-x="139">        <pitch>          <step>D</step>          <octave>4</octave>        </pitch>        <duration>2</duration>        <voice>1</voice>        <type>quarter</type>        <stem default-y="-50">down</stem>        <lyric default-y="-80" number="1">          <syllabic>single</syllabic>          <text font-size="12">rang</text>        </lyric>      </note>      <note default-x="202">        <pitch>          <step>D</step>          <octave>4</octave>        </pitch>        <duration>2</duration>        <voice>1</voice>        <type>quarter</type>        <stem default-y="-50">down</stem>        <lyric default-y="-80" number="1">          <syllabic>begin</syllabic>          <text font-size="12">i</text>        </lyric>      </note>      <barline location="right">        <bar-style>none</bar-style>      </barline>    </measure>    <!--=======================================================-->    <measure number="23" width="135">      <note default-x="13">        <pitch>          <step>A</step>          <octave>3</octave>        </pitch>        <duration>4</duration>        <voice>1</voice>        <type>half</type>        <stem default-y="6">up</stem>        <lyric default-y="-80" number="1">          <syllabic>middle</syllabic>          <text font-size="12">ni</text>        </lyric>      </note>      <forward>        <duration>4</duration>        <voice>1</voice>      </forward>      <barline location="right">        <bar-style>none</bar-style>      </barline>    </measure>    <!--=======================================================-->    <measure number="24" width="159">      <note default-x="13">        <pitch>          <step>G</step>          <octave>3</octave>        </pitch>        <duration>8</duration>        <voice>1</voice>        <type>whole</type>        <lyric default-y="-80" number="1">          <syllabic>end</syllabic>          <text font-size="12">que.</text>        </lyric>      </note>      <barline location="right">        <bar-style>light-heavy</bar-style>      </barline>    </measure>  </part>  <!--=========================================================--></score-partwise>