<?xml version="1.0" encoding="UTF-8"?><!DOCTYPE score-partwise PUBLIC "-//Recordare//DTD MusicXML 2.0 Partwise//EN"                                "http://www.musicxml.org/dtds/partwise.dtd"><score-partwise version="2.0">  <movement-title>Psalme III</movement-title>  <identification>    <encoding>      <software>Finale 2011 for Macintosh</software>      <software>Dolet Light for Finale 2011</software>      <encoding-date>2017-05-16</encoding-date>      <supports attribute="new-system" element="print" type="yes" value="yes"/>      <supports attribute="new-page" element="print" type="yes" value="yes"/>    </encoding>  </identification>  <defaults>    <scaling>      <millimeters>7.112</millimeters>      <tenths>40</tenths>    </scaling>    <page-layout>      <page-height>1671</page-height>      <page-width>1181</page-width>      <page-margins type="both">        <left-margin>28</left-margin>        <right-margin>28</right-margin>        <top-margin>28</top-margin>        <bottom-margin>28</bottom-margin>      </page-margins>    </page-layout>    <system-layout>      <system-margins>        <left-margin>0</left-margin>        <right-margin>500</right-margin>      </system-margins>      <system-distance>83</system-distance>      <top-system-distance>52</top-system-distance>    </system-layout>    <appearance>      <line-width type="stem">0.7487</line-width>      <line-width type="beam">5</line-width>      <line-width type="staff">0.7487</line-width>      <line-width type="light barline">0.7487</line-width>      <line-width type="heavy barline">5</line-width>      <line-width type="leger">0.7487</line-width>      <line-width type="ending">1.4583</line-width>      <line-width type="wedge">1.4583</line-width>      <line-width type="enclosure">0.7487</line-width>      <line-width type="tuplet bracket">0.7487</line-width>      <note-size type="grace">60</note-size>      <note-size type="cue">60</note-size>    </appearance>    <music-font font-family="Maestro" font-size="20.2"/>    <word-font font-family="Times New Roman" font-size="10.1"/>    <lyric-font font-family="Times New Roman" font-size="10.1" name="verse"/>  </defaults>  <credit page="1">    <credit-words default-x="574" default-y="1555" font-size="15.1" valign="top">Psalme III</credit-words>  </credit>  <part-list>    <score-part id="P1">      <part-name print-object="no">MusicXML Part</part-name>      <score-instrument id="P1-I2">        <instrument-name>SmartMusic SoftSynth</instrument-name>      </score-instrument>      <midi-instrument id="P1-I2">        <midi-channel>1</midi-channel>        <midi-program>55</midi-program>        <volume>80</volume>        <pan>0</pan>      </midi-instrument>    </score-part>  </part-list>  <!--=========================================================-->  <part id="P1">    <measure number="1" width="235">      <print>        <system-layout>          <system-margins>            <left-margin>72</left-margin>            <right-margin>0</right-margin>          </system-margins>          <top-system-distance>176</top-system-distance>        </system-layout>        <measure-numbering>system</measure-numbering>      </print>      <attributes>        <divisions>2</divisions>        <key>          <fifths>-1</fifths>          <mode>major</mode>        </key>        <time symbol="cut">          <beats>2</beats>          <beat-type>2</beat-type>        </time>        <clef>          <sign>C</sign>          <line>3</line>        </clef>      </attributes>      <sound tempo="120"/>      <note default-x="107">        <pitch>          <step>G</step>          <octave>4</octave>        </pitch>        <duration>4</duration>        <voice>1</voice>        <type>half</type>        <stem default-y="-35.5">down</stem>        <lyric default-y="-80" number="1">          <syllabic>single</syllabic>          <text font-size="11.8">1.Eh</text>          <elision> </elision>          <syllabic>single</syllabic>          <text font-size="11.8">!</text>        </lyric>      </note>      <note default-x="171">        <pitch>          <step>G</step>          <octave>4</octave>        </pitch>        <duration>4</duration>        <voice>1</voice>        <type>half</type>        <stem default-y="-35.5">down</stem>        <lyric default-y="-80" number="1">          <syllabic>single</syllabic>          <text font-size="11.8">que</text>        </lyric>      </note>      <barline location="right">        <bar-style>none</bar-style>      </barline>    </measure>    <!--=======================================================-->    <measure number="2" width="179">      <note default-x="14">        <pitch>          <step>D</step>          <octave>4</octave>        </pitch>        <duration>2</duration>        <voice>1</voice>        <type>quarter</type>        <stem default-y="-50">down</stem>        <lyric default-y="-80" number="1">          <syllabic>single</syllabic>          <text font-size="11.8">le</text>        </lyric>      </note>      <note default-x="60">        <pitch>          <step>E</step>          <octave>4</octave>        </pitch>        <duration>2</duration>        <voice>1</voice>        <type>quarter</type>        <stem default-y="-45">down</stem>        <lyric default-y="-80" number="1">          <syllabic>single</syllabic>          <text font-size="11.8">camp</text>        </lyric>      </note>      <note default-x="109">        <pitch>          <step>F</step>          <octave>4</octave>        </pitch>        <duration>4</duration>        <voice>1</voice>        <type>half</type>        <stem default-y="-40">down</stem>        <lyric default-y="-80" number="1">          <syllabic>single</syllabic>          <text font-size="11.8">des</text>        </lyric>      </note>      <barline location="right">        <bar-style>none</bar-style>      </barline>    </measure>    <!--=======================================================-->    <measure number="3" width="158">      <note default-x="14">        <pitch>          <step>F</step>          <octave>4</octave>        </pitch>        <duration>2</duration>        <voice>1</voice>        <type>quarter</type>        <stem default-y="-40">down</stem>        <lyric default-y="-80" number="1">          <syllabic>begin</syllabic>          <text font-size="11.8">en</text>        </lyric>      </note>      <note default-x="54">        <pitch>          <step>E</step>          <octave>4</octave>        </pitch>        <duration>2</duration>        <voice>1</voice>        <type>quarter</type>        <stem default-y="-45">down</stem>        <lyric default-y="-80" number="1">          <syllabic>middle</syllabic>          <text font-size="11.8">ne</text>        </lyric>      </note>      <note default-x="93">        <pitch>          <step>D</step>          <octave>4</octave>        </pitch>        <duration>4</duration>        <voice>1</voice>        <type>half</type>        <stem default-y="-50">down</stem>        <lyric default-y="-80" number="1">          <syllabic>end</syllabic>          <text font-size="11.8">mis</text>        </lyric>      </note>      <barline location="right">        <bar-style>none</bar-style>      </barline>    </measure>    <!--=======================================================-->    <measure number="4" width="114">      <note default-x="13">        <rest/>        <duration>4</duration>        <voice>1</voice>        <type>half</type>      </note>      <note default-x="65">        <pitch>          <step>F</step>          <octave>4</octave>        </pitch>        <duration>4</duration>        <voice>1</voice>        <type>half</type>        <stem default-y="-40">down</stem>        <lyric default-y="-80" number="1">          <syllabic>single</syllabic>          <text font-size="11.8">2.O</text>        </lyric>      </note>      <barline location="right">        <bar-style>none</bar-style>      </barline>    </measure>    <!--=======================================================-->    <measure number="5" width="227">      <note default-x="14">        <pitch>          <step>E</step>          <octave>4</octave>        </pitch>        <duration>2</duration>        <voice>1</voice>        <type>quarter</type>        <stem default-y="-45">down</stem>        <lyric default-y="-80" number="1">          <syllabic>begin</syllabic>          <text font-size="11.8">Sei</text>        </lyric>      </note>      <note default-x="67">        <pitch>          <step>D</step>          <octave>4</octave>        </pitch>        <duration>2</duration>        <voice>1</voice>        <type>quarter</type>        <stem default-y="-50">down</stem>        <lyric default-y="-80" number="1">          <syllabic>end</syllabic>          <text font-size="11.8">gneur</text>        </lyric>      </note>      <note default-x="120">        <pitch>          <step>C</step>          <octave>4</octave>        </pitch>        <duration>2</duration>        <voice>1</voice>        <type>quarter</type>        <stem default-y="-55">down</stem>        <lyric default-y="-80" number="1">          <syllabic>single</syllabic>          <text font-size="11.8">se</text>        </lyric>      </note>      <note default-x="173">        <pitch>          <step>A</step>          <octave>3</octave>        </pitch>        <duration>2</duration>        <voice>1</voice>        <type>quarter</type>        <stem default-y="5">up</stem>        <lyric default-y="-80" number="1">          <syllabic>begin</syllabic>          <text font-size="11.8">ren</text>        </lyric>      </note>      <barline location="right">        <bar-style>none</bar-style>      </barline>    </measure>    <!--=======================================================-->    <measure number="6" width="141">      <note default-x="13">        <pitch>          <step>B</step>          <alter>-1</alter>          <octave>3</octave>        </pitch>        <duration>4</duration>        <voice>1</voice>        <type>half</type>        <stem default-y="11">up</stem>        <lyric default-y="-80" number="1">          <syllabic>middle</syllabic>          <text font-size="11.8">for</text>        </lyric>      </note>      <note default-x="77">        <pitch>          <step>A</step>          <octave>3</octave>        </pitch>        <duration>4</duration>        <voice>1</voice>        <type>half</type>        <stem default-y="5">up</stem>        <lyric default-y="-80" number="1">          <syllabic>end</syllabic>          <text font-size="11.8">ce</text>          <elision> </elision>          <syllabic>single</syllabic>          <text font-size="11.8">!</text>        </lyric>      </note>      <barline location="right">        <bar-style>none</bar-style>      </barline>    </measure>    <!--=======================================================-->    <measure number="7" width="201">      <print new-system="yes">        <system-layout>          <system-margins>            <left-margin>0</left-margin>            <right-margin>0</right-margin>          </system-margins>          <system-distance>86</system-distance>        </system-layout>      </print>      <note default-x="75">        <rest/>        <duration>4</duration>        <voice>1</voice>        <type>half</type>      </note>      <note default-x="139">        <pitch>          <step>G</step>          <octave>3</octave>        </pitch>        <duration>4</duration>        <voice>1</voice>        <type>half</type>        <stem default-y="1">up</stem>        <lyric default-y="-80" number="1">          <syllabic>single</syllabic>          <text font-size="11.8">3.Quel</text>        </lyric>      </note>      <barline location="right">        <bar-style>none</bar-style>      </barline>    </measure>    <!--=======================================================-->    <measure number="8" width="165">      <note default-x="13">        <pitch>          <step>A</step>          <octave>3</octave>        </pitch>        <duration>2</duration>        <voice>1</voice>        <type>quarter</type>        <stem default-y="5.5">up</stem>        <lyric default-y="-80" number="1">          <syllabic>begin</syllabic>          <text font-size="11.8">a</text>        </lyric>      </note>      <note default-x="53">        <pitch>          <step>B</step>          <alter>-1</alter>          <octave>3</octave>        </pitch>        <duration>2</duration>        <voice>1</voice>        <type>quarter</type>        <stem default-y="10.5">up</stem>        <lyric default-y="-80" number="1">          <syllabic>end</syllabic>          <text font-size="11.8">mas</text>        </lyric>      </note>      <note default-x="100">        <pitch>          <step>C</step>          <octave>4</octave>        </pitch>        <duration>4</duration>        <voice>1</voice>        <type>half</type>        <stem default-y="-55.5">down</stem>        <lyric default-y="-80" number="1">          <syllabic>single</syllabic>          <text font-size="11.8">s'est</text>        </lyric>      </note>      <barline location="right">        <bar-style>none</bar-style>      </barline>    </measure>    <!--=======================================================-->    <measure number="9" width="163">      <note default-x="13">        <pitch>          <step>A</step>          <octave>3</octave>        </pitch>        <duration>4</duration>        <voice>1</voice>        <type>half</type>        <stem default-y="5.5">up</stem>        <lyric default-y="-80" number="1">          <syllabic>begin</syllabic>          <text font-size="11.8">con</text>        </lyric>      </note>      <note default-x="79">        <pitch>          <step>B</step>          <alter>-1</alter>          <octave>3</octave>        </pitch>        <duration>2</duration>        <voice>1</voice>        <type>quarter</type>        <stem default-y="10.5">up</stem>        <lyric default-y="-80" number="1">          <syllabic>end</syllabic>          <text font-size="11.8">tre</text>        </lyric>      </note>      <note default-x="122">        <pitch>          <step>C</step>          <octave>4</octave>        </pitch>        <duration>2</duration>        <voice>1</voice>        <type>quarter</type>        <stem default-y="-55.5">down</stem>        <lyric default-y="-80" number="1">          <syllabic>single</syllabic>          <text font-size="11.8">moy</text>        </lyric>      </note>      <barline location="right">        <bar-style>none</bar-style>      </barline>    </measure>    <!--=======================================================-->    <measure number="10" width="129">      <note default-x="14">        <pitch>          <step>D</step>          <octave>4</octave>        </pitch>        <duration>4</duration>        <voice>1</voice>        <type>half</type>        <stem default-y="-50.5">down</stem>        <lyric default-y="-80" number="1">          <syllabic>single</syllabic>          <text font-size="11.8">mis</text>        </lyric>      </note>      <note default-x="70">        <rest/>        <duration>4</duration>        <voice>1</voice>        <type>half</type>      </note>      <barline location="right">        <bar-style>none</bar-style>      </barline>    </measure>    <!--=======================================================-->    <measure number="11" width="166">      <note default-x="14">        <pitch>          <step>D</step>          <octave>4</octave>        </pitch>        <duration>4</duration>        <voice>1</voice>        <type>half</type>        <stem default-y="-50.5">down</stem>        <lyric default-y="-80" number="1" relative-x="6">          <syllabic>single</syllabic>          <text font-size="11.8">4.Qui</text>        </lyric>      </note>      <note default-x="81">        <pitch>          <step>E</step>          <octave>4</octave>        </pitch>        <duration>2</duration>        <voice>1</voice>        <type>quarter</type>        <stem default-y="-45.5">down</stem>        <lyric default-y="-80" number="1">          <syllabic>single</syllabic>          <text font-size="11.8">me</text>        </lyric>      </note>      <note default-x="124">        <pitch>          <step>F</step>          <octave>4</octave>        </pitch>        <duration>2</duration>        <voice>1</voice>        <type>quarter</type>        <stem default-y="-40">down</stem>        <lyric default-y="-80" number="1">          <syllabic>begin</syllabic>          <text font-size="11.8">per</text>        </lyric>      </note>      <barline location="right">        <bar-style>none</bar-style>      </barline>    </measure>    <!--=======================================================-->    <measure number="12" width="200">      <note default-x="14">        <pitch>          <step>G</step>          <octave>4</octave>        </pitch>        <duration>2</duration>        <voice>1</voice>        <type>quarter</type>        <stem default-y="-35">down</stem>        <lyric default-y="-80" number="1">          <syllabic>end</syllabic>          <text font-size="11.8">dre</text>        </lyric>      </note>      <note default-x="65">        <pitch>          <step>E</step>          <octave>4</octave>        </pitch>        <duration>2</duration>        <voice>1</voice>        <type>quarter</type>        <stem default-y="-45.5">down</stem>        <lyric default-y="-80" number="1">          <syllabic>begin</syllabic>          <text font-size="11.8">s'ef</text>        </lyric>      </note>      <note default-x="117">        <pitch>          <step>F</step>          <octave>4</octave>        </pitch>        <duration>4</duration>        <voice>1</voice>        <type>half</type>        <stem default-y="-40">down</stem>        <lyric default-y="-80" number="1">          <syllabic>middle</syllabic>          <text font-size="11.8">for</text>        </lyric>      </note>      <barline location="right">        <bar-style>none</bar-style>      </barline>    </measure>    <!--=======================================================-->    <measure number="13" width="102">      <note default-x="14">        <pitch>          <step>G</step>          <octave>4</octave>        </pitch>        <duration>4</duration>        <voice>1</voice>        <type>half</type>        <stem default-y="-35">down</stem>        <lyric default-y="-80" number="1">          <syllabic>end</syllabic>          <text font-size="11.8">ce</text>          <elision> </elision>          <syllabic>single</syllabic>          <text font-size="11.8">!</text>        </lyric>      </note>      <note default-x="56">        <rest/>        <duration>4</duration>        <voice>1</voice>        <type>half</type>      </note>      <barline location="right">        <bar-style>none</bar-style>      </barline>    </measure>    <!--=======================================================-->    <measure number="14" width="278">      <print new-system="yes">        <system-layout>          <system-margins>            <left-margin>0</left-margin>            <right-margin>0</right-margin>          </system-margins>          <system-distance>86</system-distance>        </system-layout>      </print>      <note default-x="75">        <pitch>          <step>G</step>          <octave>3</octave>        </pitch>        <duration>4</duration>        <voice>1</voice>        <type>half</type>        <stem default-y="0.5">up</stem>        <lyric default-y="-80" number="1" relative-x="3">          <syllabic>begin</syllabic>          <text font-size="11.8">5.Plu</text>        </lyric>      </note>      <note default-x="166">        <pitch>          <step>G</step>          <octave>3</octave>        </pitch>        <duration>2</duration>        <voice>1</voice>        <type>quarter</type>        <stem default-y="0.5">up</stem>        <lyric default-y="-80" number="1">          <syllabic>end</syllabic>          <text font-size="11.8">sieurs</text>        </lyric>      </note>      <note default-x="222">        <pitch>          <step>G</step>          <octave>3</octave>        </pitch>        <duration>2</duration>        <voice>1</voice>        <type>quarter</type>        <stem default-y="0.5">up</stem>        <lyric default-y="-80" number="1">          <syllabic>begin</syllabic>          <text font-size="11.8">m'o</text>        </lyric>      </note>      <barline location="right">        <bar-style>none</bar-style>      </barline>    </measure>    <!--=======================================================-->    <measure number="15" width="133">      <note default-x="14">        <pitch>          <step>D</step>          <octave>4</octave>        </pitch>        <duration>4</duration>        <voice>1</voice>        <type>half</type>        <stem default-y="-50">down</stem>        <lyric default-y="-80" number="1">          <syllabic>end</syllabic>          <text font-size="11.8">sent</text>        </lyric>      </note>      <note default-x="73">        <pitch>          <step>G</step>          <octave>4</octave>        </pitch>        <duration>4</duration>        <voice>1</voice>        <type>half</type>        <stem default-y="-35">down</stem>        <lyric default-y="-80" number="1">          <syllabic>single</syllabic>          <text font-size="11.8">bien</text>        </lyric>      </note>      <barline location="right">        <bar-style>none</bar-style>      </barline>    </measure>    <!--=======================================================-->    <measure number="16" width="178">      <note default-x="14">        <pitch>          <step>F</step>          <octave>4</octave>        </pitch>        <duration>2</duration>        <voice>1</voice>        <type>quarter</type>        <stem default-y="-40">down</stem>        <lyric default-y="-80" number="1">          <syllabic>begin</syllabic>          <text font-size="11.8">re</text>        </lyric>      </note>      <note default-x="59">        <pitch>          <step>E</step>          <octave>4</octave>        </pitch>        <duration>2</duration>        <voice>1</voice>        <type>quarter</type>        <stem default-y="-45">down</stem>        <lyric default-y="-80" number="1">          <syllabic>middle</syllabic>          <text font-size="11.8">pro</text>        </lyric>      </note>      <note default-x="104">        <pitch>          <step>D</step>          <octave>4</octave>        </pitch>        <duration>4</duration>        <voice>1</voice>        <type>half</type>        <stem default-y="-50">down</stem>        <lyric default-y="-80" number="1">          <syllabic>end</syllabic>          <text font-size="11.8">cher.</text>        </lyric>      </note>      <barline location="right">        <bar-style>none</bar-style>      </barline>    </measure>    <!--=======================================================-->    <measure number="17" width="109">      <note default-x="13">        <rest/>        <duration>4</duration>        <voice>1</voice>        <type>half</type>      </note>      <note default-x="54">        <pitch>          <step>D</step>          <octave>4</octave>        </pitch>        <duration>4</duration>        <voice>1</voice>        <type>half</type>        <stem default-y="-50">down</stem>        <lyric default-y="-80" number="1">          <syllabic>single</syllabic>          <text font-size="11.8">6.Qu'en</text>        </lyric>      </note>      <barline location="right">        <bar-style>none</bar-style>      </barline>    </measure>    <!--=======================================================-->    <measure number="18" width="241">      <note default-x="14">        <pitch>          <step>D</step>          <octave>4</octave>        </pitch>        <duration>2</duration>        <voice>1</voice>        <type>quarter</type>        <stem default-y="-50">down</stem>        <lyric default-y="-80" number="1" relative-x="8">          <syllabic>single</syllabic>          <text font-size="11.8">DIEU</text>        </lyric>      </note>      <note default-x="71">        <pitch>          <step>D</step>          <octave>4</octave>        </pitch>        <duration>2</duration>        <voice>1</voice>        <type>quarter</type>        <stem default-y="-50">down</stem>        <lyric default-y="-80" number="1">          <syllabic>single</syllabic>          <text font-size="11.8">je</text>        </lyric>      </note>      <note default-x="127">        <pitch>          <step>C</step>          <octave>4</octave>        </pitch>        <duration>2</duration>        <voice>1</voice>        <type>quarter</type>        <stem default-y="-55">down</stem>        <lyric default-y="-80" number="1">          <syllabic>single</syllabic>          <text font-size="11.8">ne</text>        </lyric>      </note>      <note default-x="185">        <pitch>          <step>B</step>          <alter>-1</alter>          <octave>3</octave>        </pitch>        <duration>2</duration>        <voice>1</voice>        <type>quarter</type>        <stem default-y="10.5">up</stem>        <lyric default-y="-80" number="1">          <syllabic>single</syllabic>          <text font-size="11.8">doy</text>        </lyric>      </note>      <barline location="right">        <bar-style>none</bar-style>      </barline>    </measure>    <!--=======================================================-->    <measure number="19" width="187">      <note default-x="13">        <pitch>          <step>B</step>          <alter>-1</alter>          <octave>3</octave>        </pitch>        <duration>2</duration>        <voice>1</voice>        <type>quarter</type>        <stem default-y="10.5">up</stem>        <lyric default-y="-80" number="1">          <syllabic>single</syllabic>          <text font-size="11.8">plus</text>        </lyric>      </note>      <note default-x="61">        <pitch>          <step>A</step>          <octave>3</octave>        </pitch>        <duration>2</duration>        <voice>1</voice>        <type>quarter</type>        <stem default-y="5.5">up</stem>        <lyric default-y="-80" number="1">          <syllabic>begin</syllabic>          <text font-size="11.8">cer</text>        </lyric>      </note>      <note default-x="109">        <pitch>          <step>B</step>          <alter>-1</alter>          <octave>3</octave>        </pitch>        <duration>4</duration>        <voice>1</voice>        <type>half</type>        <stem default-y="10.5">up</stem>        <lyric default-y="-80" number="1">          <syllabic>end</syllabic>          <text font-size="11.8">cher</text>        </lyric>      </note>      <barline location="right">        <bar-style>none</bar-style>      </barline>    </measure>    <!--=======================================================-->    <measure number="20" width="169">      <print new-system="yes">        <system-layout>          <system-distance>86</system-distance>        </system-layout>      </print>      <note default-x="75">        <rest/>        <duration>4</duration>        <voice>1</voice>        <type>half</type>      </note>      <note default-x="123">        <pitch>          <step>G</step>          <octave>3</octave>        </pitch>        <duration>4</duration>        <voice>1</voice>        <type>half</type>        <stem default-y="0">up</stem>        <lyric default-y="-80" number="1">          <syllabic>begin</syllabic>          <text font-size="11.8">7.De</text>        </lyric>      </note>      <barline location="right">        <bar-style>none</bar-style>      </barline>    </measure>    <!--=======================================================-->    <measure number="21" width="268">      <note default-x="13">        <pitch>          <step>B</step>          <alter>-1</alter>          <octave>3</octave>        </pitch>        <duration>2</duration>        <voice>1</voice>        <type>quarter</type>        <stem default-y="11">up</stem>        <lyric default-y="-80" number="1">          <syllabic>middle</syllabic>          <text font-size="11.8">sor</text>        </lyric>      </note>      <note default-x="77">        <pitch>          <step>C</step>          <octave>4</octave>        </pitch>        <duration>2</duration>        <voice>1</voice>        <type>quarter</type>        <stem default-y="-55">down</stem>        <lyric default-y="-80" number="1">          <syllabic>end</syllabic>          <text font-size="11.8">mais</text>        </lyric>      </note>      <note default-x="141">        <pitch>          <step>D</step>          <octave>4</octave>        </pitch>        <duration>2</duration>        <voice>1</voice>        <type>quarter</type>        <stem default-y="-50">down</stem>        <lyric default-y="-80" number="1">          <syllabic>begin</syllabic>          <text font-size="11.8">nul</text>        </lyric>      </note>      <note default-x="205">        <pitch>          <step>B</step>          <alter>-1</alter>          <octave>3</octave>        </pitch>        <duration>2</duration>        <voice>1</voice>        <type>quarter</type>        <stem default-y="11">up</stem>        <lyric default-y="-80" number="1">          <syllabic>end</syllabic>          <text font-size="11.8">le</text>        </lyric>      </note>      <barline location="right">        <bar-style>none</bar-style>      </barline>    </measure>    <!--=======================================================-->    <measure number="22" width="84">      <note default-x="13">        <pitch>          <step>A</step>          <octave>3</octave>        </pitch>        <duration>4</duration>        <voice>1</voice>        <type>half</type>        <stem default-y="5">up</stem>        <lyric default-y="-80" number="1">          <syllabic>begin</syllabic>          <text font-size="11.8">for</text>        </lyric>      </note>      <forward>        <duration>4</duration>        <voice>1</voice>      </forward>      <barline location="right">        <bar-style>none</bar-style>      </barline>    </measure>    <!--=======================================================-->    <measure number="23" width="105">      <note default-x="13">        <pitch>          <step>G</step>          <octave>3</octave>        </pitch>        <duration>8</duration>        <voice>1</voice>        <type>whole</type>        <lyric default-y="-80" number="1">          <syllabic>end</syllabic>          <text font-size="11.8">ce.</text>        </lyric>      </note>      <barline location="right">        <bar-style>light-heavy</bar-style>      </barline>    </measure>  </part>  <!--=========================================================--></score-partwise>