<?xml version="1.0" encoding="UTF-8"?>
<!DOCTYPE score-partwise PUBLIC "-//Recordare//DTD MusicXML 2.0 Partwise//EN"
                                "http://www.musicxml.org/dtds/partwise.dtd">
<score-partwise version="2.0">
  <movement-title>Psalme XCI</movement-title>
  <identification>
    <encoding>
      <software>Finale 2011 for Windows</software>
      <software>Dolet Light for Finale 2011</software>
      <encoding-date>2013-03-25</encoding-date>
      <supports attribute="new-system" element="print" type="yes" value="yes"/>
      <supports attribute="new-page" element="print" type="yes" value="yes"/>
    </encoding>
  </identification>
  <defaults>
    <scaling>
      <millimeters>7.112</millimeters>
      <tenths>40</tenths>
    </scaling>
    <page-layout>
      <page-height>1671</page-height>
      <page-width>1181</page-width>
      <page-margins type="both">
        <left-margin>28</left-margin>
        <right-margin>28</right-margin>
        <top-margin>28</top-margin>
        <bottom-margin>28</bottom-margin>
      </page-margins>
    </page-layout>
    <system-layout>
      <system-margins>
        <left-margin>0</left-margin>
        <right-margin>0</right-margin>
      </system-margins>
      <system-distance>87</system-distance>
      <top-system-distance>52</top-system-distance>
    </system-layout>
    <appearance>
      <line-width type="stem">0.7487</line-width>
      <line-width type="beam">5</line-width>
      <line-width type="staff">0.7487</line-width>
      <line-width type="light barline">0.7487</line-width>
      <line-width type="heavy barline">5</line-width>
      <line-width type="leger">0.7487</line-width>
      <line-width type="ending">1.4583</line-width>
      <line-width type="wedge">1.4583</line-width>
      <line-width type="enclosure">0.7487</line-width>
      <line-width type="tuplet bracket">0.7487</line-width>
      <note-size type="grace">60</note-size>
      <note-size type="cue">60</note-size>
    </appearance>
    <music-font font-family="Maestro" font-size="20.2"/>
    <word-font font-family="Times New Roman" font-size="10.1"/>
    <lyric-font font-family="Times New Roman" font-size="10.1" name="verse"/>
  </defaults>
  <credit page="1">
    <credit-words default-x="514" default-y="1549" font-size="15.1" valign="top">Psalme XCI</credit-words>
  </credit>
  <part-list>
    <score-part id="P1">
      <part-name print-object="no">MusicXML Part</part-name>
      <score-instrument id="P1-I2">
        <instrument-name>SmartMusic SoftSynth</instrument-name>
      </score-instrument>
      <midi-instrument id="P1-I2">
        <midi-channel>1</midi-channel>
        <midi-program>55</midi-program>
        <volume>80</volume>
        <pan>0</pan>
      </midi-instrument>
    </score-part>
  </part-list>
  <!--=========================================================-->
  <part id="P1">
    <measure number="1" width="203">
      <print>
        <system-layout>
          <system-margins>
            <left-margin>72</left-margin>
            <right-margin>0</right-margin>
          </system-margins>
          <top-system-distance>176</top-system-distance>
        </system-layout>
        <measure-numbering>system</measure-numbering>
      </print>
      <attributes>
        <divisions>2</divisions>
        <key>
          <fifths>-1</fifths>
          <mode>major</mode>
        </key>
        <time symbol="cut">
          <beats>2</beats>
          <beat-type>2</beat-type>
        </time>
        <clef>
          <sign>C</sign>
          <line>4</line>
        </clef>
      </attributes>
      <sound tempo="120"/>
      <note default-x="107">
        <pitch>
          <step>C</step>
          <octave>4</octave>
        </pitch>
        <duration>4</duration>
        <voice>1</voice>
        <type>half</type>
        <stem default-y="-45">down</stem>
        <lyric default-y="-80" number="1" relative-x="3">
          <syllabic>single</syllabic>
          <text font-size="11.8">1.Qui</text>
        </lyric>
      </note>
      <note default-x="160">
        <pitch>
          <step>A</step>
          <octave>3</octave>
        </pitch>
        <duration>4</duration>
        <voice>1</voice>
        <type>half</type>
        <stem default-y="-55">down</stem>
        <lyric default-y="-80" number="1">
          <syllabic>single</syllabic>
          <text font-size="11.8">du</text>
        </lyric>
      </note>
      <barline location="right">
        <bar-style>none</bar-style>
      </barline>
    </measure>
    <!--=======================================================-->
    <measure number="2" width="157">
      <note default-x="14">
        <pitch>
          <step>B</step>
          <alter>-1</alter>
          <octave>3</octave>
        </pitch>
        <duration>2</duration>
        <voice>1</voice>
        <type>quarter</type>
        <stem default-y="-50">down</stem>
        <lyric default-y="-80" number="1">
          <syllabic>begin</syllabic>
          <text font-size="11.8">Tres</text>
        </lyric>
      </note>
      <note default-x="64">
        <pitch>
          <step>C</step>
          <octave>4</octave>
        </pitch>
        <duration>2</duration>
        <voice>1</voice>
        <type>quarter</type>
        <stem default-y="-45">down</stem>
        <lyric default-y="-80" number="1">
          <syllabic>end</syllabic>
          <text font-size="11.8">haut</text>
        </lyric>
      </note>
      <note default-x="108">
        <pitch>
          <step>D</step>
          <octave>4</octave>
        </pitch>
        <duration>4</duration>
        <voice>1</voice>
        <type>half</type>
        <stem default-y="-40">down</stem>
        <lyric default-y="-80" number="1">
          <syllabic>begin</syllabic>
          <text font-size="11.8">/ha</text>
        </lyric>
      </note>
      <barline location="right">
        <bar-style>none</bar-style>
      </barline>
    </measure>
    <!--=======================================================-->
    <measure number="3" width="131">
      <note default-x="14">
        <pitch>
          <step>D</step>
          <octave>4</octave>
        </pitch>
        <duration>4</duration>
        <voice>1</voice>
        <type>half</type>
        <stem default-y="-40">down</stem>
        <lyric default-y="-80" number="1">
          <syllabic>end</syllabic>
          <text font-size="11.8">bite</text>
        </lyric>
      </note>
      <note default-x="66">
        <pitch>
          <step>C</step>
          <octave>4</octave>
        </pitch>
        <duration>2</duration>
        <voice>1</voice>
        <type>quarter</type>
        <stem default-y="-45">down</stem>
        <lyric default-y="-80" number="1">
          <syllabic>single</syllabic>
          <text font-size="11.8">au</text>
        </lyric>
      </note>
      <note default-x="99">
        <pitch>
          <step>B</step>
          <alter>-1</alter>
          <octave>3</octave>
        </pitch>
        <duration>2</duration>
        <voice>1</voice>
        <type>quarter</type>
        <stem default-y="-50">down</stem>
        <lyric default-y="-80" number="1">
          <syllabic>begin</syllabic>
          <text font-size="11.8">se</text>
        </lyric>
      </note>
      <barline location="right">
        <bar-style>none</bar-style>
      </barline>
    </measure>
    <!--=======================================================-->
    <measure number="4" width="71">
      <note default-x="14">
        <pitch>
          <step>A</step>
          <octave>3</octave>
        </pitch>
        <duration>4</duration>
        <voice>1</voice>
        <type>half</type>
        <stem default-y="-55">down</stem>
        <lyric default-y="-80" number="1">
          <syllabic>end</syllabic>
          <text font-size="11.8">cret</text>
        </lyric>
      </note>
      <note default-x="41">
        <rest/>
        <duration>4</duration>
        <voice>1</voice>
        <type>half</type>
      </note>
      <barline location="right">
        <bar-style>none</bar-style>
      </barline>
    </measure>
    <!--=======================================================-->
    <measure number="5" width="140">
      <note default-x="14">
        <pitch>
          <step>C</step>
          <octave>4</octave>
        </pitch>
        <duration>4</duration>
        <voice>1</voice>
        <type>half</type>
        <stem default-y="-45">down</stem>
        <lyric default-y="-80" number="1">
          <syllabic>single</syllabic>
          <text font-size="11.8">2.Et</text>
        </lyric>
      </note>
      <note default-x="63">
        <pitch>
          <step>C</step>
          <octave>4</octave>
        </pitch>
        <duration>2</duration>
        <voice>1</voice>
        <type>quarter</type>
        <stem default-y="-45">down</stem>
        <lyric default-y="-80" number="1">
          <syllabic>single</syllabic>
          <text font-size="11.8">du</text>
        </lyric>
      </note>
      <note default-x="105">
        <pitch>
          <step>B</step>
          <alter>-1</alter>
          <octave>3</octave>
        </pitch>
        <duration>2</duration>
        <voice>1</voice>
        <type>quarter</type>
        <stem default-y="-50">down</stem>
        <lyric default-y="-80" number="1">
          <syllabic>begin</syllabic>
          <text font-size="11.8">Puis</text>
        </lyric>
      </note>
      <barline location="right">
        <bar-style>none</bar-style>
      </barline>
    </measure>
    <!--=======================================================-->
    <measure number="6" width="126">
      <note default-x="14">
        <pitch>
          <step>A</step>
          <octave>3</octave>
        </pitch>
        <duration>4</duration>
        <voice>1</voice>
        <type>half</type>
        <stem default-y="-55">down</stem>
        <lyric default-y="-80" number="1">
          <syllabic>end</syllabic>
          <text font-size="11.8">sant</text>
        </lyric>
      </note>
      <note default-x="62">
        <pitch>
          <step>A</step>
          <octave>3</octave>
        </pitch>
        <duration>2</duration>
        <voice>1</voice>
        <type>quarter</type>
        <stem default-y="-55">down</stem>
        <lyric default-y="-80" number="1">
          <syllabic>single</syllabic>
          <text font-size="11.8">/en</text>
        </lyric>
      </note>
      <note default-x="96">
        <pitch>
          <step>C</step>
          <octave>4</octave>
        </pitch>
        <duration>2</duration>
        <voice>1</voice>
        <type>quarter</type>
        <stem default-y="-45">down</stem>
        <lyric default-y="-80" number="1">
          <syllabic>begin</syllabic>
          <text font-size="11.8">l'õ</text>
        </lyric>
      </note>
      <barline location="right">
        <bar-style>none</bar-style>
      </barline>
    </measure>
    <!--=======================================================-->
    <measure number="7" width="139">
      <note default-x="14">
        <pitch>
          <step>B</step>
          <alter>-1</alter>
          <octave>3</octave>
        </pitch>
        <duration>2</duration>
        <voice>1</voice>
        <type>quarter</type>
        <stem default-y="-50">down</stem>
        <lyric default-y="-80" number="1">
          <syllabic>end</syllabic>
          <text font-size="11.8">bre</text>
        </lyric>
      </note>
      <note default-x="48">
        <pitch>
          <step>A</step>
          <octave>3</octave>
        </pitch>
        <duration>2</duration>
        <voice>1</voice>
        <type>quarter</type>
        <stem default-y="-55">down</stem>
        <lyric default-y="-80" number="1">
          <syllabic>single</syllabic>
          <text font-size="11.8">se</text>
        </lyric>
      </note>
      <note default-x="83">
        <pitch>
          <step>G</step>
          <octave>3</octave>
        </pitch>
        <duration>4</duration>
        <voice>1</voice>
        <type>half</type>
        <stem default-y="11">up</stem>
        <lyric default-y="-80" number="1">
          <syllabic>begin</syllabic>
          <text font-size="11.8">pla</text>
        </lyric>
      </note>
      <barline location="right">
        <bar-style>none</bar-style>
      </barline>
    </measure>
    <!--=======================================================-->
    <measure number="8" width="86">
      <note default-x="13">
        <pitch>
          <step>F</step>
          <octave>3</octave>
        </pitch>
        <duration>4</duration>
        <voice>1</voice>
        <type>half</type>
        <stem default-y="5">up</stem>
        <lyric default-y="-80" number="1">
          <syllabic>end</syllabic>
          <text font-size="11.8">ce</text>
        </lyric>
      </note>
      <note default-x="48">
        <rest/>
        <duration>4</duration>
        <voice>1</voice>
        <type>half</type>
      </note>
      <barline location="right">
        <bar-style>none</bar-style>
      </barline>
    </measure>
    <!--=======================================================-->
    <measure number="9" width="178">
      <print new-system="yes">
        <system-layout>
          <system-margins>
            <left-margin>0</left-margin>
            <right-margin>0</right-margin>
          </system-margins>
          <system-distance>86</system-distance>
        </system-layout>
      </print>
      <note default-x="74">
        <pitch>
          <step>C</step>
          <octave>4</octave>
        </pitch>
        <duration>4</duration>
        <voice>1</voice>
        <type>half</type>
        <stem default-y="-45.5">down</stem>
        <lyric default-y="-80" number="1">
          <syllabic>begin</syllabic>
          <text font-size="11.8">3.Di</text>
        </lyric>
      </note>
      <note default-x="126">
        <pitch>
          <step>A</step>
          <octave>3</octave>
        </pitch>
        <duration>4</duration>
        <voice>1</voice>
        <type>half</type>
        <stem default-y="-55.5">down</stem>
        <lyric default-y="-80" number="1">
          <syllabic>end</syllabic>
          <text font-size="11.8">re</text>
        </lyric>
      </note>
      <barline location="right">
        <bar-style>none</bar-style>
      </barline>
    </measure>
    <!--=======================================================-->
    <measure number="10" width="181">
      <note default-x="14">
        <pitch>
          <step>B</step>
          <alter>-1</alter>
          <octave>3</octave>
        </pitch>
        <duration>2</duration>
        <voice>1</voice>
        <type>quarter</type>
        <stem default-y="-50.5">down</stem>
        <lyric default-y="-80" number="1">
          <syllabic>single</syllabic>
          <text font-size="11.8">peut</text>
        </lyric>
      </note>
      <note default-x="64">
        <pitch>
          <step>C</step>
          <octave>4</octave>
        </pitch>
        <duration>2</duration>
        <voice>1</voice>
        <type>quarter</type>
        <stem default-y="-45.5">down</stem>
        <lyric default-y="-80" number="1">
          <syllabic>single</syllabic>
          <text font-size="11.8">bien,</text>
        </lyric>
      </note>
      <note default-x="114">
        <pitch>
          <step>D</step>
          <octave>4</octave>
        </pitch>
        <duration>4</duration>
        <voice>1</voice>
        <type>half</type>
        <stem default-y="-40">down</stem>
        <lyric default-y="-80" number="1">
          <syllabic>single</syllabic>
          <text font-size="11.8">/en</text>
        </lyric>
      </note>
      <barline location="right">
        <bar-style>none</bar-style>
      </barline>
    </measure>
    <!--=======================================================-->
    <measure number="11" width="160">
      <note default-x="14">
        <pitch>
          <step>D</step>
          <octave>4</octave>
        </pitch>
        <duration>4</duration>
        <voice>1</voice>
        <type>half</type>
        <stem default-y="-40">down</stem>
        <lyric default-y="-80" number="1">
          <syllabic>single</syllabic>
          <text font-size="11.8">son</text>
        </lyric>
      </note>
      <note default-x="74">
        <pitch>
          <step>C</step>
          <octave>4</octave>
        </pitch>
        <duration>2</duration>
        <voice>1</voice>
        <type>quarter</type>
        <stem default-y="-45.5">down</stem>
        <lyric default-y="-80" number="1">
          <syllabic>single</syllabic>
          <text font-size="11.8">cueur</text>
        </lyric>
      </note>
      <note default-x="122">
        <pitch>
          <step>B</step>
          <alter>-1</alter>
          <octave>3</octave>
        </pitch>
        <duration>2</duration>
        <voice>1</voice>
        <type>quarter</type>
        <stem default-y="-50.5">down</stem>
        <lyric default-y="-80" number="1">
          <syllabic>begin</syllabic>
          <text font-size="11.8">dis</text>
        </lyric>
      </note>
      <barline location="right">
        <bar-style>none</bar-style>
      </barline>
    </measure>
    <!--=======================================================-->
    <measure number="12" width="70">
      <note default-x="14">
        <pitch>
          <step>A</step>
          <octave>3</octave>
        </pitch>
        <duration>4</duration>
        <voice>1</voice>
        <type>half</type>
        <stem default-y="-55.5">down</stem>
        <lyric default-y="-80" number="1">
          <syllabic>end</syllabic>
          <text font-size="11.8">cret</text>
        </lyric>
      </note>
      <note default-x="41">
        <rest/>
        <duration>4</duration>
        <voice>1</voice>
        <type>half</type>
      </note>
      <barline location="right">
        <bar-style>none</bar-style>
      </barline>
    </measure>
    <!--=======================================================-->
    <measure number="13" width="177">
      <note default-x="14">
        <pitch>
          <step>C</step>
          <octave>4</octave>
        </pitch>
        <duration>4</duration>
        <voice>1</voice>
        <type>half</type>
        <stem default-y="-45.5">down</stem>
        <lyric default-y="-80" number="1" relative-x="11">
          <syllabic>single</syllabic>
          <text font-size="11.8">4.Dieu</text>
        </lyric>
      </note>
      <note default-x="87">
        <pitch>
          <step>C</step>
          <octave>4</octave>
        </pitch>
        <duration>2</duration>
        <voice>1</voice>
        <type>quarter</type>
        <stem default-y="-45.5">down</stem>
        <lyric default-y="-80" number="1">
          <syllabic>single</syllabic>
          <text font-size="11.8">mon</text>
        </lyric>
      </note>
      <note default-x="132">
        <pitch>
          <step>B</step>
          <alter>-1</alter>
          <octave>3</octave>
        </pitch>
        <duration>2</duration>
        <voice>1</voice>
        <type>quarter</type>
        <stem default-y="-50.5">down</stem>
        <lyric default-y="-80" number="1">
          <syllabic>begin</syllabic>
          <text font-size="11.8">es</text>
        </lyric>
      </note>
      <barline location="right">
        <bar-style>none</bar-style>
      </barline>
    </measure>
    <!--=======================================================-->
    <measure number="14" width="153">
      <note default-x="14">
        <pitch>
          <step>A</step>
          <octave>3</octave>
        </pitch>
        <duration>4</duration>
        <voice>1</voice>
        <type>half</type>
        <stem default-y="-55.5">down</stem>
        <lyric default-y="-80" number="1">
          <syllabic>end</syllabic>
          <text font-size="11.8">poir</text>
        </lyric>
      </note>
      <note default-x="75">
        <pitch>
          <step>A</step>
          <octave>3</octave>
        </pitch>
        <duration>2</duration>
        <voice>1</voice>
        <type>quarter</type>
        <stem default-y="-55.5">down</stem>
        <lyric default-y="-80" number="1">
          <syllabic>single</syllabic>
          <text font-size="11.8">/est</text>
        </lyric>
      </note>
      <note default-x="115">
        <pitch>
          <step>C</step>
          <octave>4</octave>
        </pitch>
        <duration>2</duration>
        <voice>1</voice>
        <type>quarter</type>
        <stem default-y="-45.5">down</stem>
        <lyric default-y="-80" number="1">
          <syllabic>single</syllabic>
          <text font-size="11.8">ma</text>
        </lyric>
      </note>
      <barline location="right">
        <bar-style>none</bar-style>
      </barline>
    </measure>
    <!--=======================================================-->
    <measure number="15" width="135">
      <note default-x="14">
        <pitch>
          <step>B</step>
          <alter>-1</alter>
          <octave>3</octave>
        </pitch>
        <duration>2</duration>
        <voice>1</voice>
        <type>quarter</type>
        <stem default-y="-50.5">down</stem>
        <lyric default-y="-80" number="1">
          <syllabic>begin</syllabic>
          <text font-size="11.8">for</text>
        </lyric>
      </note>
      <note default-x="47">
        <pitch>
          <step>A</step>
          <octave>3</octave>
        </pitch>
        <duration>2</duration>
        <voice>1</voice>
        <type>quarter</type>
        <stem default-y="-55.5">down</stem>
        <lyric default-y="-80" number="1">
          <syllabic>end</syllabic>
          <text font-size="11.8">te</text>
        </lyric>
      </note>
      <note default-x="81">
        <pitch>
          <step>G</step>
          <octave>3</octave>
        </pitch>
        <duration>4</duration>
        <voice>1</voice>
        <type>half</type>
        <stem default-y="10.5">up</stem>
        <lyric default-y="-80" number="1">
          <syllabic>begin</syllabic>
          <text font-size="11.8">pla</text>
        </lyric>
      </note>
      <barline location="right">
        <bar-style>none</bar-style>
      </barline>
    </measure>
    <!--=======================================================-->
    <measure number="16" width="71">
      <note default-x="13">
        <pitch>
          <step>F</step>
          <octave>3</octave>
        </pitch>
        <duration>4</duration>
        <voice>1</voice>
        <type>half</type>
        <stem default-y="5.5">up</stem>
        <lyric default-y="-80" number="1">
          <syllabic>end</syllabic>
          <text font-size="11.8">ce</text>
        </lyric>
      </note>
      <note default-x="41">
        <rest/>
        <duration>4</duration>
        <voice>1</voice>
        <type>half</type>
      </note>
      <barline location="right">
        <bar-style>none</bar-style>
      </barline>
    </measure>
    <!--=======================================================-->
    <measure number="17" width="181">
      <print new-system="yes">
        <system-layout>
          <system-distance>86</system-distance>
        </system-layout>
      </print>
      <note default-x="73">
        <pitch>
          <step>F</step>
          <octave>3</octave>
        </pitch>
        <duration>4</duration>
        <voice>1</voice>
        <type>half</type>
        <stem default-y="5.5">up</stem>
        <lyric default-y="-80" number="1" relative-x="5">
          <syllabic>single</syllabic>
          <text font-size="11.8">5.Car</text>
        </lyric>
      </note>
      <note default-x="127">
        <pitch>
          <step>A</step>
          <octave>3</octave>
        </pitch>
        <duration>4</duration>
        <voice>1</voice>
        <type>half</type>
        <stem default-y="-55">down</stem>
        <lyric default-y="-80" number="1">
          <syllabic>begin</syllabic>
          <text font-size="11.8">ce</text>
        </lyric>
      </note>
      <barline location="right">
        <bar-style>none</bar-style>
      </barline>
    </measure>
    <!--=======================================================-->
    <measure number="18" width="157">
      <note default-x="14">
        <pitch>
          <step>A</step>
          <octave>3</octave>
        </pitch>
        <duration>2</duration>
        <voice>1</voice>
        <type>quarter</type>
        <stem default-y="-55">down</stem>
        <lyric default-y="-80" number="1">
          <syllabic>middle</syllabic>
          <text font-size="11.8">lu</text>
        </lyric>
      </note>
      <note default-x="53">
        <pitch>
          <step>B</step>
          <alter>-1</alter>
          <octave>3</octave>
        </pitch>
        <duration>2</duration>
        <voice>1</voice>
        <type>quarter</type>
        <stem default-y="-50">down</stem>
        <lyric default-y="-80" number="1">
          <syllabic>end</syllabic>
          <text font-size="11.8">i</text>
        </lyric>
      </note>
      <note default-x="93">
        <pitch>
          <step>C</step>
          <octave>4</octave>
        </pitch>
        <duration>4</duration>
        <voice>1</voice>
        <type>half</type>
        <stem default-y="-45">down</stem>
        <lyric default-y="-80" number="1">
          <syllabic>begin</syllabic>
          <text font-size="11.8">/gar</text>
        </lyric>
      </note>
      <barline location="right">
        <bar-style>none</bar-style>
      </barline>
    </measure>
    <!--=======================================================-->
    <measure number="19" width="130">
      <note default-x="14">
        <pitch>
          <step>A</step>
          <octave>3</octave>
        </pitch>
        <duration>4</duration>
        <voice>1</voice>
        <type>half</type>
        <stem default-y="-55">down</stem>
        <lyric default-y="-80" number="1">
          <syllabic>middle</syllabic>
          <text font-size="11.8">de</text>
        </lyric>
      </note>
      <note default-x="65">
        <pitch>
          <step>D</step>
          <octave>4</octave>
        </pitch>
        <duration>2</duration>
        <voice>1</voice>
        <type>quarter</type>
        <stem default-y="-40">down</stem>
        <lyric default-y="-80" number="1">
          <syllabic>end</syllabic>
          <text font-size="11.8">ra</text>
        </lyric>
      </note>
      <note default-x="98">
        <pitch>
          <step>D</step>
          <octave>4</octave>
        </pitch>
        <duration>2</duration>
        <voice>1</voice>
        <type>quarter</type>
        <stem default-y="-40">down</stem>
        <lyric default-y="-80" number="1">
          <syllabic>single</syllabic>
          <text font-size="11.8">tes</text>
        </lyric>
      </note>
      <barline location="right">
        <bar-style>none</bar-style>
      </barline>
    </measure>
    <!--=======================================================-->
    <measure number="20" width="153">
      <note default-x="14">
        <pitch>
          <step>C</step>
          <octave>4</octave>
        </pitch>
        <duration>4</duration>
        <voice>1</voice>
        <type>half</type>
        <stem default-y="-45">down</stem>
        <lyric default-y="-80" number="1">
          <syllabic>single</syllabic>
          <text font-size="11.8">pas</text>
        </lyric>
      </note>
      <note default-x="82">
        <rest/>
        <duration>4</duration>
        <voice>1</voice>
        <type>half</type>
      </note>
      <barline location="right">
        <bar-style>none</bar-style>
      </barline>
    </measure>
    <!--=======================================================-->
    <measure number="21" width="117">
      <note default-x="14">
        <pitch>
          <step>F</step>
          <octave>3</octave>
        </pitch>
        <duration>4</duration>
        <voice>1</voice>
        <type>half</type>
        <stem default-y="5.5">up</stem>
        <lyric default-y="-80" number="1" relative-x="6">
          <syllabic>single</syllabic>
          <text font-size="11.8">6.Des</text>
        </lyric>
      </note>
      <note default-x="73">
        <pitch>
          <step>A</step>
          <octave>3</octave>
        </pitch>
        <duration>4</duration>
        <voice>1</voice>
        <type>half</type>
        <stem default-y="-55">down</stem>
        <lyric default-y="-80" number="1">
          <syllabic>single</syllabic>
          <text font-size="11.8">rets</text>
        </lyric>
      </note>
      <barline location="right">
        <bar-style>none</bar-style>
      </barline>
    </measure>
    <!--=======================================================-->
    <measure number="22" width="155">
      <note default-x="14">
        <pitch>
          <step>A</step>
          <octave>3</octave>
        </pitch>
        <duration>2</duration>
        <voice>1</voice>
        <type>quarter</type>
        <stem default-y="-55">down</stem>
        <lyric default-y="-80" number="1">
          <syllabic>single</syllabic>
          <text font-size="11.8">de</text>
        </lyric>
      </note>
      <note default-x="64">
        <pitch>
          <step>B</step>
          <alter>-1</alter>
          <octave>3</octave>
        </pitch>
        <duration>2</duration>
        <voice>1</voice>
        <type>quarter</type>
        <stem default-y="-50">down</stem>
        <lyric default-y="-80" number="1">
          <syllabic>single</syllabic>
          <text font-size="11.8">chasse</text>
        </lyric>
      </note>
      <note default-x="116">
        <pitch>
          <step>C</step>
          <octave>4</octave>
        </pitch>
        <duration>4</duration>
        <voice>1</voice>
        <type>half</type>
        <stem default-y="-45">down</stem>
        <lyric default-y="-80" number="1">
          <syllabic>single</syllabic>
          <text font-size="11.8">/&amp;</text>
        </lyric>
      </note>
      <barline location="right">
        <bar-style>none</bar-style>
      </barline>
    </measure>
    <!--=======================================================-->
    <measure number="23" width="160">
      <note default-x="14">
        <pitch>
          <step>A</step>
          <octave>3</octave>
        </pitch>
        <duration>4</duration>
        <voice>1</voice>
        <type>half</type>
        <stem default-y="-55">down</stem>
        <lyric default-y="-80" number="1">
          <syllabic>begin</syllabic>
          <text font-size="11.8">pes</text>
        </lyric>
      </note>
      <note default-x="77">
        <pitch>
          <step>D</step>
          <octave>4</octave>
        </pitch>
        <duration>2</duration>
        <voice>1</voice>
        <type>quarter</type>
        <stem default-y="-40">down</stem>
        <lyric default-y="-80" number="1">
          <syllabic>end</syllabic>
          <text font-size="11.8">teus</text>
        </lyric>
      </note>
      <note default-x="121">
        <pitch>
          <step>D</step>
          <octave>4</octave>
        </pitch>
        <duration>2</duration>
        <voice>1</voice>
        <type>quarter</type>
        <stem default-y="-40">down</stem>
        <lyric default-y="-80" number="1">
          <syllabic>begin</syllabic>
          <text font-size="11.8">tres</text>
        </lyric>
      </note>
      <barline location="right">
        <bar-style>none</bar-style>
      </barline>
    </measure>
    <!--=======================================================-->
    <measure number="24" width="72">
      <note default-x="14">
        <pitch>
          <step>C</step>
          <octave>4</octave>
        </pitch>
        <duration>4</duration>
        <voice>1</voice>
        <type>half</type>
        <stem default-y="-45">down</stem>
        <lyric default-y="-80" number="1">
          <syllabic>end</syllabic>
          <text font-size="11.8">pas</text>
        </lyric>
      </note>
      <note default-x="41">
        <rest/>
        <duration>4</duration>
        <voice>1</voice>
        <type>half</type>
      </note>
      <barline location="right">
        <bar-style>none</bar-style>
      </barline>
    </measure>
    <!--=======================================================-->
    <measure number="25" width="209">
      <print new-system="yes"/>
      <note default-x="74">
        <pitch>
          <step>F</step>
          <octave>4</octave>
        </pitch>
        <duration>4</duration>
        <voice>1</voice>
        <type>half</type>
        <stem default-y="-30">down</stem>
        <lyric default-y="-80" number="1">
          <syllabic>begin</syllabic>
          <text font-size="11.8">7.Es</text>
        </lyric>
      </note>
      <note default-x="129">
        <pitch>
          <step>F</step>
          <octave>4</octave>
        </pitch>
        <duration>2</duration>
        <voice>1</voice>
        <type>quarter</type>
        <stem default-y="-30">down</stem>
        <lyric default-y="-80" number="1">
          <syllabic>end</syllabic>
          <text font-size="11.8">ten</text>
        </lyric>
      </note>
      <note default-x="172">
        <pitch>
          <step>E</step>
          <octave>4</octave>
        </pitch>
        <duration>2</duration>
        <voice>1</voice>
        <type>quarter</type>
        <stem default-y="-35">down</stem>
        <lyric default-y="-80" number="1">
          <syllabic>single</syllabic>
          <text font-size="11.8">dant</text>
        </lyric>
      </note>
      <barline location="right">
        <bar-style>none</bar-style>
      </barline>
    </measure>
    <!--=======================================================-->
    <measure number="26" width="98">
      <note default-x="14">
        <pitch>
          <step>D</step>
          <octave>4</octave>
        </pitch>
        <duration>4</duration>
        <voice>1</voice>
        <type>half</type>
        <stem default-y="-40">down</stem>
        <lyric default-y="-80" number="1">
          <syllabic>single</syllabic>
          <text font-size="11.8">l'aile</text>
        </lyric>
      </note>
      <note default-x="56">
        <pitch>
          <step>C</step>
          <octave>4</octave>
        </pitch>
        <duration>4</duration>
        <voice>1</voice>
        <type>half</type>
        <stem default-y="-45">down</stem>
        <lyric default-y="-80" number="1">
          <syllabic>single</syllabic>
          <text font-size="11.8">à</text>
        </lyric>
      </note>
      <barline location="right">
        <bar-style>none</bar-style>
      </barline>
    </measure>
    <!--=======================================================-->
    <measure number="27" width="178">
      <note default-x="14">
        <pitch>
          <step>C</step>
          <octave>4</octave>
        </pitch>
        <duration>2</duration>
        <voice>1</voice>
        <type>quarter</type>
        <stem default-y="-45">down</stem>
        <lyric default-y="-80" number="1">
          <syllabic>single</syllabic>
          <text font-size="11.8">toi</text>
        </lyric>
      </note>
      <note default-x="53">
        <pitch>
          <step>B</step>
          <alter>-1</alter>
          <octave>3</octave>
        </pitch>
        <duration>2</duration>
        <voice>1</voice>
        <type>quarter</type>
        <stem default-y="-50">down</stem>
        <lyric default-y="-80" number="1">
          <syllabic>single</syllabic>
          <text font-size="11.8">qui</text>
        </lyric>
      </note>
      <note default-x="94">
        <pitch>
          <step>A</step>
          <octave>3</octave>
        </pitch>
        <duration>2</duration>
        <voice>1</voice>
        <type>quarter</type>
        <stem default-y="-55.5">down</stem>
        <lyric default-y="-80" number="1">
          <syllabic>begin</syllabic>
          <text font-size="11.8">cou</text>
        </lyric>
      </note>
      <note default-x="139">
        <pitch>
          <step>A</step>
          <octave>3</octave>
        </pitch>
        <duration>2</duration>
        <voice>1</voice>
        <type>quarter</type>
        <stem default-y="-55.5">down</stem>
        <lyric default-y="-80" number="1">
          <syllabic>end</syllabic>
          <text font-size="11.8">vert</text>
        </lyric>
      </note>
      <barline location="right">
        <bar-style>none</bar-style>
      </barline>
    </measure>
    <!--=======================================================-->
    <measure number="28" width="92">
      <note default-x="13">
        <pitch>
          <step>G</step>
          <octave>3</octave>
        </pitch>
        <duration>4</duration>
        <voice>1</voice>
        <type>half</type>
        <stem default-y="10.5">up</stem>
        <lyric default-y="-80" number="1">
          <syllabic>begin</syllabic>
          <text font-size="11.8">d'el</text>
        </lyric>
      </note>
      <note default-x="52">
        <pitch>
          <step>F</step>
          <octave>3</octave>
        </pitch>
        <duration>4</duration>
        <voice>1</voice>
        <type>half</type>
        <stem default-y="5.5">up</stem>
        <lyric default-y="-80" number="1">
          <syllabic>end</syllabic>
          <text font-size="11.8">le</text>
        </lyric>
      </note>
      <barline location="right">
        <bar-style>none</bar-style>
      </barline>
    </measure>
    <!--=======================================================-->
    <measure number="29" width="78">
      <note default-x="13">
        <rest/>
        <duration>4</duration>
        <voice>1</voice>
        <type>half</type>
      </note>
      <note default-x="39">
        <pitch>
          <step>A</step>
          <octave>3</octave>
        </pitch>
        <duration>4</duration>
        <voice>1</voice>
        <type>half</type>
        <stem default-y="-55.5">down</stem>
        <lyric default-y="-80" number="1">
          <syllabic>single</syllabic>
          <text font-size="11.8">8.Sa</text>
        </lyric>
      </note>
      <barline location="right">
        <bar-style>none</bar-style>
      </barline>
    </measure>
    <!--=======================================================-->
    <measure number="30" width="110">
      <note default-x="14">
        <pitch>
          <step>A</step>
          <octave>3</octave>
        </pitch>
        <duration>2</duration>
        <voice>1</voice>
        <type>quarter</type>
        <stem default-y="-55.5">down</stem>
        <lyric default-y="-80" number="1">
          <syllabic>begin</syllabic>
          <text font-size="11.8">ve</text>
        </lyric>
      </note>
      <note default-x="44">
        <pitch>
          <step>G</step>
          <octave>3</octave>
        </pitch>
        <duration>2</duration>
        <voice>1</voice>
        <type>quarter</type>
        <stem default-y="10.5">up</stem>
        <lyric default-y="-80" number="1">
          <syllabic>middle</syllabic>
          <text font-size="11.8">ri</text>
        </lyric>
      </note>
      <note default-x="73">
        <pitch>
          <step>A</step>
          <octave>3</octave>
        </pitch>
        <duration>4</duration>
        <voice>1</voice>
        <type>half</type>
        <stem default-y="-55.5">down</stem>
        <lyric default-y="-80" number="1">
          <syllabic>end</syllabic>
          <text font-size="11.8">té</text>
        </lyric>
      </note>
      <barline location="right">
        <bar-style>none</bar-style>
      </barline>
    </measure>
    <!--=======================================================-->
    <measure number="31" width="140">
      <note default-x="14">
        <pitch>
          <step>B</step>
          <alter>-1</alter>
          <octave>3</octave>
        </pitch>
        <duration>4</duration>
        <voice>1</voice>
        <type>half</type>
        <stem default-y="-50">down</stem>
        <lyric default-y="-80" number="1">
          <syllabic>begin</syllabic>
          <text font-size="11.8">re</text>
        </lyric>
      </note>
      <note default-x="67">
        <pitch>
          <step>A</step>
          <octave>3</octave>
        </pitch>
        <duration>2</duration>
        <voice>1</voice>
        <type>quarter</type>
        <stem default-y="-55.5">down</stem>
        <lyric default-y="-80" number="1">
          <syllabic>middle</syllabic>
          <text font-size="11.8">ce</text>
        </lyric>
      </note>
      <note default-x="105">
        <pitch>
          <step>A</step>
          <octave>3</octave>
        </pitch>
        <duration>2</duration>
        <voice>1</voice>
        <type>quarter</type>
        <stem default-y="-55.5">down</stem>
        <lyric default-y="-80" number="1">
          <syllabic>end</syllabic>
          <text font-size="11.8">vras</text>
        </lyric>
      </note>
      <barline location="right">
        <bar-style>none</bar-style>
      </barline>
    </measure>
    <!--=======================================================-->
    <measure number="32" width="153">
      <note default-x="13">
        <pitch>
          <step>G</step>
          <octave>3</octave>
        </pitch>
        <duration>2</duration>
        <voice>1</voice>
        <type>quarter</type>
        <stem default-y="10.5">up</stem>
        <lyric default-y="-80" number="1" relative-x="5">
          <syllabic>single</syllabic>
          <text font-size="11.8">/pour</text>
        </lyric>
      </note>
      <note default-x="69">
        <pitch>
          <step>F</step>
          <octave>3</octave>
        </pitch>
        <duration>2</duration>
        <voice>1</voice>
        <type>quarter</type>
        <stem default-y="5.5">up</stem>
        <lyric default-y="-80" number="1">
          <syllabic>begin</syllabic>
          <text font-size="11.8">ron</text>
        </lyric>
      </note>
      <note default-x="108">
        <pitch>
          <step>E</step>
          <octave>3</octave>
        </pitch>
        <duration>4</duration>
        <voice>1</voice>
        <type>half</type>
        <stem default-y="0.5">up</stem>
        <lyric default-y="-80" number="1">
          <syllabic>middle</syllabic>
          <text font-size="11.8">del</text>
        </lyric>
      </note>
      <barline location="right">
        <bar-style>none</bar-style>
      </barline>
    </measure>
    <!--=======================================================-->
    <measure number="33" width="68">
      <note default-x="13">
        <pitch>
          <step>F</step>
          <octave>3</octave>
        </pitch>
        <duration>8</duration>
        <voice>1</voice>
        <type>whole</type>
        <lyric default-y="-80" number="1">
          <syllabic>end</syllabic>
          <text font-size="11.8">le.</text>
        </lyric>
      </note>
      <barline location="right">
        <bar-style>light-heavy</bar-style>
      </barline>
    </measure>
  </part>
  <!--=========================================================-->
</score-partwise>
