<?xml version="1.0" encoding="UTF-8"?>
<!DOCTYPE score-partwise PUBLIC "-//Recordare//DTD MusicXML 2.0 Partwise//EN"
                                "http://www.musicxml.org/dtds/partwise.dtd">
<score-partwise version="2.0">
  <movement-title>Psalme CXVII</movement-title>
  <identification>
    <encoding>
      <software>Finale 2011 for Windows</software>
      <software>Dolet Light for Finale 2011</software>
      <encoding-date>2013-04-08</encoding-date>
      <supports attribute="new-system" element="print" type="yes" value="yes"/>
      <supports attribute="new-page" element="print" type="yes" value="yes"/>
    </encoding>
  </identification>
  <defaults>
    <scaling>
      <millimeters>7.112</millimeters>
      <tenths>40</tenths>
    </scaling>
    <page-layout>
      <page-height>1671</page-height>
      <page-width>1181</page-width>
      <page-margins type="both">
        <left-margin>28</left-margin>
        <right-margin>28</right-margin>
        <top-margin>28</top-margin>
        <bottom-margin>28</bottom-margin>
      </page-margins>
    </page-layout>
    <system-layout>
      <system-margins>
        <left-margin>0</left-margin>
        <right-margin>0</right-margin>
      </system-margins>
      <system-distance>93</system-distance>
      <top-system-distance>52</top-system-distance>
    </system-layout>
    <appearance>
      <line-width type="stem">0.7487</line-width>
      <line-width type="beam">5</line-width>
      <line-width type="staff">0.7487</line-width>
      <line-width type="light barline">0.7487</line-width>
      <line-width type="heavy barline">5</line-width>
      <line-width type="leger">0.7487</line-width>
      <line-width type="ending">1.4583</line-width>
      <line-width type="wedge">1.4583</line-width>
      <line-width type="enclosure">0.7487</line-width>
      <line-width type="tuplet bracket">0.7487</line-width>
      <note-size type="grace">60</note-size>
      <note-size type="cue">60</note-size>
    </appearance>
    <music-font font-family="Maestro" font-size="20.2"/>
    <word-font font-family="Times New Roman" font-size="10.1"/>
    <lyric-font font-family="Times New Roman" font-size="10.1" name="verse"/>
  </defaults>
  <credit page="1">
    <credit-words default-x="514" default-y="1549" font-size="15.1" valign="top">Psalme CXVII</credit-words>
  </credit>
  <part-list>
    <score-part id="P1">
      <part-name print-object="no">MusicXML Part</part-name>
      <score-instrument id="P1-I2">
        <instrument-name>SmartMusic SoftSynth</instrument-name>
      </score-instrument>
      <midi-instrument id="P1-I2">
        <midi-channel>1</midi-channel>
        <midi-program>55</midi-program>
        <volume>80</volume>
        <pan>0</pan>
      </midi-instrument>
    </score-part>
  </part-list>
  <!--=========================================================-->
  <part id="P1">
    <measure number="1" width="243">
      <print>
        <system-layout>
          <system-margins>
            <left-margin>72</left-margin>
            <right-margin>0</right-margin>
          </system-margins>
          <top-system-distance>176</top-system-distance>
        </system-layout>
        <measure-numbering>system</measure-numbering>
      </print>
      <attributes>
        <divisions>2</divisions>
        <key>
          <fifths>0</fifths>
          <mode>major</mode>
        </key>
        <time symbol="cut">
          <beats>2</beats>
          <beat-type>2</beat-type>
        </time>
        <clef>
          <sign>C</sign>
          <line>3</line>
        </clef>
      </attributes>
      <sound tempo="120"/>
      <note default-x="82">
        <pitch>
          <step>G</step>
          <octave>4</octave>
        </pitch>
        <duration>4</duration>
        <voice>1</voice>
        <type>half</type>
        <stem default-y="-35.5">down</stem>
        <lyric default-y="-80" number="1" relative-x="10">
          <syllabic>single</syllabic>
          <text font-size="11.8">1.Vous</text>
        </lyric>
      </note>
      <note default-x="154">
        <pitch>
          <step>C</step>
          <octave>4</octave>
        </pitch>
        <duration>2</duration>
        <voice>1</voice>
        <type>quarter</type>
        <stem default-y="-55">down</stem>
        <lyric default-y="-80" number="1">
          <syllabic>begin</syllabic>
          <text font-size="11.8">tou</text>
        </lyric>
      </note>
      <note default-x="199">
        <pitch>
          <step>E</step>
          <octave>4</octave>
        </pitch>
        <duration>2</duration>
        <voice>1</voice>
        <type>quarter</type>
        <stem default-y="-45">down</stem>
        <lyric default-y="-80" number="1">
          <syllabic>end</syllabic>
          <text font-size="11.8">tes</text>
        </lyric>
      </note>
      <barline location="right">
        <bar-style>none</bar-style>
      </barline>
    </measure>
    <!--=======================================================-->
    <measure number="2" width="122">
      <note default-x="14">
        <pitch>
          <step>D</step>
          <octave>4</octave>
        </pitch>
        <duration>4</duration>
        <voice>1</voice>
        <type>half</type>
        <stem default-y="-50">down</stem>
        <lyric default-y="-80" number="1">
          <syllabic>begin</syllabic>
          <text font-size="11.8">ra</text>
        </lyric>
      </note>
      <note default-x="68">
        <pitch>
          <step>C</step>
          <octave>4</octave>
        </pitch>
        <duration>4</duration>
        <voice>1</voice>
        <type>half</type>
        <stem default-y="-55">down</stem>
        <lyric default-y="-80" number="1">
          <syllabic>end</syllabic>
          <text font-size="11.8">ces,</text>
        </lyric>
      </note>
      <barline location="right">
        <bar-style>none</bar-style>
      </barline>
    </measure>
    <!--=======================================================-->
    <measure number="3" width="117">
      <note default-x="13">
        <rest/>
        <duration>4</duration>
        <voice>1</voice>
        <type>half</type>
      </note>
      <note default-x="66">
        <pitch>
          <step>C</step>
          <octave>4</octave>
        </pitch>
        <duration>4</duration>
        <voice>1</voice>
        <type>half</type>
        <stem default-y="-55">down</stem>
        <lyric default-y="-80" number="1">
          <syllabic>single</syllabic>
          <text font-size="11.8">2.Et</text>
        </lyric>
      </note>
      <barline location="right">
        <bar-style>none</bar-style>
      </barline>
    </measure>
    <!--=======================================================-->
    <measure number="4" width="189">
      <note default-x="14">
        <pitch>
          <step>C</step>
          <octave>4</octave>
        </pitch>
        <duration>2</duration>
        <voice>1</voice>
        <type>quarter</type>
        <stem default-y="-55">down</stem>
        <lyric default-y="-80" number="1">
          <syllabic>begin</syllabic>
          <text font-size="11.8">peu</text>
        </lyric>
      </note>
      <note default-x="62">
        <pitch>
          <step>B</step>
          <octave>3</octave>
        </pitch>
        <duration>2</duration>
        <voice>1</voice>
        <type>quarter</type>
        <stem default-y="11">up</stem>
        <lyric default-y="-80" number="1">
          <syllabic>end</syllabic>
          <text font-size="11.8">ples</text>
        </lyric>
      </note>
      <note default-x="110">
        <pitch>
          <step>C</step>
          <octave>4</octave>
        </pitch>
        <duration>4</duration>
        <voice>1</voice>
        <type>half</type>
        <stem default-y="-55">down</stem>
        <lyric default-y="-80" number="1">
          <syllabic>single</syllabic>
          <text font-size="11.8">tous</text>
        </lyric>
      </note>
      <barline location="right">
        <bar-style>none</bar-style>
      </barline>
    </measure>
    <!--=======================================================-->
    <measure number="5" width="205">
      <note default-x="13">
        <pitch>
          <step>G</step>
          <octave>3</octave>
        </pitch>
        <duration>4</duration>
        <voice>1</voice>
        <type>half</type>
        <stem default-y="0">up</stem>
        <lyric default-y="-80" number="1">
          <syllabic>single</syllabic>
          <text font-size="11.8">de</text>
        </lyric>
      </note>
      <note default-x="99">
        <pitch>
          <step>C</step>
          <octave>4</octave>
        </pitch>
        <duration>2</duration>
        <voice>1</voice>
        <type>quarter</type>
        <stem default-y="-55">down</stem>
        <lyric default-y="-80" number="1">
          <syllabic>single</syllabic>
          <text font-size="11.8">ce</text>
        </lyric>
      </note>
      <note default-x="152">
        <pitch>
          <step>D</step>
          <octave>4</octave>
        </pitch>
        <duration>2</duration>
        <voice>1</voice>
        <type>quarter</type>
        <stem default-y="-50">down</stem>
        <lyric default-y="-80" number="1">
          <syllabic>single</syllabic>
          <text font-size="11.8">rond</text>
        </lyric>
      </note>
      <barline location="right">
        <bar-style>none</bar-style>
      </barline>
    </measure>
    <!--=======================================================-->
    <measure number="6" width="178">
      <note default-x="14">
        <pitch>
          <step>E</step>
          <octave>4</octave>
        </pitch>
        <duration>2</duration>
        <voice>1</voice>
        <type>quarter</type>
        <stem default-y="-45">down</stem>
        <lyric default-y="-80" number="1">
          <syllabic>begin</syllabic>
          <text font-size="11.8">u</text>
        </lyric>
      </note>
      <note default-x="59">
        <pitch>
          <step>F</step>
          <octave>4</octave>
        </pitch>
        <duration>2</duration>
        <voice>1</voice>
        <type>quarter</type>
        <stem default-y="-40">down</stem>
        <lyric default-y="-80" number="1">
          <syllabic>middle</syllabic>
          <text font-size="11.8">ni</text>
        </lyric>
      </note>
      <note default-x="104">
        <pitch>
          <step>G</step>
          <octave>4</octave>
        </pitch>
        <duration>4</duration>
        <voice>1</voice>
        <type>half</type>
        <stem default-y="-35.5">down</stem>
        <lyric default-y="-80" number="1">
          <syllabic>end</syllabic>
          <text font-size="11.8">vers,</text>
        </lyric>
      </note>
      <barline location="right">
        <bar-style>none</bar-style>
      </barline>
    </measure>
    <!--=======================================================-->
    <measure number="7" width="168">
      <print new-system="yes">
        <system-layout>
          <system-distance>86</system-distance>
        </system-layout>
      </print>
      <note default-x="49">
        <rest/>
        <duration>4</duration>
        <voice>1</voice>
        <type>half</type>
      </note>
      <note default-x="109">
        <pitch>
          <step>E</step>
          <octave>4</octave>
        </pitch>
        <duration>4</duration>
        <voice>1</voice>
        <type>half</type>
        <stem default-y="-45.5">down</stem>
        <lyric default-y="-80" number="1">
          <syllabic>begin</syllabic>
          <text font-size="11.8">3.Ran</text>
        </lyric>
      </note>
      <barline location="right">
        <bar-style>none</bar-style>
      </barline>
    </measure>
    <!--=======================================================-->
    <measure number="8" width="196">
      <note default-x="14">
        <pitch>
          <step>C</step>
          <octave>4</octave>
        </pitch>
        <duration>4</duration>
        <voice>1</voice>
        <type>half</type>
        <stem default-y="-55.5">down</stem>
        <lyric default-y="-80" number="1">
          <syllabic>end</syllabic>
          <text font-size="11.8">dez</text>
        </lyric>
      </note>
      <note default-x="95">
        <pitch>
          <step>D</step>
          <octave>4</octave>
        </pitch>
        <duration>2</duration>
        <voice>1</voice>
        <type>quarter</type>
        <stem default-y="-50.5">down</stem>
        <lyric default-y="-80" number="1">
          <syllabic>single</syllabic>
          <text font-size="11.8">à</text>
        </lyric>
      </note>
      <note default-x="145">
        <pitch>
          <step>D</step>
          <octave>4</octave>
        </pitch>
        <duration>2</duration>
        <voice>1</voice>
        <type>quarter</type>
        <stem default-y="-50.5">down</stem>
        <lyric default-y="-80" number="1">
          <syllabic>single</syllabic>
          <text font-size="11.8">DIEU</text>
        </lyric>
      </note>
      <barline location="right">
        <bar-style>none</bar-style>
      </barline>
    </measure>
    <!--=======================================================-->
    <measure number="9" width="177">
      <note default-x="14">
        <pitch>
          <step>E</step>
          <octave>4</octave>
        </pitch>
        <duration>4</duration>
        <voice>1</voice>
        <type>half</type>
        <stem default-y="-45.5">down</stem>
        <lyric default-y="-80" number="1" relative-x="6">
          <syllabic>single</syllabic>
          <text font-size="11.8">gloire</text>
        </lyric>
      </note>
      <note default-x="87">
        <pitch>
          <step>G</step>
          <octave>4</octave>
        </pitch>
        <duration>2</duration>
        <voice>1</voice>
        <type>quarter</type>
        <stem default-y="-35">down</stem>
        <lyric default-y="-80" number="1">
          <syllabic>single</syllabic>
          <text font-size="11.8">&amp;</text>
        </lyric>
      </note>
      <note default-x="132">
        <pitch>
          <step>E</step>
          <octave>4</octave>
        </pitch>
        <duration>2</duration>
        <voice>1</voice>
        <type>quarter</type>
        <stem default-y="-45.5">down</stem>
        <lyric default-y="-80" number="1">
          <syllabic>begin</syllabic>
          <text font-size="11.8">hon</text>
        </lyric>
      </note>
      <barline location="right">
        <bar-style>none</bar-style>
      </barline>
    </measure>
    <!--=======================================================-->
    <measure number="10" width="117">
      <note default-x="14">
        <pitch>
          <step>F</step>
          <octave>4</octave>
        </pitch>
        <duration>4</duration>
        <voice>1</voice>
        <type>half</type>
        <stem default-y="-40">down</stem>
        <lyric default-y="-80" number="1">
          <syllabic>end</syllabic>
          <text font-size="11.8">neur</text>
        </lyric>
      </note>
      <note default-x="66">
        <pitch>
          <step>E</step>
          <octave>4</octave>
        </pitch>
        <duration>4</duration>
        <voice>1</voice>
        <type>half</type>
        <stem default-y="-45.5">down</stem>
        <lyric default-y="-80" number="1">
          <syllabic>begin</syllabic>
          <text font-size="11.8">di</text>
        </lyric>
      </note>
      <barline location="right">
        <bar-style>none</bar-style>
      </barline>
    </measure>
    <!--=======================================================-->
    <measure number="11" width="93">
      <note default-x="14">
        <pitch>
          <step>D</step>
          <octave>4</octave>
        </pitch>
        <duration>4</duration>
        <voice>1</voice>
        <type>half</type>
        <stem default-y="-50.5">down</stem>
        <lyric default-y="-80" number="1">
          <syllabic>end</syllabic>
          <text font-size="11.8">vers</text>
        </lyric>
      </note>
      <note default-x="52">
        <rest/>
        <duration>4</duration>
        <voice>1</voice>
        <type>half</type>
      </note>
      <barline location="right">
        <bar-style>none</bar-style>
      </barline>
    </measure>
    <!--=======================================================-->
    <measure number="12" width="198">
      <note default-x="14">
        <pitch>
          <step>D</step>
          <octave>4</octave>
        </pitch>
        <duration>4</duration>
        <voice>1</voice>
        <type>half</type>
        <stem default-y="-50.5">down</stem>
        <lyric default-y="-80" number="1" relative-x="7">
          <syllabic>begin</syllabic>
          <text font-size="11.8">4.Lou</text>
        </lyric>
      </note>
      <note default-x="96">
        <pitch>
          <step>B</step>
          <octave>3</octave>
        </pitch>
        <duration>2</duration>
        <voice>1</voice>
        <type>quarter</type>
        <stem default-y="10.5">up</stem>
        <lyric default-y="-80" number="1">
          <syllabic>end</syllabic>
          <text font-size="11.8">ans</text>
        </lyric>
      </note>
      <note default-x="147">
        <pitch>
          <step>G</step>
          <octave>3</octave>
        </pitch>
        <duration>2</duration>
        <voice>1</voice>
        <type>quarter</type>
        <stem default-y="1">up</stem>
        <lyric default-y="-80" number="1">
          <syllabic>single</syllabic>
          <text font-size="11.8">ses</text>
        </lyric>
      </note>
      <barline location="right">
        <bar-style>none</bar-style>
      </barline>
    </measure>
    <!--=======================================================-->
    <measure number="13" width="67">
      <note default-x="13">
        <pitch>
          <step>A</step>
          <octave>3</octave>
        </pitch>
        <duration>4</duration>
        <voice>1</voice>
        <type>half</type>
        <stem default-y="5.5">up</stem>
        <lyric default-y="-80" number="1">
          <syllabic>begin</syllabic>
          <text font-size="11.8">gra</text>
        </lyric>
      </note>
      <forward>
        <duration>4</duration>
        <voice>1</voice>
      </forward>
      <barline location="right">
        <bar-style>none</bar-style>
      </barline>
    </measure>
    <!--=======================================================-->
    <measure number="14" width="110">
      <note default-x="13">
        <pitch>
          <step>G</step>
          <octave>3</octave>
        </pitch>
        <duration>8</duration>
        <voice>1</voice>
        <type>whole</type>
        <lyric default-y="-80" number="1">
          <syllabic>end</syllabic>
          <text font-size="11.8">ces.</text>
        </lyric>
      </note>
      <barline location="right">
        <bar-style>light-heavy</bar-style>
      </barline>
    </measure>
  </part>
  <!--=========================================================-->
</score-partwise>
