<?xml version="1.0" encoding="UTF-8"?>
<!DOCTYPE score-partwise PUBLIC "-//Recordare//DTD MusicXML 2.0 Partwise//EN"
                                "http://www.musicxml.org/dtds/partwise.dtd">
<score-partwise version="2.0">
  <movement-title>Psalme CXXVII</movement-title>
  <identification>
    <encoding>
      <software>Finale 2011 for Windows</software>
      <software>Dolet Light for Finale 2011</software>
      <encoding-date>2013-04-12</encoding-date>
      <supports attribute="new-system" element="print" type="yes" value="yes"/>
      <supports attribute="new-page" element="print" type="yes" value="yes"/>
    </encoding>
  </identification>
  <defaults>
    <scaling>
      <millimeters>7.112</millimeters>
      <tenths>40</tenths>
    </scaling>
    <page-layout>
      <page-height>1671</page-height>
      <page-width>1181</page-width>
      <page-margins type="both">
        <left-margin>28</left-margin>
        <right-margin>28</right-margin>
        <top-margin>28</top-margin>
        <bottom-margin>28</bottom-margin>
      </page-margins>
    </page-layout>
    <system-layout>
      <system-margins>
        <left-margin>0</left-margin>
        <right-margin>505</right-margin>
      </system-margins>
      <system-distance>95</system-distance>
      <top-system-distance>52</top-system-distance>
    </system-layout>
    <appearance>
      <line-width type="stem">0.7487</line-width>
      <line-width type="beam">5</line-width>
      <line-width type="staff">0.7487</line-width>
      <line-width type="light barline">0.7487</line-width>
      <line-width type="heavy barline">5</line-width>
      <line-width type="leger">0.7487</line-width>
      <line-width type="ending">1.4583</line-width>
      <line-width type="wedge">1.4583</line-width>
      <line-width type="enclosure">0.7487</line-width>
      <line-width type="tuplet bracket">0.7487</line-width>
      <note-size type="grace">60</note-size>
      <note-size type="cue">60</note-size>
    </appearance>
    <music-font font-family="Maestro" font-size="20.2"/>
    <word-font font-family="Times New Roman" font-size="10.1"/>
    <lyric-font font-family="Times New Roman" font-size="10.1" name="verse"/>
  </defaults>
  <credit page="1">
    <credit-words default-x="514" default-y="1549" font-size="15.1" valign="top">Psalme CXXVII</credit-words>
  </credit>
  <part-list>
    <score-part id="P1">
      <part-name print-object="no">MusicXML Part</part-name>
      <score-instrument id="P1-I2">
        <instrument-name>SmartMusic SoftSynth</instrument-name>
      </score-instrument>
      <midi-instrument id="P1-I2">
        <midi-channel>1</midi-channel>
        <midi-program>55</midi-program>
        <volume>80</volume>
        <pan>0</pan>
      </midi-instrument>
    </score-part>
  </part-list>
  <!--=========================================================-->
  <part id="P1">
    <measure number="1" width="237">
      <print>
        <system-layout>
          <system-margins>
            <left-margin>72</left-margin>
            <right-margin>0</right-margin>
          </system-margins>
          <top-system-distance>176</top-system-distance>
        </system-layout>
        <measure-numbering>system</measure-numbering>
      </print>
      <attributes>
        <divisions>2</divisions>
        <key>
          <fifths>0</fifths>
          <mode>major</mode>
        </key>
        <time symbol="cut">
          <beats>2</beats>
          <beat-type>2</beat-type>
        </time>
        <clef>
          <sign>C</sign>
          <line>4</line>
        </clef>
      </attributes>
      <sound tempo="120"/>
      <note default-x="82">
        <pitch>
          <step>C</step>
          <octave>4</octave>
        </pitch>
        <duration>4</duration>
        <voice>1</voice>
        <type>half</type>
        <stem default-y="-45">down</stem>
        <lyric default-y="-80" number="1">
          <syllabic>single</syllabic>
          <text font-size="11.8">1.Si</text>
        </lyric>
      </note>
      <note default-x="152">
        <pitch>
          <step>C</step>
          <octave>4</octave>
        </pitch>
        <duration>2</duration>
        <voice>1</voice>
        <type>quarter</type>
        <stem default-y="-45">down</stem>
        <lyric default-y="-80" number="1">
          <syllabic>single</syllabic>
          <text font-size="11.8">le</text>
        </lyric>
      </note>
      <note default-x="194">
        <pitch>
          <step>B</step>
          <octave>3</octave>
        </pitch>
        <duration>2</duration>
        <voice>1</voice>
        <type>quarter</type>
        <stem default-y="-50">down</stem>
        <lyric default-y="-80" number="1">
          <syllabic>begin</syllabic>
          <text font-size="11.8">Sei</text>
        </lyric>
      </note>
      <barline location="right">
        <bar-style>none</bar-style>
      </barline>
    </measure>
    <!--=======================================================-->
    <measure number="2" width="219">
      <note default-x="14">
        <pitch>
          <step>A</step>
          <octave>3</octave>
        </pitch>
        <duration>2</duration>
        <voice>1</voice>
        <type>quarter</type>
        <stem default-y="-55">down</stem>
        <lyric default-y="-80" number="1" relative-x="6">
          <syllabic>end</syllabic>
          <text font-size="11.8">gneur</text>
        </lyric>
      </note>
      <note default-x="68">
        <pitch>
          <step>A</step>
          <octave>3</octave>
        </pitch>
        <duration>2</duration>
        <voice>1</voice>
        <type>quarter</type>
        <stem default-y="-55">down</stem>
        <lyric default-y="-80" number="1">
          <syllabic>single</syllabic>
          <text font-size="11.8">/la</text>
        </lyric>
      </note>
      <note default-x="118">
        <pitch>
          <step>G</step>
          <octave>3</octave>
        </pitch>
        <duration>2</duration>
        <voice>1</voice>
        <type>quarter</type>
        <stem default-y="11">up</stem>
        <lyric default-y="-80" number="1">
          <syllabic>begin</syllabic>
          <text font-size="11.8">mai</text>
        </lyric>
      </note>
      <note default-x="169">
        <pitch>
          <step>C</step>
          <octave>4</octave>
        </pitch>
        <duration>2</duration>
        <voice>1</voice>
        <type>quarter</type>
        <stem default-y="-45">down</stem>
        <lyric default-y="-80" number="1">
          <syllabic>end</syllabic>
          <text font-size="11.8">son</text>
        </lyric>
      </note>
      <barline location="right">
        <bar-style>none</bar-style>
      </barline>
    </measure>
    <!--=======================================================-->
    <measure number="3" width="148">
      <note default-x="14">
        <pitch>
          <step>C</step>
          <octave>4</octave>
        </pitch>
        <duration>2</duration>
        <voice>1</voice>
        <type>quarter</type>
        <stem default-y="-45">down</stem>
        <lyric default-y="-80" number="1">
          <syllabic>single</syllabic>
          <text font-size="11.8">ne</text>
        </lyric>
      </note>
      <note default-x="51">
        <pitch>
          <step>B</step>
          <octave>3</octave>
        </pitch>
        <duration>2</duration>
        <voice>1</voice>
        <type>quarter</type>
        <stem default-y="-50">down</stem>
        <lyric default-y="-80" number="1">
          <syllabic>begin</syllabic>
          <text font-size="11.8">bas</text>
        </lyric>
      </note>
      <note default-x="88">
        <pitch>
          <step>C</step>
          <octave>4</octave>
        </pitch>
        <duration>4</duration>
        <voice>1</voice>
        <type>half</type>
        <stem default-y="-45">down</stem>
        <lyric default-y="-80" number="1">
          <syllabic>end</syllabic>
          <text font-size="11.8">tit</text>
        </lyric>
      </note>
      <barline location="right">
        <bar-style>none</bar-style>
      </barline>
    </measure>
    <!--=======================================================-->
    <measure number="4" width="103">
      <note default-x="14">
        <rest/>
        <duration>4</duration>
        <voice>1</voice>
        <type>half</type>
      </note>
      <note default-x="59">
        <pitch>
          <step>C</step>
          <octave>4</octave>
        </pitch>
        <duration>4</duration>
        <voice>1</voice>
        <type>half</type>
        <stem default-y="-45">down</stem>
        <lyric default-y="-80" number="1">
          <syllabic>begin</syllabic>
          <text font-size="11.8">2.La</text>
        </lyric>
      </note>
      <barline location="right">
        <bar-style>none</bar-style>
      </barline>
    </measure>
    <!--=======================================================-->
    <measure number="5" width="212">
      <note default-x="14">
        <pitch>
          <step>A</step>
          <octave>3</octave>
        </pitch>
        <duration>2</duration>
        <voice>1</voice>
        <type>quarter</type>
        <stem default-y="-55">down</stem>
        <lyric default-y="-80" number="1" relative-x="8">
          <syllabic>end</syllabic>
          <text font-size="11.8">quelle</text>
        </lyric>
      </note>
      <note default-x="70">
        <pitch>
          <step>D</step>
          <octave>4</octave>
        </pitch>
        <duration>2</duration>
        <voice>1</voice>
        <type>quarter</type>
        <stem default-y="-40">down</stem>
        <lyric default-y="-80" number="1">
          <syllabic>single</syllabic>
          <text font-size="11.8">on</text>
        </lyric>
      </note>
      <note default-x="117">
        <pitch>
          <step>C</step>
          <octave>4</octave>
        </pitch>
        <duration>2</duration>
        <voice>1</voice>
        <type>quarter</type>
        <stem default-y="-45">down</stem>
        <lyric default-y="-80" number="1">
          <syllabic>begin</syllabic>
          <text font-size="11.8">e</text>
        </lyric>
      </note>
      <note default-x="165">
        <pitch>
          <step>B</step>
          <octave>3</octave>
        </pitch>
        <duration>2</duration>
        <voice>1</voice>
        <type>quarter</type>
        <stem default-y="-50">down</stem>
        <lyric default-y="-80" number="1">
          <syllabic>middle</syllabic>
          <text font-size="11.8">di</text>
        </lyric>
      </note>
      <barline location="right">
        <bar-style>none</bar-style>
      </barline>
    </measure>
    <!--=======================================================-->
    <measure number="6" width="135">
      <note default-x="14">
        <pitch>
          <step>A</step>
          <octave>3</octave>
        </pitch>
        <duration>4</duration>
        <voice>1</voice>
        <type>half</type>
        <stem default-y="-55">down</stem>
        <lyric default-y="-80" number="1">
          <syllabic>middle</syllabic>
          <text font-size="11.8">fi</text>
        </lyric>
      </note>
      <note default-x="74">
        <pitch>
          <step>G</step>
          <octave>3</octave>
        </pitch>
        <duration>4</duration>
        <voice>1</voice>
        <type>half</type>
        <stem default-y="11">up</stem>
        <lyric default-y="-80" number="1">
          <syllabic>end</syllabic>
          <text font-size="11.8">e,</text>
        </lyric>
      </note>
      <barline location="right">
        <bar-style>none</bar-style>
      </barline>
    </measure>
    <!--=======================================================-->
    <measure number="7" width="163">
      <print new-system="yes">
        <system-layout>
          <system-margins>
            <left-margin>0</left-margin>
            <right-margin>0</right-margin>
          </system-margins>
          <system-distance>86</system-distance>
        </system-layout>
      </print>
      <note default-x="49">
        <rest/>
        <duration>4</duration>
        <voice>1</voice>
        <type>half</type>
      </note>
      <note default-x="107">
        <pitch>
          <step>G</step>
          <octave>3</octave>
        </pitch>
        <duration>4</duration>
        <voice>1</voice>
        <type>half</type>
        <stem default-y="10.5">up</stem>
        <lyric default-y="-80" number="1">
          <syllabic>single</syllabic>
          <text font-size="11.8">3.Le</text>
        </lyric>
      </note>
      <barline location="right">
        <bar-style>none</bar-style>
      </barline>
    </measure>
    <!--=======================================================-->
    <measure number="8" width="215">
      <note default-x="14">
        <pitch>
          <step>A</step>
          <octave>3</octave>
        </pitch>
        <duration>2</duration>
        <voice>1</voice>
        <type>quarter</type>
        <stem default-y="-55.5">down</stem>
        <lyric default-y="-80" number="1">
          <syllabic>begin</syllabic>
          <text font-size="11.8">bas</text>
        </lyric>
      </note>
      <note default-x="64">
        <pitch>
          <step>G</step>
          <octave>3</octave>
        </pitch>
        <duration>2</duration>
        <voice>1</voice>
        <type>quarter</type>
        <stem default-y="10.5">up</stem>
        <lyric default-y="-80" number="1">
          <syllabic>middle</syllabic>
          <text font-size="11.8">tis</text>
        </lyric>
      </note>
      <note default-x="115">
        <pitch>
          <step>F</step>
          <octave>3</octave>
        </pitch>
        <duration>2</duration>
        <voice>1</voice>
        <type>quarter</type>
        <stem default-y="5.5">up</stem>
        <lyric default-y="-80" number="1">
          <syllabic>end</syllabic>
          <text font-size="11.8">seur</text>
        </lyric>
      </note>
      <note default-x="165">
        <pitch>
          <step>F</step>
          <octave>3</octave>
        </pitch>
        <duration>2</duration>
        <voice>1</voice>
        <type>quarter</type>
        <stem default-y="5.5">up</stem>
        <lyric default-y="-80" number="1">
          <syllabic>single</syllabic>
          <text font-size="11.8">fait</text>
        </lyric>
      </note>
      <barline location="right">
        <bar-style>none</bar-style>
      </barline>
    </measure>
    <!--=======================================================-->
    <measure number="9" width="198">
      <note default-x="13">
        <pitch>
          <step>E</step>
          <octave>3</octave>
        </pitch>
        <duration>2</duration>
        <voice>1</voice>
        <type>quarter</type>
        <stem default-y="1">up</stem>
        <lyric default-y="-80" number="1">
          <syllabic>single</syllabic>
          <text font-size="11.8">un</text>
        </lyric>
      </note>
      <note default-x="59">
        <pitch>
          <step>D</step>
          <octave>3</octave>
        </pitch>
        <duration>2</duration>
        <voice>1</voice>
        <type>quarter</type>
        <stem default-y="-4">up</stem>
        <lyric default-y="-80" number="1">
          <syllabic>single</syllabic>
          <text font-size="11.8">fruit</text>
        </lyric>
      </note>
      <note default-x="110">
        <pitch>
          <step>E</step>
          <octave>3</octave>
        </pitch>
        <duration>2</duration>
        <voice>1</voice>
        <type>quarter</type>
        <stem default-y="1">up</stem>
        <lyric default-y="-80" number="1">
          <syllabic>single</syllabic>
          <text font-size="11.8">bien</text>
        </lyric>
      </note>
      <note default-x="155">
        <pitch>
          <step>F</step>
          <octave>3</octave>
        </pitch>
        <duration>2</duration>
        <voice>1</voice>
        <type>quarter</type>
        <stem default-y="5.5">up</stem>
        <lyric default-y="-80" number="1">
          <syllabic>begin</syllabic>
          <text font-size="11.8">pe</text>
        </lyric>
      </note>
      <barline location="right">
        <bar-style>none</bar-style>
      </barline>
    </measure>
    <!--=======================================================-->
    <measure number="10" width="91">
      <note default-x="13">
        <pitch>
          <step>G</step>
          <octave>3</octave>
        </pitch>
        <duration>4</duration>
        <voice>1</voice>
        <type>half</type>
        <stem default-y="10.5">up</stem>
        <lyric default-y="-80" number="1">
          <syllabic>end</syllabic>
          <text font-size="11.8">tit</text>
        </lyric>
      </note>
      <note default-x="51">
        <rest/>
        <duration>4</duration>
        <voice>1</voice>
        <type>half</type>
      </note>
      <barline location="right">
        <bar-style>none</bar-style>
      </barline>
    </measure>
    <!--=======================================================-->
    <measure number="11" width="188">
      <note default-x="13">
        <pitch>
          <step>G</step>
          <octave>3</octave>
        </pitch>
        <duration>4</duration>
        <voice>1</voice>
        <type>half</type>
        <stem default-y="10.5">up</stem>
        <lyric default-y="-80" number="1">
          <syllabic>single</syllabic>
          <text font-size="11.8">4.Et</text>
        </lyric>
      </note>
      <note default-x="92">
        <pitch>
          <step>C</step>
          <octave>4</octave>
        </pitch>
        <duration>2</duration>
        <voice>1</voice>
        <type>quarter</type>
        <stem default-y="-45.5">down</stem>
        <lyric default-y="-80" number="1">
          <syllabic>single</syllabic>
          <text font-size="11.8">pour</text>
        </lyric>
      </note>
      <note default-x="140">
        <pitch>
          <step>A</step>
          <octave>3</octave>
        </pitch>
        <duration>2</duration>
        <voice>1</voice>
        <type>quarter</type>
        <stem default-y="-55.5">down</stem>
        <lyric default-y="-80" number="1">
          <syllabic>begin</syllabic>
          <text font-size="11.8">ne</text>
        </lyric>
      </note>
      <barline location="right">
        <bar-style>none</bar-style>
      </barline>
    </measure>
    <!--=======================================================-->
    <measure number="12" width="159">
      <note default-x="14">
        <pitch>
          <step>B</step>
          <octave>3</octave>
        </pitch>
        <duration>2</duration>
        <voice>1</voice>
        <type>quarter</type>
        <stem default-y="-50.5">down</stem>
        <lyric default-y="-80" number="1">
          <syllabic>end</syllabic>
          <text font-size="11.8">ant</text>
        </lyric>
      </note>
      <note default-x="54">
        <pitch>
          <step>C</step>
          <octave>4</octave>
        </pitch>
        <duration>2</duration>
        <voice>1</voice>
        <type>quarter</type>
        <stem default-y="-45.5">down</stem>
        <lyric default-y="-80" number="1">
          <syllabic>single</syllabic>
          <text font-size="11.8">se</text>
        </lyric>
      </note>
      <note default-x="94">
        <pitch>
          <step>D</step>
          <octave>4</octave>
        </pitch>
        <duration>4</duration>
        <voice>1</voice>
        <type>half</type>
        <stem default-y="-40">down</stem>
        <lyric default-y="-80" number="1">
          <syllabic>begin</syllabic>
          <text font-size="11.8">si</text>
        </lyric>
      </note>
      <barline location="right">
        <bar-style>none</bar-style>
      </barline>
    </measure>
    <!--=======================================================-->
    <measure number="13" width="111">
      <note default-x="13">
        <pitch>
          <step>G</step>
          <octave>3</octave>
        </pitch>
        <duration>4</duration>
        <voice>1</voice>
        <type>half</type>
        <stem default-y="10.5">up</stem>
        <lyric default-y="-80" number="1">
          <syllabic>end</syllabic>
          <text font-size="11.8">e</text>
        </lyric>
      </note>
      <note default-x="61">
        <rest/>
        <duration>4</duration>
        <voice>1</voice>
        <type>half</type>
      </note>
      <barline location="right">
        <bar-style>none</bar-style>
      </barline>
    </measure>
    <!--=======================================================-->
    <measure number="14" width="202">
      <print new-system="yes">
        <system-layout>
          <system-distance>86</system-distance>
        </system-layout>
      </print>
      <note default-x="49">
        <pitch>
          <step>C</step>
          <octave>4</octave>
        </pitch>
        <duration>4</duration>
        <voice>1</voice>
        <type>half</type>
        <stem default-y="-45">down</stem>
        <lyric default-y="-80" number="1">
          <syllabic>single</syllabic>
          <text font-size="11.8">5.De</text>
        </lyric>
      </note>
      <note default-x="118">
        <pitch>
          <step>A</step>
          <octave>3</octave>
        </pitch>
        <duration>2</duration>
        <voice>1</voice>
        <type>quarter</type>
        <stem default-y="-55">down</stem>
        <lyric default-y="-80" number="1">
          <syllabic>single</syllabic>
          <text font-size="11.8">le</text>
        </lyric>
      </note>
      <note default-x="160">
        <pitch>
          <step>B</step>
          <octave>3</octave>
        </pitch>
        <duration>2</duration>
        <voice>1</voice>
        <type>quarter</type>
        <stem default-y="-50">down</stem>
        <lyric default-y="-80" number="1">
          <syllabic>begin</syllabic>
          <text font-size="11.8">meu</text>
        </lyric>
      </note>
      <barline location="right">
        <bar-style>none</bar-style>
      </barline>
    </measure>
    <!--=======================================================-->
    <measure number="15" width="198">
      <note default-x="14">
        <pitch>
          <step>C</step>
          <octave>4</octave>
        </pitch>
        <duration>2</duration>
        <voice>1</voice>
        <type>quarter</type>
        <stem default-y="-45">down</stem>
        <lyric default-y="-80" number="1">
          <syllabic>end</syllabic>
          <text font-size="11.8">bler</text>
        </lyric>
      </note>
      <note default-x="60">
        <pitch>
          <step>C</step>
          <octave>4</octave>
        </pitch>
        <duration>2</duration>
        <voice>1</voice>
        <type>quarter</type>
        <stem default-y="-45">down</stem>
        <lyric default-y="-80" number="1">
          <syllabic>begin</syllabic>
          <text font-size="11.8">se</text>
        </lyric>
      </note>
      <note default-x="106">
        <pitch>
          <step>A</step>
          <octave>3</octave>
        </pitch>
        <duration>2</duration>
        <voice>1</voice>
        <type>quarter</type>
        <stem default-y="-55">down</stem>
        <lyric default-y="-80" number="1">
          <syllabic>end</syllabic>
          <text font-size="11.8">lon</text>
        </lyric>
      </note>
      <note default-x="152">
        <pitch>
          <step>C</step>
          <octave>4</octave>
        </pitch>
        <duration>2</duration>
        <voice>1</voice>
        <type>quarter</type>
        <stem default-y="-45">down</stem>
        <lyric default-y="-80" number="1">
          <syllabic>single</syllabic>
          <text font-size="11.8">son</text>
        </lyric>
      </note>
      <barline location="right">
        <bar-style>none</bar-style>
      </barline>
    </measure>
    <!--=======================================================-->
    <measure number="16" width="130">
      <note default-x="14">
        <pitch>
          <step>B</step>
          <octave>3</octave>
        </pitch>
        <duration>4</duration>
        <voice>1</voice>
        <type>half</type>
        <stem default-y="-50">down</stem>
        <lyric default-y="-80" number="1">
          <syllabic>begin</syllabic>
          <text font-size="11.8">ap</text>
        </lyric>
      </note>
      <note default-x="72">
        <pitch>
          <step>A</step>
          <octave>3</octave>
        </pitch>
        <duration>4</duration>
        <voice>1</voice>
        <type>half</type>
        <stem default-y="-55">down</stem>
        <lyric default-y="-80" number="1">
          <syllabic>middle</syllabic>
          <text font-size="11.8">pe</text>
        </lyric>
      </note>
      <barline location="right">
        <bar-style>none</bar-style>
      </barline>
    </measure>
    <!--=======================================================-->
    <measure number="17" width="90">
      <note default-x="14">
        <pitch>
          <step>G</step>
          <octave>3</octave>
        </pitch>
        <duration>8</duration>
        <voice>1</voice>
        <type>whole</type>
        <lyric default-y="-80" number="1">
          <syllabic>end</syllabic>
          <text font-size="11.8">tit.</text>
        </lyric>
      </note>
      <barline location="right">
        <bar-style>light-heavy</bar-style>
      </barline>
    </measure>
  </part>
  <!--=========================================================-->
</score-partwise>
