{"ref": "navieres1580", "title": "Psautier de Charles de Navi\u00e8res (1580)", "short_title": "Psautier Navi\u00e8res", "description": "Le psautier de Charles de Navi\u00e8res, paru en 1580, est un ouvrage singulier. OEuvre d\u2019un\r\npo\u00e8te mineur, auteur de la versification en fran\u00e7ais mais aussi probablement compositeur des\r\nm\u00e9lodies, il propose une musique et des vers diff\u00e9rents du psautier de Gen\u00e8ve. Cette d\u00e9marche est\r\nunique : entre 1562 (\u00e9dition finale du Psautier de Gen\u00e8ve) et 1646 (Psautier de Diodati), il s\u2019agit du\r\nseul psautier fran\u00e7ais complet, diff\u00e9rent de celui de Gen\u00e8ve, qui nous soit parvenu. Il se place ainsi\r\nen concurrent de l\u2019ouvrage genevois, \u00e0 une \u00e9poque o\u00f9 son h\u00e9g\u00e9monie sur la liturgie protestante est\r\nsolidement \u00e9tablie. Cependant, le but de la d\u00e9marche de Charles de Navi\u00e8res nous est inconnu, et\r\nl\u2019ouvrage ne connu qu\u2019une diffusion confidentielle.\r\nTout comme son psautier, Charles de Navi\u00e8res est un personnage original. Petit noble\r\nsedanais, po\u00e8te prolifique, musicien amateur, capitaine d\u2019une milice bourgeoise, tenancier d\u2019une\r\nsalle de jeu de paume, il est avant tout un militaire de carri\u00e8re. Il participe en 1598 \u00e0 un complot\r\nvisant \u00e0 renverser le souverain ill\u00e9gitime de Sedan. Suite \u00e0 l\u2019\u00e9chec de la machination, Navi\u00e8res fut\r\ncondamn\u00e9 \u00e0 mort puis sauv\u00e9 du gibet par des dignitaires sedanais. Possiblement emprisonn\u00e9\r\njusqu\u2019en 1606, il se consacre jusqu\u2019\u00e0 sa mort en 1616 \u00e0 composer des pan\u00e9gyriques po\u00e9tiques \u00e0 la\r\ngloire d\u2019Henri IV, ces derniers comprenant parfois quelques lignes de musique.\r\nLa versification des psaumes que propose Navi\u00e8res est fort diff\u00e9rente de celle de Cl\u00e9ment\r\nMarot et Th\u00e9odore de B\u00e8ze. Pour son propre psautier comme pour ses autres ouvrages, Navi\u00e8res\r\ns\u2019attache avec rigueur \u00e0 la qualit\u00e9 des rimes, \u00e0 l\u2019\u00e9quilibre syllabique des vers et \u00e0 la richesse du\r\nvocabulaire. Ils s\u2019agit d\u2019une d\u00e9marche esth\u00e9tique, qui a pour r\u00e9sultat une versification plus longue et\r\nplus litt\u00e9raire que celle de Gen\u00e8ve.\r\nSur le plan musical, ce psautier se distingue \u00e9galement de celui de Gen\u00e8ve, dont il\r\nn\u2019emprunte aucune m\u00e9lodie, au contraire d\u2019autres compositions de Navi\u00e8res. La ligne est davantage\r\ndisjointe, les syncopes y sont plus rares, et de nombreux psaumes adoptent un caract\u00e8re tr\u00e8s\r\ndiff\u00e9rent de leur \u00e9quivalent genevois, comme le 68 (psaume \u00ab des batailles \u00bb). Navi\u00e8res semble\r\ns\u2019inspirer de la musique mesur\u00e9e \u00e0 l\u2019antique, dont il utilise et commente les principes dans d\u2019autres\r\nouvrages.\r\nNotons enfin qu\u2019outre les 150 psaumes, Le Psautier de Navi\u00e8re contient 10 hymnes, dont\r\nl\u2019un emprunte la m\u00e9lodie d\u2019un choral allemand, tandis que quatre autres reprennent librement la\r\nm\u00e9lodie et le texte d\u2019hymnes gr\u00e9goriens, avec toutefois une versification fran\u00e7aise nouvelle.\r\n\r\nR\u00e9f\u00e9rences :\r\n\r\n\u2022 Noailly, Jean-Michel, Bibliographie des psaumes imprim\u00e9s en vers fran\u00e7ais, \u00e0 para\u00eetre.\r\n\u2022 Bernot, Abel, Le psautier de Charles de Navi\u00e8res, transcription et comparaison avec le psautier de Gen\u00e8ve,\r\nm\u00e9moire de DEM, 2013, d\u00e9pos\u00e9 \u00e0 la Biblioth\u00e8que de la Soci\u00e9t\u00e9 de l'Histoire du Protestantisme fran\u00e7ais", "is_public": false, "short_description": "Psautier de Charles de Navi\u00e8res paru en 1580", "licence_code": null, "copyright": null, "supervisors": null}