{"db_id": 22532, "ref": "all:collabscore:saintsaens:autres:R041_0", "local_ref": "R041_0", "corpus_ref": "all:collabscore:saintsaens:autres", "title": "La danse : le Gaulois à ses abonnés : 1889 ", "composer": "Paladilhe, Émile ", "features": [], "sources": [{"ref": "ref_mei", "description": "Référence MEI", "source_type": "MEI", "mime_type": "application/xml", "url": "", "file_path": "/media/sources/all-collabscore-saintsaens-autres-R041_0/ref_mei.xml", "has_manifest": false, "has_iiif_manifest": false}, {"ref": "iiif", "description": "Lien Gallica", "source_type": "JPEG", "mime_type": "image/jpeg", "url": "https://gallica.bnf.fr/ark:/12148/bpt6k1509514x", "file_path": null, "has_manifest": false, "has_iiif_manifest": false}], "files": [{"name": "mei.xml", "url": "http://localhost:8000/media/corpora/all/collabscore/saintsaens/autres/R041_0/mei.xml"}]}