{"db_id": 22348, "ref": "all:collabscore:saintsaens:autres:R109_0", "local_ref": "R109_0", "corpus_ref": "all:collabscore:saintsaens:autres", "title": "[Quintettes. Piano, cordes. R 109. La mineur] ", "composer": "Saint-Saëns, Camille ", "features": [], "sources": [{"ref": "ref_mei", "description": "Référence MEI", "source_type": "MEI", "mime_type": "application/xml", "url": "", "file_path": "/media/sources/all-collabscore-saintsaens-autres-R109_0/ref_mei.xml", "has_manifest": false, "has_iiif_manifest": false}, {"ref": "iiif", "description": "Lien Gallica", "source_type": "JPEG", "mime_type": "image/jpeg", "url": "https://gallica.bnf.fr/ark:/12148/bd6t541694656", "file_path": null, "has_manifest": false, "has_iiif_manifest": false}], "files": [{"name": "mei.xml", "url": "http://localhost:8000/media/corpora/all/collabscore/saintsaens/autres/R109_0/mei.xml"}]}