{"ref": "methodes", "title": "Les premi\u00e8res m\u00e9thodes du Conservatoire national de Paris (1800-1814)", "short_title": "M\u00e9thodes", "description": "<p>\r\n\t&nbsp;</p>\r\n<p>\r\n\tResponsables&nbsp;: Rosalba Agresta, C&eacute;cile Reynaud</p>\r\n<p>\r\n\tCe corpus rassemble les extraits musicaux publi&eacute;s dans les quatorze premi&egrave;res m&eacute;thodes &eacute;dit&eacute;es par le Conservatoire au d&eacute;but du XIX<sup>e</sup> si&egrave;cle (1800-1814), dont l&rsquo;&eacute;dition savante en ligne est en pr&eacute;paration dans le cadre du projet soutenu par l&rsquo;Agence nationale de la recherche (ANR), <em>Histoire de l&rsquo;enseignement public de la musique en France au XIXe si&egrave;cle (1795-1914).</em></p>\r\n<p>\r\n\tR&eacute;dig&eacute;es par un ensemble de professeurs et valid&eacute;es par les conseils internes de l&rsquo;&eacute;tablissement, les quatorze m&eacute;thodes &laquo;&nbsp;officielles&nbsp;&raquo; du Conservatoire transmettent les normes p&eacute;dagogiques &eacute;dict&eacute;es par l&rsquo;institution. Ces ouvrages r&eacute;pondent pour la plupart &agrave; un sch&eacute;ma p&eacute;dagogique commun, o&ugrave; une section th&eacute;orique est suivie par des exercices techniques et par des extraits du r&eacute;pertoire. Lors de l&rsquo;indexation, nous avons d&eacute;cid&eacute; de ne retenir que les extraits ayant une valeur musicale&nbsp;: les exercices strictement techniques (dont les gammes et les trilles) ainsi que les fragments (phrases musicales de quelques mesures) ayant &eacute;t&eacute; exclus de l&rsquo;indexation. Imprim&eacute;s dans les m&eacute;thodes sous forme anonyme ou, dans certains cas, avec des indications sommaires de paternit&eacute;, les extraits ont fait l&rsquo;objet d&rsquo;un travail d&rsquo;identification.</p>\r\n<p>\r\n\tLes extraits ont &eacute;t&eacute; saisis par Clotilde Salandini-Verwaerde d&rsquo;apr&egrave;s l&rsquo;exemplaire du premier tirage de la premi&egrave;re &eacute;dition retenu comme exemplaire de r&eacute;f&eacute;rence dans l&rsquo;&eacute;dition savante. Les fautes &eacute;videntes d&rsquo;impression ont &eacute;t&eacute; corrig&eacute;es. Dans quelques cas, il a &eacute;t&eacute; n&eacute;cessaire d&rsquo;interpr&eacute;ter et moderniser la graphie musicale pour permettre l&rsquo;indexation.</p>\r\n<p>\r\n\tCe corpus est destin&eacute; &agrave; faciliter l&rsquo;&eacute;tude des concordances entre les m&eacute;thodes du Conservatoire et d&rsquo;autres corpus p&eacute;dagogiques et, plus largement, les corpus musicaux contemporains.</p>\r\n", "is_public": true, "short_description": "Les premi\u00e8res m\u00e9thodes du Conservatoire national de Paris (1800-1814)", "licence_code": null, "copyright": null, "supervisors": null}