<?xml version="1.0" encoding="UTF-8" standalone="no"?>
<livre>
<structure>
<firstDisplayedPage>1</firstDisplayedPage>
<hasToc>false</hasToc>
<TocLocation>0</TocLocation>
<hasContent>false</hasContent>
<idUPN>bpt6k1170231k</idUPN>
<nbVueImages>20</nbVueImages>
</structure>
<pages>
<page>
<numero>NP</numero>
<ordre>1</ordre>
<pagination_type>N</pagination_type>
<image_width>3416</image_width>
<image_height>5024</image_height>
</page>
<page>
<numero>2</numero>
<ordre>2</ordre>
<pagination_type>A</pagination_type>
<image_width>3423</image_width>
<image_height>5031</image_height>
</page>
<page>
<numero>3</numero>
<ordre>3</ordre>
<pagination_type>A</pagination_type>
<image_width>3416</image_width>
<image_height>5024</image_height>
</page>
<page>
<numero>4</numero>
<ordre>4</ordre>
<pagination_type>A</pagination_type>
<image_width>3423</image_width>
<image_height>5031</image_height>
</page>
<page>
<numero>5</numero>
<ordre>5</ordre>
<pagination_type>A</pagination_type>
<image_width>3416</image_width>
<image_height>5024</image_height>
</page>
<page>
<numero>6</numero>
<ordre>6</ordre>
<pagination_type>A</pagination_type>
<image_width>3423</image_width>
<image_height>5031</image_height>
</page>
<page>
<numero>7</numero>
<ordre>7</ordre>
<pagination_type>A</pagination_type>
<image_width>3416</image_width>
<image_height>5024</image_height>
</page>
<page>
<numero>8</numero>
<ordre>8</ordre>
<pagination_type>A</pagination_type>
<image_width>3423</image_width>
<image_height>5031</image_height>
</page>
<page>
<numero>9</numero>
<ordre>9</ordre>
<pagination_type>A</pagination_type>
<image_width>3416</image_width>
<image_height>5024</image_height>
</page>
<page>
<numero>10</numero>
<ordre>10</ordre>
<pagination_type>A</pagination_type>
<image_width>3354</image_width>
<image_height>5031</image_height>
</page>
<page>
<numero>11</numero>
<ordre>11</ordre>
<pagination_type>A</pagination_type>
<image_width>3416</image_width>
<image_height>5024</image_height>
</page>
<page>
<numero>12</numero>
<ordre>12</ordre>
<pagination_type>A</pagination_type>
<image_width>3354</image_width>
<image_height>5031</image_height>
</page>
<page>
<numero>13</numero>
<ordre>13</ordre>
<pagination_type>A</pagination_type>
<image_width>3416</image_width>
<image_height>5024</image_height>
</page>
<page>
<numero>14</numero>
<ordre>14</ordre>
<pagination_type>A</pagination_type>
<image_width>3354</image_width>
<image_height>5031</image_height>
</page>
<page>
<numero>15</numero>
<ordre>15</ordre>
<pagination_type>A</pagination_type>
<image_width>3416</image_width>
<image_height>5024</image_height>
</page>
<page>
<numero>16</numero>
<ordre>16</ordre>
<pagination_type>A</pagination_type>
<image_width>3354</image_width>
<image_height>5031</image_height>
</page>
<page>
<numero>17</numero>
<ordre>17</ordre>
<pagination_type>A</pagination_type>
<image_width>3416</image_width>
<image_height>5024</image_height>
</page>
<page>
<numero>18</numero>
<ordre>18</ordre>
<pagination_type>A</pagination_type>
<image_width>3354</image_width>
<image_height>5031</image_height>
</page>
<page>
<numero>19</numero>
<ordre>19</ordre>
<pagination_type>A</pagination_type>
<image_width>3416</image_width>
<image_height>5024</image_height>
</page>
<page>
<numero>NP</numero>
<ordre>20</ordre>
<pagination_type>N</pagination_type>
<image_width>3354</image_width>
<image_height>5031</image_height>
</page>
</pages>
</livre>
