{"ref": "bpt6k11619682_pages", "title": "bpt6k11619682_pages", "composer": null, "features": [], "sources": [{"ref": "ref_mei", "description": "R\u00e9f\u00e9rence MEI", "source_type": "MEI", "mime_type": "application/xml", "url": "http://localhost:8000/media/sources/all-collabscore-saintsaens-bpt6k11619682_pages/ref_mei.xml"}], "files": [{"name": "score.xml", "url": "http://localhost:8000/media/corpora/all/collabscore/saintsaens/bpt6k11619682_pages/score.xml"}, {"name": "mei.xml", "url": "http://localhost:8000/media/corpora/all/collabscore/saintsaens/bpt6k11619682_pages/mei.xml"}]}