{"ref": "C029_1", "title": "[Nature souriante] ", "composer": "Saint-Sa\u00ebns, Camille ", "features": [{"feature_key": "key_tonic_name", "feature_value": "D"}, {"feature_key": "key_mode", "feature_value": "minor"}, {"feature_key": "num_of_parts", "feature_value": "3"}, {"feature_key": "num_of_measures", "feature_value": "159"}, {"feature_key": "instruments", "feature_value": "[None]"}, {"feature_key": "lowest_pitch_each_part", "feature_value": "{\"part1\": \"A4\", \"part2\": \"G3\", \"part3\": \"A-1\"}"}, {"feature_key": "highest_pitch_each_part", "feature_value": "{\"part1\": \"B5\", \"part2\": \"B5\", \"part3\": \"E-4\"}"}, {"feature_key": "average_melodic_interval", "feature_value": "3.7359413202933984"}, {"feature_key": "direction_of_motion", "feature_value": "0.4488888888888889"}, {"feature_key": "most_common_note_quarter_length", "feature_value": "0.5"}, {"feature_key": "range_note_quarter_length", "feature_value": "3.75"}, {"feature_key": "initial_time_signature", "feature_value": "[4, 4]"}], "sources": [{"ref": "gallica", "description": "Lien Gallica", "source_type": "JPEG", "mime_type": "image/jpeg", "url": "https://gallica.bnf.fr/ark:/12148/bpt6k1162002h"}, {"ref": "ref_mei", "description": "R\u00e9f\u00e9rence MEI", "source_type": "MEI", "mime_type": "application/xml", "url": "http://localhost:8000/media/sources/all-collabscore-saintsaens-C029_1/ref_mei.xml"}], "files": [{"name": "mei.xml", "url": "http://localhost:8000/media/corpora/all/collabscore/saintsaens/C029_1/mei.xml"}]}