{"ref": "C048_0", "title": "Deux m\u00e9lodies, pour voix de contralto. Jour de pluie, po\u00e9sie de Georges Docquois ", "composer": "Saint-Sa\u00ebns, Camille ", "features": [{"feature_key": "key_tonic_name", "feature_value": "F"}, {"feature_key": "key_mode", "feature_value": "major"}, {"feature_key": "num_of_parts", "feature_value": "3"}, {"feature_key": "num_of_measures", "feature_value": "222"}, {"feature_key": "instruments", "feature_value": "[None]"}, {"feature_key": "lowest_pitch_each_part", "feature_value": "{\"part1\": \"G3\", \"part2\": \"C4\", \"part3\": \"C4\"}"}, {"feature_key": "highest_pitch_each_part", "feature_value": "{\"part1\": \"D-5\", \"part2\": \"C7\", \"part3\": \"B-4\"}"}, {"feature_key": "average_melodic_interval", "feature_value": "4.739644970414201"}, {"feature_key": "direction_of_motion", "feature_value": "0.49739311783107404"}, {"feature_key": "most_common_note_quarter_length", "feature_value": "0.25"}, {"feature_key": "range_note_quarter_length", "feature_value": "2.75"}, {"feature_key": "initial_time_signature", "feature_value": "[3, 4]"}], "sources": [{"ref": "gallica", "description": "Lien Gallica", "source_type": "JPEG", "mime_type": "image/jpeg", "url": "https://gallica.bnf.fr/ark:/12148/bpt6k870961j"}, {"ref": "ref_mei", "description": "R\u00e9f\u00e9rence MEI", "source_type": "MEI", "mime_type": "application/xml", "url": "http://localhost:8000/media/sources/all-collabscore-saintsaens-C048_0/ref_mei.xml"}], "files": [{"name": "mei.xml", "url": "http://localhost:8000/media/corpora/all/collabscore/saintsaens/C048_0/mei.xml"}]}