{"ref": "C071_0", "title": "[Honneur \u00e0 l'Am\u00e9rique] ", "composer": "Saint-Sa\u00ebns, Camille ", "features": [{"feature_key": "key_tonic_name", "feature_value": "C"}, {"feature_key": "key_mode", "feature_value": "major"}, {"feature_key": "num_of_parts", "feature_value": "3"}, {"feature_key": "num_of_measures", "feature_value": "96"}, {"feature_key": "instruments", "feature_value": "[None]"}, {"feature_key": "lowest_pitch_each_part", "feature_value": "{\"part1\": \"C4\", \"part2\": \"G3\", \"part3\": \"G1\"}"}, {"feature_key": "highest_pitch_each_part", "feature_value": "{\"part1\": \"E5\", \"part2\": \"C6\", \"part3\": \"G4\"}"}, {"feature_key": "average_melodic_interval", "feature_value": "2.411764705882353"}, {"feature_key": "direction_of_motion", "feature_value": "0.5233160621761658"}, {"feature_key": "most_common_note_quarter_length", "feature_value": "1.0"}, {"feature_key": "range_note_quarter_length", "feature_value": "4.75"}, {"feature_key": "initial_time_signature", "feature_value": "[4, 4]"}], "sources": [{"ref": "gallica", "description": "Lien Gallica", "source_type": "JPEG", "mime_type": "image/jpeg", "url": "https://gallica.bnf.fr/ark:/12148/bpt6k3842923"}, {"ref": "ref_mei", "description": "R\u00e9f\u00e9rence MEI", "source_type": "MEI", "mime_type": "application/xml", "url": "http://localhost:8000/media/sources/all-collabscore-saintsaens-C071_0/ref_mei.xml"}], "files": [{"name": "mei.xml", "url": "http://localhost:8000/media/corpora/all/collabscore/saintsaens/C071_0/mei.xml"}]}