{"ref": "C074_0", "title": "L'Arbre ! Po\u00e9sie de Jean Mor\u00e9as, musique de C. Saint-Sa\u00ebns ", "composer": "Saint-Sa\u00ebns, Camille ", "features": [], "sources": [{"ref": "gallica", "description": "Lien Gallica", "source_type": "JPEG", "mime_type": "image/jpeg", "url": "https://gallica.bnf.fr/ark:/12148/bpt6k321521z"}, {"ref": "ref_mei", "description": "R\u00e9f\u00e9rence MEI", "source_type": "MEI", "mime_type": "application/xml", "url": "http://localhost:8000/media/sources/all-collabscore-saintsaens-C074_0/ref_mei.xml"}], "files": [{"name": "mei.xml", "url": "http://localhost:8000/media/corpora/all/collabscore/saintsaens/C074_0/mei.xml"}]}