{"ref": "C103_0", "title": "[Lever de soleil sur le Nil] ", "composer": "Saint-Sa\u00ebns, Camille ", "features": [{"feature_key": "key_tonic_name", "feature_value": "E"}, {"feature_key": "key_mode", "feature_value": "major"}, {"feature_key": "num_of_parts", "feature_value": "3"}, {"feature_key": "num_of_measures", "feature_value": "204"}, {"feature_key": "instruments", "feature_value": "[None]"}, {"feature_key": "lowest_pitch_each_part", "feature_value": "{\"part1\": \"E3\", \"part2\": \"E2\", \"part3\": \"E1\"}"}, {"feature_key": "highest_pitch_each_part", "feature_value": "{\"part1\": \"E6\", \"part2\": \"A6\", \"part3\": \"G#5\"}"}, {"feature_key": "average_melodic_interval", "feature_value": "3.2103559870550162"}, {"feature_key": "direction_of_motion", "feature_value": "0.5532150776053215"}, {"feature_key": "most_common_note_quarter_length", "feature_value": "0.5"}, {"feature_key": "range_note_quarter_length", "feature_value": "8.0"}, {"feature_key": "initial_time_signature", "feature_value": "[4, 4]"}], "sources": [{"ref": "gallica", "description": "Lien Gallica", "source_type": "JPEG", "mime_type": "image/jpeg", "url": "https://gallica.bnf.fr/ark:/12148/bpt6k11620154"}, {"ref": "ref_mei", "description": "R\u00e9f\u00e9rence MEI", "source_type": "MEI", "mime_type": "application/xml", "url": "http://localhost:8000/media/sources/all-collabscore-saintsaens-C103_0/ref_mei.xml"}], "files": [{"name": "mei.xml", "url": "http://localhost:8000/media/corpora/all/collabscore/saintsaens/C103_0/mei.xml"}]}