{"ref": "C104_0", "title": "[Madeleine] ", "composer": "Saint-Sa\u00ebns, Camille ", "features": [{"feature_key": "key_tonic_name", "feature_value": "B-"}, {"feature_key": "key_mode", "feature_value": "major"}, {"feature_key": "num_of_parts", "feature_value": "3"}, {"feature_key": "num_of_measures", "feature_value": "153"}, {"feature_key": "instruments", "feature_value": "[None]"}, {"feature_key": "lowest_pitch_each_part", "feature_value": "{\"part1\": \"F4\", \"part2\": \"F3\", \"part3\": \"F1\"}"}, {"feature_key": "highest_pitch_each_part", "feature_value": "{\"part1\": \"G5\", \"part2\": \"F6\", \"part3\": \"F4\"}"}, {"feature_key": "average_melodic_interval", "feature_value": "2.642857142857143"}, {"feature_key": "direction_of_motion", "feature_value": "0.48201438848920863"}, {"feature_key": "most_common_note_quarter_length", "feature_value": "0.5"}, {"feature_key": "range_note_quarter_length", "feature_value": "8.0"}, {"feature_key": "initial_time_signature", "feature_value": "[4, 4]"}], "sources": [{"ref": "gallica", "description": "Lien Gallica", "source_type": "JPEG", "mime_type": "image/jpeg", "url": "https://gallica.bnf.fr/ark:/12148/bpt6k11620139"}, {"ref": "ref_mei", "description": "R\u00e9f\u00e9rence MEI", "source_type": "MEI", "mime_type": "application/xml", "url": "http://localhost:8000/media/sources/all-collabscore-saintsaens-C104_0/ref_mei.xml"}], "files": [{"name": "mei.xml", "url": "http://localhost:8000/media/corpora/all/collabscore/saintsaens/C104_0/mei.xml"}]}