{"ref": "C110_0", "title": "[Papillons. Voix et piano] ", "composer": "Saint-Sa\u00ebns, Camille ", "features": [{"feature_key": "key_tonic_name", "feature_value": "G"}, {"feature_key": "key_mode", "feature_value": "major"}, {"feature_key": "num_of_parts", "feature_value": "4"}, {"feature_key": "num_of_measures", "feature_value": "488"}, {"feature_key": "instruments", "feature_value": "[None]"}, {"feature_key": "lowest_pitch_each_part", "feature_value": "{\"part1\": \"D4\", \"part2\": \"E3\", \"part3\": \"G1\", \"part4\": \"E3\"}"}, {"feature_key": "highest_pitch_each_part", "feature_value": "{\"part1\": \"E6\", \"part2\": \"B6\", \"part3\": \"A6\", \"part4\": \"B3\"}"}, {"feature_key": "average_melodic_interval", "feature_value": "4.026622296173045"}, {"feature_key": "direction_of_motion", "feature_value": "0.5677257525083612"}, {"feature_key": "most_common_note_quarter_length", "feature_value": "0.25"}, {"feature_key": "range_note_quarter_length", "feature_value": "12.0"}, {"feature_key": "initial_time_signature", "feature_value": "[4, 4]"}], "sources": [{"ref": "ref_mei", "description": "R\u00e9f\u00e9rence MEI", "source_type": "MEI", "mime_type": "application/xml", "url": "http://localhost:8000/media/sources/all-collabscore-saintsaens-C110_0/ref_mei.xml"}, {"ref": "gallica", "description": "Lien Gallica", "source_type": "JPEG", "mime_type": "image/jpeg", "url": "https://gallica.bnf.fr/ark:/12148/bpt6k383689c"}], "files": [{"name": "mei.xml", "url": "http://localhost:8000/media/corpora/all/collabscore/saintsaens/C110_0/mei.xml"}]}