{"ref": "C111_0", "title": "[Plainte] ", "composer": "Saint-Sa\u00ebns, Camille ", "features": [{"feature_key": "key_tonic_name", "feature_value": "B-"}, {"feature_key": "key_mode", "feature_value": "minor"}, {"feature_key": "num_of_parts", "feature_value": "3"}, {"feature_key": "num_of_measures", "feature_value": "156"}, {"feature_key": "instruments", "feature_value": "[None]"}, {"feature_key": "lowest_pitch_each_part", "feature_value": "{\"part1\": \"E-4\", \"part2\": \"E3\", \"part3\": \"F1\"}"}, {"feature_key": "highest_pitch_each_part", "feature_value": "{\"part1\": \"A-5\", \"part2\": \"F6\", \"part3\": \"B-4\"}"}, {"feature_key": "average_melodic_interval", "feature_value": "3.1363636363636362"}, {"feature_key": "direction_of_motion", "feature_value": "0.3992248062015504"}, {"feature_key": "most_common_note_quarter_length", "feature_value": "2.0"}, {"feature_key": "range_note_quarter_length", "feature_value": "5.5"}, {"feature_key": "initial_time_signature", "feature_value": "[3, 2]"}], "sources": [{"ref": "gallica", "description": "Lien Gallica", "source_type": "JPEG", "mime_type": "image/jpeg", "url": "https://gallica.bnf.fr/ark:/12148/bpt6k1161992q"}, {"ref": "ref_mei", "description": "R\u00e9f\u00e9rence MEI", "source_type": "MEI", "mime_type": "application/xml", "url": "http://localhost:8000/media/sources/all-collabscore-saintsaens-C111_0/ref_mei.xml"}], "files": [{"name": "mei.xml", "url": "http://localhost:8000/media/corpora/all/collabscore/saintsaens/C111_0/mei.xml"}]}