{"ref": "C113_0", "title": "[Pr\u00e9sage de la Croix] ", "composer": "Saint-Sa\u00ebns, Camille ", "features": [{"feature_key": "range_note_quarter_length", "feature_value": "4.5"}, {"feature_key": "initial_time_signature", "feature_value": "[4, 4]"}, {"feature_key": "direction_of_motion", "feature_value": "0.5092989985693849"}, {"feature_key": "most_common_note_quarter_length", "feature_value": "0.5"}, {"feature_key": "key_tonic_name", "feature_value": "F"}, {"feature_key": "key_mode", "feature_value": "major"}, {"feature_key": "num_of_parts", "feature_value": "3"}, {"feature_key": "num_of_measures", "feature_value": "195"}, {"feature_key": "instruments", "feature_value": "[None]"}, {"feature_key": "lowest_pitch_each_part", "feature_value": "{\"part1\": \"C4\", \"part2\": \"F2\", \"part3\": \"A-1\"}"}, {"feature_key": "highest_pitch_each_part", "feature_value": "{\"part1\": \"A5\", \"part2\": \"G6\", \"part3\": \"E5\"}"}, {"feature_key": "average_melodic_interval", "feature_value": "2.9402173913043477"}], "sources": [{"ref": "gallica", "description": "Lien Gallica", "source_type": "JPEG", "mime_type": "image/jpeg", "url": "https://gallica.bnf.fr/ark:/12148/bpt6k1161990w"}, {"ref": "ref_mei", "description": "R\u00e9f\u00e9rence MEI", "source_type": "MEI", "mime_type": "application/xml", "url": "http://localhost:8000/media/sources/all-collabscore-saintsaens-C113_0/ref_mei.xml"}], "files": [{"name": "mei.xml", "url": "http://localhost:8000/media/corpora/all/collabscore/saintsaens/C113_0/mei.xml"}]}