{"ref": "C119_0", "title": "[S'il est un charmant gazon (1915)] ", "composer": "Saint-Sa\u00ebns, Camille ", "features": [{"feature_key": "key_tonic_name", "feature_value": "A"}, {"feature_key": "key_mode", "feature_value": "minor"}, {"feature_key": "num_of_parts", "feature_value": "3"}, {"feature_key": "num_of_measures", "feature_value": "243"}, {"feature_key": "instruments", "feature_value": "[None]"}, {"feature_key": "lowest_pitch_each_part", "feature_value": "{\"part1\": \"E4\", \"part2\": \"F##3\", \"part3\": \"C2\"}"}, {"feature_key": "highest_pitch_each_part", "feature_value": "{\"part1\": \"G5\", \"part2\": \"F#6\", \"part3\": \"F#4\"}"}, {"feature_key": "average_melodic_interval", "feature_value": "4.076388888888889"}, {"feature_key": "direction_of_motion", "feature_value": "0.4804630969609262"}, {"feature_key": "most_common_note_quarter_length", "feature_value": "1.0"}, {"feature_key": "range_note_quarter_length", "feature_value": "5.75"}, {"feature_key": "initial_time_signature", "feature_value": "[4, 4]"}], "sources": [{"ref": "gallica", "description": "Lien Gallica", "source_type": "JPEG", "mime_type": "image/jpeg", "url": "https://gallica.bnf.fr/ark:/12148/bpt6k385494r"}, {"ref": "ref_mei", "description": "R\u00e9f\u00e9rence MEI", "source_type": "MEI", "mime_type": "application/xml", "url": "http://localhost:8000/media/sources/all-collabscore-saintsaens-C119_0/ref_mei.xml"}], "files": [{"name": "mei.xml", "url": "http://localhost:8000/media/corpora/all/collabscore/saintsaens/C119_0/mei.xml"}]}