{"ref": "C133_0", "title": "[Vogue, vogue la gal\u00e8re] ", "composer": "Saint-Sa\u00ebns, Camille ", "features": [{"feature_key": "key_tonic_name", "feature_value": "A-"}, {"feature_key": "key_mode", "feature_value": "major"}, {"feature_key": "num_of_parts", "feature_value": "5"}, {"feature_key": "num_of_measures", "feature_value": "285"}, {"feature_key": "instruments", "feature_value": "[None]"}, {"feature_key": "lowest_pitch_each_part", "feature_value": "{\"part1\": \"E-4\", \"part2\": \"A-3\", \"part3\": \"A-1\", \"part4\": \"A3\", \"part5\": \"E-2\"}"}, {"feature_key": "highest_pitch_each_part", "feature_value": "{\"part1\": \"E-5\", \"part2\": \"E-6\", \"part3\": \"E-5\", \"part4\": \"A-5\", \"part5\": \"E-4\"}"}, {"feature_key": "average_melodic_interval", "feature_value": "3.0449101796407185"}, {"feature_key": "direction_of_motion", "feature_value": "0.5400410677618069"}, {"feature_key": "most_common_note_quarter_length", "feature_value": "0.5"}, {"feature_key": "range_note_quarter_length", "feature_value": "21.0"}, {"feature_key": "initial_time_signature", "feature_value": "[6, 8]"}], "sources": [{"ref": "ref_mei", "description": "R\u00e9f\u00e9rence MEI", "source_type": "MEI", "mime_type": "application/xml", "url": "http://localhost:8000/media/sources/all-collabscore-saintsaens-C133_0/ref_mei.xml"}, {"ref": "gallica", "description": "Lien Gallica", "source_type": "JPEG", "mime_type": "image/jpeg", "url": "https://gallica.bnf.fr/ark:/12148/bpt6k1161964d"}], "files": [{"name": "mei.xml", "url": "http://localhost:8000/media/corpora/all/collabscore/saintsaens/C133_0/mei.xml"}]}