{"ref": "C135_0", "title": "Songs from the published writings of Alfred Tennyson,... set to music by various composers, edited by W. G. Cuisins ", "composer": "Cusins, William George ", "features": [], "sources": [{"ref": "gallica", "description": "Lien Gallica", "source_type": "JPEG", "mime_type": "image/jpeg", "url": "https://gallica.bnf.fr/ark:/12148/bd6t541695251"}, {"ref": "ref_mei", "description": "R\u00e9f\u00e9rence MEI", "source_type": "MEI", "mime_type": "application/xml", "url": "http://localhost:8000/media/sources/all-collabscore-saintsaens-C135_0/ref_mei.xml"}], "files": [{"name": "mei.xml", "url": "http://localhost:8000/media/corpora/all/collabscore/saintsaens/C135_0/mei.xml"}]}