{"ref": "C174_0", "title": "[V\u00e9nus] ", "composer": "Saint-Sa\u00ebns, Camille ", "features": [{"feature_key": "key_tonic_name", "feature_value": "A-"}, {"feature_key": "key_mode", "feature_value": "major"}, {"feature_key": "num_of_parts", "feature_value": "4"}, {"feature_key": "num_of_measures", "feature_value": "460"}, {"feature_key": "instruments", "feature_value": "[None]"}, {"feature_key": "lowest_pitch_each_part", "feature_value": "{\"part1\": \"E3\", \"part2\": \"A-2\", \"part3\": \"A-1\", \"part4\": \"A-1\"}"}, {"feature_key": "highest_pitch_each_part", "feature_value": "{\"part1\": \"A-5\", \"part2\": \"D-6\", \"part3\": \"G-6\", \"part4\": \"B-4\"}"}, {"feature_key": "average_melodic_interval", "feature_value": "4.335437330928765"}, {"feature_key": "direction_of_motion", "feature_value": "0.48494983277591974"}, {"feature_key": "most_common_note_quarter_length", "feature_value": "0.5"}, {"feature_key": "range_note_quarter_length", "feature_value": "8.0"}, {"feature_key": "initial_time_signature", "feature_value": "[4, 4]"}], "sources": [{"ref": "gallica", "description": "Lien Gallica", "source_type": "JPEG", "mime_type": "image/jpeg", "url": "https://gallica.bnf.fr/ark:/12148/bpt6k11619667"}, {"ref": "ref_mei", "description": "R\u00e9f\u00e9rence MEI", "source_type": "MEI", "mime_type": "application/xml", "url": "http://localhost:8000/media/sources/all-collabscore-saintsaens-C174_0/ref_mei.xml"}], "files": [{"name": "mei.xml", "url": "http://localhost:8000/media/corpora/all/collabscore/saintsaens/C174_0/mei.xml"}]}