{"ref": "C309_0", "title": "Psalm CL : Praise Ye The Lord : For double-chorus of mixed voices with orchestra and organ : Op. 127 / by Camille Saint-Sa\u00ebns ; dedicated to Whitney Warren, Esq. ", "composer": "Saint-Sa\u00ebns, Camille ", "features": [], "sources": [{"ref": "gallica", "description": "Lien Gallica", "source_type": "JPEG", "mime_type": "image/jpeg", "url": "https://gallica.bnf.fr/ark:/12148/btv1b52000847s"}, {"ref": "ref_mei", "description": "R\u00e9f\u00e9rence MEI", "source_type": "MEI", "mime_type": "application/xml", "url": "http://localhost:8000/media/sources/all-collabscore-saintsaens-C309_0/ref_mei.xml"}], "files": [{"name": "mei.xml", "url": "http://localhost:8000/media/corpora/all/collabscore/saintsaens/C309_0/mei.xml"}]}