{"ref": "C426_0", "title": "A la France : op. 121 : ch\u0153ur pour les \u00e9l\u00e8ves des lyc\u00e9es et coll\u00e8ges (gar\u00e7ons) / paroles de J. Combarieu ; musique de C. Saint-Sa\u00ebns ", "composer": "Saint-Sa\u00ebns, Camille ", "features": [], "sources": [{"ref": "gallica", "description": "Lien Gallica", "source_type": "JPEG", "mime_type": "image/jpeg", "url": "https://gallica.bnf.fr/ark:/12148/bpt6k1191375z"}, {"ref": "ref_mei", "description": "R\u00e9f\u00e9rence MEI", "source_type": "MEI", "mime_type": "application/xml", "url": "http://localhost:8000/media/sources/all-collabscore-saintsaens-C426_0/ref_mei.xml"}], "files": [{"name": "mei.xml", "url": "http://localhost:8000/media/corpora/all/collabscore/saintsaens/C426_0/mei.xml"}]}