{"ref": "C438_0", "title": "[Les fleurs et les arbres. Op. 68, no 2] ", "composer": "Saint-Sa\u00ebns, Camille ", "features": [{"feature_key": "key_tonic_name", "feature_value": "E"}, {"feature_key": "key_mode", "feature_value": "major"}, {"feature_key": "num_of_parts", "feature_value": "4"}, {"feature_key": "num_of_measures", "feature_value": "324"}, {"feature_key": "instruments", "feature_value": "[None]"}, {"feature_key": "lowest_pitch_each_part", "feature_value": "{\"part1\": \"F#4\", \"part2\": \"B3\", \"part3\": \"E3\", \"part4\": \"G#2\"}"}, {"feature_key": "highest_pitch_each_part", "feature_value": "{\"part1\": \"G#5\", \"part2\": \"C#5\", \"part3\": \"C#5\", \"part4\": \"C#4\"}"}, {"feature_key": "average_melodic_interval", "feature_value": "1.6801405975395431"}, {"feature_key": "direction_of_motion", "feature_value": "0.48615384615384616"}, {"feature_key": "most_common_note_quarter_length", "feature_value": "0.5"}, {"feature_key": "range_note_quarter_length", "feature_value": "5.0"}, {"feature_key": "initial_time_signature", "feature_value": "[2, 4]"}], "sources": [{"ref": "gallica", "description": "Lien Gallica", "source_type": "JPEG", "mime_type": "image/jpeg", "url": "https://gallica.bnf.fr/ark:/12148/bpt6k1170201f"}, {"ref": "ref_mei", "description": "R\u00e9f\u00e9rence MEI", "source_type": "MEI", "mime_type": "application/xml", "url": "http://localhost:8000/media/sources/all-collabscore-saintsaens-C438_0/ref_mei.xml"}], "files": [{"name": "mei.xml", "url": "http://localhost:8000/media/corpora/all/collabscore/saintsaens/C438_0/mei.xml"}]}