{"ref": "C452_0", "title": "[Les marins de Kermor. Op. 71, no 1] ", "composer": "Saint-Sa\u00ebns, Camille ", "features": [{"feature_key": "num_of_parts", "feature_value": "5"}, {"feature_key": "num_of_measures", "feature_value": "1260"}, {"feature_key": "instruments", "feature_value": "[None]"}, {"feature_key": "key_tonic_name", "feature_value": "F"}, {"feature_key": "key_mode", "feature_value": "major"}, {"feature_key": "lowest_pitch_each_part", "feature_value": "{\"part1\": \"G3\", \"part2\": \"C3\", \"part3\": \"C3\", \"part4\": \"B-2\", \"part5\": \"E-2\"}"}, {"feature_key": "highest_pitch_each_part", "feature_value": "{\"part1\": \"B-4\", \"part2\": \"B-4\", \"part3\": \"F4\", \"part4\": \"F4\", \"part5\": \"E-4\"}"}, {"feature_key": "average_melodic_interval", "feature_value": "2.088432523051132"}, {"feature_key": "direction_of_motion", "feature_value": "0.4843373493975904"}, {"feature_key": "most_common_note_quarter_length", "feature_value": "0.5"}, {"feature_key": "range_note_quarter_length", "feature_value": "53.75"}, {"feature_key": "initial_time_signature", "feature_value": "[4, 4]"}], "sources": [{"ref": "gallica", "description": "Lien Gallica", "source_type": "JPEG", "mime_type": "image/jpeg", "url": "https://gallica.bnf.fr/ark:/12148/bpt6k1174892k"}, {"ref": "ref_mei", "description": "R\u00e9f\u00e9rence MEI", "source_type": "MEI", "mime_type": "application/xml", "url": "http://localhost:8000/media/sources/all-collabscore-saintsaens-C452_0/ref_mei.xml"}], "files": [{"name": "mei.xml", "url": "http://localhost:8000/media/corpora/all/collabscore/saintsaens/C452_0/mei.xml"}]}