{"ref": "C456_0", "title": "[Les soldats de G\u00e9d\u00e9on. Op. 46] ", "composer": "Saint-Sa\u00ebns, Camille ", "features": [{"feature_key": "key_tonic_name", "feature_value": "C"}, {"feature_key": "key_mode", "feature_value": "minor"}, {"feature_key": "num_of_parts", "feature_value": "8"}, {"feature_key": "num_of_measures", "feature_value": "2880"}, {"feature_key": "instruments", "feature_value": "[None]"}, {"feature_key": "lowest_pitch_each_part", "feature_value": "{\"part1\": \"D4\", \"part2\": \"D4\", \"part3\": \"B-2\", \"part4\": \"C2\", \"part5\": \"E-4\", \"part6\": \"E-4\", \"part7\": \"B-2\", \"part8\": \"C2\"}"}, {"feature_key": "highest_pitch_each_part", "feature_value": "{\"part1\": \"B-5\", \"part2\": \"A5\", \"part3\": \"F4\", \"part4\": \"F4\", \"part5\": \"B-5\", \"part6\": \"A-5\", \"part7\": \"E-4\", \"part8\": \"E-4\"}"}, {"feature_key": "average_melodic_interval", "feature_value": "1.6803402646502836"}, {"feature_key": "direction_of_motion", "feature_value": "0.4468417761100688"}, {"feature_key": "most_common_note_quarter_length", "feature_value": "1.0"}, {"feature_key": "range_note_quarter_length", "feature_value": "21.75"}, {"feature_key": "initial_time_signature", "feature_value": "[3, 4]"}], "sources": [{"ref": "gallica", "description": "Lien Gallica", "source_type": "JPEG", "mime_type": "image/jpeg", "url": "https://gallica.bnf.fr/ark:/12148/bpt6k1174905r"}, {"ref": "ref_mei", "description": "R\u00e9f\u00e9rence MEI", "source_type": "MEI", "mime_type": "application/xml", "url": "http://localhost:8000/media/sources/all-collabscore-saintsaens-C456_0/ref_mei.xml"}], "files": [{"name": "mei.xml", "url": "http://localhost:8000/media/corpora/all/collabscore/saintsaens/C456_0/mei.xml"}]}