{"ref": "C457_0", "title": "Le Sourire. [Ch\u0153ur pour 3 voix de femmes avec accompagnement de piano.] Op. 151, III. Po\u00e9sie de Jean Mirval ", "composer": "Saint-Sa\u00ebns, Camille ", "features": [], "sources": [{"ref": "gallica", "description": "Lien Gallica", "source_type": "JPEG", "mime_type": "image/jpeg", "url": "https://gallica.bnf.fr/ark:/12148/bpt6k12815338"}, {"ref": "ref_mei", "description": "R\u00e9f\u00e9rence MEI", "source_type": "MEI", "mime_type": "application/xml", "url": "http://localhost:8000/media/sources/all-collabscore-saintsaens-C457_0/ref_mei.xml"}], "files": [{"name": "mei.xml", "url": "http://localhost:8000/media/corpora/all/collabscore/saintsaens/C457_0/mei.xml"}]}