{"ref": "R130_0", "title": "[Sonates. Violon, piano. No 2. R 130. Mi b\u00e9mol majeur] ", "composer": "Saint-Sa\u00ebns, Camille ", "features": [], "sources": [{"ref": "gallica", "description": "Lien Gallica", "source_type": "JPEG", "mime_type": "image/jpeg", "url": "https://gallica.bnf.fr/ark:/12148/bpt6k1159281q"}, {"ref": "ref_mei", "description": "R\u00e9f\u00e9rence MEI", "source_type": "MEI", "mime_type": "application/xml", "url": "http://localhost:8000/media/sources/all-collabscore-saintsaens-R130_0/ref_mei.xml"}], "files": [{"name": "mei.xml", "url": "http://localhost:8000/media/corpora/all/collabscore/saintsaens/R130_0/mei.xml"}]}