{"ref": "R165_1", "title": "[Suites. Orchestre. R 165. R\u00e9 majeur], N.1 Pr\u00e9lude ", "composer": "Saint-Sa\u00ebns, Camille ", "features": [{"feature_key": "key_tonic_name", "feature_value": "D"}, {"feature_key": "key_mode", "feature_value": "major"}, {"feature_key": "num_of_parts", "feature_value": "10"}, {"feature_key": "num_of_measures", "feature_value": "530"}, {"feature_key": "instruments", "feature_value": "[None]"}, {"feature_key": "lowest_pitch_each_part", "feature_value": "{\"part1\": \"B4\", \"part2\": \"B3\", \"part3\": \"B3\", \"part4\": \"A2\", \"part5\": \"C2\", \"part6\": \"B3\", \"part7\": \"A3\", \"part8\": \"C#3\", \"part9\": \"A2\", \"part10\": \"F#2\"}"}, {"feature_key": "highest_pitch_each_part", "feature_value": "{\"part1\": \"A6\", \"part2\": \"B5\", \"part3\": \"B5\", \"part4\": \"A4\", \"part5\": \"G5\", \"part6\": \"A6\", \"part7\": \"B5\", \"part8\": \"E5\", \"part9\": \"A4\", \"part10\": \"A3\"}"}, {"feature_key": "average_melodic_interval", "feature_value": "3.21585482330468"}, {"feature_key": "direction_of_motion", "feature_value": "0.5132382892057027"}, {"feature_key": "most_common_note_quarter_length", "feature_value": "0.5"}, {"feature_key": "range_note_quarter_length", "feature_value": "55.75"}, {"feature_key": "initial_time_signature", "feature_value": "[4, 4]"}], "sources": [{"ref": "gallica", "description": "Lien Gallica", "source_type": "JPEG", "mime_type": "image/jpeg", "url": "https://gallica.bnf.fr/ark:/12148/bpt6k1170233d"}, {"ref": "ref_mei", "description": "R\u00e9f\u00e9rence MEI", "source_type": "MEI", "mime_type": "application/xml", "url": "http://localhost:8000/media/sources/all-collabscore-saintsaens-R165_1/ref_mei.xml"}], "files": [{"name": "mei.xml", "url": "http://localhost:8000/media/corpora/all/collabscore/saintsaens/R165_1/mei.xml"}]}