{"ref": "R165_2", "title": "[Suites. Orchestre. R 165. R\u00e9 majeur], N.2 S\u00e9r\u00e9nade ", "composer": "Saint-Sa\u00ebns, Camille ", "features": [{"feature_key": "key_tonic_name", "feature_value": "D"}, {"feature_key": "key_mode", "feature_value": "major"}, {"feature_key": "num_of_parts", "feature_value": "9"}, {"feature_key": "num_of_measures", "feature_value": "495"}, {"feature_key": "instruments", "feature_value": "[None]"}, {"feature_key": "lowest_pitch_each_part", "feature_value": "{\"part1\": \"E4\", \"part2\": \"A4\", \"part3\": \"A3\", \"part4\": \"C#3\", \"part5\": \"B3\", \"part6\": \"G3\", \"part7\": \"B2\", \"part8\": \"D2\", \"part9\": \"D2\"}"}, {"feature_key": "highest_pitch_each_part", "feature_value": "{\"part1\": \"A6\", \"part2\": \"D6\", \"part3\": \"G5\", \"part4\": \"G4\", \"part5\": \"A6\", \"part6\": \"E5\", \"part7\": \"C#5\", \"part8\": \"G4\", \"part9\": \"A3\"}"}, {"feature_key": "average_melodic_interval", "feature_value": "3.0979591836734692"}, {"feature_key": "direction_of_motion", "feature_value": "0.4145616641901932"}, {"feature_key": "most_common_note_quarter_length", "feature_value": "1.0"}, {"feature_key": "range_note_quarter_length", "feature_value": "11.5"}, {"feature_key": "initial_time_signature", "feature_value": "[3, 2]"}], "sources": [{"ref": "gallica", "description": "Lien Gallica", "source_type": "JPEG", "mime_type": "image/jpeg", "url": "https://gallica.bnf.fr/ark:/12148/bpt6k1170233d"}, {"ref": "ref_mei", "description": "R\u00e9f\u00e9rence MEI", "source_type": "MEI", "mime_type": "application/xml", "url": "http://localhost:8000/media/sources/all-collabscore-saintsaens-R165_2/ref_mei.xml"}], "files": [{"name": "mei.xml", "url": "http://localhost:8000/media/corpora/all/collabscore/saintsaens/R165_2/mei.xml"}]}