{"ref": "R165_1brut", "title": "R165_1brut", "composer": null, "features": [{"feature_key": "key_tonic_name", "feature_value": "D"}, {"feature_key": "key_mode", "feature_value": "major"}, {"feature_key": "num_of_parts", "feature_value": "10"}, {"feature_key": "num_of_measures", "feature_value": "530"}, {"feature_key": "instruments", "feature_value": "[None]"}, {"feature_key": "lowest_pitch_each_part", "feature_value": "{\"part1\": \"A4\", \"part2\": \"G3\", \"part3\": \"D4\", \"part4\": \"A2\", \"part5\": \"A1\", \"part6\": \"G3\", \"part7\": \"F#3\", \"part8\": \"C4\", \"part9\": \"G2\", \"part10\": \"F#2\"}"}, {"feature_key": "highest_pitch_each_part", "feature_value": "{\"part1\": \"A6\", \"part2\": \"B5\", \"part3\": \"E6\", \"part4\": \"D5\", \"part5\": \"G5\", \"part6\": \"G6\", \"part7\": \"C6\", \"part8\": \"E6\", \"part9\": \"B5\", \"part10\": \"D6\"}"}, {"feature_key": "average_melodic_interval", "feature_value": "3.33984375"}, {"feature_key": "direction_of_motion", "feature_value": "0.5191489361702127"}, {"feature_key": "most_common_note_quarter_length", "feature_value": "0.5"}, {"feature_key": "range_note_quarter_length", "feature_value": "12.0"}, {"feature_key": "initial_time_signature", "feature_value": "[4, 4]"}], "sources": [{"ref": "ref_mei", "description": "R\u00e9f\u00e9rence MEI", "source_type": "MEI", "mime_type": "application/xml", "url": "http://localhost:8000/media/sources/all-collabscore-saintsaens-R165_1brut/ref_mei.xml"}], "files": [{"name": "mei.xml", "url": "http://localhost:8000/media/corpora/all/collabscore/saintsaens/R165_1brut/mei.xml"}]}