{"ref": "R171_3", "title": "[Danse macabre. R 171 (Po\u00e8me symphonique)] ", "composer": "Saint-Sa\u00ebns, Camille ", "features": [{"feature_key": "key_tonic_name", "feature_value": "G"}, {"feature_key": "key_mode", "feature_value": "minor"}, {"feature_key": "num_of_parts", "feature_value": "4"}, {"feature_key": "num_of_measures", "feature_value": "1884"}, {"feature_key": "instruments", "feature_value": "[None]"}, {"feature_key": "lowest_pitch_each_part", "feature_value": "{\"part1\": \"G3\", \"part2\": \"D2\", \"part3\": \"C1\", \"part4\": \"G1\"}"}, {"feature_key": "highest_pitch_each_part", "feature_value": "{\"part1\": \"A#6\", \"part2\": \"B-7\", \"part3\": \"F#5\", \"part4\": \"C3\"}"}, {"feature_key": "average_melodic_interval", "feature_value": "3.9126153846153846"}, {"feature_key": "direction_of_motion", "feature_value": "0.4980047885075818"}, {"feature_key": "most_common_note_quarter_length", "feature_value": "0.5"}, {"feature_key": "range_note_quarter_length", "feature_value": "12.0"}, {"feature_key": "initial_time_signature", "feature_value": "[3, 4]"}], "sources": [{"ref": "gallica", "description": "Lien Gallica", "source_type": "JPEG", "mime_type": "image/jpeg", "url": "https://gallica.bnf.fr/ark:/12148/bpt6k1170198d"}, {"ref": "ref_mei", "description": "R\u00e9f\u00e9rence MEI", "source_type": "MEI", "mime_type": "application/xml", "url": "http://localhost:8000/media/sources/all-collabscore-saintsaens-R171_3/ref_mei.xml"}], "files": [{"name": "mei.xml", "url": "http://localhost:8000/media/corpora/all/collabscore/saintsaens/R171_3/mei.xml"}]}