{"ref": "R253_0", "title": "2 fantaisies \u00e9crites pour le luth (viruela) / par D. Luis Milan de Valence, compositeur espagnol du XVIe si\u00e8cle ; transcrites pour le piano par C. Saint-Sa\u00ebns ", "composer": "Mil\u00e1n, Luis de ", "features": [], "sources": [{"ref": "gallica", "description": "Lien Gallica", "source_type": "JPEG", "mime_type": "image/jpeg", "url": "https://gallica.bnf.fr/ark:/12148/bpt6k1174900p"}, {"ref": "ref_mei", "description": "R\u00e9f\u00e9rence MEI", "source_type": "MEI", "mime_type": "application/xml", "url": "http://localhost:8000/media/sources/all-collabscore-saintsaens-R253_0/ref_mei.xml"}], "files": [{"name": "mei.xml", "url": "http://localhost:8000/media/corpora/all/collabscore/saintsaens/R253_0/mei.xml"}]}