{"ref": "R264_0", "title": "4e Symphonie en sol majeur dedi\u00e9e \u00e0 la Soci\u00e9t\u00e9 des concerts du Conservatoire de Paris, [pour orchestre] par Henri Reber,... et arrang\u00e9e pour le piano \u00e0 quatre mains par Camille Saint-Sa\u00ebns... ", "composer": "Reber, Henri ", "features": [], "sources": [{"ref": "gallica", "description": "Lien Gallica", "source_type": "JPEG", "mime_type": "image/jpeg", "url": "https://gallica.bnf.fr/ark:/12148/bd6t541694426"}, {"ref": "ref_mei", "description": "R\u00e9f\u00e9rence MEI", "source_type": "MEI", "mime_type": "application/xml", "url": "http://localhost:8000/media/sources/all-collabscore-saintsaens-R264_0/ref_mei.xml"}], "files": [{"name": "mei.xml", "url": "http://localhost:8000/media/corpora/all/collabscore/saintsaens/R264_0/mei.xml"}]}