{"ref": "wtc2", "title": "Das Wohltemperierte Clavier, book 1", "short_title": "WTC, book 2", "description": "Second book of the Well-Tempered Clavier, converted from the kern scores at https://kern.humdrum.org/", "is_public": true, "short_description": "Second book of the Well-Tempered Clavier, converted from the kern scores at https://kern.humdrum.org/", "licence_code": "CC BY-SA", "copyright": null, "supervisors": null, "composer": {"first_name": "Johann Sebastian", "last_name": "Bach", "year_birth": 1685, "year_death": 1750, "dbpedia_uri": "https://dbpedia.org/resource/Johann_Sebastian_Bach"}}