{"ref": "all:composers:bach:wtc2:wtc2f06", "title": "Fuga 6, Vol. 2", "composer": null, "features": [{"feature_key": "key_tonic_name", "feature_value": "D"}, {"feature_key": "key_mode", "feature_value": "minor"}, {"feature_key": "num_of_parts", "feature_value": "3"}, {"feature_key": "num_of_measures", "feature_value": "81"}, {"feature_key": "instruments", "feature_value": "[None, None, None]"}, {"feature_key": "lowest_pitch_each_part", "feature_value": "{\"part1\": \"C#4\", \"part2\": \"C#3\", \"part3\": \"C#2\"}"}, {"feature_key": "highest_pitch_each_part", "feature_value": "{\"part1\": \"B-5\", \"part2\": \"D5\", \"part3\": \"E-4\"}"}, {"feature_key": "average_melodic_interval", "feature_value": "2.166875784190715"}, {"feature_key": "direction_of_motion", "feature_value": "0.4191082802547771"}, {"feature_key": "most_common_note_quarter_length", "feature_value": "0.16666666666666666"}, {"feature_key": "range_note_quarter_length", "feature_value": "2.5833333333333335"}, {"feature_key": "initial_time_signature", "feature_value": "[0, 0]"}, {"feature_key": "composer", "feature_value": "https://dbpedia.org/resource/Johann_Sebastian_Bach"}], "sources": [], "files": [{"name": "mei.xml", "url": "http://localhost:8000/media/corpora/all/composers/bach/wtc2/wtc2f06/mei.xml"}, {"name": "summary.json", "url": "http://localhost:8000/media/corpora/all/composers/bach/wtc2/wtc2f06/summary.json"}]}