{"ref": "all:composers:bach:wtc2:wtc2f20", "title": "Fuga 20, Vol. 2", "composer": null, "features": [{"feature_key": "key_tonic_name", "feature_value": "A"}, {"feature_key": "key_mode", "feature_value": "minor"}, {"feature_key": "num_of_parts", "feature_value": "3"}, {"feature_key": "num_of_measures", "feature_value": "84"}, {"feature_key": "instruments", "feature_value": "[None, None, None]"}, {"feature_key": "lowest_pitch_each_part", "feature_value": "{\"part1\": \"A3\", \"part2\": \"D#3\", \"part3\": \"A1\"}"}, {"feature_key": "highest_pitch_each_part", "feature_value": "{\"part1\": \"C6\", \"part2\": \"F#5\", \"part3\": \"B-4\"}"}, {"feature_key": "average_melodic_interval", "feature_value": "2.8057851239669422"}, {"feature_key": "direction_of_motion", "feature_value": "0.43714285714285717"}, {"feature_key": "most_common_note_quarter_length", "feature_value": "0.125"}, {"feature_key": "range_note_quarter_length", "feature_value": "2.375"}, {"feature_key": "initial_time_signature", "feature_value": "[0, 0]"}, {"feature_key": "composer", "feature_value": "https://dbpedia.org/resource/Johann_Sebastian_Bach"}], "sources": [], "files": [{"name": "mei.xml", "url": "http://localhost:8000/media/corpora/all/composers/bach/wtc2/wtc2f20/mei.xml"}, {"name": "summary.json", "url": "http://localhost:8000/media/corpora/all/composers/bach/wtc2/wtc2f20/summary.json"}]}