{"ref": "all:composers:bach:wtc2:wtc2f19", "title": "Fuga 19, Vol. 2", "composer": null, "features": [{"feature_key": "key_tonic_name", "feature_value": "F#"}, {"feature_key": "key_mode", "feature_value": "minor"}, {"feature_key": "num_of_parts", "feature_value": "3"}, {"feature_key": "num_of_measures", "feature_value": "87"}, {"feature_key": "instruments", "feature_value": "[None, None, None]"}, {"feature_key": "lowest_pitch_each_part", "feature_value": "{\"part1\": \"D4\", \"part2\": \"F#3\", \"part3\": \"A1\"}"}, {"feature_key": "highest_pitch_each_part", "feature_value": "{\"part1\": \"B5\", \"part2\": \"E5\", \"part3\": \"G#4\"}"}, {"feature_key": "average_melodic_interval", "feature_value": "2.5019973368841546"}, {"feature_key": "direction_of_motion", "feature_value": "0.5054794520547945"}, {"feature_key": "most_common_note_quarter_length", "feature_value": "0.25"}, {"feature_key": "range_note_quarter_length", "feature_value": "2.5"}, {"feature_key": "initial_time_signature", "feature_value": "[0, 0]"}, {"feature_key": "composer", "feature_value": "https://dbpedia.org/resource/Johann_Sebastian_Bach"}], "sources": [], "files": [{"name": "mei.xml", "url": "http://localhost:8000/media/corpora/all/composers/bach/wtc2/wtc2f19/mei.xml"}, {"name": "summary.json", "url": "http://localhost:8000/media/corpora/all/composers/bach/wtc2/wtc2f19/summary.json"}]}