{"ref": "all:composers:bach:wtc2:wtc2f01", "title": "Fuga 1, Vol. 2", "composer": null, "features": [{"feature_key": "key_tonic_name", "feature_value": "C"}, {"feature_key": "key_mode", "feature_value": "major"}, {"feature_key": "num_of_parts", "feature_value": "3"}, {"feature_key": "num_of_measures", "feature_value": "249"}, {"feature_key": "instruments", "feature_value": "[None, None, None]"}, {"feature_key": "lowest_pitch_each_part", "feature_value": "{\"part1\": \"A3\", \"part2\": \"C3\", \"part3\": \"C2\"}"}, {"feature_key": "highest_pitch_each_part", "feature_value": "{\"part1\": \"C6\", \"part2\": \"A5\", \"part3\": \"A4\"}"}, {"feature_key": "average_melodic_interval", "feature_value": "2.596116504854369"}, {"feature_key": "direction_of_motion", "feature_value": "0.5226377952755905"}, {"feature_key": "most_common_note_quarter_length", "feature_value": "0.25"}, {"feature_key": "range_note_quarter_length", "feature_value": "6.25"}, {"feature_key": "initial_time_signature", "feature_value": "[0, 0]"}, {"feature_key": "composer", "feature_value": "https://dbpedia.org/resource/Johann_Sebastian_Bach"}], "sources": [], "files": [{"name": "mei.xml", "url": "http://localhost:8000/media/corpora/all/composers/bach/wtc2/wtc2f01/mei.xml"}, {"name": "summary.json", "url": "http://localhost:8000/media/corpora/all/composers/bach/wtc2/wtc2f01/summary.json"}]}