{"ref": "C006_0", "title": "[Dans les coins bleus] ", "composer": "Saint-Sa\u00ebns, Camille ", "features": [], "sources": [{"ref": "gallica", "description": "Lien Gallica", "source_type": "JPEG", "mime_type": "image/jpeg", "url": "https://gallica.bnf.fr/ark:/12148/bpt6k11620473", "file_path": null, "has_manifest": false}, {"ref": "ref_mei", "description": "R\u00e9f\u00e9rence MEI", "source_type": "MEI", "mime_type": "application/xml", "url": "", "file_path": "/media/sources/all-collabscore-saintsaens-ref-C006_0/ref_mei.mei", "has_manifest": false}, {"ref": "dmos", "description": "Created via REST call on 2023-12-06", "source_type": "DMOS", "mime_type": "application/json", "url": "", "file_path": "/media/sources/all-collabscore-saintsaens-ref-C006_0/dmos.json", "has_manifest": true}, {"ref": "midi", "description": "MIDI file generated on 2023-12-21", "source_type": "MIDI", "mime_type": "audio/midi", "url": "", "file_path": "/media/sources/all-collabscore-saintsaens-ref-C006_0/midi.midi", "has_manifest": false}], "files": [{"name": "score.xml", "url": "http://localhost:8000/media/corpora/all/collabscore/saintsaens-ref/C006_0/score.xml"}, {"name": "mei.xml", "url": "http://localhost:8000/media/corpora/all/collabscore/saintsaens-ref/C006_0/mei.xml"}]}