{"ref": "C006_0", "title": "[Dans les coins bleus] ", "composer": "Saint-Sa\u00ebns, Camille ", "features": [], "sources": [{"ref": "gallica", "description": "Lien Gallica", "source_type": "JPEG", "mime_type": "image/jpeg", "url": "https://gallica.bnf.fr/ark:/12148/bpt6k11620473", "images": [{"format": "image/jpeg", "width": 4622, "height": 6174, "url": "https://gallica.bnf.fr/iiif/ark:/12148/bpt6k11620473/f1"}, {"format": "image/jpeg", "width": 4512, "height": 6174, "url": "https://gallica.bnf.fr/iiif/ark:/12148/bpt6k11620473/f2"}, {"format": "image/jpeg", "width": 4622, "height": 6174, "url": "https://gallica.bnf.fr/iiif/ark:/12148/bpt6k11620473/f3"}, {"format": "image/jpeg", "width": 4512, "height": 6174, "url": "https://gallica.bnf.fr/iiif/ark:/12148/bpt6k11620473/f4"}, {"format": "image/jpeg", "width": 4622, "height": 6174, "url": "https://gallica.bnf.fr/iiif/ark:/12148/bpt6k11620473/f5"}, {"format": "image/jpeg", "width": 4587, "height": 6174, "url": "https://gallica.bnf.fr/iiif/ark:/12148/bpt6k11620473/f6"}]}, {"ref": "ref_mei", "description": "R\u00e9f\u00e9rence MEI", "source_type": "MEI", "mime_type": "application/xml", "url": "https://neuma.huma-num.fr/media/sources/all-collabscore-saintsaens-ref-C006_0/C006_0.mei"}, {"ref": "dmos", "description": "Created via REST call on 2023-12-06", "source_type": "DMOS", "mime_type": "application/json", "url": "https://neuma.huma-num.fr/media/sources/all-collabscore-saintsaens-ref-C006_0/dmos.json"}, {"ref": "midi", "description": "MIDI file generated on 2023-12-21", "source_type": "MIDI", "mime_type": "audio/midi", "url": "https://neuma.huma-num.fr/media/sources/all-collabscore-saintsaens-ref-C006_0/score.midi"}], "files": [{"name": "score.xml", "url": "https://neuma.huma-num.fr/media/corpora/all/collabscore/saintsaens-ref/C006_0/score.xml"}, {"name": "mei.xml", "url": "https://neuma.huma-num.fr/media/corpora/all/collabscore/saintsaens-ref/C006_0/mei.xml"}]}