{"ref": "C006_0", "title": "[Dans les coins bleus] ", "composer": "Saint-Sa\u00ebns, Camille ", "features": [], "sources": [{"ref": "gallica", "description": "Lien Gallica", "source_type": "JPEG", "mime_type": "image/jpeg", "url": "https://gallica.bnf.fr/ark:/12148/bpt6k11620473"}, {"ref": "ref_mei", "description": "R\u00e9f\u00e9rence MEI", "source_type": "MEI", "mime_type": "application/xml", "url": "http://neuma.huma-num.fr/media/sources/all-collabscore-saintsaens-ref-C006_0/ref_mei.xml"}, {"ref": "dmos", "description": "Created via REST call on 2023-12-06", "source_type": "DMOS", "mime_type": "application/json", "url": "http://neuma.huma-num.fr/media/sources/all-collabscore-saintsaens-ref-C006_0/dmos.json"}], "files": [{"name": "score.xml", "url": "http://neuma.huma-num.fr/media/corpora/all/collabscore/saintsaens-ref/C006_0/score.xml"}, {"name": "mei.xml", "url": "http://neuma.huma-num.fr/media/corpora/all/collabscore/saintsaens-ref/C006_0/mei.xml"}]}