{"ref": "C010_0", "title": "God save the King Hymne national anglais, traduction fran\u00e7aise et accompagnement de piano par C. Saint-Sa\u00ebns ", "composer": "Carey, Henry ", "features": [], "sources": [{"ref": "gallica", "description": "Lien Gallica", "source_type": "JPEG", "mime_type": "image/jpeg", "url": "https://gallica.bnf.fr/ark:/12148/bpt6k386168k"}, {"ref": "ref_mei", "description": "R\u00e9f\u00e9rence MEI", "source_type": "MEI", "mime_type": "application/xml", "url": "http://neuma.huma-num.fr/media/sources/all-collabscore-saintsaens-ref-C010_0/ref_mei.xml"}], "files": [{"name": "mei.xml", "url": "http://neuma.huma-num.fr/media/corpora/all/collabscore/saintsaens-ref/C010_0/mei.xml"}]}