{"ref": "C035_0", "title": "Avril, po\u00e9sie de R\u00e9my Belleau. Chant et piano. (Vieilles chansons) ", "composer": "Saint-Sa\u00ebns, Camille ", "features": [], "sources": [{"ref": "gallica", "description": "Lien Gallica", "source_type": "JPEG", "mime_type": "image/jpeg", "url": "https://gallica.bnf.fr/ark:/12148/bpt6k3939359", "images": [{"format": "image/jpeg", "width": 3189, "height": 4158, "url": "https://gallica.bnf.fr/iiif/ark:/12148/bpt6k3939359/f1"}, {"format": "image/jpeg", "width": 3150, "height": 4128, "url": "https://gallica.bnf.fr/iiif/ark:/12148/bpt6k3939359/f2"}, {"format": "image/jpeg", "width": 3189, "height": 4158, "url": "https://gallica.bnf.fr/iiif/ark:/12148/bpt6k3939359/f3"}, {"format": "image/jpeg", "width": 3150, "height": 4128, "url": "https://gallica.bnf.fr/iiif/ark:/12148/bpt6k3939359/f4"}, {"format": "image/jpeg", "width": 3189, "height": 4158, "url": "https://gallica.bnf.fr/iiif/ark:/12148/bpt6k3939359/f5"}, {"format": "image/jpeg", "width": 3150, "height": 4128, "url": "https://gallica.bnf.fr/iiif/ark:/12148/bpt6k3939359/f6"}, {"format": "image/jpeg", "width": 3189, "height": 4158, "url": "https://gallica.bnf.fr/iiif/ark:/12148/bpt6k3939359/f7"}, {"format": "image/jpeg", "width": 3150, "height": 4128, "url": "https://gallica.bnf.fr/iiif/ark:/12148/bpt6k3939359/f8"}]}, {"ref": "ref_mei", "description": "R\u00e9f\u00e9rence MEI", "source_type": "MEI", "mime_type": "application/xml", "url": "https://neuma.huma-num.fr/media/sources/all-collabscore-saintsaens-ref-C035_0/C035_0.mei"}, {"ref": "dmos", "description": "Created via REST call on 2023-12-13", "source_type": "DMOS", "mime_type": "application/json", "url": "https://neuma.huma-num.fr/media/sources/all-collabscore-saintsaens-ref-C035_0/dmos.json"}], "files": [{"name": "score.xml", "url": "https://neuma.huma-num.fr/media/corpora/all/collabscore/saintsaens-ref/C035_0/score.xml"}, {"name": "mei.xml", "url": "https://neuma.huma-num.fr/media/corpora/all/collabscore/saintsaens-ref/C035_0/mei.xml"}]}