{"ref": "C035_0", "title": "Avril, po\u00e9sie de R\u00e9my Belleau. Chant et piano. (Vieilles chansons) ", "composer": "Saint-Sa\u00ebns, Camille ", "features": [], "sources": [{"ref": "ref_mei", "description": "R\u00e9f\u00e9rence MEI", "source_type": "MEI", "mime_type": "application/xml", "url": "", "file_path": "/media/sources/all-collabscore-saintsaens-ref-C035_0/ref_mei.mei", "has_manifest": false}, {"ref": "dmos", "description": "Created via REST call on 2023-12-13", "source_type": "DMOS", "mime_type": "application/json", "url": "", "file_path": "/media/sources/all-collabscore-saintsaens-ref-C035_0/dmos.json", "has_manifest": false}, {"ref": "gallica", "description": "Lien Gallica", "source_type": "JPEG", "mime_type": "image/jpeg", "url": "https://gallica.bnf.fr/ark:/12148/bpt6k3939359", "file_path": null, "has_manifest": false}], "files": [{"name": "score.xml", "url": "http://localhost:8000/media/corpora/all/collabscore/saintsaens-ref/C035_0/score.xml"}, {"name": "mei.xml", "url": "http://localhost:8000/media/corpora/all/collabscore/saintsaens-ref/C035_0/mei.xml"}]}