{"ref": "C036_0", "title": "L'Amour bless\u00e9. Po\u00e9sie de Ronsard. Chant et piano (soprano) ", "composer": "Saint-Sa\u00ebns, Camille ", "features": [], "sources": [{"ref": "ref_mei", "description": "R\u00e9f\u00e9rence MEI", "source_type": "MEI", "mime_type": "application/xml", "url": "http://neuma.huma-num.fr/media/sources/all-collabscore-saintsaens-ref-C036_0/ref_mei.xml"}, {"ref": "gallica", "description": "Lien Gallica", "source_type": "JPEG", "mime_type": "image/jpeg", "url": "https://gallica.bnf.fr/ark:/12148/bpt6k3821202"}, {"ref": "dmos", "description": "Created via REST call on 2023-12-12", "source_type": "DMOS", "mime_type": "application/json", "url": "http://neuma.huma-num.fr/media/sources/all-collabscore-saintsaens-ref-C036_0/dmos.json"}], "files": [{"name": "score.xml", "url": "http://neuma.huma-num.fr/media/corpora/all/collabscore/saintsaens-ref/C036_0/score.xml"}, {"name": "mei.xml", "url": "http://neuma.huma-num.fr/media/corpora/all/collabscore/saintsaens-ref/C036_0/mei.xml"}]}