{"ref": "C036_0", "title": "L'Amour bless\u00e9. Po\u00e9sie de Ronsard. Chant et piano (soprano) ", "composer": "Saint-Sa\u00ebns, Camille ", "features": [], "sources": [{"ref": "ref_mei", "description": "R\u00e9f\u00e9rence MEI", "source_type": "MEI", "mime_type": "application/xml", "url": "https://neuma.huma-num.fr/media/sources/all-collabscore-saintsaens-ref-C036_0/C036_0.mei"}, {"ref": "gallica", "description": "Lien Gallica", "source_type": "JPEG", "mime_type": "image/jpeg", "url": "https://gallica.bnf.fr/ark:/12148/bpt6k3821202", "images": [{"format": "image/jpeg", "width": 3193, "height": 4086, "url": "https://gallica.bnf.fr/iiif/ark:/12148/bpt6k3821202/f1"}, {"format": "image/jpeg", "width": 3114, "height": 4083, "url": "https://gallica.bnf.fr/iiif/ark:/12148/bpt6k3821202/f2"}, {"format": "image/jpeg", "width": 3132, "height": 4022, "url": "https://gallica.bnf.fr/iiif/ark:/12148/bpt6k3821202/f3"}, {"format": "image/jpeg", "width": 3114, "height": 4083, "url": "https://gallica.bnf.fr/iiif/ark:/12148/bpt6k3821202/f4"}, {"format": "image/jpeg", "width": 3193, "height": 4086, "url": "https://gallica.bnf.fr/iiif/ark:/12148/bpt6k3821202/f5"}, {"format": "image/jpeg", "width": 3114, "height": 4083, "url": "https://gallica.bnf.fr/iiif/ark:/12148/bpt6k3821202/f6"}, {"format": "image/jpeg", "width": 3193, "height": 4086, "url": "https://gallica.bnf.fr/iiif/ark:/12148/bpt6k3821202/f7"}, {"format": "image/jpeg", "width": 3114, "height": 4083, "url": "https://gallica.bnf.fr/iiif/ark:/12148/bpt6k3821202/f8"}, {"format": "image/jpeg", "width": 3193, "height": 4086, "url": "https://gallica.bnf.fr/iiif/ark:/12148/bpt6k3821202/f9"}, {"format": "image/jpeg", "width": 3114, "height": 4083, "url": "https://gallica.bnf.fr/iiif/ark:/12148/bpt6k3821202/f10"}, {"format": "image/jpeg", "width": 3193, "height": 4086, "url": "https://gallica.bnf.fr/iiif/ark:/12148/bpt6k3821202/f11"}, {"format": "image/jpeg", "width": 3114, "height": 4083, "url": "https://gallica.bnf.fr/iiif/ark:/12148/bpt6k3821202/f12"}]}, {"ref": "dmos", "description": "Created via REST call on 2023-12-12", "source_type": "DMOS", "mime_type": "application/json", "url": "https://neuma.huma-num.fr/media/sources/all-collabscore-saintsaens-ref-C036_0/dmos.json"}, {"ref": "yt-1", "description": "Jeff Cohen, Tassis Christoyannis (2016)", "source_type": "MPEG", "mime_type": "audio/mpeg", "url": "https://www.youtube.com/watch?v=JZkWfBIP3dI"}, {"ref": "yt-2", "description": "Didier Henry, Ang\u00e9line Pondepeyre (2013)", "source_type": "MPEG", "mime_type": "audio/mpeg", "url": "https://www.youtube.com/watch?v=RC0NgG668Qk"}], "files": [{"name": "score.xml", "url": "https://neuma.huma-num.fr/media/corpora/all/collabscore/saintsaens-ref/C036_0/score.xml"}, {"name": "mei.xml", "url": "https://neuma.huma-num.fr/media/corpora/all/collabscore/saintsaens-ref/C036_0/mei.xml"}]}