{"ref": "C046_0", "title": "L'Amant malheureux. Po\u00e9sie de Ronsard. Chant et piano (t\u00e9nor) ", "composer": "Saint-Sa\u00ebns, Camille ", "features": [], "sources": [{"ref": "ref_mei", "description": "R\u00e9f\u00e9rence MEI", "source_type": "MEI", "mime_type": "application/xml", "url": "https://neuma.huma-num.fr/media/sources/all-collabscore-saintsaens-ref-C046_0/C046_0.mei"}, {"ref": "gallica", "description": "Lien Gallica", "source_type": "JPEG", "mime_type": "image/jpeg", "url": "https://gallica.bnf.fr/ark:/12148/bpt6k382117c", "images": [{"format": "image/jpeg", "width": 3139, "height": 4086, "url": "https://gallica.bnf.fr/iiif/ark:/12148/bpt6k382117c/f1"}, {"format": "image/jpeg", "width": 3114, "height": 4083, "url": "https://gallica.bnf.fr/iiif/ark:/12148/bpt6k382117c/f2"}, {"format": "image/jpeg", "width": 3139, "height": 4086, "url": "https://gallica.bnf.fr/iiif/ark:/12148/bpt6k382117c/f3"}, {"format": "image/jpeg", "width": 3114, "height": 4083, "url": "https://gallica.bnf.fr/iiif/ark:/12148/bpt6k382117c/f4"}, {"format": "image/jpeg", "width": 3098, "height": 4045, "url": "https://gallica.bnf.fr/iiif/ark:/12148/bpt6k382117c/f5"}, {"format": "image/jpeg", "width": 3114, "height": 4083, "url": "https://gallica.bnf.fr/iiif/ark:/12148/bpt6k382117c/f6"}, {"format": "image/jpeg", "width": 3139, "height": 4086, "url": "https://gallica.bnf.fr/iiif/ark:/12148/bpt6k382117c/f7"}, {"format": "image/jpeg", "width": 3114, "height": 4083, "url": "https://gallica.bnf.fr/iiif/ark:/12148/bpt6k382117c/f8"}, {"format": "image/jpeg", "width": 3114, "height": 4083, "url": "https://gallica.bnf.fr/iiif/ark:/12148/bpt6k382117c/f9"}, {"format": "image/jpeg", "width": 3108, "height": 4086, "url": "https://gallica.bnf.fr/iiif/ark:/12148/bpt6k382117c/f10"}, {"format": "image/jpeg", "width": 3108, "height": 4086, "url": "https://gallica.bnf.fr/iiif/ark:/12148/bpt6k382117c/f11"}, {"format": "image/jpeg", "width": 3114, "height": 4083, "url": "https://gallica.bnf.fr/iiif/ark:/12148/bpt6k382117c/f12"}]}, {"ref": "dmos", "description": "Created via REST call on 2023-12-12", "source_type": "DMOS", "mime_type": "application/json", "url": "https://neuma.huma-num.fr/media/sources/all-collabscore-saintsaens-ref-C046_0/dmos.json"}, {"ref": "yt-1", "description": "Jeff Cohen, Tassis Christoyannis (2016)", "source_type": "MPEG", "mime_type": "audio/mpeg", "url": "https://www.youtube.com/watch?v=9fxQ-Ail_wI"}, {"ref": "yt-2", "description": "Didier Henry, Ang\u00e9line Pondepeyre (2013)", "source_type": "MPEG", "mime_type": "audio/mpeg", "url": "https://www.youtube.com/watch?v=yTwEdAmFSWw"}], "files": [{"name": "score.xml", "url": "https://neuma.huma-num.fr/media/corpora/all/collabscore/saintsaens-ref/C046_0/score.xml"}, {"name": "mei.xml", "url": "https://neuma.huma-num.fr/media/corpora/all/collabscore/saintsaens-ref/C046_0/mei.xml"}]}