{"ref": "C079_0", "title": "[La coccinelle] ", "composer": "Saint-Sa\u00ebns, Camille ", "features": [], "sources": [{"ref": "gallica", "description": "Lien Gallica", "source_type": "JPEG", "mime_type": "image/jpeg", "url": "https://gallica.bnf.fr/ark:/12148/bpt6k1162049x", "images": [{"format": "image/jpeg", "width": 4564, "height": 5992, "url": "https://gallica.bnf.fr/iiif/ark:/12148/bpt6k1162049x/f1"}, {"format": "image/jpeg", "width": 4512, "height": 6014, "url": "https://gallica.bnf.fr/iiif/ark:/12148/bpt6k1162049x/f2"}, {"format": "image/jpeg", "width": 4564, "height": 5992, "url": "https://gallica.bnf.fr/iiif/ark:/12148/bpt6k1162049x/f3"}, {"format": "image/jpeg", "width": 4615, "height": 6014, "url": "https://gallica.bnf.fr/iiif/ark:/12148/bpt6k1162049x/f4"}]}, {"ref": "ref_mei", "description": "R\u00e9f\u00e9rence MEI", "source_type": "MEI", "mime_type": "application/xml", "url": "https://neuma.huma-num.fr/media/sources/all-collabscore-saintsaens-ref-C079_0/C079_0.mei"}, {"ref": "dmos", "description": "Created via REST call on 2023-12-07", "source_type": "DMOS", "mime_type": "application/json", "url": "https://neuma.huma-num.fr/media/sources/all-collabscore-saintsaens-ref-C079_0/dmos.json"}, {"ref": "yt-1", "description": "Sabine Revault d'Allonnes, St\u00e9phanie Humeau ()", "source_type": "MPEG", "mime_type": "audio/mpeg", "url": "https://www.youtube.com/watch?v=Fk_cUHihOVI"}, {"ref": "yt-2", "description": "Iryna Kyshliaruk, Yun-Ho Chen (2020)", "source_type": "MPEG", "mime_type": "audio/mpeg", "url": "https://www.youtube.com/watch?v=cmL1St1lyPg"}, {"ref": "yt-3", "description": "Fran\u00e7ois Le Roux, Graham Johnson (2018)", "source_type": "MPEG", "mime_type": "audio/mpeg", "url": "https://www.youtube.com/watch?v=Xoo8ue5bfPA"}], "files": [{"name": "score.xml", "url": "https://neuma.huma-num.fr/media/corpora/all/collabscore/saintsaens-ref/C079_0/score.xml"}, {"name": "mei.xml", "url": "https://neuma.huma-num.fr/media/corpora/all/collabscore/saintsaens-ref/C079_0/mei.xml"}]}