{"ref": "C080_0", "title": "[La feuille de peuplier. Voix, piano] ", "composer": "Saint-Sa\u00ebns, Camille ", "features": [{"feature_key": "genre", "feature_value": "Lied"}, {"feature_key": "meter", "feature_value": "2/4"}, {"feature_key": "year", "feature_value": "1853"}, {"feature_key": "key_tonic_name", "feature_value": "E minor"}, {"feature_key": "lyricist", "feature_value": "Arnable Tastu"}], "sources": [{"ref": "gallica", "description": "Lien Gallica", "source_type": "JPEG", "mime_type": "image/jpeg", "url": "https://gallica.bnf.fr/ark:/12148/bpt6k1162028r", "file_path": null, "has_manifest": false}, {"ref": "dmos", "description": "Created via REST call on 2023-12-12", "source_type": "DMOS", "mime_type": "application/json", "url": "", "file_path": "/media/sources/all-collabscore-saintsaens-ref-C080_0/dmos.json", "has_manifest": false}, {"ref": "yt-1", "description": "Veronika Kincses, Anik\u00f3 P. Szab\u00f3 (2000)", "source_type": "MPEG", "mime_type": "audio/mpeg", "url": "https://www.youtube.com/watch?v=F8DCj78VyTE", "file_path": null, "has_manifest": false}, {"ref": "ref_mei", "description": "R\u00e9f\u00e9rence MEI", "source_type": "MEI", "mime_type": "application/xml", "url": "", "file_path": "/media/sources/all-collabscore-saintsaens-ref-C080_0/ref_mei.mei", "has_manifest": false}, {"ref": "youtube", "description": "Source Youtube", "source_type": "MPEG", "mime_type": "audio/mpeg", "url": "https://www.youtube.com/watch?v=F8DCj78VyTE", "file_path": null, "has_manifest": false}, {"ref": "youtube_2", "description": "Source Youtube", "source_type": "MPEG", "mime_type": "audio/mpeg", "url": "https://www.youtube.com/watch?v=ImHV53sGSMk", "file_path": null, "has_manifest": false}], "files": [{"name": "score.xml", "url": "http://localhost:8000/media/corpora/all/collabscore/saintsaens-ref/C080_0/score.xml"}, {"name": "mei.xml", "url": "http://localhost:8000/media/corpora/all/collabscore/saintsaens-ref/C080_0/mei.xml"}]}