{"ref": "C080_0", "title": "[La feuille de peuplier. Voix, piano] ", "composer": "Saint-Sa\u00ebns, Camille ", "features": [], "sources": [{"ref": "gallica", "description": "Lien Gallica", "source_type": "JPEG", "mime_type": "image/jpeg", "url": "https://gallica.bnf.fr/ark:/12148/bpt6k1162028r", "images": [{"format": "image/jpeg", "width": 4577, "height": 6174, "url": "https://gallica.bnf.fr/iiif/ark:/12148/bpt6k1162028r/f1"}, {"format": "image/jpeg", "width": 4521, "height": 6174, "url": "https://gallica.bnf.fr/iiif/ark:/12148/bpt6k1162028r/f2"}, {"format": "image/jpeg", "width": 4577, "height": 6174, "url": "https://gallica.bnf.fr/iiif/ark:/12148/bpt6k1162028r/f3"}, {"format": "image/jpeg", "width": 4521, "height": 6174, "url": "https://gallica.bnf.fr/iiif/ark:/12148/bpt6k1162028r/f4"}, {"format": "image/jpeg", "width": 4577, "height": 6174, "url": "https://gallica.bnf.fr/iiif/ark:/12148/bpt6k1162028r/f5"}, {"format": "image/jpeg", "width": 4521, "height": 6174, "url": "https://gallica.bnf.fr/iiif/ark:/12148/bpt6k1162028r/f6"}, {"format": "image/jpeg", "width": 4577, "height": 6174, "url": "https://gallica.bnf.fr/iiif/ark:/12148/bpt6k1162028r/f7"}, {"format": "image/jpeg", "width": 4521, "height": 6174, "url": "https://gallica.bnf.fr/iiif/ark:/12148/bpt6k1162028r/f8"}]}, {"ref": "dmos", "description": "Created via REST call on 2023-12-12", "source_type": "DMOS", "mime_type": "application/json", "url": "https://neuma.huma-num.fr/media/sources/all-collabscore-saintsaens-ref-C080_0/dmos.json"}, {"ref": "yt-1", "description": "Veronika Kincses, Anik\u00f3 P. Szab\u00f3 (2000)", "source_type": "MPEG", "mime_type": "audio/mpeg", "url": "https://www.youtube.com/watch?v=F8DCj78VyTE"}, {"ref": "ref_mei", "description": "R\u00e9f\u00e9rence MEI", "source_type": "MEI", "mime_type": "application/xml", "url": "https://neuma.huma-num.fr/media/sources/all-collabscore-saintsaens-ref-C080_0/C080_0.mei"}, {"ref": "youtube", "description": "Source Youtube", "source_type": "MPEG", "mime_type": "audio/mpeg", "url": "https://www.youtube.com/watch?v=F8DCj78VyTE"}, {"ref": "youtube_2", "description": "Source Youtube", "source_type": "MPEG", "mime_type": "audio/mpeg", "url": "https://www.youtube.com/watch?v=ImHV53sGSMk"}], "files": [{"name": "score.xml", "url": "https://neuma.huma-num.fr/media/corpora/all/collabscore/saintsaens-ref/C080_0/score.xml"}, {"name": "mei.xml", "url": "https://neuma.huma-num.fr/media/corpora/all/collabscore/saintsaens-ref/C080_0/mei.xml"}]}