{"ref": "C141_0", "title": "[Guitare] ", "composer": "Saint-Sa\u00ebns, Camille ", "features": [{"feature_key": "genre", "feature_value": "Lied"}, {"feature_key": "meter", "feature_value": "6/8"}, {"feature_key": "year", "feature_value": "1851"}, {"feature_key": "key_tonic_name", "feature_value": "E major"}, {"feature_key": "lyricist", "feature_value": "Victor Hugo"}], "sources": [{"ref": "gallica", "description": "Lien Gallica", "source_type": "JPEG", "mime_type": "image/jpeg", "url": "https://gallica.bnf.fr/ark:/12148/bpt6k1162023p", "file_path": null, "has_manifest": false}, {"ref": "ref_mei", "description": "R\u00e9f\u00e9rence MEI", "source_type": "MEI", "mime_type": "application/xml", "url": "", "file_path": "/media/sources/all-collabscore-saintsaens-ref-C141_0/ref_mei.mei", "has_manifest": false}, {"ref": "dmos", "description": "Created via REST call on 2023-12-12", "source_type": "DMOS", "mime_type": "application/json", "url": "", "file_path": "/media/sources/all-collabscore-saintsaens-ref-C141_0/dmos.json", "has_manifest": false}, {"ref": "yt-1", "description": "Soraya Mafi, Fran\u00e7ois Le Roux, Graham Johnson (2018)", "source_type": "MPEG", "mime_type": "audio/mpeg", "url": "https://www.youtube.com/watch?v=RfR6IBKR2dA", "file_path": null, "has_manifest": false}], "files": [{"name": "score.xml", "url": "http://localhost:8000/media/corpora/all/collabscore/saintsaens-ref/C141_0/score.xml"}, {"name": "mei.xml", "url": "http://localhost:8000/media/corpora/all/collabscore/saintsaens-ref/C141_0/mei.xml"}]}