{"ref": "C141_0", "title": "[Guitare] ", "composer": "Saint-Sa\u00ebns, Camille ", "features": [], "sources": [{"ref": "gallica", "description": "Lien Gallica", "source_type": "JPEG", "mime_type": "image/jpeg", "url": "https://gallica.bnf.fr/ark:/12148/bpt6k1162023p", "images": [{"format": "image/jpeg", "width": 4577, "height": 6174, "url": "https://gallica.bnf.fr/iiif/ark:/12148/bpt6k1162023p/f1"}, {"format": "image/jpeg", "width": 4521, "height": 6174, "url": "https://gallica.bnf.fr/iiif/ark:/12148/bpt6k1162023p/f2"}, {"format": "image/jpeg", "width": 4577, "height": 6174, "url": "https://gallica.bnf.fr/iiif/ark:/12148/bpt6k1162023p/f3"}, {"format": "image/jpeg", "width": 4521, "height": 6174, "url": "https://gallica.bnf.fr/iiif/ark:/12148/bpt6k1162023p/f4"}, {"format": "image/jpeg", "width": 4577, "height": 6174, "url": "https://gallica.bnf.fr/iiif/ark:/12148/bpt6k1162023p/f5"}, {"format": "image/jpeg", "width": 4521, "height": 6174, "url": "https://gallica.bnf.fr/iiif/ark:/12148/bpt6k1162023p/f6"}, {"format": "image/jpeg", "width": 4577, "height": 6174, "url": "https://gallica.bnf.fr/iiif/ark:/12148/bpt6k1162023p/f7"}, {"format": "image/jpeg", "width": 4521, "height": 6174, "url": "https://gallica.bnf.fr/iiif/ark:/12148/bpt6k1162023p/f8"}]}, {"ref": "ref_mei", "description": "R\u00e9f\u00e9rence MEI", "source_type": "MEI", "mime_type": "application/xml", "url": "https://neuma.huma-num.fr/media/sources/all-collabscore-saintsaens-ref-C141_0/C141_0.mei"}, {"ref": "dmos", "description": "Created via REST call on 2023-12-12", "source_type": "DMOS", "mime_type": "application/json", "url": "https://neuma.huma-num.fr/media/sources/all-collabscore-saintsaens-ref-C141_0/dmos.json"}, {"ref": "yt-1", "description": "Soraya Mafi, Fran\u00e7ois Le Roux, Graham Johnson (2018)", "source_type": "MPEG", "mime_type": "audio/mpeg", "url": "https://www.youtube.com/watch?v=RfR6IBKR2dA"}], "files": [{"name": "score.xml", "url": "https://neuma.huma-num.fr/media/corpora/all/collabscore/saintsaens-ref/C141_0/score.xml"}, {"name": "mei.xml", "url": "https://neuma.huma-num.fr/media/corpora/all/collabscore/saintsaens-ref/C141_0/mei.xml"}]}