{"ref": "C437_0", "title": "[Calme des nuits. Op. 68, no 1] ", "composer": "Saint-Sa\u00ebns, Camille ", "features": [], "sources": [{"ref": "gallica", "description": "Lien Gallica", "source_type": "JPEG", "mime_type": "image/jpeg", "url": "https://gallica.bnf.fr/ark:/12148/bpt6k11702001", "images": [{"format": "image/jpeg", "width": 3401, "height": 4915, "url": "https://gallica.bnf.fr/iiif/ark:/12148/bpt6k11702001/f1"}, {"format": "image/jpeg", "width": 3416, "height": 4919, "url": "https://gallica.bnf.fr/iiif/ark:/12148/bpt6k11702001/f2"}, {"format": "image/jpeg", "width": 3401, "height": 4915, "url": "https://gallica.bnf.fr/iiif/ark:/12148/bpt6k11702001/f3"}, {"format": "image/jpeg", "width": 3278, "height": 4919, "url": "https://gallica.bnf.fr/iiif/ark:/12148/bpt6k11702001/f4"}, {"format": "image/jpeg", "width": 3294, "height": 4915, "url": "https://gallica.bnf.fr/iiif/ark:/12148/bpt6k11702001/f5"}, {"format": "image/jpeg", "width": 3278, "height": 4919, "url": "https://gallica.bnf.fr/iiif/ark:/12148/bpt6k11702001/f6"}, {"format": "image/jpeg", "width": 3294, "height": 4915, "url": "https://gallica.bnf.fr/iiif/ark:/12148/bpt6k11702001/f7"}, {"format": "image/jpeg", "width": 3278, "height": 4919, "url": "https://gallica.bnf.fr/iiif/ark:/12148/bpt6k11702001/f8"}, {"format": "image/jpeg", "width": 3225, "height": 4915, "url": "https://gallica.bnf.fr/iiif/ark:/12148/bpt6k11702001/f9"}, {"format": "image/jpeg", "width": 3317, "height": 4919, "url": "https://gallica.bnf.fr/iiif/ark:/12148/bpt6k11702001/f10"}]}, {"ref": "ref_mei", "description": "R\u00e9f\u00e9rence MEI", "source_type": "MEI", "mime_type": "application/xml", "url": "https://neuma.huma-num.fr/media/sources/all-collabscore-saintsaens-ref-C437_0/C437_0.mei"}, {"ref": "dmos", "description": "Created via REST call on 2023-12-13", "source_type": "DMOS", "mime_type": "application/json", "url": "https://neuma.huma-num.fr/media/sources/all-collabscore-saintsaens-ref-C437_0/dmos.json"}, {"ref": "yt-1", "description": "Radio Svizzera Choir, Diego Fasolis (2004)", "source_type": "MPEG", "mime_type": "audio/mpeg", "url": "https://www.youtube.com/watch?v=y_fi65ZTVUA"}, {"ref": "yt-2", "description": "CORO Vocal Artists, Kelsey Legore (2021)", "source_type": "MPEG", "mime_type": "audio/mpeg", "url": "https://www.youtube.com/watch?v=PBirqYvzXt0"}], "files": [{"name": "score.xml", "url": "https://neuma.huma-num.fr/media/corpora/all/collabscore/saintsaens-ref/C437_0/score.xml"}, {"name": "mei.xml", "url": "https://neuma.huma-num.fr/media/corpora/all/collabscore/saintsaens-ref/C437_0/mei.xml"}]}