{"ref": "C437_0", "title": "[Calme des nuits. Op. 68, no 1] ", "composer": "Saint-Sa\u00ebns, Camille ", "features": [], "sources": [{"ref": "gallica", "description": "Lien Gallica", "source_type": "JPEG", "mime_type": "image/jpeg", "url": "https://gallica.bnf.fr/ark:/12148/bpt6k11702001"}, {"ref": "ref_mei", "description": "R\u00e9f\u00e9rence MEI", "source_type": "MEI", "mime_type": "application/xml", "url": "http://neuma.huma-num.fr/media/sources/all-collabscore-saintsaens-ref-C437_0/ref_mei.xml"}], "files": [{"name": "mei.xml", "url": "http://neuma.huma-num.fr/media/corpora/all/collabscore/saintsaens-ref/C437_0/mei.xml"}]}