{"ref": "C452_0", "title": "[Les marins de Kermor. Op. 71, no 1]", "composer": "Saint-Sa\u00ebns, Camille ", "features": [], "sources": [{"ref": "dmos", "description": "V 8/9", "source_type": "DMOS", "mime_type": "application/json", "url": "http://neuma.huma-num.fr/media/sources/all-collabscore-saintsaens-ref-C452_0/kermor.json"}, {"ref": "youtube", "description": "Source YouTube", "source_type": "MPEG", "mime_type": "audio/mpeg", "url": "https://www.youtube.com/watch?v=WFGCwasl9N8"}, {"ref": "ref_mei", "description": "R\u00e9f\u00e9rence MEI", "source_type": "MEI", "mime_type": "application/xml", "url": "http://neuma.huma-num.fr/media/sources/all-collabscore-saintsaens-ref-C452_0/ref_mei.xml"}, {"ref": "gallica", "description": "Lien Gallica", "source_type": "JPEG", "mime_type": "image/jpeg", "url": "https://gallica.bnf.fr/ark:/12148/bpt6k1174892k"}], "files": [{"name": "score.xml", "url": "http://neuma.huma-num.fr/media/corpora/all/collabscore/saintsaens-ref/C452_0/score.xml"}, {"name": "mei.xml", "url": "http://neuma.huma-num.fr/media/corpora/all/collabscore/saintsaens-ref/C452_0/mei.xml"}]}