{"ref": "C452_0", "title": "[Les marins de Kermor. Op. 71, no 1]", "composer": "Saint-Sa\u00ebns, Camille ", "features": [], "sources": [{"ref": "youtube", "description": "Source YouTube", "source_type": "MPEG", "mime_type": "audio/mpeg", "url": "https://www.youtube.com/watch?v=WFGCwasl9N8"}, {"ref": "dmos", "description": "Created via REST call on 2023-11-22", "source_type": "DMOS", "mime_type": "application/json", "url": "https://neuma.huma-num.fr/media/sources/all-collabscore-saintsaens-ref-C452_0/dmos.json"}, {"ref": "gallica", "description": "Lien Gallica", "source_type": "JPEG", "mime_type": "image/jpeg", "url": "https://gallica.bnf.fr/ark:/12148/bpt6k1174892k", "images": [{"format": "image/jpeg", "width": 3400, "height": 4970, "url": "https://gallica.bnf.fr/iiif/ark:/12148/bpt6k1174892k/f1"}, {"format": "image/jpeg", "width": 3293, "height": 4971, "url": "https://gallica.bnf.fr/iiif/ark:/12148/bpt6k1174892k/f2"}, {"format": "image/jpeg", "width": 3309, "height": 4970, "url": "https://gallica.bnf.fr/iiif/ark:/12148/bpt6k1174892k/f3"}, {"format": "image/jpeg", "width": 3293, "height": 4971, "url": "https://gallica.bnf.fr/iiif/ark:/12148/bpt6k1174892k/f4"}, {"format": "image/jpeg", "width": 3309, "height": 4970, "url": "https://gallica.bnf.fr/iiif/ark:/12148/bpt6k1174892k/f5"}, {"format": "image/jpeg", "width": 3316, "height": 4971, "url": "https://gallica.bnf.fr/iiif/ark:/12148/bpt6k1174892k/f6"}, {"format": "image/jpeg", "width": 3309, "height": 4970, "url": "https://gallica.bnf.fr/iiif/ark:/12148/bpt6k1174892k/f7"}, {"format": "image/jpeg", "width": 3316, "height": 4971, "url": "https://gallica.bnf.fr/iiif/ark:/12148/bpt6k1174892k/f8"}, {"format": "image/jpeg", "width": 3309, "height": 4970, "url": "https://gallica.bnf.fr/iiif/ark:/12148/bpt6k1174892k/f9"}, {"format": "image/jpeg", "width": 3316, "height": 4971, "url": "https://gallica.bnf.fr/iiif/ark:/12148/bpt6k1174892k/f10"}, {"format": "image/jpeg", "width": 3309, "height": 4970, "url": "https://gallica.bnf.fr/iiif/ark:/12148/bpt6k1174892k/f11"}, {"format": "image/jpeg", "width": 3316, "height": 4971, "url": "https://gallica.bnf.fr/iiif/ark:/12148/bpt6k1174892k/f12"}, {"format": "image/jpeg", "width": 3309, "height": 4970, "url": "https://gallica.bnf.fr/iiif/ark:/12148/bpt6k1174892k/f13"}, {"format": "image/jpeg", "width": 3316, "height": 4971, "url": "https://gallica.bnf.fr/iiif/ark:/12148/bpt6k1174892k/f14"}, {"format": "image/jpeg", "width": 3309, "height": 4970, "url": "https://gallica.bnf.fr/iiif/ark:/12148/bpt6k1174892k/f15"}, {"format": "image/jpeg", "width": 3316, "height": 4971, "url": "https://gallica.bnf.fr/iiif/ark:/12148/bpt6k1174892k/f16"}]}, {"ref": "ref_mei", "description": "R\u00e9f\u00e9rence MEI", "source_type": "MEI", "mime_type": "application/xml", "url": "https://neuma.huma-num.fr/media/sources/all-collabscore-saintsaens-ref-C452_0/C452_0.mei"}, {"ref": "yt-1", "description": "Radio Svizzera Choir, Diego Fasolis (2004)", "source_type": "MPEG", "mime_type": "audio/mpeg", "url": "https://www.youtube.com/watch?v=vw4ZTTj4bwU"}], "files": [{"name": "score.xml", "url": "https://neuma.huma-num.fr/media/corpora/all/collabscore/saintsaens-ref/C452_0/score.xml"}, {"name": "mei.xml", "url": "https://neuma.huma-num.fr/media/corpora/all/collabscore/saintsaens-ref/C452_0/mei.xml"}]}