{"ref": "C455_0", "title": "[Ode] ", "composer": "Saint-Sa\u00ebns, Camille Saint-Sa\u00ebns, Camille Saint-Sa\u00ebns, Camille ", "features": [], "sources": [{"ref": "ref_mei", "description": "R\u00e9f\u00e9rence MEI", "source_type": "MEI", "mime_type": "application/xml", "url": "https://neuma.huma-num.fr/media/sources/all-collabscore-saintsaens-ref-C455_0/C455_0.mei"}, {"ref": "gallica", "description": "Lien Gallica", "source_type": "JPEG", "mime_type": "image/jpeg", "url": "https://gallica.bnf.fr/ark:/12148/bpt6k1166887m", "images": [{"format": "image/jpeg", "width": 3425, "height": 4942, "url": "https://gallica.bnf.fr/iiif/ark:/12148/bpt6k1166887m/f1"}, {"format": "image/jpeg", "width": 3297, "height": 4951, "url": "https://gallica.bnf.fr/iiif/ark:/12148/bpt6k1166887m/f2"}, {"format": "image/jpeg", "width": 3331, "height": 4942, "url": "https://gallica.bnf.fr/iiif/ark:/12148/bpt6k1166887m/f3"}, {"format": "image/jpeg", "width": 3297, "height": 4950, "url": "https://gallica.bnf.fr/iiif/ark:/12148/bpt6k1166887m/f4"}, {"format": "image/jpeg", "width": 3331, "height": 4942, "url": "https://gallica.bnf.fr/iiif/ark:/12148/bpt6k1166887m/f5"}, {"format": "image/jpeg", "width": 3297, "height": 4950, "url": "https://gallica.bnf.fr/iiif/ark:/12148/bpt6k1166887m/f6"}, {"format": "image/jpeg", "width": 3331, "height": 4942, "url": "https://gallica.bnf.fr/iiif/ark:/12148/bpt6k1166887m/f7"}, {"format": "image/jpeg", "width": 3297, "height": 4950, "url": "https://gallica.bnf.fr/iiif/ark:/12148/bpt6k1166887m/f8"}, {"format": "image/jpeg", "width": 3331, "height": 4942, "url": "https://gallica.bnf.fr/iiif/ark:/12148/bpt6k1166887m/f9"}, {"format": "image/jpeg", "width": 3297, "height": 4950, "url": "https://gallica.bnf.fr/iiif/ark:/12148/bpt6k1166887m/f10"}, {"format": "image/jpeg", "width": 3331, "height": 4942, "url": "https://gallica.bnf.fr/iiif/ark:/12148/bpt6k1166887m/f11"}, {"format": "image/jpeg", "width": 3297, "height": 4950, "url": "https://gallica.bnf.fr/iiif/ark:/12148/bpt6k1166887m/f12"}, {"format": "image/jpeg", "width": 3331, "height": 4942, "url": "https://gallica.bnf.fr/iiif/ark:/12148/bpt6k1166887m/f13"}, {"format": "image/jpeg", "width": 3297, "height": 4950, "url": "https://gallica.bnf.fr/iiif/ark:/12148/bpt6k1166887m/f14"}, {"format": "image/jpeg", "width": 3331, "height": 4942, "url": "https://gallica.bnf.fr/iiif/ark:/12148/bpt6k1166887m/f15"}, {"format": "image/jpeg", "width": 3361, "height": 4950, "url": "https://gallica.bnf.fr/iiif/ark:/12148/bpt6k1166887m/f16"}]}, {"ref": "dmos", "description": "Created via REST call on 2023-12-13", "source_type": "DMOS", "mime_type": "application/json", "url": "https://neuma.huma-num.fr/media/sources/all-collabscore-saintsaens-ref-C455_0/dmos.json"}, {"ref": "yt-1", "description": "CMAC: The University of Chicago Glee Club (2023)", "source_type": "MPEG", "mime_type": "audio/mpeg", "url": "https://www.youtube.com/watch?v=xtMgv0KtCko"}], "files": [{"name": "score.xml", "url": "https://neuma.huma-num.fr/media/corpora/all/collabscore/saintsaens-ref/C455_0/score.xml"}, {"name": "mei.xml", "url": "https://neuma.huma-num.fr/media/corpora/all/collabscore/saintsaens-ref/C455_0/mei.xml"}]}