{"ref": "C455_0", "title": "[Ode] ", "composer": "Saint-Sa\u00ebns, Camille Saint-Sa\u00ebns, Camille Saint-Sa\u00ebns, Camille ", "features": [{"feature_key": "genre", "feature_value": "Choral"}, {"feature_key": "meter", "feature_value": "4/4"}, {"feature_key": "year", "feature_value": "1905"}, {"feature_key": "key_tonic_name", "feature_value": "C minor"}, {"feature_key": "lyricist", "feature_value": "Horace"}], "sources": [{"ref": "dmos", "description": "Created via REST call on 2023-12-13", "source_type": "DMOS", "mime_type": "application/json", "url": "", "file_path": "/media/sources/all-collabscore-saintsaens-ref-C455_0/dmos.json", "has_manifest": false}, {"ref": "yt-1", "description": "CMAC: The University of Chicago Glee Club (2023)", "source_type": "MPEG", "mime_type": "audio/mpeg", "url": "https://www.youtube.com/watch?v=xtMgv0KtCko", "file_path": null, "has_manifest": false}, {"ref": "ref_mei", "description": "R\u00e9f\u00e9rence MEI", "source_type": "MEI", "mime_type": "application/xml", "url": "", "file_path": "/media/sources/all-collabscore-saintsaens-ref-C455_0/ref_mei.mei", "has_manifest": false}, {"ref": "gallica", "description": "Lien Gallica", "source_type": "JPEG", "mime_type": "image/jpeg", "url": "https://gallica.bnf.fr/ark:/12148/bpt6k1166887m", "file_path": null, "has_manifest": false}], "files": [{"name": "score.xml", "url": "http://localhost:8000/media/corpora/all/collabscore/saintsaens-ref/C455_0/score.xml"}, {"name": "mei.xml", "url": "http://localhost:8000/media/corpora/all/collabscore/saintsaens-ref/C455_0/mei.xml"}]}