{"ref": "R165_3", "title": "[Suites. Orchestre. R 165. R\u00e9 majeur] ", "composer": "Saint-Sa\u00ebns, Camille ", "features": [], "sources": [{"ref": "ref_mei", "description": "R\u00e9f\u00e9rence MEI", "source_type": "MEI", "mime_type": "application/xml", "url": "https://neuma.huma-num.fr/media/sources/all-collabscore-saintsaens-ref-R165_3/R165_3.mei"}, {"ref": "gallica", "description": "Lien Gallica", "source_type": "JPEG", "mime_type": "image/jpeg", "url": "https://gallica.bnf.fr/ark:/12148/bpt6k1170233d", "images": [{"format": "image/jpeg", "width": 3248, "height": 4870, "url": "https://gallica.bnf.fr/iiif/ark:/12148/bpt6k1170233d/f1"}, {"format": "image/jpeg", "width": 3248, "height": 4881, "url": "https://gallica.bnf.fr/iiif/ark:/12148/bpt6k1170233d/f2"}, {"format": "image/jpeg", "width": 3233, "height": 4884, "url": "https://gallica.bnf.fr/iiif/ark:/12148/bpt6k1170233d/f3"}, {"format": "image/jpeg", "width": 3087, "height": 4881, "url": "https://gallica.bnf.fr/iiif/ark:/12148/bpt6k1170233d/f4"}, {"format": "image/jpeg", "width": 3195, "height": 4884, "url": "https://gallica.bnf.fr/iiif/ark:/12148/bpt6k1170233d/f5"}, {"format": "image/jpeg", "width": 3156, "height": 4881, "url": "https://gallica.bnf.fr/iiif/ark:/12148/bpt6k1170233d/f6"}, {"format": "image/jpeg", "width": 3233, "height": 4884, "url": "https://gallica.bnf.fr/iiif/ark:/12148/bpt6k1170233d/f7"}, {"format": "image/jpeg", "width": 3156, "height": 4881, "url": "https://gallica.bnf.fr/iiif/ark:/12148/bpt6k1170233d/f8"}, {"format": "image/jpeg", "width": 3233, "height": 4884, "url": "https://gallica.bnf.fr/iiif/ark:/12148/bpt6k1170233d/f9"}, {"format": "image/jpeg", "width": 3156, "height": 4850, "url": "https://gallica.bnf.fr/iiif/ark:/12148/bpt6k1170233d/f10"}, {"format": "image/jpeg", "width": 3187, "height": 4839, "url": "https://gallica.bnf.fr/iiif/ark:/12148/bpt6k1170233d/f11"}, {"format": "image/jpeg", "width": 3156, "height": 4850, "url": "https://gallica.bnf.fr/iiif/ark:/12148/bpt6k1170233d/f12"}, {"format": "image/jpeg", "width": 3187, "height": 4839, "url": "https://gallica.bnf.fr/iiif/ark:/12148/bpt6k1170233d/f13"}, {"format": "image/jpeg", "width": 3156, "height": 4850, "url": "https://gallica.bnf.fr/iiif/ark:/12148/bpt6k1170233d/f14"}, {"format": "image/jpeg", "width": 3187, "height": 4839, "url": "https://gallica.bnf.fr/iiif/ark:/12148/bpt6k1170233d/f15"}, {"format": "image/jpeg", "width": 3156, "height": 4850, "url": "https://gallica.bnf.fr/iiif/ark:/12148/bpt6k1170233d/f16"}, {"format": "image/jpeg", "width": 3187, "height": 4839, "url": "https://gallica.bnf.fr/iiif/ark:/12148/bpt6k1170233d/f17"}, {"format": "image/jpeg", "width": 3156, "height": 4850, "url": "https://gallica.bnf.fr/iiif/ark:/12148/bpt6k1170233d/f18"}, {"format": "image/jpeg", "width": 3187, "height": 4839, "url": "https://gallica.bnf.fr/iiif/ark:/12148/bpt6k1170233d/f19"}, {"format": "image/jpeg", "width": 3156, "height": 4850, "url": "https://gallica.bnf.fr/iiif/ark:/12148/bpt6k1170233d/f20"}, {"format": "image/jpeg", "width": 3187, "height": 4839, "url": "https://gallica.bnf.fr/iiif/ark:/12148/bpt6k1170233d/f21"}, {"format": "image/jpeg", "width": 3156, "height": 4850, "url": "https://gallica.bnf.fr/iiif/ark:/12148/bpt6k1170233d/f22"}, {"format": "image/jpeg", "width": 3187, "height": 4839, "url": "https://gallica.bnf.fr/iiif/ark:/12148/bpt6k1170233d/f23"}, {"format": "image/jpeg", "width": 3156, "height": 4850, "url": "https://gallica.bnf.fr/iiif/ark:/12148/bpt6k1170233d/f24"}, {"format": "image/jpeg", "width": 3187, "height": 4839, "url": "https://gallica.bnf.fr/iiif/ark:/12148/bpt6k1170233d/f25"}, {"format": "image/jpeg", "width": 3156, "height": 4850, "url": "https://gallica.bnf.fr/iiif/ark:/12148/bpt6k1170233d/f26"}, {"format": "image/jpeg", "width": 3187, "height": 4839, "url": "https://gallica.bnf.fr/iiif/ark:/12148/bpt6k1170233d/f27"}, {"format": "image/jpeg", "width": 3156, "height": 4850, "url": "https://gallica.bnf.fr/iiif/ark:/12148/bpt6k1170233d/f28"}, {"format": "image/jpeg", "width": 3187, "height": 4839, "url": "https://gallica.bnf.fr/iiif/ark:/12148/bpt6k1170233d/f29"}, {"format": "image/jpeg", "width": 3156, "height": 4850, "url": "https://gallica.bnf.fr/iiif/ark:/12148/bpt6k1170233d/f30"}, {"format": "image/jpeg", "width": 3187, "height": 4839, "url": "https://gallica.bnf.fr/iiif/ark:/12148/bpt6k1170233d/f31"}, {"format": "image/jpeg", "width": 3156, "height": 4850, "url": "https://gallica.bnf.fr/iiif/ark:/12148/bpt6k1170233d/f32"}, {"format": "image/jpeg", "width": 3149, "height": 4839, "url": "https://gallica.bnf.fr/iiif/ark:/12148/bpt6k1170233d/f33"}, {"format": "image/jpeg", "width": 3156, "height": 4850, "url": "https://gallica.bnf.fr/iiif/ark:/12148/bpt6k1170233d/f34"}, {"format": "image/jpeg", "width": 3118, "height": 4839, "url": "https://gallica.bnf.fr/iiif/ark:/12148/bpt6k1170233d/f35"}, {"format": "image/jpeg", "width": 3156, "height": 4850, "url": "https://gallica.bnf.fr/iiif/ark:/12148/bpt6k1170233d/f36"}, {"format": "image/jpeg", "width": 3118, "height": 4839, "url": "https://gallica.bnf.fr/iiif/ark:/12148/bpt6k1170233d/f37"}, {"format": "image/jpeg", "width": 3156, "height": 4850, "url": "https://gallica.bnf.fr/iiif/ark:/12148/bpt6k1170233d/f38"}, {"format": "image/jpeg", "width": 3118, "height": 4839, "url": "https://gallica.bnf.fr/iiif/ark:/12148/bpt6k1170233d/f39"}, {"format": "image/jpeg", "width": 3156, "height": 4850, "url": "https://gallica.bnf.fr/iiif/ark:/12148/bpt6k1170233d/f40"}, {"format": "image/jpeg", "width": 3118, "height": 4839, "url": "https://gallica.bnf.fr/iiif/ark:/12148/bpt6k1170233d/f41"}, {"format": "image/jpeg", "width": 3156, "height": 4850, "url": "https://gallica.bnf.fr/iiif/ark:/12148/bpt6k1170233d/f42"}, {"format": "image/jpeg", "width": 3118, "height": 4839, "url": "https://gallica.bnf.fr/iiif/ark:/12148/bpt6k1170233d/f43"}, {"format": "image/jpeg", "width": 3156, "height": 4850, "url": "https://gallica.bnf.fr/iiif/ark:/12148/bpt6k1170233d/f44"}, {"format": "image/jpeg", "width": 3156, "height": 4839, "url": "https://gallica.bnf.fr/iiif/ark:/12148/bpt6k1170233d/f45"}, {"format": "image/jpeg", "width": 3156, "height": 4850, "url": "https://gallica.bnf.fr/iiif/ark:/12148/bpt6k1170233d/f46"}, {"format": "image/jpeg", "width": 3156, "height": 4839, "url": "https://gallica.bnf.fr/iiif/ark:/12148/bpt6k1170233d/f47"}, {"format": "image/jpeg", "width": 3156, "height": 4850, "url": "https://gallica.bnf.fr/iiif/ark:/12148/bpt6k1170233d/f48"}, {"format": "image/jpeg", "width": 3156, "height": 4839, "url": "https://gallica.bnf.fr/iiif/ark:/12148/bpt6k1170233d/f49"}, {"format": "image/jpeg", "width": 3156, "height": 4850, "url": "https://gallica.bnf.fr/iiif/ark:/12148/bpt6k1170233d/f50"}, {"format": "image/jpeg", "width": 3156, "height": 4839, "url": "https://gallica.bnf.fr/iiif/ark:/12148/bpt6k1170233d/f51"}, {"format": "image/jpeg", "width": 3156, "height": 4850, "url": "https://gallica.bnf.fr/iiif/ark:/12148/bpt6k1170233d/f52"}, {"format": "image/jpeg", "width": 3156, "height": 4839, "url": "https://gallica.bnf.fr/iiif/ark:/12148/bpt6k1170233d/f53"}, {"format": "image/jpeg", "width": 3156, "height": 4850, "url": "https://gallica.bnf.fr/iiif/ark:/12148/bpt6k1170233d/f54"}, {"format": "image/jpeg", "width": 3110, "height": 4839, "url": "https://gallica.bnf.fr/iiif/ark:/12148/bpt6k1170233d/f55"}, {"format": "image/jpeg", "width": 3156, "height": 4850, "url": "https://gallica.bnf.fr/iiif/ark:/12148/bpt6k1170233d/f56"}, {"format": "image/jpeg", "width": 3225, "height": 4839, "url": "https://gallica.bnf.fr/iiif/ark:/12148/bpt6k1170233d/f57"}, {"format": "image/jpeg", "width": 3156, "height": 4850, "url": "https://gallica.bnf.fr/iiif/ark:/12148/bpt6k1170233d/f58"}, {"format": "image/jpeg", "width": 472, "height": 4847, "url": "https://gallica.bnf.fr/iiif/ark:/12148/bpt6k1170233d/f59"}]}], "files": [{"name": "mei.xml", "url": "https://neuma.huma-num.fr/media/corpora/all/collabscore/saintsaens-ref/R165_3/mei.xml"}]}