{"ref": "R171_0", "title": "[Danse macabre (M\u00e9lodie)] ", "composer": "Saint-Sa\u00ebns, Camille ", "features": [{"feature_key": "genre", "feature_value": "Lied"}, {"feature_key": "meter", "feature_value": "3/4"}, {"feature_key": "year", "feature_value": "1873"}, {"feature_key": "key_tonic_name", "feature_value": "G minor"}, {"feature_key": "lyricist", "feature_value": "Henri Cazalis"}], "sources": [{"ref": "gallica", "description": "Lien Gallica", "source_type": "JPEG", "mime_type": "image/jpeg", "url": "https://gallica.bnf.fr/ark:/12148/btv1b52502625c", "file_path": null, "has_manifest": false}, {"ref": "ref_mei", "description": "R\u00e9f\u00e9rence MEI", "source_type": "MEI", "mime_type": "application/xml", "url": "", "file_path": "/media/sources/all-collabscore-saintsaens-ref-R171_0/ref_mei.mei", "has_manifest": false}, {"ref": "yt-1", "description": "Fran\u00e7ois Le Roux, Graham Johnson (2018)", "source_type": "MPEG", "mime_type": "audio/mpeg", "url": "https://www.youtube.com/watch?v=gTdndPJmqUY", "file_path": null, "has_manifest": false}, {"ref": "yt-2", "description": "Madison Fitzpatrick, Travis Bloom (2022)", "source_type": "MPEG", "mime_type": "audio/mpeg", "url": "https://www.youtube.com/watch?v=ihDNDredHOA", "file_path": null, "has_manifest": false}, {"ref": "dmos", "description": "DMOS", "source_type": "DMOS", "mime_type": "application/json", "url": "", "file_path": "/media/sources/all-collabscore-saintsaens-ref-R171_0/dmos.json", "has_manifest": true}], "files": [{"name": "score.xml", "url": "http://localhost:8000/media/corpora/all/collabscore/saintsaens-ref/R171_0/score.xml"}, {"name": "mei.xml", "url": "http://localhost:8000/media/corpora/all/collabscore/saintsaens-ref/R171_0/mei.xml"}]}