{"ref": "R171_0", "title": "[Danse macabre (M\u00e9lodie)] ", "composer": "Saint-Sa\u00ebns, Camille ", "features": [], "sources": [{"ref": "gallica", "description": "Lien Gallica", "source_type": "JPEG", "mime_type": "image/jpeg", "url": "https://gallica.bnf.fr/ark:/12148/btv1b52502625c", "images": [{"format": "image/jpeg", "width": 3478, "height": 4430, "url": "https://gallica.bnf.fr/iiif/ark:/12148/btv1b52502625c/f1"}, {"format": "image/jpeg", "width": 3478, "height": 4432, "url": "https://gallica.bnf.fr/iiif/ark:/12148/btv1b52502625c/f2"}, {"format": "image/jpeg", "width": 3478, "height": 4430, "url": "https://gallica.bnf.fr/iiif/ark:/12148/btv1b52502625c/f3"}, {"format": "image/jpeg", "width": 3478, "height": 4432, "url": "https://gallica.bnf.fr/iiif/ark:/12148/btv1b52502625c/f4"}, {"format": "image/jpeg", "width": 3478, "height": 4430, "url": "https://gallica.bnf.fr/iiif/ark:/12148/btv1b52502625c/f5"}, {"format": "image/jpeg", "width": 3478, "height": 4432, "url": "https://gallica.bnf.fr/iiif/ark:/12148/btv1b52502625c/f6"}, {"format": "image/jpeg", "width": 3478, "height": 4430, "url": "https://gallica.bnf.fr/iiif/ark:/12148/btv1b52502625c/f7"}, {"format": "image/jpeg", "width": 3478, "height": 4432, "url": "https://gallica.bnf.fr/iiif/ark:/12148/btv1b52502625c/f8"}, {"format": "image/jpeg", "width": 3478, "height": 4430, "url": "https://gallica.bnf.fr/iiif/ark:/12148/btv1b52502625c/f9"}, {"format": "image/jpeg", "width": 3478, "height": 4432, "url": "https://gallica.bnf.fr/iiif/ark:/12148/btv1b52502625c/f10"}, {"format": "image/jpeg", "width": 3478, "height": 4430, "url": "https://gallica.bnf.fr/iiif/ark:/12148/btv1b52502625c/f11"}, {"format": "image/jpeg", "width": 3478, "height": 4432, "url": "https://gallica.bnf.fr/iiif/ark:/12148/btv1b52502625c/f12"}]}, {"ref": "ref_mei", "description": "R\u00e9f\u00e9rence MEI", "source_type": "MEI", "mime_type": "application/xml", "url": "https://neuma.huma-num.fr/media/sources/all-collabscore-saintsaens-ref-R171_0/R171_0.mei"}, {"ref": "yt-1", "description": "Fran\u00e7ois Le Roux, Graham Johnson (2018)", "source_type": "MPEG", "mime_type": "audio/mpeg", "url": "https://www.youtube.com/watch?v=gTdndPJmqUY"}, {"ref": "yt-2", "description": "Madison Fitzpatrick, Travis Bloom (2022)", "source_type": "MPEG", "mime_type": "audio/mpeg", "url": "https://www.youtube.com/watch?v=ihDNDredHOA"}, {"ref": "dmos", "description": "DMOS", "source_type": "DMOS", "mime_type": "application/json", "url": "https://neuma.huma-num.fr/media/sources/all-collabscore-saintsaens-ref-R171_0/dmos.json"}], "files": [{"name": "score.xml", "url": "https://neuma.huma-num.fr/media/corpora/all/collabscore/saintsaens-ref/R171_0/score.xml"}, {"name": "mei.xml", "url": "https://neuma.huma-num.fr/media/corpora/all/collabscore/saintsaens-ref/R171_0/mei.xml"}]}