{"ref": "R171_3", "title": "[Danse macabre. R 171 (Po\u00e8me symphonique)] ", "composer": "Saint-Sa\u00ebns, Camille ", "features": [], "sources": [{"ref": "gallica", "description": "Lien Gallica", "source_type": "JPEG", "mime_type": "image/jpeg", "url": "https://gallica.bnf.fr/ark:/12148/bpt6k1170198d", "images": [{"format": "image/jpeg", "width": 4639, "height": 6046, "url": "https://gallica.bnf.fr/iiif/ark:/12148/bpt6k1170198d/f1"}, {"format": "image/jpeg", "width": 4593, "height": 6027, "url": "https://gallica.bnf.fr/iiif/ark:/12148/bpt6k1170198d/f2"}, {"format": "image/jpeg", "width": 4639, "height": 6046, "url": "https://gallica.bnf.fr/iiif/ark:/12148/bpt6k1170198d/f3"}, {"format": "image/jpeg", "width": 4593, "height": 6027, "url": "https://gallica.bnf.fr/iiif/ark:/12148/bpt6k1170198d/f4"}, {"format": "image/jpeg", "width": 4639, "height": 6046, "url": "https://gallica.bnf.fr/iiif/ark:/12148/bpt6k1170198d/f5"}, {"format": "image/jpeg", "width": 4592, "height": 6027, "url": "https://gallica.bnf.fr/iiif/ark:/12148/bpt6k1170198d/f6"}, {"format": "image/jpeg", "width": 4639, "height": 6046, "url": "https://gallica.bnf.fr/iiif/ark:/12148/bpt6k1170198d/f7"}, {"format": "image/jpeg", "width": 4592, "height": 6027, "url": "https://gallica.bnf.fr/iiif/ark:/12148/bpt6k1170198d/f8"}, {"format": "image/jpeg", "width": 4639, "height": 6046, "url": "https://gallica.bnf.fr/iiif/ark:/12148/bpt6k1170198d/f9"}, {"format": "image/jpeg", "width": 4592, "height": 6027, "url": "https://gallica.bnf.fr/iiif/ark:/12148/bpt6k1170198d/f10"}, {"format": "image/jpeg", "width": 4639, "height": 6046, "url": "https://gallica.bnf.fr/iiif/ark:/12148/bpt6k1170198d/f11"}, {"format": "image/jpeg", "width": 4592, "height": 6027, "url": "https://gallica.bnf.fr/iiif/ark:/12148/bpt6k1170198d/f12"}, {"format": "image/jpeg", "width": 4639, "height": 6046, "url": "https://gallica.bnf.fr/iiif/ark:/12148/bpt6k1170198d/f13"}, {"format": "image/jpeg", "width": 4592, "height": 6027, "url": "https://gallica.bnf.fr/iiif/ark:/12148/bpt6k1170198d/f14"}, {"format": "image/jpeg", "width": 4639, "height": 6046, "url": "https://gallica.bnf.fr/iiif/ark:/12148/bpt6k1170198d/f15"}, {"format": "image/jpeg", "width": 4592, "height": 6027, "url": "https://gallica.bnf.fr/iiif/ark:/12148/bpt6k1170198d/f16"}, {"format": "image/jpeg", "width": 4639, "height": 6046, "url": "https://gallica.bnf.fr/iiif/ark:/12148/bpt6k1170198d/f17"}, {"format": "image/jpeg", "width": 4592, "height": 6027, "url": "https://gallica.bnf.fr/iiif/ark:/12148/bpt6k1170198d/f18"}, {"format": "image/jpeg", "width": 4639, "height": 6046, "url": "https://gallica.bnf.fr/iiif/ark:/12148/bpt6k1170198d/f19"}, {"format": "image/jpeg", "width": 4592, "height": 6027, "url": "https://gallica.bnf.fr/iiif/ark:/12148/bpt6k1170198d/f20"}, {"format": "image/jpeg", "width": 4639, "height": 6046, "url": "https://gallica.bnf.fr/iiif/ark:/12148/bpt6k1170198d/f21"}, {"format": "image/jpeg", "width": 4592, "height": 6027, "url": "https://gallica.bnf.fr/iiif/ark:/12148/bpt6k1170198d/f22"}, {"format": "image/jpeg", "width": 4639, "height": 6046, "url": "https://gallica.bnf.fr/iiif/ark:/12148/bpt6k1170198d/f23"}, {"format": "image/jpeg", "width": 4646, "height": 6096, "url": "https://gallica.bnf.fr/iiif/ark:/12148/bpt6k1170198d/f24"}]}, {"ref": "ref_mei", "description": "Source Ir\u00e9Mus", "source_type": "MEI", "mime_type": "application/xml", "url": "https://neuma.huma-num.fr/media/sources/all-collabscore-saintsaens-ref-R171_3/R171_3.mei"}], "files": [{"name": "mei.xml", "url": "https://neuma.huma-num.fr/media/corpora/all/collabscore/saintsaens-ref/R171_3/mei.xml"}]}