{"db_id": 22492, "ref": "all:collabscore:saintsaens:autres:R174_1", "local_ref": "R174_1", "corpus_ref": "all:collabscore:saintsaens:autres", "title": "La Jota aragonese, transcription par C. Saint-Saëns, op. 64, piano et violon par l'auteur ", "composer": "Saint-Saëns, Camille ", "features": [], "sources": [{"ref": "ref_mei", "description": "Référence MEI", "source_type": "MEI", "mime_type": "application/xml", "url": "", "file_path": "/media/sources/all-collabscore-saintsaens-autres-R174_1/ref_mei.xml", "has_manifest": false, "has_iiif_manifest": false}, {"ref": "iiif", "description": "Lien Gallica", "source_type": "JPEG", "mime_type": "image/jpeg", "url": "https://gallica.bnf.fr/ark:/12148/bpt6k12815353", "file_path": null, "has_manifest": false, "has_iiif_manifest": false}], "files": [{"name": "mei.xml", "url": "http://localhost:8000/media/corpora/all/collabscore/saintsaens/autres/R174_1/mei.xml"}]}