{"db_id": 22368, "ref": "all:collabscore:saintsaens:autres:R202_1", "local_ref": "R202_1", "corpus_ref": "all:collabscore:saintsaens:autres", "title": "Havanaise pour violon avec accompagnement d'orchestre ou de piano : Op. 83 / par Camille Saint-Saëns ; à Monsieur Diaz Albertini ", "composer": "Saint-Saëns, Camille ", "features": [], "sources": [{"ref": "ref_mei", "description": "Référence MEI", "source_type": "MEI", "mime_type": "application/xml", "url": "", "file_path": "/media/sources/all-collabscore-saintsaens-autres-R202_1/ref_mei.xml", "has_manifest": false, "has_iiif_manifest": false}, {"ref": "iiif", "description": "Lien Gallica", "source_type": "JPEG", "mime_type": "image/jpeg", "url": "https://gallica.bnf.fr/ark:/12148/btv1b72006362", "file_path": null, "has_manifest": false, "has_iiif_manifest": false}], "files": [{"name": "mei.xml", "url": "http://localhost:8000/media/corpora/all/collabscore/saintsaens/autres/R202_1/mei.xml"}]}