{"db_id": 22540, "ref": "all:collabscore:saintsaens:autres:R244_0", "local_ref": "R244_0", "corpus_ref": "all:collabscore:saintsaens:autres", "title": "[Orpheus. Orchestre. LW G9] ", "composer": "Liszt, Franz ", "features": [], "sources": [{"ref": "ref_mei", "description": "Référence MEI", "source_type": "MEI", "mime_type": "application/xml", "url": "", "file_path": "/media/sources/all-collabscore-saintsaens-autres-R244_0/ref_mei.xml", "has_manifest": false, "has_iiif_manifest": false}, {"ref": "iiif", "description": "Lien Gallica", "source_type": "JPEG", "mime_type": "image/jpeg", "url": "https://gallica.bnf.fr/ark:/12148/bpt6k1281528z", "file_path": null, "has_manifest": false, "has_iiif_manifest": false}], "files": [{"name": "mei.xml", "url": "http://localhost:8000/media/corpora/all/collabscore/saintsaens/autres/R244_0/mei.xml"}]}