{"db_id": 22457, "ref": "all:collabscore:saintsaens:autres:R253_0", "local_ref": "R253_0", "corpus_ref": "all:collabscore:saintsaens:autres", "title": "2 fantaisies écrites pour le luth (viruela) / par D. Luis Milan de Valence, compositeur espagnol du XVIe siècle ; transcrites pour le piano par C. Saint-Saëns ", "composer": "Milán, Luis de ", "features": [], "sources": [{"ref": "ref_mei", "description": "Référence MEI", "source_type": "MEI", "mime_type": "application/xml", "url": "", "file_path": "/media/sources/all-collabscore-saintsaens-autres-R253_0/ref_mei.xml", "has_manifest": false, "has_iiif_manifest": false}, {"ref": "iiif", "description": "Lien Gallica", "source_type": "JPEG", "mime_type": "image/jpeg", "url": "https://gallica.bnf.fr/ark:/12148/bpt6k1174900p", "file_path": null, "has_manifest": false, "has_iiif_manifest": false}], "files": [{"name": "mei.xml", "url": "http://localhost:8000/media/corpora/all/collabscore/saintsaens/autres/R253_0/mei.xml"}]}