{"db_id": 22493, "ref": "all:collabscore:saintsaens:autres:R298_0", "local_ref": "R298_0", "corpus_ref": "all:collabscore:saintsaens:autres", "title": "[Déjanire. R 298] ", "composer": "Saint-Saëns, Camille ", "features": [], "sources": [{"ref": "ref_mei", "description": "Référence MEI", "source_type": "MEI", "mime_type": "application/xml", "url": "", "file_path": "/media/sources/all-collabscore-saintsaens-autres-R298_0/ref_mei.xml", "has_manifest": false, "has_iiif_manifest": false}, {"ref": "iiif", "description": "Lien Gallica", "source_type": "JPEG", "mime_type": "image/jpeg", "url": "https://gallica.bnf.fr/ark:/12148/bpt6k1509504j", "file_path": null, "has_manifest": false, "has_iiif_manifest": false}], "files": [{"name": "mei.xml", "url": "http://localhost:8000/media/corpora/all/collabscore/saintsaens/autres/R298_0/mei.xml"}]}