{"db_id": 22827, "ref": "all:collabscore:saintsaens-ref:C009_0", "local_ref": "C009_0", "corpus_ref": "all:collabscore:saintsaens-ref", "title": "[Fière beauté] ", "composer": "Saint-Saëns, Camille ", "features": [], "sources": [{"ref": "iiif", "description": "Lien Gallica", "source_type": "JPEG", "mime_type": "image/jpeg", "url": "https://gallica.bnf.fr/ark:/12148/bpt6k1162026x", "file_path": null, "has_manifest": false, "has_iiif_manifest": false}], "files": [{"name": "mei.xml", "url": "http://localhost:8000/media/corpora/all/collabscore/saintsaens-ref/C009_0/mei.xml"}]}