{"db_id": 22191, "ref": "all:collabscore:saintsaens-ref:C010_0", "local_ref": "C010_0", "corpus_ref": "all:collabscore:saintsaens-ref", "title": "God save the King Hymne national anglais, traduction française et accompagnement de piano par C. Saint-Saëns ", "composer": "Carey, Henry ", "features": [], "sources": [{"ref": "iiif", "description": "Lien Gallica", "source_type": "JPEG", "mime_type": "image/jpeg", "url": "https://gallica.bnf.fr/ark:/12148/bpt6k386168k", "file_path": "/media/sources/all-collabscore-saintsaens-ref-all-collabscore-saintsaens-ref-C010_0/iiif.json", "has_manifest": true, "has_iiif_manifest": true}, {"ref": "musicxml", "description": "('MusicXML file updated on 2024-05-27',)", "source_type": "MusicXML", "mime_type": "application/xml", "url": "", "file_path": "/media/sources/all-collabscore-saintsaens-ref-C010_0/score.xml", "has_manifest": false, "has_iiif_manifest": true}, {"ref": "mei", "description": "('MEI file updated on 2024-05-27',)", "source_type": "MEI", "mime_type": "application/xml", "url": "", "file_path": "/media/sources/all-collabscore-saintsaens-ref-C010_0/score.mei", "has_manifest": false, "has_iiif_manifest": true}, {"ref": "midi", "description": "('MIDI file updated on 2024-05-27',)", "source_type": "MIDI", "mime_type": "audio/midi", "url": "", "file_path": "/media/sources/all-collabscore-saintsaens-ref-C010_0/score.midi", "has_manifest": false, "has_iiif_manifest": true}, {"ref": "tmp", "description": "('MusicXML file created on 2025-02-11',)", "source_type": "MusicXML", "mime_type": "application/xml", "url": "", "file_path": "/media/sources/all-collabscore-saintsaens-ref-C010_0/tmp.xml", "has_manifest": false, "has_iiif_manifest": false}], "files": [{"name": "score.xml", "url": "http://localhost:8000/media/corpora/all/collabscore/saintsaens-ref/C010_0/score.xml"}, {"name": "mei.xml", "url": "http://localhost:8000/media/corpora/all/collabscore/saintsaens-ref/C010_0/mei.xml"}]}