{"db_id": 22826, "ref": "all:collabscore:saintsaens-ref:C013_0", "local_ref": "C013_0", "corpus_ref": "all:collabscore:saintsaens-ref", "title": "[La sérénité] ", "composer": "Saint-Saëns, Camille ", "features": [], "sources": [{"ref": "iiif", "description": "Lien Gallica", "source_type": "JPEG", "mime_type": "image/jpeg", "url": "https://gallica.bnf.fr/ark:/12148/bpt6k1161981x", "file_path": null, "has_manifest": false, "has_iiif_manifest": false}], "files": [{"name": "mei.xml", "url": "http://localhost:8000/media/corpora/all/collabscore/saintsaens-ref/C013_0/mei.xml"}]}