{"db_id": 22822, "ref": "all:collabscore:saintsaens-ref:C024_0", "local_ref": "C024_0", "corpus_ref": "all:collabscore:saintsaens-ref", "title": "[Chanson triste] ", "composer": "Saint-Saëns, Camille ", "features": [], "sources": [{"ref": "iiif", "description": "Lien Gallica", "source_type": "JPEG", "mime_type": "image/jpeg", "url": "https://gallica.bnf.fr/ark:/12148/bpt6k1162046p", "file_path": null, "has_manifest": false, "has_iiif_manifest": false}], "files": [{"name": "mei.xml", "url": "http://localhost:8000/media/corpora/all/collabscore/saintsaens-ref/C024_0/mei.xml"}]}