{"db_id": 22174, "ref": "all:collabscore:saintsaens-ref:C035_0", "local_ref": "C035_0", "corpus_ref": "all:collabscore:saintsaens-ref", "title": "Avril, poésie de Rémy Belleau. Chant et piano. (Vieilles chansons) ", "composer": "Saint-Saëns, Camille ", "features": [], "sources": [{"ref": "ref_mei", "description": "Référence MEI", "source_type": "MEI", "mime_type": "application/xml", "url": "", "file_path": "/media/sources/all-collabscore-saintsaens-ref-C035_0/ref_mei.mei", "has_manifest": false, "has_iiif_manifest": true}, {"ref": "musicxml", "description": "('MusicXML file updated on 2025-02-07',)", "source_type": "MusicXML", "mime_type": "application/xml", "url": "", "file_path": "/media/sources/all-collabscore-saintsaens-ref-C035_0/score.xml", "has_manifest": false, "has_iiif_manifest": false}, {"ref": "mei", "description": "('MEI file updated on 2025-02-07',)", "source_type": "MEI", "mime_type": "application/xml", "url": "", "file_path": "/media/sources/all-collabscore-saintsaens-ref-C035_0/score.mei", "has_manifest": false, "has_iiif_manifest": false}, {"ref": "midi", "description": "('MIDI file updated on 2025-02-07',)", "source_type": "MIDI", "mime_type": "audio/midi", "url": "", "file_path": "/media/sources/all-collabscore-saintsaens-ref-C035_0/score.midi", "has_manifest": false, "has_iiif_manifest": false}, {"ref": "tmp", "description": "('MusicXML file updated on 2025-02-11',)", "source_type": "MusicXML", "mime_type": "application/xml", "url": "", "file_path": "/media/sources/all-collabscore-saintsaens-ref-C035_0/tmp.xml", "has_manifest": false, "has_iiif_manifest": false}, {"ref": "dmos", "description": "Created via REST call on 2023-12-13", "source_type": "DMOS", "mime_type": "application/json", "url": "", "file_path": "/media/sources/all-collabscore-saintsaens-ref-C035_0/dmos.json", "has_manifest": false, "has_iiif_manifest": false}, {"ref": "iiif", "description": "Lien Gallica", "source_type": "JPEG", "mime_type": "image/jpeg", "url": "https://gallica.bnf.fr/ark:/12148/bpt6k3939359", "file_path": "/media/sources/all-collabscore-saintsaens-ref-C035_0/avril.json", "has_manifest": true, "has_iiif_manifest": true}], "files": [{"name": "score.xml", "url": "http://localhost:8000/media/corpora/all/collabscore/saintsaens-ref/C035_0/score.xml"}, {"name": "mei.xml", "url": "http://localhost:8000/media/corpora/all/collabscore/saintsaens-ref/C035_0/mei.xml"}]}