{"db_id": 22175, "ref": "all:collabscore:saintsaens-ref:C041_0", "local_ref": "C041_0",
  "corpus_ref": "all:collabscore:saintsaens-ref", "title": "Villanelle ",
  "composer": "Saint-Saëns, Camille ",
  "features": [],
  "sources": [{"ref": "ref_mei", "description": "Référence MEI", "source_type": "MEI", "mime_type": "application/xml", "url": "", "file_path": "/media/sources/all-collabscore-saintsaens-ref-C036_0/ref_mei.mei", "has_manifest": false, "has_iiif_manifest": true}, {"ref": "iiif", "description": "Lien Gallica", "source_type": "JPEG", "mime_type": "image/jpeg", "url": "https://gallica.bnf.fr/ark:/12148/bpt6k393934x", "file_path": null, "has_manifest": false, "has_iiif_manifest": true}, {"ref": "yt-1", "description": "Jeff Cohen, Tassis Christoyannis (2016)", "source_type": "MPEG", "mime_type": "audio/mpeg", "url": "https://www.youtube.com/watch?v=JZkWfBIP3dI", "file_path": null, "has_manifest": false, "has_iiif_manifest": false}, {"ref": "yt-2", "description": "Didier Henry, Angéline Pondepeyre (2013)", "source_type": "MPEG", "mime_type": "audio/mpeg", "url": "https://www.youtube.com/watch?v=RC0NgG668Qk", "file_path": null, "has_manifest": false, "has_iiif_manifest": false}, {"ref": "dmos", "description": "Created via REST call on 2023-12-12", "source_type": "DMOS", "mime_type": "application/json", "url": "", "file_path": "/media/sources/all-collabscore-saintsaens-ref-C036_0/dmos.json", "has_manifest": false, "has_iiif_manifest": false}], "files": [{"name": "score.xml", "url": "http://localhost:8000/media/corpora/all/collabscore/saintsaens-ref/C036_0/score.xml"}, {"name": "mei.xml", "url": "http://localhost:8000/media/corpora/all/collabscore/saintsaens-ref/C036_0/mei.xml"}]}
