{"db_id": 22176, "ref": "all:collabscore:saintsaens-ref:C046_0", "local_ref": "C046_0", "corpus_ref": "all:collabscore:saintsaens-ref", "title": "L'Amant malheureux. Poésie de Ronsard. Chant et piano (ténor) ", "composer": "Saint-Saëns, Camille ", "features": [{"feature_key": "genre", "feature_value": "Lied"}, {"feature_key": "meter", "feature_value": "3/8"}, {"feature_key": "year", "feature_value": "1921"}, {"feature_key": "key_tonic_name", "feature_value": "A minor"}, {"feature_key": "collection", "feature_value": "Cinq poèmes de Ronsard"}, {"feature_key": "lyricist", "feature_value": "Pierre de Ronsard"}], "sources": [{"ref": "ref_mei", "description": "Référence MEI", "source_type": "MEI", "mime_type": "application/xml", "url": "", "file_path": "/media/sources/all-collabscore-saintsaens-ref-C046_0/ref_mei.mei", "has_manifest": false, "has_iiif_manifest": true}, {"ref": "iiif", "description": "Lien Gallica", "source_type": "JPEG", "mime_type": "image/jpeg", "url": "https://gallica.bnf.fr/ark:/12148/bpt6k382117c", "file_path": null, "has_manifest": false, "has_iiif_manifest": true}, {"ref": "dmos", "description": "Created via REST call on 2023-12-12", "source_type": "DMOS", "mime_type": "application/json", "url": "", "file_path": "/media/sources/all-collabscore-saintsaens-ref-C046_0/dmos.json", "has_manifest": false, "has_iiif_manifest": false}, {"ref": "yt-1", "description": "Jeff Cohen, Tassis Christoyannis (2016)", "source_type": "MPEG", "mime_type": "audio/mpeg", "url": "https://www.youtube.com/watch?v=9fxQ-Ail_wI", "file_path": null, "has_manifest": false, "has_iiif_manifest": false}, {"ref": "yt-2", "description": "Didier Henry, Angéline Pondepeyre (2013)", "source_type": "MPEG", "mime_type": "audio/mpeg", "url": "https://www.youtube.com/watch?v=yTwEdAmFSWw", "file_path": null, "has_manifest": false, "has_iiif_manifest": false}], "files": [{"name": "score.xml", "url": "http://localhost:8000/media/corpora/all/collabscore/saintsaens-ref/C046_0/score.xml"}, {"name": "mei.xml", "url": "http://localhost:8000/media/corpora/all/collabscore/saintsaens-ref/C046_0/mei.xml"}]}