{"db_id": 22181, "ref": "all:collabscore:saintsaens-ref:C452_0", "local_ref": "C452_0", "corpus_ref": "all:collabscore:saintsaens-ref", "title": "[Les marins de Kermor. Op. 71, no 1]", "composer": "Saint-Saëns, Camille ", "features": [{"feature_key": "genre", "feature_value": "Choral"}, {"feature_key": "meter", "feature_value": "4/4"}, {"feature_key": "year", "feature_value": "1884"}, {"feature_key": "key_tonic_name", "feature_value": "F major"}, {"feature_key": "collection", "feature_value": "Deux choeurs, op. 71"}, {"feature_key": "lyricist", "feature_value": "T. Saint-Félix"}], "sources": [{"ref": "youtube", "description": "Source YouTube", "source_type": "MPEG", "mime_type": "audio/mpeg", "url": "https://www.youtube.com/watch?v=WFGCwasl9N8", "file_path": null, "has_manifest": false, "has_iiif_manifest": true}, {"ref": "ref_mei", "description": "Référence MEI", "source_type": "MEI", "mime_type": "application/xml", "url": "", "file_path": "/media/sources/all-collabscore-saintsaens-ref-C452_0/ref_mei.mei", "has_manifest": false, "has_iiif_manifest": true}, {"ref": "iiif", "description": "Lien Gallica", "source_type": "JPEG", "mime_type": "image/jpeg", "url": "https://gallica.bnf.fr/ark:/12148/bpt6k1174892k", "file_path": null, "has_manifest": false, "has_iiif_manifest": true}, {"ref": "dmos", "description": "Created via REST call on 2023-11-22", "source_type": "DMOS", "mime_type": "application/json", "url": "", "file_path": "/media/sources/all-collabscore-saintsaens-ref-C452_0/dmos.json", "has_manifest": true, "has_iiif_manifest": false}, {"ref": "yt-1", "description": "Radio Svizzera Choir, Diego Fasolis (2004)", "source_type": "MPEG", "mime_type": "audio/mpeg", "url": "https://www.youtube.com/watch?v=vw4ZTTj4bwU", "file_path": null, "has_manifest": false, "has_iiif_manifest": false}], "files": [{"name": "score.xml", "url": "http://localhost:8000/media/corpora/all/collabscore/saintsaens-ref/C452_0/score.xml"}, {"name": "mei.xml", "url": "http://localhost:8000/media/corpora/all/collabscore/saintsaens-ref/C452_0/mei.xml"}]}