{"db_id": 40986, "ref": "all:collabscore:saintsaens-ref:R125_C1", "local_ref": "R125_C1", "corpus_ref": "all:collabscore:saintsaens-ref", "title": "[Le cygne] ", "composer": "Saint-Saëns, Camille ", "features": [], "sources": [{"ref": "iiif", "description": "Lien Gallica", "source_type": "JPEG", "mime_type": "image/jpeg", "url": "https://gallica.bnf.fr/ark:/12148/bpt6k1911329f", "file_path": "/media/sources/all-collabscore-saintsaens-ref-R125_C1/dmos.json", "has_manifest": true, "has_iiif_manifest": true}, {"ref": "tmp", "description": "('MusicXML file updated on 2025-03-03',)", "source_type": "MusicXML", "mime_type": "application/xml", "url": "", "file_path": "/media/sources/all-collabscore-saintsaens-ref-R125_C1/tmp.xml", "has_manifest": false, "has_iiif_manifest": false}, {"ref": "midi", "description": "('MIDI file updated on 2025-02-21',)", "source_type": "MIDI", "mime_type": "audio/midi", "url": "", "file_path": "/media/sources/all-collabscore-saintsaens-ref-R125_C1/score.midi", "has_manifest": false, "has_iiif_manifest": false}, {"ref": "audio", "description": "Enregistrement BnF", "source_type": "MP4", "mime_type": "audio/mp4", "url": "https://gallica.bnf.fr/ark:/12148/bpt6k1080365r", "file_path": null, "has_manifest": false, "has_iiif_manifest": false}, {"ref": "mei", "description": "('MEI file updated on 2025-02-21',)", "source_type": "MEI", "mime_type": "application/xml", "url": "", "file_path": "/media/sources/all-collabscore-saintsaens-ref-R125_C1/score.mei", "has_manifest": false, "has_iiif_manifest": false}, {"ref": "musicxml", "description": "('MusicXML file updated on 2025-02-21',)", "source_type": "MusicXML", "mime_type": "application/xml", "url": "", "file_path": "/media/sources/all-collabscore-saintsaens-ref-R125_C1/score.xml", "has_manifest": false, "has_iiif_manifest": false}], "files": [{"name": "score.xml", "url": "https://neuma.huma-num.fr/media/corpora/all/collabscore/saintsaens-ref/R125_C1/score.xml"}, {"name": "mei.xml", "url": "https://neuma.huma-num.fr/media/corpora/all/collabscore/saintsaens-ref/R125_C1/mei.xml"}]}