{"db_id": 22185, "ref": "all:collabscore:saintsaens-ref:R165_3", "local_ref": "R165_3", "corpus_ref": "all:collabscore:saintsaens-ref", "title": "[Suites. Orchestre. R 165. Ré majeur] ", "composer": "Saint-Saëns, Camille ", "features": [], "sources": [{"ref": "ref_mei", "description": "Référence MEI", "source_type": "MEI", "mime_type": "application/xml", "url": "", "file_path": "/media/sources/all-collabscore-saintsaens-ref-R165_3/ref_mei.mei", "has_manifest": false, "has_iiif_manifest": true}, {"ref": "iiif", "description": "Lien Gallica", "source_type": "JPEG", "mime_type": "image/jpeg", "url": "https://gallica.bnf.fr/ark:/12148/bpt6k1170233d", "file_path": null, "has_manifest": false, "has_iiif_manifest": true}], "files": [{"name": "mei.xml", "url": "http://localhost:8000/media/corpora/all/collabscore/saintsaens-ref/R165_3/mei.xml"}]}