{"db_id": 22183, "ref": "all:collabscore:saintsaens-ref:R165_1", "local_ref": "R165_1", "corpus_ref": "all:collabscore:saintsaens-ref", "title": "[Suites. Orchestre. R 165. Ré majeur], N.1 Prélude ", "composer": "Saint-Saëns, Camille ", "features": [], "sources": [{"ref": "ref_mei", "description": "Référence MEI", "source_type": "MEI", "mime_type": "application/xml", "url": "", "file_path": "/media/sources/all-collabscore-saintsaens-ref-R165_1/ref_mei.xml", "has_manifest": false, "has_iiif_manifest": true}, {"ref": "iiif", "description": "Lien Gallica", "source_type": "JPEG", "mime_type": "image/jpeg", "url": "https://gallica.bnf.fr/ark:/12148/bpt6k1170233d", "file_path": null, "has_manifest": false, "has_iiif_manifest": true}, {"ref": "dmos", "description": "Created via REST call on 2023-12-13", "source_type": "DMOS", "mime_type": "application/json", "url": "", "file_path": "/media/sources/all-collabscore-saintsaens-ref-R165_1/dmos.json", "has_manifest": false, "has_iiif_manifest": false}], "files": [{"name": "score.xml", "url": "http://localhost:8000/media/corpora/all/collabscore/saintsaens-ref/R165_1/score.xml"}, {"name": "mei.xml", "url": "http://localhost:8000/media/corpora/all/collabscore/saintsaens-ref/R165_1/mei.xml"}]}