{"db_id": 22187, "ref": "all:collabscore:saintsaens-ref:R171_3", "local_ref": "R171_3", "corpus_ref": "all:collabscore:saintsaens-ref", "title": "[Danse macabre. R 171 (Poème symphonique)] ", "composer": "Saint-Saëns, Camille ", "features": [], "sources": [{"ref": "iiif", "description": "Lien Gallica", "source_type": "JPEG", "mime_type": "image/jpeg", "url": "https://gallica.bnf.fr/ark:/12148/bpt6k1170198d", "file_path": null, "has_manifest": false, "has_iiif_manifest": true}, {"ref": "ref_mei", "description": "Source IréMus", "source_type": "MEI", "mime_type": "application/xml", "url": "", "file_path": "/media/sources/all-collabscore-saintsaens-ref-R171_3/ref_mei.mei", "has_manifest": false, "has_iiif_manifest": false}], "files": [{"name": "mei.xml", "url": "http://localhost:8000/media/corpora/all/collabscore/saintsaens-ref/R171_3/mei.xml"}]}