{"db_id": 22186, "ref": "all:collabscore:saintsaens-ref:R171_0", "local_ref": "R171_0", "corpus_ref": "all:collabscore:saintsaens-ref", "title": "[Danse macabre (Mélodie)] ", "composer": "Saint-Saëns, Camille ", "features": [{"feature_key": "genre", "feature_value": "Lied"}, {"feature_key": "meter", "feature_value": "3/4"}, {"feature_key": "year", "feature_value": "1873"}, {"feature_key": "key_tonic_name", "feature_value": "G minor"}, {"feature_key": "lyricist", "feature_value": "Henri Cazalis"}], "sources": [{"ref": "musicxml", "description": "('MusicXML file updated on 2025-03-10',)", "source_type": "MusicXML", "mime_type": "application/xml", "url": "", "file_path": "/media/sources/all-collabscore-saintsaens-ref-R171_0/score.xml", "has_manifest": false, "has_iiif_manifest": false}, {"ref": "midi", "description": "('MIDI file updated on 2025-03-10',)", "source_type": "MIDI", "mime_type": "audio/midi", "url": "", "file_path": "/media/sources/all-collabscore-saintsaens-ref-R171_0/score.midi", "has_manifest": false, "has_iiif_manifest": false}, {"ref": "iiif", "description": "Lien Gallica", "source_type": "JPEG", "mime_type": "image/jpeg", "url": "https://gallica.bnf.fr/ark:/12148/btv1b52502625c", "file_path": "/media/sources/all-collabscore-saintsaens-ref-R171_0/danse_macabre.json", "has_manifest": true, "has_iiif_manifest": true}, {"ref": "mei", "description": "('MEI file updated on 2025-03-10',)", "source_type": "MEI", "mime_type": "application/xml", "url": "", "file_path": "/media/sources/all-collabscore-saintsaens-ref-R171_0/score.mei", "has_manifest": false, "has_iiif_manifest": false}, {"ref": "ref_mei", "description": "Référence MEI", "source_type": "MEI", "mime_type": "application/xml", "url": "", "file_path": "/media/sources/all-collabscore-saintsaens-ref-R171_0/ref_mei.mei", "has_manifest": false, "has_iiif_manifest": true}, {"ref": "yt-1", "description": "François Le Roux, Graham Johnson (2018)", "source_type": "MPEG", "mime_type": "audio/mpeg", "url": "https://www.youtube.com/watch?v=gTdndPJmqUY", "file_path": null, "has_manifest": false, "has_iiif_manifest": false}, {"ref": "yt-2", "description": "Madison Fitzpatrick, Travis Bloom (2022)", "source_type": "MPEG", "mime_type": "audio/mpeg", "url": "https://www.youtube.com/watch?v=ihDNDredHOA", "file_path": null, "has_manifest": false, "has_iiif_manifest": false}, {"ref": "dmos", "description": "DMOS", "source_type": "DMOS", "mime_type": "application/json", "url": "", "file_path": "/media/sources/all-collabscore-saintsaens-ref-R171_0/dmos.json", "has_manifest": true, "has_iiif_manifest": false}], "files": [{"name": "score.xml", "url": "http://localhost:8000/media/corpora/all/collabscore/saintsaens-ref/R171_0/score.xml"}, {"name": "mei.xml", "url": "http://localhost:8000/media/corpora/all/collabscore/saintsaens-ref/R171_0/mei.xml"}]}