{"db_id": 22835, "ref": "all:collabscore:saintsaens-audio:asciano", "local_ref": "asciano", "corpus_ref": "all:collabscore:saintsaens-audio", "title": "[Asciano, air de Scozzone] ", "composer": "Saint-Saëns, Camille ", "features": [], "sources": [{"ref": "iiif", "description": "Lien Gallica", "source_type": "JPEG", "mime_type": "image/jpeg", "url": "https://gallica.bnf.fr/ark:/12148/bpt6k19113281", "file_path": null, "has_manifest": false, "has_iiif_manifest": false}, {"ref": "audio", "description": "Face A plage 1", "source_type": "MP4", "mime_type": "audio/mp4", "url": "https://gallica.bnf.fr/ark:/12148/bpt6k1081549n", "file_path": null, "has_manifest": false, "has_iiif_manifest": false}], "files": [{"name": "mei.xml", "url": "http://localhost:8000/media/corpora/all/collabscore/saintsaens-audio/asciano/mei.xml"}]}