{"db_id": 22840, "ref": "all:collabscore:saintsaens-audio:R054_0", "local_ref": "R054_0", "corpus_ref": "all:collabscore:saintsaens-audio", "title": "[6 études. Piano. R 54] ", "composer": "Saint-Saëns, Camille ", "features": [], "sources": [{"ref": "iiif", "description": "Lien Gallica", "source_type": "JPEG", "mime_type": "image/jpeg", "url": "https://gallica.bnf.fr/ark:/12148/bpt6k1166853t", "file_path": null, "has_manifest": false, "has_iiif_manifest": false}, {"ref": "ref_mei", "description": "Référence MEI", "source_type": "MEI", "mime_type": "application/xml", "url": "", "file_path": "/media/sources/all-collabscore-saintsaens-audio-R054_0/ref_mei.xml", "has_manifest": false, "has_iiif_manifest": false}], "files": [{"name": "mei.xml", "url": "http://localhost:8000/media/corpora/all/collabscore/saintsaens-audio/R054_0/mei.xml"}]}