{"db_id": 22843, "ref": "all:collabscore:saintsaens-audio:R169_0", "local_ref": "R169_0", "corpus_ref": "all:collabscore:saintsaens-audio", "title": "[Le rouet d'Omphale. R 169] ", "composer": "Saint-Saëns, Camille ", "features": [], "sources": [{"ref": "ref_mei", "description": "Référence MEI", "source_type": "MEI", "mime_type": "application/xml", "url": "", "file_path": "/media/sources/all-collabscore-saintsaens-audio-R169_0/ref_mei.xml", "has_manifest": false, "has_iiif_manifest": false}, {"ref": "iiif", "description": "Lien Gallica", "source_type": "JPEG", "mime_type": "image/jpeg", "url": "https://gallica.bnf.fr/ark:/12148/bpt6k11669142", "file_path": null, "has_manifest": false, "has_iiif_manifest": false}, {"ref": "audi", "description": "Face B plage 1", "source_type": "MP4", "mime_type": "audio/mp4", "url": "https://gallica.bnf.fr/ark:/12148/bpt6k8823171f", "file_path": null, "has_manifest": false, "has_iiif_manifest": false}], "files": [{"name": "mei.xml", "url": "http://localhost:8000/media/corpora/all/collabscore/saintsaens-audio/R169_0/mei.xml"}]}