{"db_id": 22834, "ref": "all:collabscore:saintsaens-audio:R200_0", "local_ref": "R200_0", "corpus_ref": "all:collabscore:saintsaens-audio", "title": "[Allegro appassionato. Piano, orchestre ad libitum. R 37. Do dièse mineur] ", "composer": "Saint-Saëns, Camille ", "features": [], "sources": [{"ref": "iiif", "description": "Lien Gallica", "source_type": "JPEG", "mime_type": "image/jpeg", "url": "https://gallica.bnf.fr/ark:/12148/bpt6k8580336", "file_path": null, "has_manifest": false, "has_iiif_manifest": false}, {"ref": "ref_mei", "description": "Référence MEI", "source_type": "MEI", "mime_type": "application/xml", "url": "", "file_path": "/media/sources/all-collabscore-saintsaens-audio-R200_0/ref_mei.xml", "has_manifest": false, "has_iiif_manifest": false}, {"ref": "audio", "description": "Face B plage 4", "source_type": "MP4", "mime_type": "audio/mp4", "url": "https://gallica.bnf.fr/ark:/12148/bpt6k8808500r", "file_path": null, "has_manifest": false, "has_iiif_manifest": false}], "files": [{"name": "mei.xml", "url": "http://localhost:8000/media/corpora/all/collabscore/saintsaens-audio/R200_0/mei.xml"}]}