{"db_id": 22837, "ref": "all:collabscore:saintsaens-audio:R200_1", "local_ref": "R200_1", "corpus_ref": "all:collabscore:saintsaens-audio", "title": "[Allegro appassionato. Piano, orchestre ad libitum. R 37. Do dièse mineur] ", "composer": "Saint-Saëns, Camille ", "features": [], "sources": [{"ref": "iiif", "description": "Lien Gallica", "source_type": "JPEG", "mime_type": "image/jpeg", "url": "https://gallica.bnf.fr/ark:/12148/bpt6k11701792", "file_path": null, "has_manifest": false, "has_iiif_manifest": false}, {"ref": "ref_mei", "description": "Référence MEI", "source_type": "MEI", "mime_type": "application/xml", "url": "", "file_path": "/media/sources/all-collabscore-saintsaens-audio-R200_1/ref_mei.xml", "has_manifest": false, "has_iiif_manifest": false}], "files": [{"name": "mei.xml", "url": "http://localhost:8000/media/corpora/all/collabscore/saintsaens-audio/R200_1/mei.xml"}]}