{"db_id": 40724, "ref": "all:collabscore:saintsaens:C305_0", "local_ref": "C305_0", "corpus_ref": "all:collabscore:saintsaens", "title": "Litanies de la Sainte -Vierge, avec accompagnement d'orgue par Saint-Saëns ", "composer": "Saint-Saëns, Camille ", "features": [], "sources": [{"ref": "gallica", "description": "Lien Gallica", "source_type": "JPEG", "mime_type": "image/jpeg", "url": "https://gallica.bnf.fr/ark:/12148/bpt6k1281525q", "file_path": null, "has_manifest": false, "has_iiif_manifest": false}, {"ref": "ref_mei", "description": "Référence MEI", "source_type": "MEI", "mime_type": "application/xml", "url": "", "file_path": "/media/sources/all-collabscore-saintsaens-C305_0/ref_mei.xml", "has_manifest": false, "has_iiif_manifest": false}], "files": [{"name": "mei.xml", "url": "https://neuma.huma-num.fr/media/corpora/all/collabscore/saintsaens/C305_0/mei.xml"}]}