{"db_id": 40727, "ref": "all:collabscore:saintsaens:C309_0", "local_ref": "C309_0", "corpus_ref": "all:collabscore:saintsaens", "title": "Psalm CL : Praise Ye The Lord : For double-chorus of mixed voices with orchestra and organ : Op. 127 / by Camille Saint-Saëns ; dedicated to Whitney Warren, Esq. ", "composer": "Saint-Saëns, Camille ", "features": [], "sources": [{"ref": "gallica", "description": "Lien Gallica", "source_type": "JPEG", "mime_type": "image/jpeg", "url": "https://gallica.bnf.fr/ark:/12148/btv1b52000847s", "file_path": null, "has_manifest": false, "has_iiif_manifest": false}, {"ref": "ref_mei", "description": "Référence MEI", "source_type": "MEI", "mime_type": "application/xml", "url": "", "file_path": "/media/sources/all-collabscore-saintsaens-C309_0/ref_mei.xml", "has_manifest": false, "has_iiif_manifest": false}], "files": [{"name": "mei.xml", "url": "https://neuma.huma-num.fr/media/corpora/all/collabscore/saintsaens/C309_0/mei.xml"}]}