{"db_id": 40771, "ref": "all:collabscore:saintsaens:R039_0", "local_ref": "R039_0", "corpus_ref": "all:collabscore:saintsaens", "title": "Album du Gaulois ", "composer": "", "features": [], "sources": [{"ref": "ref_mei", "description": "Référence MEI", "source_type": "MEI", "mime_type": "application/xml", "url": "", "file_path": "/media/sources/all-collabscore-saintsaens-R039_0/ref_mei.xml", "has_manifest": false, "has_iiif_manifest": false}, {"ref": "gallica", "description": "Lien Gallica", "source_type": "JPEG", "mime_type": "image/jpeg", "url": "https://gallica.bnf.fr/ark:/12148/bpt6k1509584k", "file_path": null, "has_manifest": false, "has_iiif_manifest": false}], "files": [{"name": "mei.xml", "url": "https://neuma.huma-num.fr/media/corpora/all/collabscore/saintsaens/R039_0/mei.xml"}]}