{"db_id": 40820, "ref": "all:collabscore:saintsaens:R113_0", "local_ref": "R113_0", "corpus_ref": "all:collabscore:saintsaens", "title": "[Trios. Piano, cordes. No 1. R 113. Fa majeur] ", "composer": "Saint-Saëns, Camille ", "features": [], "sources": [{"ref": "gallica", "description": "Lien Gallica", "source_type": "JPEG", "mime_type": "image/jpeg", "url": "https://gallica.bnf.fr/ark:/12148/bd6t54169522s", "file_path": null, "has_manifest": false, "has_iiif_manifest": false}, {"ref": "ref_mei", "description": "Référence MEI", "source_type": "MEI", "mime_type": "application/xml", "url": "", "file_path": "/media/sources/all-collabscore-saintsaens-R113_0/ref_mei.xml", "has_manifest": false, "has_iiif_manifest": false}], "files": [{"name": "mei.xml", "url": "https://neuma.huma-num.fr/media/corpora/all/collabscore/saintsaens/R113_0/mei.xml"}]}