{"db_id": 40825, "ref": "all:collabscore:saintsaens:R120_0", "local_ref": "R120_0", "corpus_ref": "all:collabscore:saintsaens", "title": "[Quatuors. Piano, cordes. R 120. Si bémol majeur] ", "composer": "Saint-Saëns, Camille ", "features": [], "sources": [{"ref": "ref_mei", "description": "Référence MEI", "source_type": "MEI", "mime_type": "application/xml", "url": "", "file_path": "/media/sources/all-collabscore-saintsaens-R120_0/ref_mei.xml", "has_manifest": false, "has_iiif_manifest": false}, {"ref": "gallica", "description": "Lien Gallica", "source_type": "JPEG", "mime_type": "image/jpeg", "url": "https://gallica.bnf.fr/ark:/12148/bd6t54169524m", "file_path": null, "has_manifest": false, "has_iiif_manifest": false}], "files": [{"name": "mei.xml", "url": "https://neuma.huma-num.fr/media/corpora/all/collabscore/saintsaens/R120_0/mei.xml"}]}