{"db_id": 40862, "ref": "all:collabscore:saintsaens:R165_1brut", "local_ref": "R165_1brut", "corpus_ref": "all:collabscore:saintsaens", "title": "R165_1brut", "composer": null, "features": [], "sources": [{"ref": "ref_mei", "description": "Référence MEI", "source_type": "MEI", "mime_type": "application/xml", "url": "", "file_path": "/media/sources/all-collabscore-saintsaens-R165_1brut/ref_mei.xml", "has_manifest": false, "has_iiif_manifest": false}], "files": [{"name": "mei.xml", "url": "https://neuma.huma-num.fr/media/corpora/all/collabscore/saintsaens/R165_1brut/mei.xml"}]}