{"db_id": 40878, "ref": "all:collabscore:saintsaens:R174_2", "local_ref": "R174_2", "corpus_ref": "all:collabscore:saintsaens", "title": "La Jota Aragonese, op. 64 / par C. Saint-Saëns : transcription pour à 2 piano 4 ms, par l'auteur ", "composer": "Saint-Saëns, Camille ", "features": [], "sources": [{"ref": "ref_mei", "description": "Référence MEI", "source_type": "MEI", "mime_type": "application/xml", "url": "", "file_path": "/media/sources/all-collabscore-saintsaens-R174_2/ref_mei.xml", "has_manifest": false, "has_iiif_manifest": false}, {"ref": "gallica", "description": "Lien Gallica", "source_type": "JPEG", "mime_type": "image/jpeg", "url": "https://gallica.bnf.fr/ark:/12148/bpt6k1170241z", "file_path": null, "has_manifest": false, "has_iiif_manifest": false}], "files": [{"name": "mei.xml", "url": "https://neuma.huma-num.fr/media/corpora/all/collabscore/saintsaens/R174_2/mei.xml"}]}