{"db_id": 40901, "ref": "all:collabscore:saintsaens:R199_1", "local_ref": "R199_1", "corpus_ref": "all:collabscore:saintsaens", "title": "[Morceau de concert. Violon, orchestre. R 199. Mi mineur] ", "composer": "Saint-Saëns, Camille ", "features": [], "sources": [{"ref": "gallica", "description": "Lien Gallica", "source_type": "JPEG", "mime_type": "image/jpeg", "url": "https://gallica.bnf.fr/ark:/12148/bpt6k1509589n", "file_path": null, "has_manifest": false, "has_iiif_manifest": false}, {"ref": "ref_mei", "description": "Référence MEI", "source_type": "MEI", "mime_type": "application/xml", "url": "", "file_path": "/media/sources/all-collabscore-saintsaens-R199_1/ref_mei.xml", "has_manifest": false, "has_iiif_manifest": false}], "files": [{"name": "mei.xml", "url": "https://neuma.huma-num.fr/media/corpora/all/collabscore/saintsaens/R199_1/mei.xml"}]}