{"db_id": 40912, "ref": "all:collabscore:saintsaens:R206_1", "local_ref": "R206_1", "corpus_ref": "all:collabscore:saintsaens", "title": "[Concertos. Violoncelle, orchestre. No 2. R 206. Ré mineur] ", "composer": "Saint-Saëns, Camille ", "features": [], "sources": [{"ref": "gallica", "description": "Lien Gallica", "source_type": "JPEG", "mime_type": "image/jpeg", "url": "https://gallica.bnf.fr/ark:/12148/bpt6k1166862s", "file_path": null, "has_manifest": false, "has_iiif_manifest": false}, {"ref": "ref_mei", "description": "Référence MEI", "source_type": "MEI", "mime_type": "application/xml", "url": "", "file_path": "/media/sources/all-collabscore-saintsaens-R206_1/ref_mei.xml", "has_manifest": false, "has_iiif_manifest": false}], "files": [{"name": "mei.xml", "url": "https://neuma.huma-num.fr/media/corpora/all/collabscore/saintsaens/R206_1/mei.xml"}]}