{"db_id": 40917, "ref": "all:collabscore:saintsaens:R210_1", "local_ref": "R210_1", "corpus_ref": "all:collabscore:saintsaens", "title": "[Cyprès et lauriers. R 210] ", "composer": "Saint-Saëns, Camille ", "features": [], "sources": [{"ref": "gallica", "description": "Lien Gallica", "source_type": "JPEG", "mime_type": "image/jpeg", "url": "https://gallica.bnf.fr/ark:/12148/bd6t54169480w", "file_path": null, "has_manifest": false, "has_iiif_manifest": false}, {"ref": "ref_mei", "description": "Référence MEI", "source_type": "MEI", "mime_type": "application/xml", "url": "", "file_path": "/media/sources/all-collabscore-saintsaens-R210_1/ref_mei.xml", "has_manifest": false, "has_iiif_manifest": false}], "files": [{"name": "mei.xml", "url": "https://neuma.huma-num.fr/media/corpora/all/collabscore/saintsaens/R210_1/mei.xml"}]}