{"db_id": 40920, "ref": "all:collabscore:saintsaens:R216_0", "local_ref": "R216_0", "corpus_ref": "all:collabscore:saintsaens", "title": "[Offertoires. Orgue ou harmonium. R 82. Ré majeur] ", "composer": "Bach, Johann Sebastian ", "features": [], "sources": [{"ref": "gallica", "description": "Lien Gallica", "source_type": "JPEG", "mime_type": "image/jpeg", "url": "https://gallica.bnf.fr/ark:/12148/bpt6k1281529c", "file_path": null, "has_manifest": false, "has_iiif_manifest": false}, {"ref": "ref_mei", "description": "Référence MEI", "source_type": "MEI", "mime_type": "application/xml", "url": "", "file_path": "/media/sources/all-collabscore-saintsaens-R216_0/ref_mei.xml", "has_manifest": false, "has_iiif_manifest": false}], "files": [{"name": "mei.xml", "url": "https://neuma.huma-num.fr/media/corpora/all/collabscore/saintsaens/R216_0/mei.xml"}]}