{"db_id": 40926, "ref": "all:collabscore:saintsaens:R264_0", "local_ref": "R264_0", "corpus_ref": "all:collabscore:saintsaens", "title": "4e Symphonie en sol majeur dediée à la Société des concerts du Conservatoire de Paris, [pour orchestre] par Henri Reber,... et arrangée pour le piano à quatre mains par Camille Saint-Saëns... ", "composer": "Reber, Henri ", "features": [], "sources": [{"ref": "gallica", "description": "Lien Gallica", "source_type": "JPEG", "mime_type": "image/jpeg", "url": "https://gallica.bnf.fr/ark:/12148/bd6t541694426", "file_path": null, "has_manifest": false, "has_iiif_manifest": false}, {"ref": "ref_mei", "description": "Référence MEI", "source_type": "MEI", "mime_type": "application/xml", "url": "", "file_path": "/media/sources/all-collabscore-saintsaens-R264_0/ref_mei.xml", "has_manifest": false, "has_iiif_manifest": false}], "files": [{"name": "mei.xml", "url": "https://neuma.huma-num.fr/media/corpora/all/collabscore/saintsaens/R264_0/mei.xml"}]}