{"ref": "saintsaens71.1", "title": "Les marins de Kermor", "composer": null, "lyricist": null, "corpus": "all:collabscore", "meta_fields": [], "sources": [{"ref": "L-1718", "description": "Les marins de Kermor. Op. 71, no 1", "source_type": "JPEG", "mime_type": "image/jpeg", "url": "https://gallica.bnf.fr/ark:/12148/bpt6k1174892k"}, {"ref": "iremus", "description": "Saisie de r\u00e9f\u00e9rence IR\u00e9Mus", "source_type": "MEI", "mime_type": "application/xml", "url": "https://raw.githubusercontent.com/guillotel-nothmann/Saint-Saens/main/Les%20Marins%20de%20Kermor/xml/%20ark-%3A12148%3Abpt6k1174_V0.xml"}]}