<?xml version="1.0" encoding="utf-8"?>
<!DOCTYPE score-partwise  PUBLIC "-//Recordare//DTD MusicXML 3.1 Partwise//EN" "http://www.musicxml.org/dtds/partwise.dtd">
<score-partwise version="3.1">
  <work>
    <work-title />
  </work>
  <movement-title />
  <identification>
    <creator type="composer" />
    <encoding>
      <encoding-date>2023-12-12</encoding-date>
      <software>music21 v.8.1.0</software>
    </encoding>
  </identification>
  <defaults>
    <scaling>
      <millimeters>7</millimeters>
      <tenths>40</tenths>
    </scaling>
  </defaults>
  <part-list>
    <score-part id="P7897063c44ec30907fb9c72e02698ea5">
      <part-name />
    </score-part>
  </part-list>
  <!--=========================== Part 1 ===========================-->
  <part id="P7897063c44ec30907fb9c72e02698ea5">
    <!--========================= Measure 1 ==========================-->
    <measure number="1">
      <attributes>
        <divisions>10080</divisions>
        <time>
          <beats>4</beats>
          <beat-type>4</beat-type>
        </time>
        <clef>
          <sign>G</sign>
          <line>2</line>
        </clef>
      </attributes>
      <barline location="right">
        <bar-style>light-heavy</bar-style>
      </barline>
    </measure>
  </part>
</score-partwise>