{"ref": "A163A,2_1_0_1", "title": "[Les f\u00eates de l'Hymen et de l'Amour. Acte 3, sc\u00e8ne 3. Ma berg\u00e8re]", "composer": "Rameau, Jean-Philippe", "lyricist": "", "corpus": "rism", "meta_fields": [], "sources": [], "files": {"score.xml": {"url": "http://neuma.huma-num.fr/media/corpora/rism/A163A%2C2_1_0_1/score.xml"}, "mei.xml": {"url": "http://neuma.huma-num.fr/media/corpora/rism/A163A%2C2_1_0_1/mei.xml"}, "summary.json": {"url": "http://neuma.huma-num.fr/media/corpora/rism/A163A%2C2_1_0_1/summary.json"}}}