<?xml version="1.0" encoding="UTF-8"?><!DOCTYPE score-partwise PUBLIC "-//Recordare//DTD MusicXML 2.0 Partwise//EN"                                "http://www.musicxml.org/dtds/partwise.dtd"><score-partwise version="2.0">  <movement-title>[Les surprises de l'amour. RCT 58B]</movement-title>  <identification>    <creator type="composer">Rameau, Jean-Philippe</creator>    <encoding>      <software>Finale 2011 for Macintosh</software>      <software>Dolet Light for Finale 2011</software>      <encoding-date>2013-08-14</encoding-date>      <supports attribute="new-system" element="print" type="yes" value="yes"/>      <supports attribute="new-page" element="print" type="yes" value="yes"/>    </encoding>  </identification>  <defaults>    <scaling>      <millimeters>7.1967</millimeters>      <tenths>40</tenths>    </scaling>    <page-layout>      <page-height>1651</page-height>      <page-width>1167</page-width>      <page-margins type="both">        <left-margin>70</left-margin>        <right-margin>70</right-margin>        <top-margin>88</top-margin>        <bottom-margin>88</bottom-margin>      </page-margins>    </page-layout>    <system-layout>      <system-margins>        <left-margin>0</left-margin>        <right-margin>0</right-margin>      </system-margins>      <system-distance>121</system-distance>      <top-system-distance>70</top-system-distance>    </system-layout>    <appearance>      <line-width type="stem">0.7487</line-width>      <line-width type="beam">5</line-width>      <line-width type="staff">0.7487</line-width>      <line-width type="light barline">0.7487</line-width>      <line-width type="heavy barline">5</line-width>      <line-width type="leger">0.7487</line-width>      <line-width type="ending">0.7487</line-width>      <line-width type="wedge">0.7487</line-width>      <line-width type="enclosure">0.7487</line-width>      <line-width type="tuplet bracket">0.7487</line-width>      <note-size type="grace">60</note-size>      <note-size type="cue">60</note-size>    </appearance>    <music-font font-family="Maestro" font-size="20.4"/>    <word-font font-family="Times New Roman" font-size="10.2"/>  </defaults>  <credit page="1">    <credit-words default-x="1096" default-y="1494" font-size="12" font-weight="bold" justify="right" valign="top">Rameau, Jean-Philippe
[Les surprises de l'amour. RCT 58B]
Ouverture</credit-words>  </credit>  <credit page="1">    <credit-words default-x="177" default-y="1498" font-size="12" font-weight="bold" valign="top">NNB 42030412
A-196-(C,1-4)_0_0_1</credit-words>  </credit>  <part-list>    <score-part id="P1">      <part-name>violons</part-name>      <score-instrument id="P1-I3">        <instrument-name>violons</instrument-name>      </score-instrument>      <midi-instrument id="P1-I3">        <midi-channel>1</midi-channel>        <midi-program>49</midi-program>        <volume>80</volume>        <pan>0</pan>      </midi-instrument>    </score-part>  </part-list>  <!--=========================================================-->  <part id="P1">    <measure number="1" width="347">      <print>        <system-layout>          <system-margins>            <left-margin>105</left-margin>            <right-margin>0</right-margin>          </system-margins>          <top-system-distance>211</top-system-distance>        </system-layout>        <measure-numbering>system</measure-numbering>      </print>      <attributes>        <divisions>4</divisions>        <key>          <fifths>2</fifths>          <mode>major</mode>        </key>        <time symbol="cut">          <beats>2</beats>          <beat-type>2</beat-type>        </time>        <clef>          <sign>G</sign>          <line>1</line>        </clef>      </attributes>      <sound tempo="120"/>      <direction directive="yes" placement="above">        <direction-type>          <words default-y="40" font-family="Times" font-size="12" font-weight="bold">Le plus vite possible</words>        </direction-type>      </direction>      <note default-x="122">        <pitch>          <step>D</step>          <octave>4</octave>        </pitch>        <duration>1</duration>        <voice>1</voice>        <type>16th</type>        <stem default-y="-20">up</stem>        <beam number="1">begin</beam>        <beam number="2">begin</beam>      </note>      <note default-x="146">        <pitch>          <step>D</step>          <octave>4</octave>        </pitch>        <duration>1</duration>        <voice>1</voice>        <type>16th</type>        <stem default-y="-20">up</stem>        <beam number="1">continue</beam>        <beam number="2">continue</beam>      </note>      <note default-x="170">        <pitch>          <step>D</step>          <octave>4</octave>        </pitch>        <duration>1</duration>        <voice>1</voice>        <type>16th</type>        <stem default-y="-20">up</stem>        <beam number="1">continue</beam>        <beam number="2">continue</beam>      </note>      <note default-x="194">        <pitch>          <step>D</step>          <octave>4</octave>        </pitch>        <duration>1</duration>        <voice>1</voice>        <type>16th</type>        <stem default-y="-20">up</stem>        <beam number="1">continue</beam>        <beam number="2">continue</beam>      </note>      <note default-x="218">        <pitch>          <step>D</step>          <octave>4</octave>        </pitch>        <duration>1</duration>        <voice>1</voice>        <type>16th</type>        <stem default-y="-20">up</stem>        <beam number="1">continue</beam>        <beam number="2">continue</beam>      </note>      <note default-x="241">        <pitch>          <step>D</step>          <octave>4</octave>        </pitch>        <duration>1</duration>        <voice>1</voice>        <type>16th</type>        <stem default-y="-20">up</stem>        <beam number="1">continue</beam>        <beam number="2">continue</beam>      </note>      <note default-x="265">        <pitch>          <step>D</step>          <octave>4</octave>        </pitch>        <duration>1</duration>        <voice>1</voice>        <type>16th</type>        <stem default-y="-20">up</stem>        <beam number="1">continue</beam>        <beam number="2">continue</beam>      </note>      <note default-x="289">        <pitch>          <step>D</step>          <octave>4</octave>        </pitch>        <duration>1</duration>        <voice>1</voice>        <type>16th</type>        <stem default-y="-20">up</stem>        <beam number="1">end</beam>        <beam number="2">end</beam>      </note>      <note default-x="313">        <pitch>          <step>D</step>          <octave>4</octave>        </pitch>        <duration>8</duration>        <voice>1</voice>        <type>half</type>        <stem default-y="-19.5">up</stem>        <notations>          <ornaments>            <tremolo default-x="5" default-y="-43" type="single">2</tremolo>          </ornaments>        </notations>      </note>    </measure>    <!--=======================================================-->    <measure number="2" width="202">      <note default-x="16">        <pitch>          <step>D</step>          <octave>4</octave>        </pitch>        <duration>2</duration>        <voice>1</voice>        <type>eighth</type>        <stem default-y="-90">down</stem>        <beam number="1">begin</beam>      </note>      <note default-x="40">        <pitch>          <step>D</step>          <octave>6</octave>        </pitch>        <duration>2</duration>        <voice>1</voice>        <type>eighth</type>        <stem default-y="-90">down</stem>        <beam number="1">continue</beam>      </note>      <note default-x="60">        <pitch>          <step>A</step>          <octave>5</octave>        </pitch>        <duration>2</duration>        <voice>1</voice>        <type>eighth</type>        <stem default-y="-90">down</stem>        <beam number="1">continue</beam>      </note>      <note default-x="78">        <pitch>          <step>A</step>          <octave>5</octave>        </pitch>        <duration>2</duration>        <voice>1</voice>        <type>eighth</type>        <stem default-y="-90">down</stem>        <beam number="1">end</beam>      </note>      <note default-x="96">        <pitch>          <step>F</step>          <alter>1</alter>          <octave>5</octave>        </pitch>        <duration>2</duration>        <voice>1</voice>        <type>eighth</type>        <stem default-y="-50">down</stem>        <beam number="1">begin</beam>        <notations>          <technical>            <stopped default-x="0" default-y="5" placement="above"/>          </technical>        </notations>      </note>      <note default-x="113">        <pitch>          <step>A</step>          <octave>5</octave>        </pitch>        <duration>1</duration>        <voice>1</voice>        <type>16th</type>        <stem default-y="-51">down</stem>        <beam number="1">continue</beam>        <beam number="2">begin</beam>      </note>      <note default-x="131">        <pitch>          <step>G</step>          <octave>5</octave>        </pitch>        <duration>1</duration>        <voice>1</voice>        <type>16th</type>        <stem default-y="-52">down</stem>        <beam number="1">continue</beam>        <beam number="2">continue</beam>      </note>      <note default-x="148">        <pitch>          <step>F</step>          <alter>1</alter>          <octave>5</octave>        </pitch>        <duration>1</duration>        <voice>1</voice>        <type>16th</type>        <stem default-y="-53">down</stem>        <beam number="1">continue</beam>        <beam number="2">continue</beam>      </note>      <note default-x="166">        <pitch>          <step>E</step>          <octave>5</octave>        </pitch>        <duration>1</duration>        <voice>1</voice>        <type>16th</type>        <stem default-y="-54">down</stem>        <beam number="1">continue</beam>        <beam number="2">end</beam>      </note>      <note default-x="183">        <pitch>          <step>D</step>          <octave>5</octave>        </pitch>        <duration>2</duration>        <voice>1</voice>        <type>eighth</type>        <stem default-y="-55">down</stem>        <beam number="1">end</beam>      </note>    </measure>    <!--=======================================================-->    <measure number="3" width="244">      <note default-x="14">        <pitch>          <step>D</step>          <octave>5</octave>        </pitch>        <duration>2</duration>        <voice>1</voice>        <type>eighth</type>        <stem default-y="-55">down</stem>        <beam number="1">begin</beam>      </note>      <note default-x="30">        <pitch>          <step>E</step>          <octave>5</octave>        </pitch>        <duration>1</duration>        <voice>1</voice>        <type>16th</type>        <stem default-y="-54">down</stem>        <beam number="1">continue</beam>        <beam number="2">begin</beam>      </note>      <note default-x="47">        <pitch>          <step>F</step>          <alter>1</alter>          <octave>5</octave>        </pitch>        <duration>1</duration>        <voice>1</voice>        <type>16th</type>        <stem default-y="-53.5">down</stem>        <beam number="1">continue</beam>        <beam number="2">continue</beam>      </note>      <note default-x="64">        <pitch>          <step>G</step>          <octave>5</octave>        </pitch>        <duration>1</duration>        <voice>1</voice>        <type>16th</type>        <stem default-y="-52.5">down</stem>        <beam number="1">continue</beam>        <beam number="2">continue</beam>      </note>      <note default-x="81">        <pitch>          <step>A</step>          <octave>5</octave>        </pitch>        <duration>1</duration>        <voice>1</voice>        <type>16th</type>        <stem default-y="-51.5">down</stem>        <beam number="1">continue</beam>        <beam number="2">continue</beam>      </note>      <note default-x="97">        <pitch>          <step>B</step>          <octave>5</octave>        </pitch>        <duration>1</duration>        <voice>1</voice>        <type>16th</type>        <stem default-y="-51">down</stem>        <beam number="1">continue</beam>        <beam number="2">continue</beam>      </note>      <note default-x="117">        <pitch>          <step>C</step>          <alter>1</alter>          <octave>6</octave>        </pitch>        <duration>1</duration>        <voice>1</voice>        <type>16th</type>        <stem default-y="-50">down</stem>        <beam number="1">end</beam>        <beam number="2">end</beam>      </note>      <note default-x="140">        <pitch>          <step>D</step>          <octave>6</octave>        </pitch>        <duration>2</duration>        <voice>1</voice>        <type>eighth</type>        <stem default-y="-50">down</stem>        <beam number="1">begin</beam>      </note>      <note default-x="159">        <pitch>          <step>A</step>          <octave>5</octave>        </pitch>        <duration>1</duration>        <voice>1</voice>        <type>16th</type>        <stem default-y="-51">down</stem>        <beam number="1">continue</beam>        <beam number="2">begin</beam>      </note>      <note default-x="176">        <pitch>          <step>G</step>          <octave>5</octave>        </pitch>        <duration>1</duration>        <voice>1</voice>        <type>16th</type>        <stem default-y="-52">down</stem>        <beam number="1">continue</beam>        <beam number="2">continue</beam>      </note>      <note default-x="193">        <pitch>          <step>F</step>          <alter>1</alter>          <octave>5</octave>        </pitch>        <duration>1</duration>        <voice>1</voice>        <type>16th</type>        <stem default-y="-53">down</stem>        <beam number="1">continue</beam>        <beam number="2">continue</beam>      </note>      <note default-x="210">        <pitch>          <step>E</step>          <octave>5</octave>        </pitch>        <duration>1</duration>        <voice>1</voice>        <type>16th</type>        <stem default-y="-54">down</stem>        <beam number="1">continue</beam>        <beam number="2">end</beam>      </note>      <note default-x="227">        <pitch>          <step>D</step>          <octave>5</octave>        </pitch>        <duration>2</duration>        <voice>1</voice>        <type>eighth</type>        <stem default-y="-55">down</stem>        <beam number="1">end</beam>      </note>    </measure>    <!--=======================================================-->    <measure number="4" width="129">      <note default-x="14">        <pitch>          <step>A</step>          <octave>4</octave>        </pitch>        <duration>4</duration>        <voice>1</voice>        <type>quarter</type>        <stem default-y="0.5">up</stem>      </note>      <note default-x="45">        <pitch>          <step>A</step>          <octave>4</octave>        </pitch>        <duration>4</duration>        <voice>1</voice>        <type>quarter</type>        <stem default-y="0.5">up</stem>      </note>      <note default-x="77">        <pitch>          <step>A</step>          <octave>4</octave>        </pitch>        <duration>8</duration>        <voice>1</voice>        <type>half</type>        <stem default-y="0.5">up</stem>      </note>    </measure>  </part>  <!--=========================================================--></score-partwise>