{"ref": "A44592_1_0_1", "title": "[Sonates. Violon, piano. KV 296. Do majeur]. R\u00e9duction pour piano", "composer": "Mozart, Wolfgang Amadeus", "lyricist": "", "corpus": "rism", "meta_fields": [], "sources": [], "files": {"score.xml": {"url": "http://neuma.huma-num.fr/media/corpora/rism/A44592_1_0_1/score.xml"}, "mei.xml": {"url": "http://neuma.huma-num.fr/media/corpora/rism/A44592_1_0_1/mei.xml"}, "summary.json": {"url": "http://neuma.huma-num.fr/media/corpora/rism/A44592_1_0_1/summary.json"}}}