{"ref": "CARTONVERT67_3_0_1", "title": "[Les f\u00eates d'H\u00e9b\u00e9. RCT 41]. Extraits", "composer": "Rameau, Jean-Philippe", "lyricist": "", "corpus": "rism", "meta_fields": [], "sources": [], "files": {"score.xml": {"url": "http://neuma.huma-num.fr/media/corpora/rism/CARTONVERT67_3_0_1/score.xml"}, "mei.xml": {"url": "http://neuma.huma-num.fr/media/corpora/rism/CARTONVERT67_3_0_1/mei.xml"}, "summary.json": {"url": "http://neuma.huma-num.fr/media/corpora/rism/CARTONVERT67_3_0_1/summary.json"}}}