<?xml version="1.0" encoding="UTF-8"?><!DOCTYPE score-partwise PUBLIC "-//Recordare//DTD MusicXML 2.0 Partwise//EN"                                "http://www.musicxml.org/dtds/partwise.dtd"><score-partwise version="2.0">  <movement-title>[Les fêtes d'Hébé. RCT 41]. Extraits</movement-title>  <identification>    <creator type="composer">Rameau, Jean-Philippe</creator>    <encoding>      <software>Finale 2011 for Macintosh</software>      <software>Dolet Light for Finale 2011</software>      <encoding-date>2013-11-18</encoding-date>      <supports attribute="new-system" element="print" type="yes" value="yes"/>      <supports attribute="new-page" element="print" type="yes" value="yes"/>    </encoding>  </identification>  <defaults>    <scaling>      <millimeters>7.2319</millimeters>      <tenths>40</tenths>    </scaling>    <page-layout>      <page-height>1642</page-height>      <page-width>1161</page-width>      <page-margins type="both">        <left-margin>70</left-margin>        <right-margin>70</right-margin>        <top-margin>88</top-margin>        <bottom-margin>88</bottom-margin>      </page-margins>    </page-layout>    <system-layout>      <system-margins>        <left-margin>0</left-margin>        <right-margin>0</right-margin>      </system-margins>      <system-distance>121</system-distance>      <top-system-distance>70</top-system-distance>    </system-layout>    <appearance>      <line-width type="stem">0.7487</line-width>      <line-width type="beam">5</line-width>      <line-width type="staff">0.7487</line-width>      <line-width type="light barline">0.7487</line-width>      <line-width type="heavy barline">5</line-width>      <line-width type="leger">0.7487</line-width>      <line-width type="ending">1.4583</line-width>      <line-width type="wedge">1.4583</line-width>      <line-width type="enclosure">0.7487</line-width>      <line-width type="tuplet bracket">0.7487</line-width>      <note-size type="grace">60</note-size>      <note-size type="cue">60</note-size>    </appearance>    <music-font font-family="Maestro" font-size="20.5"/>    <word-font font-family="Times New Roman" font-size="10.25"/>    <lyric-font font-family="Times New Roman" font-size="10.25" name="verse"/>  </defaults>  <credit page="1">    <credit-words default-x="1091" default-y="1472" font-size="12" font-weight="bold" justify="right" valign="top" xml:lang="fr">Rameau, Jean-Philippe
[Les fêtes d'Hébé. RCT 41]. Extraits</credit-words>  </credit>  <credit page="1">    <credit-words default-x="167" default-y="1468" font-size="12" font-weight="bold" valign="top">NNB 42043878
CARTON-VERT-67_3_0_1</credit-words>  </credit>  <part-list>    <score-part id="P1">      <part-name print-object="no">MusicXML Part</part-name>      <score-instrument id="P1-I17">        <instrument-name/>      </score-instrument>      <midi-instrument id="P1-I17">        <midi-channel>1</midi-channel>        <midi-program>54</midi-program>        <volume>80</volume>        <pan>0</pan>      </midi-instrument>    </score-part>  </part-list>  <!--=========================================================-->  <part id="P1">    <measure implicit="yes" number="0" width="156">      <print>        <system-layout>          <system-margins>            <left-margin>99</left-margin>            <right-margin>0</right-margin>          </system-margins>          <top-system-distance>211</top-system-distance>        </system-layout>        <measure-numbering>system</measure-numbering>      </print>      <attributes>        <divisions>4</divisions>        <key>          <fifths>0</fifths>          <mode>major</mode>        </key>        <time>          <beats>3</beats>          <beat-type>4</beat-type>        </time>        <clef>          <sign>C</sign>          <line>3</line>        </clef>      </attributes>      <sound tempo="120"/>      <note default-x="81">        <rest/>        <duration>2</duration>        <voice>1</voice>        <type>eighth</type>      </note>      <note default-x="110">        <rest/>        <duration>4</duration>        <voice>1</voice>        <type>quarter</type>      </note>    </measure>    <!--=======================================================-->    <measure number="1" width="188">      <attributes>        <measure-style>          <multiple-rest>3</multiple-rest>        </measure-style>      </attributes>      <note>        <rest/>        <duration>12</duration>        <voice>1</voice>      </note>    </measure>    <!--=======================================================-->    <measure number="2" width="0">      <note>        <rest/>        <duration>12</duration>        <voice>1</voice>      </note>    </measure>    <!--=======================================================-->    <measure number="3" width="0">      <note>        <rest/>        <duration>12</duration>        <voice>1</voice>      </note>    </measure>    <!--=======================================================-->    <measure number="4" width="206">      <note default-x="14">        <rest/>        <duration>4</duration>        <voice>1</voice>        <type>quarter</type>      </note>      <note default-x="65">        <rest/>        <duration>2</duration>        <voice>1</voice>        <type>eighth</type>      </note>      <note default-x="97">        <pitch>          <step>C</step>          <octave>4</octave>        </pitch>        <duration>2</duration>        <voice>1</voice>        <type>eighth</type>        <stem default-y="-55.5">down</stem>        <lyric default-y="-80" number="1">          <syllabic>single</syllabic>          <text>Tu</text>        </lyric>      </note>      <note default-x="137">        <pitch>          <step>D</step>          <octave>4</octave>        </pitch>        <duration>2</duration>        <voice>1</voice>        <type>eighth</type>        <stem default-y="-50">down</stem>        <lyric default-y="-80" number="1">          <syllabic>single</syllabic>          <text>veux</text>        </lyric>      </note>      <note default-x="174">        <pitch>          <step>E</step>          <octave>4</octave>        </pitch>        <duration>2</duration>        <voice>1</voice>        <type>eighth</type>        <stem default-y="-45">down</stem>        <lyric default-y="-80" number="1">          <syllabic>begin</syllabic>          <text>a</text>        </lyric>      </note>    </measure>    <!--=======================================================-->    <measure number="5" width="197">      <note default-x="14">        <pitch>          <step>E</step>          <octave>4</octave>        </pitch>        <duration>4</duration>        <voice>1</voice>        <type>quarter</type>        <stem default-y="-45">down</stem>        <notations>          <slur bezier-x="10" bezier-y="16" default-x="6" default-y="3" number="1" placement="above" type="start"/>        </notations>        <lyric default-y="-80" justify="left" number="1">          <syllabic>end</syllabic>          <text>voir</text>          <extend/>        </lyric>      </note>      <note default-x="66">        <pitch>          <step>D</step>          <octave>4</octave>        </pitch>        <duration>2</duration>        <voice>1</voice>        <type>eighth</type>        <stem default-y="-50">down</stem>        <notations>          <slur bezier-x="-15" bezier-y="11" default-x="0" default-y="12" number="1" type="stop"/>          <technical>            <stopped default-x="0" default-y="9" placement="above"/>          </technical>        </notations>      </note>      <note default-x="99">        <pitch>          <step>C</step>          <octave>4</octave>        </pitch>        <duration>2</duration>        <voice>1</voice>        <type>eighth</type>        <stem default-y="-55.5">down</stem>        <lyric default-y="-80" number="1">          <syllabic>single</syllabic>          <text>la</text>        </lyric>      </note>      <note default-x="132">        <pitch>          <step>D</step>          <octave>4</octave>        </pitch>        <duration>2</duration>        <voice>1</voice>        <type>eighth</type>        <stem default-y="-50">down</stem>        <lyric default-y="-80" number="1">          <syllabic>begin</syllabic>          <text>pré</text>        </lyric>      </note>      <note default-x="164">        <pitch>          <step>B</step>          <octave>3</octave>        </pitch>        <duration>2</duration>        <voice>1</voice>        <type>eighth</type>        <stem default-y="10.5">up</stem>        <lyric default-y="-80" number="1">          <syllabic>middle</syllabic>          <text>fé</text>        </lyric>      </note>    </measure>    <!--=======================================================-->    <measure number="6" width="175">      <note default-x="14">        <grace/>        <pitch>          <step>B</step>          <octave>3</octave>        </pitch>        <voice>1</voice>        <type>16th</type>        <stem default-y="-4">up</stem>        <notations>          <slur number="1" placement="below" type="start"/>        </notations>      </note>      <note default-x="33">        <pitch>          <step>C</step>          <octave>4</octave>        </pitch>        <duration>4</duration>        <voice>1</voice>        <type>quarter</type>        <stem default-y="-55.5">down</stem>        <notations>          <slur number="1" type="stop"/>        </notations>        <lyric default-y="-80" number="1">          <syllabic>middle</syllabic>          <text>ren</text>        </lyric>      </note>      <note default-x="61">        <grace/>        <pitch>          <step>B</step>          <octave>3</octave>        </pitch>        <voice>1</voice>        <type>16th</type>        <stem default-y="-4">up</stem>        <notations>          <slur number="1" placement="below" type="start"/>        </notations>      </note>      <note default-x="80">        <pitch>          <step>A</step>          <octave>3</octave>        </pitch>        <duration>4</duration>        <voice>1</voice>        <type>quarter</type>        <stem default-y="5.5">up</stem>        <notations>          <slur number="1" type="stop"/>        </notations>        <lyric default-y="-80" number="1">          <syllabic>end</syllabic>          <text>ce,</text>        </lyric>      </note>    </measure>  </part>  <!--=========================================================--></score-partwise>