{"ref": "D10450_3_0_1", "title": "[Orph\u00e9e et Euridice. W 41. Acte 2, sc\u00e8ne 1. Ah ! la flamme qui me d\u00e9vore. Do mineur]", "composer": "Gluck, Christoph Willibald von", "lyricist": "", "corpus": "rism", "meta_fields": [], "sources": [], "files": {"score.xml": {"url": "http://neuma.huma-num.fr/media/corpora/rism/D10450_3_0_1/score.xml"}, "mei.xml": {"url": "http://neuma.huma-num.fr/media/corpora/rism/D10450_3_0_1/mei.xml"}, "summary.json": {"url": "http://neuma.huma-num.fr/media/corpora/rism/D10450_3_0_1/summary.json"}}}