{"ref": "D10433_0_0_1", "title": "[Orph\u00e9e et Euridice. W 41. Acte 1, sc\u00e8ne 2. Objet de mon amour. Si b\u00e9mol majeur]. R\u00e9duction pour ch", "composer": "Gluck, Christoph Willibald von", "lyricist": "", "corpus": "rism", "meta_fields": [], "sources": [], "files": {"score.xml": {"url": "http://neuma.huma-num.fr/media/corpora/rism/D10433_0_0_1/score.xml"}, "mei.xml": {"url": "http://neuma.huma-num.fr/media/corpora/rism/D10433_0_0_1/mei.xml"}, "summary.json": {"url": "http://neuma.huma-num.fr/media/corpora/rism/D10433_0_0_1/summary.json"}}}