{"ref": "D10432_0_0_1", "title": "[Orph\u00e9e et Euridice. W 41. Acte 3. J'ai perdu mon Euridice]. R\u00e9duction pour chant et piano", "composer": "Gluck, Christoph Willibald von", "lyricist": "", "corpus": "rism", "meta_fields": [], "sources": [], "files": {"score.xml": {"url": "http://neuma.huma-num.fr/media/corpora/rism/D10432_0_0_1/score.xml"}, "mei.xml": {"url": "http://neuma.huma-num.fr/media/corpora/rism/D10432_0_0_1/mei.xml"}, "summary.json": {"url": "http://neuma.huma-num.fr/media/corpora/rism/D10432_0_0_1/summary.json"}}}