{"ref": "D10539_0_0_1", "title": "[Castor et Pollux. RCT 32B (1754). Acte 2 sc\u00e8ne 1]. Arr. Que tout g\u00e9misse", "composer": "Rameau, Jean-Philippe", "lyricist": "", "corpus": "rism", "meta_fields": [], "sources": [], "files": {"score.xml": {"url": "http://neuma.huma-num.fr/media/corpora/rism/D10539_0_0_1/score.xml"}, "mei.xml": {"url": "http://neuma.huma-num.fr/media/corpora/rism/D10539_0_0_1/mei.xml"}, "summary.json": {"url": "http://neuma.huma-num.fr/media/corpora/rism/D10539_0_0_1/summary.json"}}}