{"ref": "D10539_0_0_2", "title": "[Castor et Pollux. RCT 32B (1754). Acte 2 sc\u00e8ne 1]. Arr. Tristes appr\u00eats p\u00e2les flambeaux", "composer": "Rameau, Jean-Philippe", "lyricist": "", "corpus": "rism", "meta_fields": [], "sources": [], "files": {"score.xml": {"url": "http://neuma.huma-num.fr/media/corpora/rism/D10539_0_0_2/score.xml"}, "mei.xml": {"url": "http://neuma.huma-num.fr/media/corpora/rism/D10539_0_0_2/mei.xml"}, "summary.json": {"url": "http://neuma.huma-num.fr/media/corpora/rism/D10539_0_0_2/summary.json"}}}