{"ref": "D11595_0_0_2", "title": "[Nelsonmesse. Solistes (4), choeur \u00e0 4 voix, orchestre. Hob XXII 11. R\u00e9 mineur]. Arr. pour instr. \u00e0 vent", "composer": "Haydn, Joseph", "lyricist": "", "corpus": "rism", "meta_fields": [], "sources": [], "files": {"score.xml": {"url": "http://neuma.huma-num.fr/media/corpora/rism/D11595_0_0_2/score.xml"}, "mei.xml": {"url": "http://neuma.huma-num.fr/media/corpora/rism/D11595_0_0_2/mei.xml"}, "summary.json": {"url": "http://neuma.huma-num.fr/media/corpora/rism/D11595_0_0_2/summary.json"}}}