{"ref": "D1444120_0_0_1", "title": "[Iphig\u00e9nie en Tauride. W 46. Acte 3, sc\u00e8ne 7. Divinit\u00e9 des grandes \u00e2mes. Si b\u00e9mol majeur]", "composer": "Gluck, Christoph Willibald von", "lyricist": "", "corpus": "rism", "meta_fields": [], "sources": [], "files": {"score.xml": {"url": "http://neuma.huma-num.fr/media/corpora/rism/D1444120_0_0_1/score.xml"}, "mei.xml": {"url": "http://neuma.huma-num.fr/media/corpora/rism/D1444120_0_0_1/mei.xml"}, "summary.json": {"url": "http://neuma.huma-num.fr/media/corpora/rism/D1444120_0_0_1/summary.json"}}}