<?xml version="1.0" encoding="UTF-8"?>
<!DOCTYPE score-partwise PUBLIC "-//Recordare//DTD MusicXML 2.0 Partwise//EN"
                                "http://www.musicxml.org/dtds/partwise.dtd">
<score-partwise version="2.0">
  <movement-title>[Il ritorno di Tobia. Hob XXI 1. Ouverture]   </movement-title>
  <identification>
    <creator type="composer">Haydn, Joseph</creator>
    <encoding>
      <software>Finale 2010 for Windows</software>
      <software>Dolet Light for Finale 2010</software>
      <encoding-date>2011-08-10</encoding-date>
      <supports attribute="new-system" element="print" type="yes" value="yes"/>
      <supports attribute="new-page" element="print" type="yes" value="yes"/>
    </encoding>
  </identification>
  <defaults>
    <scaling>
      <millimeters>7.2319</millimeters>
      <tenths>40</tenths>
    </scaling>
    <page-layout>
      <page-height>1545</page-height>
      <page-width>1194</page-width>
      <page-margins type="both">
        <left-margin>70</left-margin>
        <right-margin>70</right-margin>
        <top-margin>87</top-margin>
        <bottom-margin>88</bottom-margin>
      </page-margins>
    </page-layout>
    <system-layout>
      <system-margins>
        <left-margin>70</left-margin>
        <right-margin>0</right-margin>
      </system-margins>
      <system-distance>274</system-distance>
      <top-system-distance>211</top-system-distance>
    </system-layout>
    <appearance>
      <line-width type="stem">0.7487</line-width>
      <line-width type="beam">5</line-width>
      <line-width type="staff">0.7487</line-width>
      <line-width type="light barline">0.7487</line-width>
      <line-width type="heavy barline">5</line-width>
      <line-width type="leger">0.7487</line-width>
      <line-width type="ending">1.4583</line-width>
      <line-width type="wedge">0.7487</line-width>
      <line-width type="enclosure">0.7487</line-width>
      <line-width type="tuplet bracket">0.7487</line-width>
      <note-size type="grace">60</note-size>
      <note-size type="cue">60</note-size>
    </appearance>
    <music-font font-family="Maestro" font-size="20.5"/>
    <word-font font-family="Times New Roman" font-size="10.25"/>
    <lyric-font font-family="Times New Roman" font-size="10.25" name="verse"/>
  </defaults>
  <credit page="1">
    <credit-words default-x="198" default-y="1415" font-size="12" font-weight="bold" halign="center" valign="top">NNB 42277181
D-14749-(2)_0_0_1</credit-words>
  </credit>
  <credit page="1">
    <credit-words default-x="1133" default-y="1366" font-size="12" font-weight="bold" justify="right" valign="top">Haydn, Joseph
[Il ritorno di Tobia. Hob XXI 1. Ouverture]                        </credit-words>
  </credit>
  <credit page="1">
    <credit-words default-x="70" default-y="1238" font-size="12" valign="top">[Violino I]</credit-words>
  </credit>
  <part-list>
    <score-part id="P1">
      <part-name print-object="no">MusicXML Part</part-name>
      <score-instrument id="P1-I46">
        <instrument-name>[Violino I]</instrument-name>
      </score-instrument>
      <midi-instrument id="P1-I46">
        <midi-channel>1</midi-channel>
        <midi-program>41</midi-program>
        <volume>80</volume>
        <pan>0</pan>
      </midi-instrument>
    </score-part>
  </part-list>
  <!--=========================================================-->
  <part id="P1">
    <measure number="1" width="569">
      <print>
        <system-layout>
          <system-margins>
            <left-margin>139</left-margin>
            <right-margin>0</right-margin>
          </system-margins>
        </system-layout>
      </print>
      <attributes>
        <divisions>16</divisions>
        <key>
          <fifths>-3</fifths>
          <mode>minor</mode>
        </key>
        <time symbol="common">
          <beats>4</beats>
          <beat-type>4</beat-type>
        </time>
        <clef>
          <sign>G</sign>
          <line>2</line>
        </clef>
      </attributes>
      <sound tempo="120"/>
      <direction placement="above">
        <direction-type>
          <words default-x="142" default-y="19" font-style="italic" halign="center">ten.</words>
        </direction-type>
      </direction>
      <direction directive="yes" placement="above">
        <direction-type>
          <words default-y="31" font-size="12" font-weight="bold" relative-x="-77">Largo</words>
        </direction-type>
      </direction>
      <note default-x="132">
        <pitch>
          <step>C</step>
          <octave>4</octave>
        </pitch>
        <duration>16</duration>
        <voice>1</voice>
        <type>quarter</type>
        <stem default-y="-15">up</stem>
      </note>
      <note default-x="215">
        <pitch>
          <step>E</step>
          <alter>-1</alter>
          <octave>5</octave>
        </pitch>
        <duration>8</duration>
        <voice>1</voice>
        <type>eighth</type>
        <stem default-y="-60">down</stem>
        <beam number="1">begin</beam>
        <notations>
          <slur number="1" placement="above" type="start"/>
          <slur bezier-x="40" bezier-y="30" default-x="3" default-y="8" number="2" placement="above" type="start"/>
        </notations>
      </note>
      <note default-x="265">
        <pitch>
          <step>E</step>
          <alter>-1</alter>
          <octave>5</octave>
        </pitch>
        <duration>6</duration>
        <voice>1</voice>
        <type>16th</type>
        <dot/>
        <stem default-y="-62">down</stem>
        <beam number="1">continue</beam>
        <beam number="2">begin</beam>
        <notations>
          <slur number="1" type="stop"/>
        </notations>
      </note>
      <note default-x="314">
        <pitch>
          <step>D</step>
          <octave>5</octave>
        </pitch>
        <duration>1</duration>
        <voice>1</voice>
        <type>64th</type>
        <stem default-y="-64">down</stem>
        <beam number="1">continue</beam>
        <beam number="2">continue</beam>
        <beam number="3">begin</beam>
        <beam number="4">begin</beam>
      </note>
      <note default-x="335">
        <pitch>
          <step>C</step>
          <octave>5</octave>
        </pitch>
        <duration>1</duration>
        <voice>1</voice>
        <type>64th</type>
        <stem default-y="-65">down</stem>
        <beam number="1">end</beam>
        <beam number="2">end</beam>
        <beam number="3">end</beam>
        <beam number="4">end</beam>
      </note>
      <note default-x="364">
        <pitch>
          <step>B</step>
          <octave>4</octave>
        </pitch>
        <duration>8</duration>
        <voice>1</voice>
        <type>eighth</type>
        <accidental>natural</accidental>
        <stem default-y="-55">down</stem>
        <beam number="1">begin</beam>
        <notations>
          <slur bezier-x="-34" bezier-y="38" default-x="7" default-y="-7" number="2" type="stop"/>
        </notations>
      </note>
      <note default-x="415">
        <pitch>
          <step>A</step>
          <alter>-1</alter>
          <octave>5</octave>
        </pitch>
        <duration>8</duration>
        <voice>1</voice>
        <type>eighth</type>
        <stem default-y="-53">down</stem>
        <beam number="1">continue</beam>
        <notations>
          <articulations>
            <staccato default-x="5" default-y="23" placement="above"/>
          </articulations>
        </notations>
      </note>
      <note default-x="466">
        <pitch>
          <step>G</step>
          <octave>5</octave>
        </pitch>
        <duration>8</duration>
        <voice>1</voice>
        <type>eighth</type>
        <stem default-y="-52">down</stem>
        <beam number="1">continue</beam>
        <notations>
          <articulations>
            <staccato default-x="6" default-y="17" placement="above"/>
          </articulations>
        </notations>
      </note>
      <note default-x="517">
        <pitch>
          <step>F</step>
          <octave>5</octave>
        </pitch>
        <duration>8</duration>
        <voice>1</voice>
        <type>eighth</type>
        <stem default-y="-50">down</stem>
        <beam number="1">end</beam>
        <notations>
          <articulations>
            <staccato default-x="3" default-y="14" placement="above"/>
          </articulations>
        </notations>
      </note>
    </measure>
    <!--=======================================================-->
    <measure number="2" width="346">
      <note default-x="13">
        <pitch>
          <step>E</step>
          <alter>-1</alter>
          <octave>5</octave>
        </pitch>
        <duration>8</duration>
        <voice>1</voice>
        <type>eighth</type>
        <stem default-y="-45">down</stem>
        <beam number="1">begin</beam>
        <notations>
          <articulations>
            <staccato default-x="5" default-y="10" placement="above"/>
          </articulations>
        </notations>
      </note>
      <note default-x="57">
        <pitch>
          <step>D</step>
          <octave>5</octave>
        </pitch>
        <duration>8</duration>
        <voice>1</voice>
        <type>eighth</type>
        <stem default-y="-45">down</stem>
        <beam number="1">continue</beam>
        <notations>
          <slur number="1" placement="above" type="start"/>
        </notations>
      </note>
      <note default-x="101">
        <pitch>
          <step>E</step>
          <alter>-1</alter>
          <octave>5</octave>
        </pitch>
        <duration>8</duration>
        <voice>1</voice>
        <type>eighth</type>
        <stem default-y="-45">down</stem>
        <beam number="1">continue</beam>
      </note>
      <note default-x="144">
        <pitch>
          <step>F</step>
          <octave>5</octave>
        </pitch>
        <duration>8</duration>
        <voice>1</voice>
        <type>eighth</type>
        <stem default-y="-45">down</stem>
        <beam number="1">end</beam>
        <notations>
          <slur number="1" type="stop"/>
        </notations>
      </note>
      <note default-x="187">
        <pitch>
          <step>A</step>
          <alter>-1</alter>
          <octave>4</octave>
        </pitch>
        <duration>16</duration>
        <voice>1</voice>
        <type>quarter</type>
        <stem default-y="11">up</stem>
        <notations>
          <slur number="1" placement="below" type="start"/>
        </notations>
      </note>
      <note default-x="258">
        <pitch>
          <step>G</step>
          <octave>4</octave>
        </pitch>
        <duration>8</duration>
        <voice>1</voice>
        <type>eighth</type>
        <stem default-y="5">up</stem>
        <beam number="1">begin</beam>
        <notations>
          <slur number="1" type="stop"/>
        </notations>
      </note>
      <note default-x="301">
        <pitch>
          <step>F</step>
          <octave>4</octave>
        </pitch>
        <duration>8</duration>
        <voice>1</voice>
        <type>eighth</type>
        <stem default-y="2.5">up</stem>
        <beam number="1">end</beam>
        <notations>
          <articulations>
            <staccato default-x="2" default-y="-50" placement="below"/>
          </articulations>
        </notations>
      </note>
    </measure>
  </part>
  <!--=========================================================-->
</score-partwise>
