<?xml version="1.0" encoding="UTF-8"?>
<!DOCTYPE score-partwise PUBLIC "-//Recordare//DTD MusicXML 2.0 Partwise//EN"
                                "http://www.musicxml.org/dtds/partwise.dtd">
<score-partwise version="2.0">
  <movement-title>[Symphonies. Hob I 103. Mi bémol majeur]. Extrait</movement-title>
  <identification>
    <creator type="composer">Haydn, Joseph</creator>
    <encoding>
      <software>Finale 2010 for Windows</software>
      <software>Dolet Light for Finale 2010</software>
      <encoding-date>2011-07-28</encoding-date>
      <supports attribute="new-system" element="print" type="yes" value="yes"/>
      <supports attribute="new-page" element="print" type="yes" value="yes"/>
    </encoding>
  </identification>
  <defaults>
    <scaling>
      <millimeters>7.2319</millimeters>
      <tenths>40</tenths>
    </scaling>
    <page-layout>
      <page-height>1545</page-height>
      <page-width>1194</page-width>
      <page-margins type="both">
        <left-margin>70</left-margin>
        <right-margin>70</right-margin>
        <top-margin>87</top-margin>
        <bottom-margin>88</bottom-margin>
      </page-margins>
    </page-layout>
    <system-layout>
      <system-margins>
        <left-margin>91</left-margin>
        <right-margin>0</right-margin>
      </system-margins>
      <system-distance>279</system-distance>
      <top-system-distance>212</top-system-distance>
    </system-layout>
    <appearance>
      <line-width type="stem">0.7487</line-width>
      <line-width type="beam">5</line-width>
      <line-width type="staff">0.7487</line-width>
      <line-width type="light barline">0.7487</line-width>
      <line-width type="heavy barline">5</line-width>
      <line-width type="leger">0.7487</line-width>
      <line-width type="ending">1.4583</line-width>
      <line-width type="wedge">0.7487</line-width>
      <line-width type="enclosure">0.7487</line-width>
      <line-width type="tuplet bracket">0.7487</line-width>
      <note-size type="grace">60</note-size>
      <note-size type="cue">60</note-size>
    </appearance>
    <music-font font-family="Maestro" font-size="20.5"/>
    <word-font font-family="Times New Roman" font-size="10.25"/>
    <lyric-font font-family="Times New Roman" font-size="10.25" name="verse"/>
  </defaults>
  <credit page="1">
    <credit-words default-x="200" default-y="1389" font-size="12" font-weight="bold" halign="center" valign="top">NNB 41312475
D-16310_0_0_1</credit-words>
  </credit>
  <credit page="1">
    <credit-words default-x="1124" default-y="1377" font-size="12" font-weight="bold" justify="right" valign="top" xml:lang="fr">Haydn, Joseph
[Symphonies. Hob I 103. Mi bémol majeur]. Extrait.    </credit-words>
  </credit>
  <credit page="1">
    <credit-words default-x="75" default-y="1254" font-size="12" valign="top">Clarinettes
in B</credit-words>
  </credit>
  <part-list>
    <score-part id="P1">
      <part-name print-object="no">MusicXML Part</part-name>
      <score-instrument id="P1-I32">
        <instrument-name>Clarinettes in B</instrument-name>
      </score-instrument>
      <midi-instrument id="P1-I32">
        <midi-channel>1</midi-channel>
        <midi-program>72</midi-program>
        <volume>80</volume>
        <pan>0</pan>
      </midi-instrument>
    </score-part>
  </part-list>
  <!--=========================================================-->
  <part id="P1">
    <measure number="1" width="246">
      <print>
        <system-layout>
          <system-margins>
            <left-margin>115</left-margin>
            <right-margin>0</right-margin>
          </system-margins>
          <top-system-distance>211</top-system-distance>
        </system-layout>
      </print>
      <attributes>
        <divisions>4</divisions>
        <key>
          <fifths>-1</fifths>
          <mode>major</mode>
        </key>
        <time>
          <beats>6</beats>
          <beat-type>8</beat-type>
        </time>
        <clef>
          <sign>G</sign>
          <line>2</line>
        </clef>
        <measure-style>
          <multiple-rest>47</multiple-rest>
        </measure-style>
      </attributes>
      <sound tempo="120"/>
      <direction directive="yes" placement="above">
        <direction-type>
          <words default-y="34" font-size="12" font-weight="bold" relative-x="7">Adagio</words>
        </direction-type>
      </direction>
      <note print-object="no">
        <rest/>
        <duration>12</duration>
        <voice>1</voice>
      </note>
    </measure>
    <!--=======================================================-->
    <measure number="2" width="0">
      <note print-object="no">
        <rest/>
        <duration>12</duration>
        <voice>1</voice>
      </note>
    </measure>
    <!--=======================================================-->
    <measure number="3" width="0">
      <note print-object="no">
        <rest/>
        <duration>12</duration>
        <voice>1</voice>
      </note>
    </measure>
    <!--=======================================================-->
    <measure number="4" width="0">
      <note print-object="no">
        <rest/>
        <duration>12</duration>
        <voice>1</voice>
      </note>
    </measure>
    <!--=======================================================-->
    <measure number="5" width="0">
      <note print-object="no">
        <rest/>
        <duration>12</duration>
        <voice>1</voice>
      </note>
    </measure>
    <!--=======================================================-->
    <measure number="6" width="0">
      <note print-object="no">
        <rest/>
        <duration>12</duration>
        <voice>1</voice>
      </note>
    </measure>
    <!--=======================================================-->
    <measure number="7" width="0">
      <note print-object="no">
        <rest/>
        <duration>12</duration>
        <voice>1</voice>
      </note>
    </measure>
    <!--=======================================================-->
    <measure number="8" width="0">
      <note print-object="no">
        <rest/>
        <duration>12</duration>
        <voice>1</voice>
      </note>
    </measure>
    <!--=======================================================-->
    <measure number="9" width="0">
      <note print-object="no">
        <rest/>
        <duration>12</duration>
        <voice>1</voice>
      </note>
    </measure>
    <!--=======================================================-->
    <measure number="10" width="0">
      <note print-object="no">
        <rest/>
        <duration>12</duration>
        <voice>1</voice>
      </note>
    </measure>
    <!--=======================================================-->
    <measure number="11" width="0">
      <note print-object="no">
        <rest/>
        <duration>12</duration>
        <voice>1</voice>
      </note>
    </measure>
    <!--=======================================================-->
    <measure number="12" width="0">
      <note print-object="no">
        <rest/>
        <duration>12</duration>
        <voice>1</voice>
      </note>
    </measure>
    <!--=======================================================-->
    <measure number="13" width="0">
      <note print-object="no">
        <rest/>
        <duration>12</duration>
        <voice>1</voice>
      </note>
    </measure>
    <!--=======================================================-->
    <measure number="14" width="0">
      <note print-object="no">
        <rest/>
        <duration>12</duration>
        <voice>1</voice>
      </note>
    </measure>
    <!--=======================================================-->
    <measure number="15" width="0">
      <note print-object="no">
        <rest/>
        <duration>12</duration>
        <voice>1</voice>
      </note>
    </measure>
    <!--=======================================================-->
    <measure number="16" width="0">
      <note print-object="no">
        <rest/>
        <duration>12</duration>
        <voice>1</voice>
      </note>
    </measure>
    <!--=======================================================-->
    <measure number="17" width="0">
      <note print-object="no">
        <rest/>
        <duration>12</duration>
        <voice>1</voice>
      </note>
    </measure>
    <!--=======================================================-->
    <measure number="18" width="0">
      <note print-object="no">
        <rest/>
        <duration>12</duration>
        <voice>1</voice>
      </note>
    </measure>
    <!--=======================================================-->
    <measure number="19" width="0">
      <note print-object="no">
        <rest/>
        <duration>12</duration>
        <voice>1</voice>
      </note>
    </measure>
    <!--=======================================================-->
    <measure number="20" width="0">
      <note print-object="no">
        <rest/>
        <duration>12</duration>
        <voice>1</voice>
      </note>
    </measure>
    <!--=======================================================-->
    <measure number="21" width="0">
      <note print-object="no">
        <rest/>
        <duration>12</duration>
        <voice>1</voice>
      </note>
    </measure>
    <!--=======================================================-->
    <measure number="22" width="0">
      <note print-object="no">
        <rest/>
        <duration>12</duration>
        <voice>1</voice>
      </note>
    </measure>
    <!--=======================================================-->
    <measure number="23" width="0">
      <note print-object="no">
        <rest/>
        <duration>12</duration>
        <voice>1</voice>
      </note>
    </measure>
    <!--=======================================================-->
    <measure number="24" width="0">
      <note print-object="no">
        <rest/>
        <duration>12</duration>
        <voice>1</voice>
      </note>
    </measure>
    <!--=======================================================-->
    <measure number="25" width="0">
      <note print-object="no">
        <rest/>
        <duration>12</duration>
        <voice>1</voice>
      </note>
    </measure>
    <!--=======================================================-->
    <measure number="26" width="0">
      <note print-object="no">
        <rest/>
        <duration>12</duration>
        <voice>1</voice>
      </note>
    </measure>
    <!--=======================================================-->
    <measure number="27" width="0">
      <note print-object="no">
        <rest/>
        <duration>12</duration>
        <voice>1</voice>
      </note>
    </measure>
    <!--=======================================================-->
    <measure number="28" width="0">
      <note print-object="no">
        <rest/>
        <duration>12</duration>
        <voice>1</voice>
      </note>
    </measure>
    <!--=======================================================-->
    <measure number="29" width="0">
      <note print-object="no">
        <rest/>
        <duration>12</duration>
        <voice>1</voice>
      </note>
    </measure>
    <!--=======================================================-->
    <measure number="30" width="0">
      <note print-object="no">
        <rest/>
        <duration>12</duration>
        <voice>1</voice>
      </note>
    </measure>
    <!--=======================================================-->
    <measure number="31" width="0">
      <note print-object="no">
        <rest/>
        <duration>12</duration>
        <voice>1</voice>
      </note>
    </measure>
    <!--=======================================================-->
    <measure number="32" width="0">
      <note print-object="no">
        <rest/>
        <duration>12</duration>
        <voice>1</voice>
      </note>
    </measure>
    <!--=======================================================-->
    <measure number="33" width="0">
      <note print-object="no">
        <rest/>
        <duration>12</duration>
        <voice>1</voice>
      </note>
    </measure>
    <!--=======================================================-->
    <measure number="34" width="0">
      <note print-object="no">
        <rest/>
        <duration>12</duration>
        <voice>1</voice>
      </note>
    </measure>
    <!--=======================================================-->
    <measure number="35" width="0">
      <note print-object="no">
        <rest/>
        <duration>12</duration>
        <voice>1</voice>
      </note>
    </measure>
    <!--=======================================================-->
    <measure number="36" width="0">
      <note print-object="no">
        <rest/>
        <duration>12</duration>
        <voice>1</voice>
      </note>
    </measure>
    <!--=======================================================-->
    <measure number="37" width="0">
      <note print-object="no">
        <rest/>
        <duration>12</duration>
        <voice>1</voice>
      </note>
    </measure>
    <!--=======================================================-->
    <measure number="38" width="0">
      <note print-object="no">
        <rest/>
        <duration>12</duration>
        <voice>1</voice>
      </note>
    </measure>
    <!--=======================================================-->
    <measure number="39" width="0">
      <note print-object="no">
        <rest/>
        <duration>12</duration>
        <voice>1</voice>
      </note>
    </measure>
    <!--=======================================================-->
    <measure number="40" width="0">
      <note print-object="no">
        <rest/>
        <duration>12</duration>
        <voice>1</voice>
      </note>
    </measure>
    <!--=======================================================-->
    <measure number="41" width="0">
      <note print-object="no">
        <rest/>
        <duration>12</duration>
        <voice>1</voice>
      </note>
    </measure>
    <!--=======================================================-->
    <measure number="42" width="0">
      <note print-object="no">
        <rest/>
        <duration>12</duration>
        <voice>1</voice>
      </note>
    </measure>
    <!--=======================================================-->
    <measure number="43" width="0">
      <note print-object="no">
        <rest/>
        <duration>12</duration>
        <voice>1</voice>
      </note>
    </measure>
    <!--=======================================================-->
    <measure number="44" width="0">
      <note print-object="no">
        <rest/>
        <duration>12</duration>
        <voice>1</voice>
      </note>
    </measure>
    <!--=======================================================-->
    <measure number="45" width="0">
      <note print-object="no">
        <rest/>
        <duration>12</duration>
        <voice>1</voice>
      </note>
    </measure>
    <!--=======================================================-->
    <measure number="46" width="0">
      <note print-object="no">
        <rest/>
        <duration>12</duration>
        <voice>1</voice>
      </note>
    </measure>
    <!--=======================================================-->
    <measure number="47" width="0">
      <note print-object="no">
        <rest/>
        <duration>12</duration>
        <voice>1</voice>
      </note>
    </measure>
    <!--=======================================================-->
    <measure number="48" width="174">
      <note default-x="14">
        <pitch>
          <step>F</step>
          <octave>5</octave>
        </pitch>
        <duration>4</duration>
        <voice>1</voice>
        <type>quarter</type>
        <stem default-y="-35">down</stem>
      </note>
      <note default-x="58">
        <pitch>
          <step>F</step>
          <octave>5</octave>
        </pitch>
        <duration>1</duration>
        <voice>1</voice>
        <type>16th</type>
        <stem default-y="-30">down</stem>
        <beam number="1">begin</beam>
        <beam number="2">begin</beam>
        <notations>
          <slur number="1" placement="above" type="start"/>
        </notations>
      </note>
      <note default-x="76">
        <pitch>
          <step>E</step>
          <octave>5</octave>
        </pitch>
        <duration>1</duration>
        <voice>1</voice>
        <type>16th</type>
        <stem default-y="-32">down</stem>
        <beam number="1">end</beam>
        <beam number="2">end</beam>
        <notations>
          <slur number="1" type="stop"/>
        </notations>
      </note>
      <note default-x="93">
        <pitch>
          <step>D</step>
          <octave>5</octave>
        </pitch>
        <duration>2</duration>
        <voice>1</voice>
        <type>eighth</type>
        <stem default-y="-50">down</stem>
        <beam number="1">begin</beam>
        <notations>
          <articulations>
            <staccato default-x="4" default-y="5" placement="above"/>
          </articulations>
        </notations>
      </note>
      <note default-x="120">
        <pitch>
          <step>C</step>
          <octave>5</octave>
        </pitch>
        <duration>2</duration>
        <voice>1</voice>
        <type>eighth</type>
        <stem default-y="-52">down</stem>
        <beam number="1">continue</beam>
        <notations>
          <articulations>
            <staccato default-x="4" default-y="5" placement="above"/>
          </articulations>
        </notations>
      </note>
      <note default-x="147">
        <pitch>
          <step>B</step>
          <alter>-1</alter>
          <octave>4</octave>
        </pitch>
        <duration>2</duration>
        <voice>1</voice>
        <type>eighth</type>
        <stem default-y="-55">down</stem>
        <beam number="1">end</beam>
        <notations>
          <articulations>
            <staccato default-x="4" default-y="5" placement="above"/>
          </articulations>
        </notations>
      </note>
    </measure>
    <!--=======================================================-->
    <measure number="49" width="183">
      <note default-x="13">
        <pitch>
          <step>A</step>
          <octave>4</octave>
        </pitch>
        <duration>2</duration>
        <voice>1</voice>
        <type>eighth</type>
        <stem default-y="-60">down</stem>
        <beam number="1">begin</beam>
      </note>
      <note default-x="40">
        <pitch>
          <step>C</step>
          <octave>5</octave>
        </pitch>
        <duration>2</duration>
        <voice>1</voice>
        <type>eighth</type>
        <stem default-y="-55">down</stem>
        <beam number="1">end</beam>
      </note>
      <note default-x="67">
        <pitch>
          <step>F</step>
          <octave>5</octave>
        </pitch>
        <duration>1</duration>
        <voice>1</voice>
        <type>16th</type>
        <stem default-y="-30">down</stem>
        <beam number="1">begin</beam>
        <beam number="2">begin</beam>
        <notations>
          <slur number="1" placement="above" type="start"/>
        </notations>
      </note>
      <note default-x="84">
        <pitch>
          <step>E</step>
          <octave>5</octave>
        </pitch>
        <duration>1</duration>
        <voice>1</voice>
        <type>16th</type>
        <stem default-y="-32">down</stem>
        <beam number="1">end</beam>
        <beam number="2">end</beam>
        <notations>
          <slur number="1" type="stop"/>
        </notations>
      </note>
      <note default-x="103">
        <pitch>
          <step>D</step>
          <octave>5</octave>
        </pitch>
        <duration>2</duration>
        <voice>1</voice>
        <type>eighth</type>
        <stem default-y="-50">down</stem>
        <beam number="1">begin</beam>
        <notations>
          <articulations>
            <staccato default-x="4" default-y="5" placement="above"/>
          </articulations>
        </notations>
      </note>
      <note default-x="129">
        <pitch>
          <step>C</step>
          <octave>5</octave>
        </pitch>
        <duration>2</duration>
        <voice>1</voice>
        <type>eighth</type>
        <stem default-y="-52">down</stem>
        <beam number="1">continue</beam>
        <notations>
          <articulations>
            <staccato default-x="4" default-y="5" placement="above"/>
          </articulations>
        </notations>
      </note>
      <note default-x="156">
        <pitch>
          <step>B</step>
          <alter>-1</alter>
          <octave>4</octave>
        </pitch>
        <duration>2</duration>
        <voice>1</voice>
        <type>eighth</type>
        <stem default-y="-55">down</stem>
        <beam number="1">end</beam>
        <notations>
          <articulations>
            <staccato default-x="4" default-y="5" placement="above"/>
          </articulations>
        </notations>
      </note>
    </measure>
    <!--=======================================================-->
    <measure number="50" width="183">
      <note default-x="13">
        <pitch>
          <step>A</step>
          <octave>4</octave>
        </pitch>
        <duration>2</duration>
        <voice>1</voice>
        <type>eighth</type>
        <stem default-y="-60">down</stem>
        <beam number="1">begin</beam>
      </note>
      <note default-x="40">
        <pitch>
          <step>C</step>
          <octave>5</octave>
        </pitch>
        <duration>2</duration>
        <voice>1</voice>
        <type>eighth</type>
        <stem default-y="-55">down</stem>
        <beam number="1">end</beam>
      </note>
      <note default-x="66">
        <pitch>
          <step>F</step>
          <octave>5</octave>
        </pitch>
        <duration>1</duration>
        <voice>1</voice>
        <type>16th</type>
        <stem default-y="-30">down</stem>
        <beam number="1">begin</beam>
        <beam number="2">begin</beam>
        <notations>
          <slur number="1" placement="above" type="start"/>
        </notations>
      </note>
      <note default-x="85">
        <pitch>
          <step>E</step>
          <octave>5</octave>
        </pitch>
        <duration>1</duration>
        <voice>1</voice>
        <type>16th</type>
        <stem default-y="-32">down</stem>
        <beam number="1">end</beam>
        <beam number="2">end</beam>
        <notations>
          <slur number="1" type="stop"/>
        </notations>
      </note>
      <note default-x="103">
        <pitch>
          <step>D</step>
          <octave>5</octave>
        </pitch>
        <duration>2</duration>
        <voice>1</voice>
        <type>eighth</type>
        <stem default-y="-50">down</stem>
        <beam number="1">begin</beam>
        <notations>
          <articulations>
            <staccato default-x="4" default-y="5" placement="above"/>
          </articulations>
        </notations>
      </note>
      <note default-x="129">
        <pitch>
          <step>C</step>
          <octave>5</octave>
        </pitch>
        <duration>2</duration>
        <voice>1</voice>
        <type>eighth</type>
        <stem default-y="-52">down</stem>
        <beam number="1">continue</beam>
        <notations>
          <articulations>
            <staccato default-x="4" default-y="5" placement="above"/>
          </articulations>
        </notations>
      </note>
      <note default-x="156">
        <pitch>
          <step>B</step>
          <alter>-1</alter>
          <octave>4</octave>
        </pitch>
        <duration>2</duration>
        <voice>1</voice>
        <type>eighth</type>
        <stem default-y="-55">down</stem>
        <beam number="1">end</beam>
        <notations>
          <articulations>
            <staccato default-x="4" default-y="5" placement="above"/>
          </articulations>
        </notations>
      </note>
    </measure>
    <!--=======================================================-->
    <measure number="51" width="151">
      <note default-x="13">
        <pitch>
          <step>A</step>
          <octave>4</octave>
        </pitch>
        <duration>2</duration>
        <voice>1</voice>
        <type>eighth</type>
        <stem default-y="-60">down</stem>
        <beam number="1">begin</beam>
      </note>
      <note default-x="40">
        <pitch>
          <step>C</step>
          <octave>5</octave>
        </pitch>
        <duration>2</duration>
        <voice>1</voice>
        <type>eighth</type>
        <stem default-y="-55">down</stem>
        <beam number="1">end</beam>
      </note>
      <note default-x="67">
        <rest/>
        <duration>2</duration>
        <voice>1</voice>
        <type>eighth</type>
      </note>
      <forward>
        <duration>6</duration>
        <voice>1</voice>
      </forward>
    </measure>
  </part>
  <!--=========================================================-->
</score-partwise>
