{"ref": "D16326_0_0_2", "title": "[Die Sch\u00f6pfung. Hob XXI 2. No 16. Holde Gattin ! (Sc\u00e8ne)] (fran\u00e7ais-italien). Extrait", "composer": "Haydn, Joseph", "lyricist": "", "corpus": "rism", "meta_fields": [], "sources": [], "files": {"score.xml": {"url": "http://neuma.huma-num.fr/media/corpora/rism/D16326_0_0_2/score.xml"}, "mei.xml": {"url": "http://neuma.huma-num.fr/media/corpora/rism/D16326_0_0_2/mei.xml"}, "summary.json": {"url": "http://neuma.huma-num.fr/media/corpora/rism/D16326_0_0_2/summary.json"}}}