{"ref": "D16321_0_0_1", "title": "[Quatuors. Cordes. Hob III 44. Si b\u00e9mol majeur]. Extrait ;arr. pour cordes et instruments \u00e0 vent", "composer": "Haydn, Joseph", "lyricist": "", "corpus": "rism", "meta_fields": [], "sources": [], "files": {"score.xml": {"url": "http://neuma.huma-num.fr/media/corpora/rism/D16321_0_0_1/score.xml"}, "mei.xml": {"url": "http://neuma.huma-num.fr/media/corpora/rism/D16321_0_0_1/mei.xml"}, "summary.json": {"url": "http://neuma.huma-num.fr/media/corpora/rism/D16321_0_0_1/summary.json"}}}