{"ref": "D16356_0_0_1", "title": "[Die sieben letzten Worte unseres Erl\u00f6sers am Kreuze. Hob XX 2. No 7.]. Extrait", "composer": "Haydn, Joseph", "lyricist": "", "corpus": "rism", "meta_fields": [], "sources": [], "files": {"score.xml": {"url": "http://neuma.huma-num.fr/media/corpora/rism/D16356_0_0_1/score.xml"}, "mei.xml": {"url": "http://neuma.huma-num.fr/media/corpora/rism/D16356_0_0_1/mei.xml"}, "summary.json": {"url": "http://neuma.huma-num.fr/media/corpora/rism/D16356_0_0_1/summary.json"}}}