{"ref": "D16325_0_0_1", "title": "[Die Sch\u00f6pfung. Hob XXI 2. No 9. Auf starkem Fittige schwinget (R\u00e9citatif et air)]. Extrait", "composer": "Haydn, Joseph", "lyricist": "", "corpus": "rism", "meta_fields": [], "sources": [], "files": {"score.xml": {"url": "http://neuma.huma-num.fr/media/corpora/rism/D16325_0_0_1/score.xml"}, "mei.xml": {"url": "http://neuma.huma-num.fr/media/corpora/rism/D16325_0_0_1/mei.xml"}, "summary.json": {"url": "http://neuma.huma-num.fr/media/corpora/rism/D16325_0_0_1/summary.json"}}}