{"ref": "D16596_0_0_1", "title": "[Armide. W 45. Acte 2, sc\u00e8ne 2. Esprits de haine et de rage. Mi majeur]. Extrait ; arr.", "composer": "Gluck, Christoph Willibald von", "lyricist": "", "corpus": "rism", "meta_fields": [], "sources": [], "files": {"score.xml": {"url": "http://neuma.huma-num.fr/media/corpora/rism/D16596_0_0_1/score.xml"}, "mei.xml": {"url": "http://neuma.huma-num.fr/media/corpora/rism/D16596_0_0_1/mei.xml"}, "summary.json": {"url": "http://neuma.huma-num.fr/media/corpora/rism/D16596_0_0_1/summary.json"}}}