{"ref": "D17381_0_0_1", "title": "[Die sieben letzten Worte unseres Erl\u00f6sers am Kreuze. Orchestre. Hob XX 1. Sonata VII]. Extrait", "composer": "Haydn, Joseph", "lyricist": "", "corpus": "rism", "meta_fields": [], "sources": [], "files": {"score.xml": {"url": "http://neuma.huma-num.fr/media/corpora/rism/D17381_0_0_1/score.xml"}, "mei.xml": {"url": "http://neuma.huma-num.fr/media/corpora/rism/D17381_0_0_1/mei.xml"}, "summary.json": {"url": "http://neuma.huma-num.fr/media/corpora/rism/D17381_0_0_1/summary.json"}}}