{"ref": "D17814_2_0_1", "title": "[Iphig\u00e9nie en Aulide. W 40. Acte 1, sc\u00e8ne 4. Que d'attraits, que de majest\u00e9.]", "composer": "Gluck, Christoph Willibald von", "lyricist": "", "corpus": "rism", "meta_fields": [], "sources": [], "files": {"score.xml": {"url": "http://neuma.huma-num.fr/media/corpora/rism/D17814_2_0_1/score.xml"}, "mei.xml": {"url": "http://neuma.huma-num.fr/media/corpora/rism/D17814_2_0_1/mei.xml"}, "summary.json": {"url": "http://neuma.huma-num.fr/media/corpora/rism/D17814_2_0_1/summary.json"}}}