{"ref": "D4587_0_0_1", "title": "[\u00c9cho et Narcisse. W 47. Acte 3, sc\u00e8ne 5. Le dieu de Paphos et de Gnide]", "composer": "Gluck, Christoph Willibald von", "lyricist": "", "corpus": "rism", "meta_fields": [], "sources": [], "files": {"score.xml": {"url": "http://neuma.huma-num.fr/media/corpora/rism/D4587_0_0_1/score.xml"}, "mei.xml": {"url": "http://neuma.huma-num.fr/media/corpora/rism/D4587_0_0_1/mei.xml"}, "summary.json": {"url": "http://neuma.huma-num.fr/media/corpora/rism/D4587_0_0_1/summary.json"}}}