{"ref": "D4593_0_0_1", "title": "[Iphig\u00e9nie en Aulide. W 40. Acte 3, sc\u00e8ne 3. Conservez dans mon \u00e2me.]", "composer": "Gluck, Christoph Willibald von", "lyricist": "", "corpus": "rism", "meta_fields": [], "sources": [], "files": {"score.xml": {"url": "http://neuma.huma-num.fr/media/corpora/rism/D4593_0_0_1/score.xml"}, "mei.xml": {"url": "http://neuma.huma-num.fr/media/corpora/rism/D4593_0_0_1/mei.xml"}, "summary.json": {"url": "http://neuma.huma-num.fr/media/corpora/rism/D4593_0_0_1/summary.json"}}}