{"ref": "D4592001", "title": "[Orph\u00e9e et Euridice. W 41. Acte 3, sc\u00e8ne 1. Viens, suis un \u00e9poux qui t'adore. Fa majeur]", "composer": "Gluck, Christoph Willibald von", "lyricist": "", "corpus": "rism", "meta_fields": [], "sources": [], "files": {"score.xml": {"url": "http://neuma.huma-num.fr/media/corpora/rism/D4592001/score.xml"}, "mei.xml": {"url": "http://neuma.huma-num.fr/media/corpora/rism/D4592001/mei.xml"}, "summary.json": {"url": "http://neuma.huma-num.fr/media/corpora/rism/D4592001/summary.json"}}}