{"ref": "D471222_0_0_1", "title": "[Tigrane. Acte 3, sc\u00e8ne 12. Presso l'onda d'Acheronte. Mi b\u00e9mol majeur]", "composer": "Gluck, Christoph Willibald von", "lyricist": "", "corpus": "rism", "meta_fields": [], "sources": [], "files": {"score.xml": {"url": "http://neuma.huma-num.fr/media/corpora/rism/D471222_0_0_1/score.xml"}, "mei.xml": {"url": "http://neuma.huma-num.fr/media/corpora/rism/D471222_0_0_1/mei.xml"}, "summary.json": {"url": "http://neuma.huma-num.fr/media/corpora/rism/D471222_0_0_1/summary.json"}}}