{"ref": "D471213_0_0_1", "title": "[Tigrane. Acte 1, sc\u00e8ne 12. Si ben mi\u00f2 morr\u00f2 se il vuoi. Sol majeur]", "composer": "Gluck, Christoph Willibald von", "lyricist": "", "corpus": "rism", "meta_fields": [], "sources": [], "files": {"score.xml": {"url": "http://neuma.huma-num.fr/media/corpora/rism/D471213_0_0_1/score.xml"}, "mei.xml": {"url": "http://neuma.huma-num.fr/media/corpora/rism/D471213_0_0_1/mei.xml"}, "summary.json": {"url": "http://neuma.huma-num.fr/media/corpora/rism/D471213_0_0_1/summary.json"}}}