{"ref": "D471232_0_0_1", "title": "[Ippolito. W 9. Acte 3. Ah gi\u00e0 parmi che d'armi ribomba. Si b\u00e9mol majeur]", "composer": "Gluck, Christoph Willibald von", "lyricist": "", "corpus": "rism", "meta_fields": [], "sources": [], "files": {"score.xml": {"url": "http://neuma.huma-num.fr/media/corpora/rism/D471232_0_0_1/score.xml"}, "mei.xml": {"url": "http://neuma.huma-num.fr/media/corpora/rism/D471232_0_0_1/mei.xml"}, "summary.json": {"url": "http://neuma.huma-num.fr/media/corpora/rism/D471232_0_0_1/summary.json"}}}