{"ref": "D471427_0_0_1", "title": "[La Semiramide riconosciuta. W 13. Acte 1, sc\u00e8ne 4. Vorrei spiegar l'affanno. R\u00e9 majeur]", "composer": "Gluck, Christoph Willibald von", "lyricist": "", "corpus": "rism", "meta_fields": [], "sources": [], "files": {"score.xml": {"url": "http://neuma.huma-num.fr/media/corpora/rism/D471427_0_0_1/score.xml"}, "mei.xml": {"url": "http://neuma.huma-num.fr/media/corpora/rism/D471427_0_0_1/mei.xml"}, "summary.json": {"url": "http://neuma.huma-num.fr/media/corpora/rism/D471427_0_0_1/summary.json"}}}