{"ref": "D471511_0_0_1", "title": "[Orfeo ed Euridice. W 30. Acte 1, sc\u00e8ne 1. Chiamo il mio ben cos\u00ec]", "composer": "Gluck, Christoph Willibald von", "lyricist": "", "corpus": "rism", "meta_fields": [], "sources": [], "files": {"score.xml": {"url": "http://neuma.huma-num.fr/media/corpora/rism/D471511_0_0_1/score.xml"}, "mei.xml": {"url": "http://neuma.huma-num.fr/media/corpora/rism/D471511_0_0_1/mei.xml"}, "summary.json": {"url": "http://neuma.huma-num.fr/media/corpora/rism/D471511_0_0_1/summary.json"}}}