{"ref": "D47157_0_0_1", "title": "[La Clemenza di Tito. W 16. Acte 2, sc\u00e8ne 14. Se mai senti spirarti sul volto. Sol majeur]", "composer": "Gluck, Christoph Willibald von", "lyricist": "", "corpus": "rism", "meta_fields": [], "sources": [], "files": {"score.xml": {"url": "http://neuma.huma-num.fr/media/corpora/rism/D47157_0_0_1/score.xml"}, "mei.xml": {"url": "http://neuma.huma-num.fr/media/corpora/rism/D47157_0_0_1/mei.xml"}, "summary.json": {"url": "http://neuma.huma-num.fr/media/corpora/rism/D47157_0_0_1/summary.json"}}}