<?xml version="1.0" encoding="UTF-8" standalone="no"?>
<!DOCTYPE score-partwise PUBLIC "-//Recordare//DTD MusicXML 3.0 Partwise//EN" "http://www.musicxml.org/dtds/partwise.dtd">
<score-partwise version="3.0">
  <movement-title>[La Sofonisba. W 5. Acte 2. Ò frangi i lacci miei. Sol mineur]</movement-title>
  <identification>
    <creator type="composer">Gluck, Christoph Willibald von</creator>
    <encoding>
      <software>Finale 2012 for Windows</software>
      <software>Dolet Light for Finale 2012</software>
      <encoding-date>2012-10-03</encoding-date>
      <supports attribute="new-system" element="print" type="yes" value="yes"/>
      <supports attribute="new-page" element="print" type="yes" value="yes"/>
    </encoding>
  </identification>
  <defaults>
    <scaling>
      <millimeters>7.2319</millimeters>
      <tenths>40</tenths>
    </scaling>
    <page-layout>
      <page-height>1545</page-height>
      <page-width>1194</page-width>
      <page-margins type="both">
        <left-margin>6</left-margin>
        <right-margin>70</right-margin>
        <top-margin>87</top-margin>
        <bottom-margin>88</bottom-margin>
      </page-margins>
    </page-layout>
    <system-layout>
      <system-margins>
        <left-margin>70</left-margin>
        <right-margin>0</right-margin>
      </system-margins>
      <system-distance>274</system-distance>
      <top-system-distance>211</top-system-distance>
    </system-layout>
    <appearance>
      <line-width type="stem">0.7487</line-width>
      <line-width type="beam">5</line-width>
      <line-width type="staff">0.7487</line-width>
      <line-width type="light barline">0.7487</line-width>
      <line-width type="heavy barline">5</line-width>
      <line-width type="leger">0.7487</line-width>
      <line-width type="ending">1.4583</line-width>
      <line-width type="wedge">0.7487</line-width>
      <line-width type="enclosure">0.7487</line-width>
      <line-width type="tuplet bracket">0.7487</line-width>
      <note-size type="grace">60</note-size>
      <note-size type="cue">60</note-size>
      <distance type="hyphen">120</distance>
      <distance type="beam">8</distance>
    </appearance>
    <music-font font-family="Maestro,engraved" font-size="20.5"/>
    <word-font font-family="Times New Roman" font-size="10.25"/>
    <lyric-font font-family="Times New Roman" font-size="10.25"/>
  </defaults>
  <credit page="1">
    <credit-words default-x="162" default-y="1414" font-size="12" font-weight="bold" halign="center" valign="top" xml:space="preserve">NNB 39755222
D-4714-(21)_0_0_1</credit-words>
  </credit>
  <credit page="1">
    <credit-words default-x="1125" default-y="1369" font-size="12" font-weight="bold" justify="right" valign="top" xml:space="preserve">Gluck, Christoph Willibald von
[La Sofonisba. W 5. Acte 2. Ò frangi i lacci miei. Sol mineur] </credit-words>
  </credit>
  <part-list>
    <score-part id="P1">
      <part-name print-object="no">MusicXML Part</part-name>
      <score-instrument id="P1-I37">
        <instrument-name> </instrument-name>
      </score-instrument>
      <midi-instrument id="P1-I37">
        <midi-channel>1</midi-channel>
        <midi-program>1</midi-program>
        <volume>80</volume>
        <pan>0</pan>
      </midi-instrument>
    </score-part>
  </part-list>
  <!--=========================================================-->
  <part id="P1">
    <measure number="1" width="293">
      <print>
        <system-layout>
          <system-margins>
            <left-margin>31</left-margin>
            <right-margin>0</right-margin>
          </system-margins>
        </system-layout>
        <measure-numbering>system</measure-numbering>
      </print>
      <attributes>
        <divisions>4</divisions>
        <key>
          <fifths>-2</fifths>
          <mode>major</mode>
        </key>
        <time symbol="common">
          <beats>4</beats>
          <beat-type>4</beat-type>
        </time>
        <clef>
          <sign>C</sign>
          <line>1</line>
        </clef>
        <measure-style>
          <multiple-rest>5</multiple-rest>
        </measure-style>
      </attributes>
      <sound tempo="120"/>
      <note print-object="no">
        <rest measure="yes"/>
        <duration>16</duration>
        <voice>1</voice>
      </note>
    </measure>
    <!--=======================================================-->
    <measure number="2" width="0">
      <note print-object="no">
        <rest measure="yes"/>
        <duration>16</duration>
        <voice>1</voice>
      </note>
    </measure>
    <!--=======================================================-->
    <measure number="3" width="0">
      <note print-object="no">
        <rest measure="yes"/>
        <duration>16</duration>
        <voice>1</voice>
      </note>
    </measure>
    <!--=======================================================-->
    <measure number="4" width="0">
      <note print-object="no">
        <rest measure="yes"/>
        <duration>16</duration>
        <voice>1</voice>
      </note>
    </measure>
    <!--=======================================================-->
    <measure number="5" width="0">
      <note print-object="no">
        <rest measure="yes"/>
        <duration>16</duration>
        <voice>1</voice>
      </note>
    </measure>
    <!--=======================================================-->
    <measure number="6" width="191">
      <note default-x="13">
        <rest/>
        <duration>8</duration>
        <voice>1</voice>
        <type>half</type>
      </note>
      <note default-x="89">
        <rest/>
        <duration>4</duration>
        <voice>1</voice>
        <type>quarter</type>
      </note>
      <note default-x="134">
        <rest/>
        <duration>2</duration>
        <voice>1</voice>
        <type>eighth</type>
      </note>
      <note default-x="162">
        <pitch>
          <step>G</step>
          <octave>4</octave>
        </pitch>
        <duration>2</duration>
        <voice>1</voice>
        <type>eighth</type>
        <stem default-y="-55">down</stem>
        <lyric default-y="-93" number="1">
          <syllabic>single</syllabic>
          <text>O</text>
        </lyric>
      </note>
    </measure>
    <!--=======================================================-->
    <measure number="7" width="206">
      <note default-x="14">
        <pitch>
          <step>D</step>
          <octave>5</octave>
        </pitch>
        <duration>6</duration>
        <voice>1</voice>
        <type>quarter</type>
        <dot/>
        <stem default-y="-35">down</stem>
        <lyric default-y="-93" number="1">
          <syllabic>begin</syllabic>
          <text>fran</text>
        </lyric>
      </note>
      <note default-x="78">
        <pitch>
          <step>E</step>
          <alter>-1</alter>
          <octave>5</octave>
        </pitch>
        <duration>2</duration>
        <voice>1</voice>
        <type>eighth</type>
        <stem default-y="-30">down</stem>
        <lyric default-y="-93" number="1">
          <syllabic>end</syllabic>
          <text>gi</text>
          <elision> </elision>
          <syllabic>single</syllabic>
          <text>i</text>
        </lyric>
      </note>
      <note default-x="111">
        <pitch>
          <step>D</step>
          <octave>5</octave>
        </pitch>
        <duration>6</duration>
        <voice>1</voice>
        <type>quarter</type>
        <dot/>
        <stem default-y="-35">down</stem>
        <lyric default-y="-93" number="1">
          <syllabic>begin</syllabic>
          <text>lac</text>
        </lyric>
      </note>
      <note default-x="175">
        <pitch>
          <step>E</step>
          <alter>-1</alter>
          <octave>5</octave>
        </pitch>
        <duration>2</duration>
        <voice>1</voice>
        <type>eighth</type>
        <stem default-y="-30">down</stem>
        <lyric default-y="-93" number="1">
          <syllabic>end</syllabic>
          <text>ci</text>
        </lyric>
      </note>
    </measure>
    <!--=======================================================-->
    <measure number="8" width="193">
      <note default-x="14">
        <pitch>
          <step>D</step>
          <octave>5</octave>
        </pitch>
        <duration>6</duration>
        <voice>1</voice>
        <type>quarter</type>
        <dot/>
        <stem default-y="-35">down</stem>
        <lyric default-y="-93" number="1">
          <syllabic>single</syllabic>
          <text>miei</text>
        </lyric>
      </note>
      <note default-x="74">
        <pitch>
          <step>E</step>
          <alter>-1</alter>
          <octave>5</octave>
        </pitch>
        <duration>2</duration>
        <voice>1</voice>
        <type>eighth</type>
        <stem default-y="-30">down</stem>
        <lyric default-y="-93" number="1">
          <syllabic>single</syllabic>
          <text>i</text>
        </lyric>
      </note>
      <note default-x="103">
        <pitch>
          <step>D</step>
          <octave>5</octave>
        </pitch>
        <duration>6</duration>
        <voice>1</voice>
        <type>quarter</type>
        <dot/>
        <stem default-y="-35">down</stem>
        <lyric default-y="-93" number="1">
          <syllabic>begin</syllabic>
          <text>lac</text>
        </lyric>
      </note>
      <note default-x="164">
        <pitch>
          <step>C</step>
          <octave>5</octave>
        </pitch>
        <duration>2</duration>
        <voice>1</voice>
        <type>eighth</type>
        <stem default-y="-40.5">down</stem>
        <lyric default-y="-93" number="1">
          <syllabic>end</syllabic>
          <text>ci</text>
        </lyric>
      </note>
    </measure>
    <!--=======================================================-->
    <measure number="9" width="205">
      <note default-x="14">
        <pitch>
          <step>B</step>
          <alter>-1</alter>
          <octave>4</octave>
        </pitch>
        <duration>1</duration>
        <voice>1</voice>
        <type>16th</type>
        <stem default-y="-50">down</stem>
        <beam number="1">begin</beam>
        <beam number="2">begin</beam>
        <lyric default-y="-93" number="1">
          <syllabic>single</syllabic>
          <text>miei</text>
          <extend/>
        </lyric>
      </note>
      <note default-x="32">
        <pitch>
          <step>A</step>
          <octave>4</octave>
        </pitch>
        <duration>1</duration>
        <voice>1</voice>
        <type>16th</type>
        <stem default-y="-52">down</stem>
        <beam number="1">continue</beam>
        <beam number="2">end</beam>
      </note>
      <note default-x="50">
        <pitch>
          <step>G</step>
          <octave>4</octave>
        </pitch>
        <duration>2</duration>
        <voice>1</voice>
        <type>eighth</type>
        <stem default-y="-55">down</stem>
        <beam number="1">end</beam>
      </note>
      <forward>
        <duration>4</duration>
        <voice>1</voice>
      </forward>
      <forward>
        <duration>8</duration>
        <voice>1</voice>
      </forward>
    </measure>
  </part>
  <!--=========================================================-->
</score-partwise>
