{"ref": "D471230_0_0_1", "title": "[Ippolito. W 9. Acte 3, sc\u00e8ne 1 (Dirai all'idol mio). R\u00e9 majeur]", "composer": "Gluck, Christoph Willibald von", "lyricist": "", "corpus": "rism", "meta_fields": [], "sources": [], "files": {"score.xml": {"url": "http://neuma.huma-num.fr/media/corpora/rism/D471230_0_0_1/score.xml"}, "mei.xml": {"url": "http://neuma.huma-num.fr/media/corpora/rism/D471230_0_0_1/mei.xml"}, "summary.json": {"url": "http://neuma.huma-num.fr/media/corpora/rism/D471230_0_0_1/summary.json"}}}