{"ref": "D47131_0_0_1", "title": "[La Sofonisba. W 5. Acte 3. La s\u00f9l margine di lete. Mi b\u00e9mol majeur]  ", "composer": "Gluck, Christoph Willibald von", "lyricist": "", "corpus": "rism", "meta_fields": [], "sources": [], "files": {"score.xml": {"url": "http://neuma.huma-num.fr/media/corpora/rism/D47131_0_0_1/score.xml"}, "mei.xml": {"url": "http://neuma.huma-num.fr/media/corpora/rism/D47131_0_0_1/mei.xml"}, "summary.json": {"url": "http://neuma.huma-num.fr/media/corpora/rism/D47131_0_0_1/summary.json"}}}