{"ref": "D471422_0_0_1", "title": "[La Sofonisba. W 5. Acte 3. Si perdono \u00f2 Siface (R\u00e9citatif)]", "composer": "Gluck, Christoph Willibald von", "lyricist": "", "corpus": "rism", "meta_fields": [], "sources": [], "files": {"score.xml": {"url": "http://neuma.huma-num.fr/media/corpora/rism/D471422_0_0_1/score.xml"}, "mei.xml": {"url": "http://neuma.huma-num.fr/media/corpora/rism/D471422_0_0_1/mei.xml"}, "summary.json": {"url": "http://neuma.huma-num.fr/media/corpora/rism/D471422_0_0_1/summary.json"}}}