{"ref": "D471315_1_0_1", "title": "[Demofoonte. W 3. Acte 1, sc\u00e8ne 10. Gemo in un punto e fremo. R\u00e9 majeur]", "composer": "Gluck, Christoph Willibald von", "lyricist": "", "corpus": "rism", "meta_fields": [], "sources": [], "files": {"score.xml": {"url": "http://neuma.huma-num.fr/media/corpora/rism/D471315_1_0_1/score.xml"}, "mei.xml": {"url": "http://neuma.huma-num.fr/media/corpora/rism/D471315_1_0_1/mei.xml"}, "summary.json": {"url": "http://neuma.huma-num.fr/media/corpora/rism/D471315_1_0_1/summary.json"}}}