{"ref": "D47151_0_0_1", "title": "[Ipermestra. W 7. Acte 1, sc\u00e8ne 1. Abbiam penato \u00e8 ver]", "composer": "Gluck, Christoph Willibald von", "lyricist": "", "corpus": "rism", "meta_fields": [], "sources": [], "files": {"score.xml": {"url": "http://neuma.huma-num.fr/media/corpora/rism/D47151_0_0_1/score.xml"}, "mei.xml": {"url": "http://neuma.huma-num.fr/media/corpora/rism/D47151_0_0_1/mei.xml"}, "summary.json": {"url": "http://neuma.huma-num.fr/media/corpora/rism/D47151_0_0_1/summary.json"}}}