{"ref": "D47123_0_0_2", "title": "[Arsace. Acte 1, sc\u00e8ne 12. Si vedr\u00f2 quell'alma ingrata. Sol majeur]", "composer": "Gluck, Christoph Willibald von", "lyricist": "", "corpus": "rism", "meta_fields": [], "sources": [], "files": {"score.xml": {"url": "http://neuma.huma-num.fr/media/corpora/rism/D47123_0_0_2/score.xml"}, "mei.xml": {"url": "http://neuma.huma-num.fr/media/corpora/rism/D47123_0_0_2/mei.xml"}, "summary.json": {"url": "http://neuma.huma-num.fr/media/corpora/rism/D47123_0_0_2/summary.json"}}}