<?xml version="1.0" encoding="UTF-8"?>
<!DOCTYPE score-partwise PUBLIC "-//Recordare//DTD MusicXML 2.0 Partwise//EN"
                                "http://www.musicxml.org/dtds/partwise.dtd">
<score-partwise version="2.0">
  <movement-title>[Ipermestra. W 7. Acte 2, scène 5. Gonfio tu vedi il fiume. Do majeur]</movement-title>
  <identification>
    <creator type="composer">Gluck, Christoph Willibald von</creator>
    <encoding>
      <software>Finale 2010 for Windows</software>
      <software>Dolet Light for Finale 2010</software>
      <encoding-date>2011-12-09</encoding-date>
      <supports attribute="new-system" element="print" type="yes" value="yes"/>
      <supports attribute="new-page" element="print" type="yes" value="yes"/>
    </encoding>
  </identification>
  <defaults>
    <scaling>
      <millimeters>7.2319</millimeters>
      <tenths>40</tenths>
    </scaling>
    <page-layout>
      <page-height>1545</page-height>
      <page-width>1194</page-width>
      <page-margins type="both">
        <left-margin>6</left-margin>
        <right-margin>70</right-margin>
        <top-margin>87</top-margin>
        <bottom-margin>88</bottom-margin>
      </page-margins>
    </page-layout>
    <system-layout>
      <system-margins>
        <left-margin>70</left-margin>
        <right-margin>0</right-margin>
      </system-margins>
      <system-distance>274</system-distance>
      <top-system-distance>211</top-system-distance>
    </system-layout>
    <appearance>
      <line-width type="stem">0.7487</line-width>
      <line-width type="beam">5</line-width>
      <line-width type="staff">0.7487</line-width>
      <line-width type="light barline">0.7487</line-width>
      <line-width type="heavy barline">5</line-width>
      <line-width type="leger">0.7487</line-width>
      <line-width type="ending">1.4583</line-width>
      <line-width type="wedge">0.7487</line-width>
      <line-width type="enclosure">0.7487</line-width>
      <line-width type="tuplet bracket">0.7487</line-width>
      <note-size type="grace">60</note-size>
      <note-size type="cue">60</note-size>
    </appearance>
    <music-font font-family="Maestro" font-size="20.5"/>
    <word-font font-family="Times New Roman" font-size="10.25"/>
    <lyric-font font-family="Times New Roman" font-size="10.25" name="verse"/>
  </defaults>
  <credit page="1">
    <credit-words default-x="162" default-y="1414" font-size="12" font-weight="bold" halign="center" valign="top">NNB 39755294
D-4714-(23)_0_0_1</credit-words>
  </credit>
  <credit page="1">
    <credit-words default-x="1125" default-y="1369" font-size="12" font-weight="bold" justify="right" valign="top" xml:lang="fr">Gluck, Christoph Willibald von
[Ipermestra. W 7. Acte 2, scène 5. Gonfio tu vedi il fiume. Do majeur] </credit-words>
  </credit>
  <part-list>
    <score-part id="P1">
      <part-name print-object="no">MusicXML Part</part-name>
      <score-instrument id="P1-I37">
        <instrument-name/>
      </score-instrument>
      <midi-instrument id="P1-I37">
        <midi-channel>1</midi-channel>
        <midi-program>1</midi-program>
        <volume>80</volume>
        <pan>0</pan>
      </midi-instrument>
    </score-part>
  </part-list>
  <!--=========================================================-->
  <part id="P1">
    <measure number="1" width="226">
      <print>
        <system-layout>
          <system-margins>
            <left-margin>31</left-margin>
            <right-margin>0</right-margin>
          </system-margins>
        </system-layout>
      </print>
      <attributes>
        <divisions>6</divisions>
        <key>
          <fifths>0</fifths>
          <mode>major</mode>
        </key>
        <time>
          <beats>3</beats>
          <beat-type>4</beat-type>
        </time>
        <clef>
          <sign>C</sign>
          <line>1</line>
        </clef>
        <measure-style>
          <multiple-rest>14</multiple-rest>
        </measure-style>
      </attributes>
      <sound tempo="120"/>
      <note print-object="no">
        <rest/>
        <duration>18</duration>
        <voice>1</voice>
      </note>
    </measure>
    <!--=======================================================-->
    <measure number="2" width="0">
      <note print-object="no">
        <rest/>
        <duration>18</duration>
        <voice>1</voice>
      </note>
    </measure>
    <!--=======================================================-->
    <measure number="3" width="0">
      <note print-object="no">
        <rest/>
        <duration>18</duration>
        <voice>1</voice>
      </note>
    </measure>
    <!--=======================================================-->
    <measure number="4" width="0">
      <note print-object="no">
        <rest/>
        <duration>18</duration>
        <voice>1</voice>
      </note>
    </measure>
    <!--=======================================================-->
    <measure number="5" width="0">
      <note print-object="no">
        <rest/>
        <duration>18</duration>
        <voice>1</voice>
      </note>
    </measure>
    <!--=======================================================-->
    <measure number="6" width="0">
      <note print-object="no">
        <rest/>
        <duration>18</duration>
        <voice>1</voice>
      </note>
    </measure>
    <!--=======================================================-->
    <measure number="7" width="0">
      <note print-object="no">
        <rest/>
        <duration>18</duration>
        <voice>1</voice>
      </note>
    </measure>
    <!--=======================================================-->
    <measure number="8" width="0">
      <note print-object="no">
        <rest/>
        <duration>18</duration>
        <voice>1</voice>
      </note>
    </measure>
    <!--=======================================================-->
    <measure number="9" width="0">
      <note print-object="no">
        <rest/>
        <duration>18</duration>
        <voice>1</voice>
      </note>
    </measure>
    <!--=======================================================-->
    <measure number="10" width="0">
      <note print-object="no">
        <rest/>
        <duration>18</duration>
        <voice>1</voice>
      </note>
    </measure>
    <!--=======================================================-->
    <measure number="11" width="0">
      <note print-object="no">
        <rest/>
        <duration>18</duration>
        <voice>1</voice>
      </note>
    </measure>
    <!--=======================================================-->
    <measure number="12" width="0">
      <note print-object="no">
        <rest/>
        <duration>18</duration>
        <voice>1</voice>
      </note>
    </measure>
    <!--=======================================================-->
    <measure number="13" width="0">
      <note print-object="no">
        <rest/>
        <duration>18</duration>
        <voice>1</voice>
      </note>
    </measure>
    <!--=======================================================-->
    <measure number="14" width="0">
      <note print-object="no">
        <rest/>
        <duration>18</duration>
        <voice>1</voice>
      </note>
    </measure>
    <!--=======================================================-->
    <measure number="15" width="122">
      <note default-x="23">
        <pitch>
          <step>C</step>
          <octave>5</octave>
        </pitch>
        <duration>18</duration>
        <voice>1</voice>
        <type>half</type>
        <dot/>
        <stem default-y="-40.5">down</stem>
        <lyric default-y="-93" number="1">
          <syllabic>begin</syllabic>
          <text>Gon</text>
        </lyric>
      </note>
    </measure>
    <!--=======================================================-->
    <measure number="16" width="115">
      <note default-x="17">
        <pitch>
          <step>G</step>
          <octave>4</octave>
        </pitch>
        <duration>18</duration>
        <voice>1</voice>
        <type>half</type>
        <dot/>
        <stem default-y="-55">down</stem>
        <lyric default-y="-93" number="1">
          <syllabic>end</syllabic>
          <text>fio</text>
        </lyric>
      </note>
    </measure>
    <!--=======================================================-->
    <measure number="17" width="113">
      <note default-x="15">
        <pitch>
          <step>E</step>
          <octave>4</octave>
        </pitch>
        <duration>18</duration>
        <voice>1</voice>
        <type>half</type>
        <dot/>
        <stem default-y="5">up</stem>
        <lyric default-y="-93" number="1">
          <syllabic>single</syllabic>
          <text>tu</text>
        </lyric>
      </note>
    </measure>
    <!--=======================================================-->
    <measure number="18" width="153">
      <note default-x="16">
        <pitch>
          <step>C</step>
          <octave>4</octave>
        </pitch>
        <duration>6</duration>
        <voice>1</voice>
        <type>quarter</type>
        <stem default-y="-4.5">up</stem>
        <lyric default-y="-93" number="1">
          <syllabic>begin</syllabic>
          <text>ve</text>
        </lyric>
      </note>
      <note default-x="62">
        <pitch>
          <step>E</step>
          <octave>4</octave>
        </pitch>
        <duration>6</duration>
        <voice>1</voice>
        <type>quarter</type>
        <stem default-y="5">up</stem>
      </note>
      <note default-x="107">
        <pitch>
          <step>G</step>
          <octave>4</octave>
        </pitch>
        <duration>6</duration>
        <voice>1</voice>
        <type>quarter</type>
        <stem default-y="-55">down</stem>
      </note>
    </measure>
    <!--=======================================================-->
    <measure number="19" width="204">
      <note default-x="14">
        <pitch>
          <step>A</step>
          <octave>4</octave>
        </pitch>
        <duration>6</duration>
        <voice>1</voice>
        <type>quarter</type>
        <stem default-y="-50">down</stem>
      </note>
      <note default-x="60">
        <pitch>
          <step>F</step>
          <octave>5</octave>
        </pitch>
        <duration>2</duration>
        <voice>1</voice>
        <type>eighth</type>
        <time-modification>
          <actual-notes>3</actual-notes>
          <normal-notes>2</normal-notes>
        </time-modification>
        <stem default-y="-30">down</stem>
        <beam number="1">begin</beam>
        <notations>
          <tuplet number="1" placement="above" type="start"/>
        </notations>
      </note>
      <note default-x="82">
        <pitch>
          <step>E</step>
          <octave>5</octave>
        </pitch>
        <duration>2</duration>
        <voice>1</voice>
        <type>eighth</type>
        <time-modification>
          <actual-notes>3</actual-notes>
          <normal-notes>2</normal-notes>
        </time-modification>
        <stem default-y="-31">down</stem>
        <beam number="1">continue</beam>
      </note>
      <note default-x="104">
        <pitch>
          <step>D</step>
          <octave>5</octave>
        </pitch>
        <duration>2</duration>
        <voice>1</voice>
        <type>eighth</type>
        <time-modification>
          <actual-notes>3</actual-notes>
          <normal-notes>2</normal-notes>
        </time-modification>
        <stem default-y="-32">down</stem>
        <beam number="1">end</beam>
        <notations>
          <tuplet number="1" type="stop"/>
        </notations>
      </note>
      <note default-x="125">
        <pitch>
          <step>C</step>
          <octave>5</octave>
        </pitch>
        <duration>2</duration>
        <voice>1</voice>
        <type>eighth</type>
        <time-modification>
          <actual-notes>3</actual-notes>
          <normal-notes>2</normal-notes>
        </time-modification>
        <stem default-y="-45">down</stem>
        <beam number="1">begin</beam>
        <notations>
          <tuplet number="1" placement="above" type="start"/>
        </notations>
      </note>
      <note default-x="155">
        <pitch>
          <step>B</step>
          <alter>-1</alter>
          <octave>4</octave>
        </pitch>
        <duration>2</duration>
        <voice>1</voice>
        <type>eighth</type>
        <accidental>flat</accidental>
        <time-modification>
          <actual-notes>3</actual-notes>
          <normal-notes>2</normal-notes>
        </time-modification>
        <stem default-y="-48">down</stem>
        <beam number="1">continue</beam>
        <lyric default-y="-93" number="1">
          <syllabic>end</syllabic>
          <text>di</text>
        </lyric>
      </note>
      <note default-x="180">
        <pitch>
          <step>A</step>
          <octave>4</octave>
        </pitch>
        <duration>2</duration>
        <voice>1</voice>
        <type>eighth</type>
        <time-modification>
          <actual-notes>3</actual-notes>
          <normal-notes>2</normal-notes>
        </time-modification>
        <stem default-y="-50">down</stem>
        <beam number="1">end</beam>
        <notations>
          <tuplet number="1" type="stop"/>
        </notations>
        <lyric default-y="-93" number="1">
          <syllabic>single</syllabic>
          <text>il</text>
        </lyric>
      </note>
    </measure>
    <!--=======================================================-->
    <measure number="20" width="154">
      <note default-x="17">
        <pitch>
          <step>A</step>
          <octave>4</octave>
        </pitch>
        <duration>6</duration>
        <voice>1</voice>
        <type>quarter</type>
        <stem default-y="-50">down</stem>
        <lyric default-y="-93" number="1">
          <syllabic>begin</syllabic>
          <text>fiu</text>
        </lyric>
      </note>
      <note default-x="63">
        <pitch>
          <step>G</step>
          <octave>4</octave>
        </pitch>
        <duration>6</duration>
        <voice>1</voice>
        <type>quarter</type>
        <stem default-y="-55">down</stem>
        <lyric default-y="-93" number="1">
          <syllabic>end</syllabic>
          <text>me</text>
        </lyric>
      </note>
      <forward>
        <duration>6</duration>
        <voice>1</voice>
      </forward>
    </measure>
  </part>
  <!--=========================================================-->
</score-partwise>
