{"ref": "D47128_0_0_1", "title": "[Orfeo ed Euridice. Mi b\u00e9mol majeur. W 30. Acte 3, sc\u00e8ne 1. Che far\u00f2 senza Euridice]", "composer": "Gluck, Christoph Willibald von", "lyricist": "", "corpus": "rism", "meta_fields": [], "sources": [], "files": {"score.xml": {"url": "http://neuma.huma-num.fr/media/corpora/rism/D47128_0_0_1/score.xml"}, "mei.xml": {"url": "http://neuma.huma-num.fr/media/corpora/rism/D47128_0_0_1/mei.xml"}, "summary.json": {"url": "http://neuma.huma-num.fr/media/corpora/rism/D47128_0_0_1/summary.json"}}}