{"ref": "D47132_0_0_1", "title": "[Demofoonte. W 3. Acte 2. Felice et\u00e0 del oro. R\u00e9 majeur]  ", "composer": "Gluck, Christoph Willibald von", "lyricist": "", "corpus": "rism", "meta_fields": [], "sources": [], "files": {"score.xml": {"url": "http://neuma.huma-num.fr/media/corpora/rism/D47132_0_0_1/score.xml"}, "mei.xml": {"url": "http://neuma.huma-num.fr/media/corpora/rism/D47132_0_0_1/mei.xml"}, "summary.json": {"url": "http://neuma.huma-num.fr/media/corpora/rism/D47132_0_0_1/summary.json"}}}