{"ref": "D47121_0_0_1", "title": "[Arsace. Acte 1, sc\u00e8ne 8. Bench\u00e8 copra al sole il volto. Si b\u00e9mol majeur]", "composer": "Gluck, Christoph Willibald von", "lyricist": "", "corpus": "rism", "meta_fields": [], "sources": [], "files": {"score.xml": {"url": "http://neuma.huma-num.fr/media/corpora/rism/D47121_0_0_1/score.xml"}, "mei.xml": {"url": "http://neuma.huma-num.fr/media/corpora/rism/D47121_0_0_1/mei.xml"}, "summary.json": {"url": "http://neuma.huma-num.fr/media/corpora/rism/D47121_0_0_1/summary.json"}}}