{"ref": "D47133_0_0_1", "title": "[Demofoonte. W 3. Acte 2, sc\u00e8ne derni\u00e8re. La destra ti chiedo. Fa majeur]", "composer": "Gluck, Christoph Willibald von", "lyricist": "", "corpus": "rism", "meta_fields": [], "sources": [], "files": {"score.xml": {"url": "http://neuma.huma-num.fr/media/corpora/rism/D47133_0_0_1/score.xml"}, "mei.xml": {"url": "http://neuma.huma-num.fr/media/corpora/rism/D47133_0_0_1/mei.xml"}, "summary.json": {"url": "http://neuma.huma-num.fr/media/corpora/rism/D47133_0_0_1/summary.json"}}}