{"ref": "D47126_0_0_1", "title": "[L'Innocenza giustificata. W 20. Acte 1, sc\u00e8ne 3. Guarda pria se in questa fronte. Si b\u00e9]", "composer": "Gluck, Christoph Willibald von", "lyricist": "", "corpus": "rism", "meta_fields": [], "sources": [], "files": {"score.xml": {"url": "http://neuma.huma-num.fr/media/corpora/rism/D47126_0_0_1/score.xml"}, "mei.xml": {"url": "http://neuma.huma-num.fr/media/corpora/rism/D47126_0_0_1/mei.xml"}, "summary.json": {"url": "http://neuma.huma-num.fr/media/corpora/rism/D47126_0_0_1/summary.json"}}}