{"ref": "D47124_0_0_1", "title": "[Arsace. Acte 1, sc\u00e8ne 4. Si, cadr\u00e0 con grave scempio. La majeur]", "composer": "Gluck, Christoph Willibald von", "lyricist": "", "corpus": "rism", "meta_fields": [], "sources": [], "files": {"score.xml": {"url": "http://neuma.huma-num.fr/media/corpora/rism/D47124_0_0_1/score.xml"}, "mei.xml": {"url": "http://neuma.huma-num.fr/media/corpora/rism/D47124_0_0_1/mei.xml"}, "summary.json": {"url": "http://neuma.huma-num.fr/media/corpora/rism/D47124_0_0_1/summary.json"}}}