{"ref": "D47129_0_0_1", "title": "Aria C:Solo // Con Traversi\u00e8re Obligato // Del Sig. Cristofaro Gluck [Musique manuscrite]", "composer": "Gluck, Christoph Willibald von", "lyricist": "", "corpus": "rism", "meta_fields": [], "sources": [], "files": {"score.xml": {"url": "http://neuma.huma-num.fr/media/corpora/rism/D47129_0_0_1/score.xml"}, "mei.xml": {"url": "http://neuma.huma-num.fr/media/corpora/rism/D47129_0_0_1/mei.xml"}, "summary.json": {"url": "http://neuma.huma-num.fr/media/corpora/rism/D47129_0_0_1/summary.json"}}}