{"ref": "D471423_0_0_1", "title": "[Ipermestra. W 7. Acte 2, sc\u00e8ne 5. Gonfio tu vedi il fiume. Do majeur]", "composer": "Gluck, Christoph Willibald von", "lyricist": "", "corpus": "rism", "meta_fields": [], "sources": [], "files": {"score.xml": {"url": "http://neuma.huma-num.fr/media/corpora/rism/D471423_0_0_1/score.xml"}, "mei.xml": {"url": "http://neuma.huma-num.fr/media/corpora/rism/D471423_0_0_1/mei.xml"}, "summary.json": {"url": "http://neuma.huma-num.fr/media/corpora/rism/D471423_0_0_1/summary.json"}}}