{"ref": "D47144_0_0_1", "title": "[Demofoonte. W 3. Acte 1, sc\u00e8ne 1. O pi\u00f9 tremar non voglio. Fa majeur]", "composer": "Gluck, Christoph Willibald von", "lyricist": "", "corpus": "rism", "meta_fields": [], "sources": [], "files": {"score.xml": {"url": "http://neuma.huma-num.fr/media/corpora/rism/D47144_0_0_1/score.xml"}, "mei.xml": {"url": "http://neuma.huma-num.fr/media/corpora/rism/D47144_0_0_1/mei.xml"}, "summary.json": {"url": "http://neuma.huma-num.fr/media/corpora/rism/D47144_0_0_1/summary.json"}}}