{"ref": "D55622_0_0_2", "title": "[La fedelt\u00e0 premiata. Hob XXVIII 10. No 21. Ah come il core mi palpita nel seno]. Aria", "composer": "Haydn, Joseph", "lyricist": "", "corpus": "rism", "meta_fields": [], "sources": [], "files": {"score.xml": {"url": "http://neuma.huma-num.fr/media/corpora/rism/D55622_0_0_2/score.xml"}, "mei.xml": {"url": "http://neuma.huma-num.fr/media/corpora/rism/D55622_0_0_2/mei.xml"}, "summary.json": {"url": "http://neuma.huma-num.fr/media/corpora/rism/D55622_0_0_2/summary.json"}}}