<?xml version="1.0" encoding="UTF-8"?>
<!DOCTYPE score-partwise PUBLIC "-//Recordare//DTD MusicXML 2.0 Partwise//EN"
                                "http://www.musicxml.org/dtds/partwise.dtd">
<score-partwise version="2.0">
  <movement-title>[La fedeltà premiata. Hob XXVIII 10. No 21. Ah come il core mi palpita nel seno]. Aria</movement-title>
  <identification>
    <creator type="composer">Haydn, Joseph</creator>
    <encoding>
      <software>Finale 2010 for Windows</software>
      <software>Dolet Light for Finale 2010</software>
      <encoding-date>2011-09-20</encoding-date>
      <supports attribute="new-system" element="print" type="yes" value="yes"/>
      <supports attribute="new-page" element="print" type="yes" value="yes"/>
    </encoding>
  </identification>
  <defaults>
    <scaling>
      <millimeters>7.2319</millimeters>
      <tenths>40</tenths>
    </scaling>
    <page-layout>
      <page-height>1545</page-height>
      <page-width>1194</page-width>
      <page-margins type="both">
        <left-margin>70</left-margin>
        <right-margin>70</right-margin>
        <top-margin>87</top-margin>
        <bottom-margin>88</bottom-margin>
      </page-margins>
    </page-layout>
    <system-layout>
      <system-margins>
        <left-margin>70</left-margin>
        <right-margin>0</right-margin>
      </system-margins>
      <system-distance>274</system-distance>
      <top-system-distance>211</top-system-distance>
    </system-layout>
    <appearance>
      <line-width type="stem">0.7487</line-width>
      <line-width type="beam">5</line-width>
      <line-width type="staff">0.7487</line-width>
      <line-width type="light barline">0.7487</line-width>
      <line-width type="heavy barline">5</line-width>
      <line-width type="leger">0.7487</line-width>
      <line-width type="ending">1.4583</line-width>
      <line-width type="wedge">0.7487</line-width>
      <line-width type="enclosure">0.7487</line-width>
      <line-width type="tuplet bracket">0.7487</line-width>
      <note-size type="grace">60</note-size>
      <note-size type="cue">60</note-size>
    </appearance>
    <music-font font-family="Maestro" font-size="20.5"/>
    <word-font font-family="Times New Roman" font-size="10.25"/>
    <lyric-font font-family="Times New Roman" font-size="10.25" name="verse"/>
  </defaults>
  <credit page="1">
    <credit-words default-x="198" default-y="1415" font-size="12" font-weight="bold" halign="center" valign="top">NNB 41358354
D-5562-(2)_0_0_2</credit-words>
  </credit>
  <credit page="1">
    <credit-words default-x="1125" default-y="1366" font-size="12" font-weight="bold" justify="right" valign="top">Haydn, Joseph
[La fedeltà premiata. Hob XXVIII 10. No 21. Ah come il core mi palpita nel seno]
Aria                                   </credit-words>
  </credit>
  <credit page="1">
    <credit-words default-x="64" default-y="1248" font-size="12" valign="top">Soprano</credit-words>
  </credit>
  <part-list>
    <score-part id="P1">
      <part-name print-object="no">MusicXML Part</part-name>
      <score-instrument id="P1-I38">
        <instrument-name>Soprano</instrument-name>
      </score-instrument>
      <midi-instrument id="P1-I38">
        <midi-channel>1</midi-channel>
        <midi-program>1</midi-program>
        <volume>80</volume>
        <pan>0</pan>
      </midi-instrument>
    </score-part>
  </part-list>
  <!--=========================================================-->
  <part id="P1">
    <measure number="1" width="208">
      <print>
        <system-layout>
          <system-margins>
            <left-margin>126</left-margin>
            <right-margin>0</right-margin>
          </system-margins>
        </system-layout>
      </print>
      <attributes>
        <divisions>4</divisions>
        <key>
          <fifths>0</fifths>
          <mode>major</mode>
        </key>
        <time symbol="cut">
          <beats>2</beats>
          <beat-type>2</beat-type>
        </time>
        <clef>
          <sign>C</sign>
          <line>1</line>
        </clef>
        <measure-style>
          <multiple-rest>2</multiple-rest>
        </measure-style>
      </attributes>
      <sound tempo="120"/>
      <direction directive="yes" placement="above">
        <direction-type>
          <words default-y="30" font-size="12" font-weight="bold" relative-x="-35">Adagio</words>
        </direction-type>
      </direction>
      <note print-object="no">
        <rest/>
        <duration>16</duration>
        <voice>1</voice>
      </note>
    </measure>
    <!--=======================================================-->
    <measure number="2" width="0">
      <note print-object="no">
        <rest/>
        <duration>16</duration>
        <voice>1</voice>
      </note>
    </measure>
    <!--=======================================================-->
    <measure number="3" width="105">
      <note default-x="21">
        <pitch>
          <step>A</step>
          <octave>4</octave>
        </pitch>
        <duration>16</duration>
        <voice>1</voice>
        <type>whole</type>
        <notations>
          <slur number="1" placement="above" type="start"/>
        </notations>
        <lyric default-y="-93" number="1">
          <syllabic>begin</syllabic>
          <text>Om</text>
        </lyric>
      </note>
    </measure>
    <!--=======================================================-->
    <measure number="4" width="235">
      <note default-x="13">
        <pitch>
          <step>A</step>
          <octave>4</octave>
        </pitch>
        <duration>2</duration>
        <voice>1</voice>
        <type>eighth</type>
        <stem default-y="-55">down</stem>
        <beam number="1">begin</beam>
        <notations>
          <slur number="1" type="stop"/>
        </notations>
      </note>
      <note default-x="30">
        <pitch>
          <step>F</step>
          <octave>4</octave>
        </pitch>
        <duration>2</duration>
        <voice>1</voice>
        <type>eighth</type>
        <stem default-y="-60">down</stem>
        <beam number="1">end</beam>
      </note>
      <note default-x="53">
        <pitch>
          <step>D</step>
          <octave>4</octave>
        </pitch>
        <duration>2</duration>
        <voice>1</voice>
        <type>eighth</type>
        <stem default-y="0.5">up</stem>
        <lyric default-y="-93" number="1">
          <syllabic>end</syllabic>
          <text>bra</text>
        </lyric>
      </note>
      <note default-x="86">
        <pitch>
          <step>F</step>
          <octave>4</octave>
        </pitch>
        <duration>2</duration>
        <voice>1</voice>
        <type>eighth</type>
        <stem default-y="11">up</stem>
        <lyric default-y="-93" number="1">
          <syllabic>single</syllabic>
          <text>del</text>
        </lyric>
      </note>
      <note default-x="115">
        <pitch>
          <step>E</step>
          <octave>4</octave>
        </pitch>
        <duration>3</duration>
        <voice>1</voice>
        <type>eighth</type>
        <dot/>
        <stem default-y="5">up</stem>
        <beam number="1">begin</beam>
        <lyric default-y="-93" number="1">
          <syllabic>begin</syllabic>
          <text>ca</text>
        </lyric>
      </note>
      <note default-x="140">
        <pitch>
          <step>F</step>
          <octave>4</octave>
        </pitch>
        <duration>1</duration>
        <voice>1</voice>
        <type>16th</type>
        <stem default-y="10">up</stem>
        <beam number="1">end</beam>
        <beam number="2">backward hook</beam>
      </note>
      <note default-x="156">
        <grace/>
        <pitch>
          <step>A</step>
          <octave>4</octave>
        </pitch>
        <voice>1</voice>
        <type>eighth</type>
        <stem default-y="6">up</stem>
      </note>
      <note default-x="175">
        <pitch>
          <step>G</step>
          <octave>4</octave>
        </pitch>
        <duration>2</duration>
        <voice>1</voice>
        <type>eighth</type>
        <stem default-y="-55">down</stem>
      </note>
      <note default-x="193">
        <pitch>
          <step>F</step>
          <octave>4</octave>
        </pitch>
        <duration>1</duration>
        <voice>1</voice>
        <type>16th</type>
        <stem default-y="10">up</stem>
        <beam number="1">begin</beam>
        <beam number="2">begin</beam>
        <notations>
          <slur number="1" placement="below" type="start"/>
        </notations>
        <lyric default-y="-93" number="1">
          <syllabic>end</syllabic>
          <text>ro</text>
          <extend/>
        </lyric>
      </note>
      <note default-x="217">
        <pitch>
          <step>E</step>
          <octave>4</octave>
        </pitch>
        <duration>1</duration>
        <voice>1</voice>
        <type>16th</type>
        <stem default-y="5">up</stem>
        <beam number="1">end</beam>
        <beam number="2">end</beam>
        <notations>
          <slur number="1" type="stop"/>
        </notations>
      </note>
    </measure>
    <!--=======================================================-->
    <measure number="5" width="206">
      <note default-x="16">
        <pitch>
          <step>A</step>
          <octave>4</octave>
        </pitch>
        <duration>2</duration>
        <voice>1</voice>
        <type>eighth</type>
        <stem default-y="-55">down</stem>
        <beam number="1">begin</beam>
        <lyric default-y="-93" number="1">
          <syllabic>begin</syllabic>
          <text>be</text>
        </lyric>
      </note>
      <note default-x="36">
        <pitch>
          <step>F</step>
          <octave>4</octave>
        </pitch>
        <duration>2</duration>
        <voice>1</voice>
        <type>eighth</type>
        <stem default-y="-60">down</stem>
        <beam number="1">end</beam>
      </note>
      <note default-x="56">
        <pitch>
          <step>D</step>
          <octave>4</octave>
        </pitch>
        <duration>2</duration>
        <voice>1</voice>
        <type>eighth</type>
        <stem default-y="0.5">up</stem>
        <lyric default-y="-93" number="1">
          <syllabic>end</syllabic>
          <text>ne</text>
        </lyric>
      </note>
      <note default-x="88">
        <pitch>
          <step>F</step>
          <octave>4</octave>
        </pitch>
        <duration>2</duration>
        <voice>1</voice>
        <type>eighth</type>
        <stem default-y="11">up</stem>
        <lyric default-y="-93" number="1">
          <syllabic>single</syllabic>
          <text>del</text>
        </lyric>
      </note>
      <note default-x="118">
        <pitch>
          <step>E</step>
          <octave>4</octave>
        </pitch>
        <duration>2</duration>
        <voice>1</voice>
        <type>eighth</type>
        <stem default-y="5">up</stem>
        <lyric default-y="-93" number="1">
          <syllabic>begin</syllabic>
          <text>ca</text>
        </lyric>
      </note>
      <note default-x="146">
        <pitch>
          <step>B</step>
          <octave>4</octave>
        </pitch>
        <duration>4</duration>
        <voice>1</voice>
        <type>quarter</type>
        <stem default-y="-45.5">down</stem>
        <lyric default-y="-93" number="1">
          <syllabic>end</syllabic>
          <text>ro</text>
          <extend/>
        </lyric>
      </note>
      <note default-x="170">
        <pitch>
          <step>A</step>
          <octave>4</octave>
        </pitch>
        <duration>1</duration>
        <voice>1</voice>
        <type>16th</type>
        <stem default-y="-50">down</stem>
        <beam number="1">begin</beam>
        <beam number="2">begin</beam>
      </note>
      <note default-x="188">
        <pitch>
          <step>G</step>
          <octave>4</octave>
        </pitch>
        <duration>1</duration>
        <voice>1</voice>
        <type>16th</type>
        <stem default-y="-55">down</stem>
        <beam number="1">end</beam>
        <beam number="2">end</beam>
      </note>
    </measure>
    <!--=======================================================-->
    <measure number="6" width="174">
      <note default-x="13">
        <grace/>
        <pitch>
          <step>G</step>
          <octave>4</octave>
        </pitch>
        <voice>1</voice>
        <type>16th</type>
        <stem default-y="1.5">up</stem>
      </note>
      <note default-x="35">
        <pitch>
          <step>F</step>
          <octave>4</octave>
        </pitch>
        <duration>2</duration>
        <voice>1</voice>
        <type>eighth</type>
        <stem default-y="10">up</stem>
        <beam number="1">begin</beam>
        <lyric default-y="-93" number="1">
          <syllabic>begin</syllabic>
          <text>be</text>
        </lyric>
      </note>
      <note default-x="55">
        <pitch>
          <step>E</step>
          <octave>4</octave>
        </pitch>
        <duration>1</duration>
        <voice>1</voice>
        <type>16th</type>
        <stem default-y="7">up</stem>
        <beam number="1">continue</beam>
        <beam number="2">begin</beam>
      </note>
      <note default-x="73">
        <pitch>
          <step>D</step>
          <octave>4</octave>
        </pitch>
        <duration>1</duration>
        <voice>1</voice>
        <type>16th</type>
        <stem default-y="5">up</stem>
        <beam number="1">end</beam>
        <beam number="2">end</beam>
      </note>
      <note default-x="94">
        <pitch>
          <step>D</step>
          <octave>4</octave>
        </pitch>
        <duration>4</duration>
        <voice>1</voice>
        <type>quarter</type>
        <stem default-y="0.5">up</stem>
        <lyric default-y="-93" number="1">
          <syllabic>end</syllabic>
          <text>ne</text>
        </lyric>
      </note>
      <note default-x="120">
        <rest/>
        <duration>8</duration>
        <voice>1</voice>
        <type>half</type>
      </note>
    </measure>
  </part>
  <!--=========================================================-->
</score-partwise>
