{
  "ref": "all:collabscore:royaumont:pelleas",
  "local_ref": "pelleas",
  "url": "http://localhost:8000/home/corpus/all:collabscore:royaumont:pelleas",
  "title": "Extraits Pelléas",
  "short_title": "Extraits Pelléas",
  "description": "Mise en correspondance de la partition piano-chant de Pelléas (...) et de l'enregistrement (...)",
  "short_description": "Mise en correspondance de la partition piano-chant de Pelléas (...) et de l'enregistrement (...)",
  "is_public": true,
  "copyright": "Tous droits réservés Royaumont",
  "supervisors": null,
  "organization": {
    "name": "Fondation Royaumont",
    "logo": {
      "id": "royaumont",
      "url": "https://deptfod.cnam.fr/ImageS/iiif/2/imgs%2Froyaumont",
      "url_default": "https://deptfod.cnam.fr/ImageS/iiif/2/imgs%2Froyaumont/full/max/0/default.png",
      "width": 1218,
      "height": 702
    },
    "homepage": "https://www.royaumont.com/"
  },
  "licence": {
    "code": "CC BY-SA",
    "name": "Attribution-NonCommercial-ShareAlike 4.0 International",
    "url": "http://creativecommons.org/licenses/by-nc-sa/4.0/",
    "notice": "<img alt=\"Creative Commons License\" style=\"border-width:0\" src=\"https://i.creativecommons.org/l/by-nc-sa/4.0/88x31.png\" />\n\t\t\t\t\n\t\t\t<br />This work is licensed under a Creative Commons Attribution-NonCommercial-ShareAlike 4.0 International License."
  },
  "thumbnail": {
    "id": "debussynadar",
    "url": "https://deptfod.cnam.fr/ImageS/iiif/2/imgs%2Fdebussynadar",
    "url_default": "https://deptfod.cnam.fr/ImageS/iiif/2/imgs%2Fdebussynadar/full/max/0/default.png",
    "width": 960,
    "height": 1342
  },
  "composer": {
    "first_name": "Claude",
    "last_name": "Debussy",
    "name_and_dates": "Claude  Debussy (1868, 1918)",
    "year_birth": 1868,
    "year_death": 1918,
    "dbpedia_uri": "https://dbpedia.org/page/Claude_Debussy"
  }
}