{
  "id": "http://localhost:8000/home/opus/all:collabscore:royaumont:pelleas:pelleas_2_1",
  "url": "http://localhost:8000/home/opus/all:collabscore:royaumont:pelleas:pelleas_2_1",
  "ref": "all:collabscore:royaumont:pelleas:pelleas_2_1",
  "local_ref": "pelleas_2_1",
  "collection_ref": "all:collabscore:royaumont:pelleas",
  "title": "Pelléas, Acte II, scène 1",
  "description": "Texte de description de l'œuvre",
  "composer": {
    "first_name": "Claude",
    "last_name": "Debussy",
    "name_and_dates": "Claude  Debussy (1868, 1918)",
    "year_birth": 1868,
    "year_death": 1918,
    "dbpedia_uri": "https://dbpedia.org/page/Claude_Debussy"
  },
  "metadata": [],
  "features": [],
  "sources": [
    {
      "id": "http://localhost:8000//home/opus/all:collabscore:royaumont:pelleas:pelleas_2_1/_source/musicxml",
      "ref": "musicxml",
      "description": "('MusicXML file updated on 2025-11-13',)",
      "source_type": "MusicXML",
      "mime_type": "application/xml",
      "url": "",
      "metadata": {},
      "copyright": null,
      "organization": null,
      "licence": null,
      "thumbnail": null,
      "file_path": "/media/sources/all-collabscore-royaumont-pelleas-pelleas_2_1/musicxml/musicxml.xml",
      "has_manifest": false,
      "has_iiif_manifest": false
    },
    {
      "id": "http://localhost:8000//home/opus/all:collabscore:royaumont:pelleas:pelleas_2_1/_source/mei",
      "ref": "mei",
      "description": "('MEI file updated on 2025-11-13',)",
      "source_type": "MEI",
      "mime_type": "application/xml",
      "url": "",
      "metadata": {},
      "copyright": null,
      "organization": null,
      "licence": null,
      "thumbnail": null,
      "file_path": "/media/sources/all-collabscore-royaumont-pelleas-pelleas_2_1/mei/mei.mei",
      "has_manifest": false,
      "has_iiif_manifest": false
    },
    {
      "id": "http://localhost:8000//home/opus/all:collabscore:royaumont:pelleas:pelleas_2_1/_source/midi",
      "ref": "midi",
      "description": "('MIDI file updated on 2025-11-13',)",
      "source_type": "MIDI",
      "mime_type": "audio/midi",
      "url": "",
      "metadata": {},
      "copyright": null,
      "organization": null,
      "licence": null,
      "thumbnail": null,
      "file_path": "/media/sources/all-collabscore-royaumont-pelleas-pelleas_2_1/midi/midi.midi",
      "has_manifest": false,
      "has_iiif_manifest": false
    },
    {
      "id": "http://localhost:8000//home/opus/all:collabscore:royaumont:pelleas:pelleas_2_1/_source/iiif",
      "ref": "iiif",
      "description": "Source IIIF bibliothèque Royaumont",
      "source_type": "JPEG",
      "mime_type": "image/jpeg",
      "url": null,
      "metadata": {
        "last_page_of_music": 18,
        "first_page_of_music": 1
      },
      "copyright": null,
      "organization": null,
      "licence": null,
      "thumbnail": null,
      "file_path": "/media/sources/all-collabscore-royaumont-pelleas-pelleas_2_1/iiif/iiif.json",
      "has_manifest": true,
      "has_iiif_manifest": true
    },
    {
      "id": "http://localhost:8000//home/opus/all:collabscore:royaumont:pelleas:pelleas_2_1/_source/audio",
      "ref": "audio",
      "description": "Source audio Royaumont",
      "source_type": "MP4",
      "mime_type": "video/mpeg",
      "url": "https://mediaserver.lecnam.net/downloads/file/v126b0e715b7fx9wxgc4/?url=media_1080_9iBked9mBA.mp4",
      "metadata": {
        "duration": 448
      },
      "copyright": null,
      "organization": null,
      "licence": null,
      "thumbnail": null,
      "file_path": "/media/sources/all-collabscore-royaumont-pelleas-pelleas_2_1/audio/audio.json",
      "has_manifest": true,
      "has_iiif_manifest": false
    },
    {
      "id": "http://localhost:8000//home/opus/all:collabscore:royaumont:pelleas:pelleas_2_1/_source/sync",
      "ref": "sync",
      "description": "Acte 2, scène 1",
      "source_type": "SYNC",
      "mime_type": "application/json",
      "url": null,
      "metadata": {},
      "copyright": null,
      "organization": null,
      "licence": null,
      "thumbnail": {
        "id": "videopelleas",
        "url": "https://deptfod.cnam.fr/ImageS/iiif/2/imgs%2Fvideopelleas",
        "url_default": "https://deptfod.cnam.fr/ImageS/iiif/2/imgs%2Fvideopelleas/full/max/0/default.png",
        "width": 3140,
        "height": 1758
      },
      "file_path": "/media/sources/all-collabscore-royaumont-pelleas-pelleas_2_1/sync/combined_manifest.json",
      "has_manifest": false,
      "has_iiif_manifest": false
    }
  ],
  "files": [
    {
      "name": "score.xml",
      "url": "http://localhost:8000//media/corpora/all/collabscore/royaumont/pelleas/pelleas_2_1/score.xml"
    },
    {
      "name": "mei.xml",
      "url": "http://localhost:8000//media/corpora/all/collabscore/royaumont/pelleas/pelleas_2_1/mei.xml"
    }
  ]
}