{"ref": "rism", "title": "R\u00e9pertoire International des Sources Musicales", "short_title": "RISM", "description": "<p>\r\n\t<span style=\"font-size: 12px;\"><em>Responsable </em>: Laurence Decobert</span></p>\r\n<p>\r\n\tCe corpus contient les incipit musicaux et les notices simplifi&eacute;es du Catalogue des manuscrits musicaux ant&eacute;rieurs &agrave; 1800 conserv&eacute;s au d&eacute;partement de la Musique de la Biblioth&egrave;que nationale de France. Depuis chaque incipit, un lien permet d&#39;acc&eacute;der directement &agrave; la notice compl&egrave;te du manuscrit dans le Catalogue g&eacute;n&eacute;ral de la BnF.</p>\r\n<p>\r\n\tLe corpus comprend actuellement les notices des manuscrits musicaux de Joseph Haydn, Michael Haydn, Christoph Willibald von Gluck et Fran&ccedil;ois-Joseph Gossec. Il va &ecirc;tre enrichi progressivement au cours des prochains mois. Pour une recherche pr&eacute;cise, utiliser le formulaire de recherche.</p>\r\n", "is_public": true, "short_description": "Incipit des manuscrits musicaux ant\u00e9rieurs \u00e0 1800 de la BnF", "licence_code": null, "copyright": null, "supervisors": null}