<?xml version="1.0" encoding="UTF-8"?>
<!DOCTYPE score-partwise PUBLIC "-//Recordare//DTD MusicXML 2.0 Partwise//EN"
                                "http://www.musicxml.org/dtds/partwise.dtd">
<score-partwise version="2.0">
  <movement-title>[Quatuors. Cordes. Hob III D3. Ré majeur]</movement-title>
  <identification>
    <creator type="composer">Haydn, Joseph</creator>
    <encoding>
      <software>Finale 2010 for Windows</software>
      <software>Dolet Light for Finale 2010</software>
      <encoding-date>2011-07-30</encoding-date>
      <supports attribute="new-system" element="print" type="yes" value="yes"/>
      <supports attribute="new-page" element="print" type="yes" value="yes"/>
    </encoding>
  </identification>
  <defaults>
    <scaling>
      <millimeters>7.2319</millimeters>
      <tenths>40</tenths>
    </scaling>
    <page-layout>
      <page-height>1545</page-height>
      <page-width>1194</page-width>
      <page-margins type="both">
        <left-margin>70</left-margin>
        <right-margin>70</right-margin>
        <top-margin>87</top-margin>
        <bottom-margin>88</bottom-margin>
      </page-margins>
    </page-layout>
    <system-layout>
      <system-margins>
        <left-margin>70</left-margin>
        <right-margin>0</right-margin>
      </system-margins>
      <system-distance>274</system-distance>
      <top-system-distance>211</top-system-distance>
    </system-layout>
    <appearance>
      <line-width type="stem">0.7487</line-width>
      <line-width type="beam">5</line-width>
      <line-width type="staff">0.7487</line-width>
      <line-width type="light barline">0.7487</line-width>
      <line-width type="heavy barline">5</line-width>
      <line-width type="leger">0.7487</line-width>
      <line-width type="ending">1.4583</line-width>
      <line-width type="wedge">0.7487</line-width>
      <line-width type="enclosure">0.7487</line-width>
      <line-width type="tuplet bracket">0.7487</line-width>
      <note-size type="grace">60</note-size>
      <note-size type="cue">60</note-size>
    </appearance>
    <music-font font-family="Maestro" font-size="20.5"/>
    <word-font font-family="Times New Roman" font-size="10.25"/>
    <lyric-font font-family="Times New Roman" font-size="10.25" name="verse"/>
  </defaults>
  <credit page="1">
    <credit-words default-x="196" default-y="1392" font-size="12" font-weight="bold" halign="center" valign="top">NNB 41307318
D-16309_0_0_1</credit-words>
  </credit>
  <credit page="1">
    <credit-words default-x="1133" default-y="1366" font-size="12" font-weight="bold" justify="right" valign="top" xml:lang="fr">Haydn, Joseph
[Quatuors. Cordes. Hob III D3. Ré majeur]  </credit-words>
  </credit>
  <credit page="1">
    <credit-words default-x="59" default-y="1238" font-size="12" valign="top">Violino Primo</credit-words>
  </credit>
  <part-list>
    <score-part id="P1">
      <part-name print-object="no">MusicXML Part</part-name>
      <score-instrument id="P1-I24">
        <instrument-name>Violino Primo</instrument-name>
      </score-instrument>
      <midi-instrument id="P1-I24">
        <midi-channel>1</midi-channel>
        <midi-program>41</midi-program>
        <volume>80</volume>
        <pan>0</pan>
      </midi-instrument>
    </score-part>
  </part-list>
  <!--=========================================================-->
  <part id="P1">
    <measure number="1" width="211">
      <print>
        <system-layout>
          <system-margins>
            <left-margin>140</left-margin>
            <right-margin>0</right-margin>
          </system-margins>
        </system-layout>
      </print>
      <attributes>
        <divisions>24</divisions>
        <key>
          <fifths>2</fifths>
          <mode>major</mode>
        </key>
        <time>
          <beats>2</beats>
          <beat-type>4</beat-type>
        </time>
        <clef>
          <sign>G</sign>
          <line>2</line>
        </clef>
      </attributes>
      <sound tempo="120"/>
      <direction directive="yes" placement="above">
        <direction-type>
          <words default-y="35" font-size="12" font-weight="bold" relative-x="-51">Adagio</words>
        </direction-type>
      </direction>
      <note default-x="120">
        <pitch>
          <step>A</step>
          <octave>4</octave>
        </pitch>
        <duration>24</duration>
        <voice>1</voice>
        <type>quarter</type>
        <stem default-y="11">up</stem>
      </note>
      <note default-x="165">
        <pitch>
          <step>B</step>
          <octave>4</octave>
        </pitch>
        <duration>24</duration>
        <voice>1</voice>
        <type>quarter</type>
        <stem default-y="-55">down</stem>
      </note>
    </measure>
    <!--=======================================================-->
    <measure number="2" width="143">
      <note default-x="17">
        <grace/>
        <pitch>
          <step>A</step>
          <octave>4</octave>
        </pitch>
        <voice>1</voice>
        <type>eighth</type>
        <stem default-y="-4">up</stem>
      </note>
      <note default-x="35">
        <pitch>
          <step>G</step>
          <octave>4</octave>
        </pitch>
        <duration>12</duration>
        <voice>1</voice>
        <type>eighth</type>
        <stem default-y="5">up</stem>
        <beam number="1">begin</beam>
      </note>
      <note default-x="62">
        <pitch>
          <step>F</step>
          <alter>1</alter>
          <octave>4</octave>
        </pitch>
        <duration>12</duration>
        <voice>1</voice>
        <type>eighth</type>
        <stem default-y="2.5">up</stem>
        <beam number="1">end</beam>
      </note>
      <note default-x="89">
        <rest/>
        <duration>12</duration>
        <voice>1</voice>
        <type>eighth</type>
      </note>
      <note default-x="115">
        <pitch>
          <step>D</step>
          <octave>5</octave>
        </pitch>
        <duration>12</duration>
        <voice>1</voice>
        <type>eighth</type>
        <stem default-y="-45.5">down</stem>
      </note>
    </measure>
    <!--=======================================================-->
    <measure number="3" width="148">
      <note default-x="13">
        <pitch>
          <step>E</step>
          <octave>4</octave>
        </pitch>
        <duration>12</duration>
        <voice>1</voice>
        <type>eighth</type>
        <stem default-y="5">up</stem>
        <beam number="1">begin</beam>
      </note>
      <note default-x="38">
        <pitch>
          <step>F</step>
          <alter>1</alter>
          <octave>4</octave>
        </pitch>
        <duration>4</duration>
        <voice>1</voice>
        <type>16th</type>
        <time-modification>
          <actual-notes>3</actual-notes>
          <normal-notes>2</normal-notes>
        </time-modification>
        <stem default-y="7">up</stem>
        <beam number="1">continue</beam>
        <beam number="2">begin</beam>
        <notations>
          <tuplet number="1" placement="above" type="start"/>
        </notations>
      </note>
      <note default-x="56">
        <pitch>
          <step>G</step>
          <octave>4</octave>
        </pitch>
        <duration>4</duration>
        <voice>1</voice>
        <type>16th</type>
        <time-modification>
          <actual-notes>3</actual-notes>
          <normal-notes>2</normal-notes>
        </time-modification>
        <stem default-y="9">up</stem>
        <beam number="1">continue</beam>
        <beam number="2">continue</beam>
      </note>
      <note default-x="74">
        <pitch>
          <step>A</step>
          <octave>4</octave>
        </pitch>
        <duration>4</duration>
        <voice>1</voice>
        <type>16th</type>
        <time-modification>
          <actual-notes>3</actual-notes>
          <normal-notes>2</normal-notes>
        </time-modification>
        <stem default-y="10">up</stem>
        <beam number="1">end</beam>
        <beam number="2">end</beam>
        <notations>
          <tuplet number="1" type="stop"/>
        </notations>
      </note>
      <note default-x="100">
        <grace/>
        <pitch>
          <step>A</step>
          <octave>4</octave>
        </pitch>
        <voice>1</voice>
        <type>eighth</type>
        <stem default-y="-4">up</stem>
      </note>
      <note default-x="113">
        <pitch>
          <step>G</step>
          <octave>4</octave>
        </pitch>
        <duration>24</duration>
        <voice>1</voice>
        <type>quarter</type>
        <stem default-y="5">up</stem>
      </note>
    </measure>
    <!--=======================================================-->
    <measure number="4" width="132">
      <note default-x="19">
        <grace/>
        <pitch>
          <step>G</step>
          <octave>4</octave>
        </pitch>
        <voice>1</voice>
        <type>eighth</type>
        <stem default-y="-9">up</stem>
      </note>
      <note default-x="35">
        <pitch>
          <step>F</step>
          <alter>1</alter>
          <octave>4</octave>
        </pitch>
        <duration>24</duration>
        <voice>1</voice>
        <type>quarter</type>
        <stem default-y="0.5">up</stem>
      </note>
      <note default-x="74">
        <rest/>
        <duration>12</duration>
        <voice>1</voice>
        <type>eighth</type>
      </note>
      <note default-x="100">
        <pitch>
          <step>A</step>
          <octave>4</octave>
        </pitch>
        <duration>12</duration>
        <voice>1</voice>
        <type>eighth</type>
        <stem default-y="11">up</stem>
      </note>
    </measure>
    <!--=======================================================-->
    <measure number="5" width="144">
      <note default-x="13">
        <pitch>
          <step>A</step>
          <octave>4</octave>
        </pitch>
        <duration>12</duration>
        <voice>1</voice>
        <type>eighth</type>
        <stem default-y="17.5">up</stem>
        <beam number="1">begin</beam>
      </note>
      <note default-x="33">
        <pitch>
          <step>F</step>
          <alter>1</alter>
          <octave>4</octave>
        </pitch>
        <duration>9</duration>
        <voice>1</voice>
        <type>16th</type>
        <dot/>
        <stem default-y="17.5">up</stem>
        <beam number="1">continue</beam>
        <beam number="2">begin</beam>
      </note>
      <note default-x="61">
        <pitch>
          <step>A</step>
          <octave>4</octave>
        </pitch>
        <duration>3</duration>
        <voice>1</voice>
        <type>32nd</type>
        <stem default-y="17.5">up</stem>
        <beam number="1">end</beam>
        <beam number="2">end</beam>
        <beam number="3">backward hook</beam>
      </note>
      <note default-x="78">
        <pitch>
          <step>A</step>
          <octave>4</octave>
        </pitch>
        <duration>12</duration>
        <voice>1</voice>
        <type>eighth</type>
        <stem default-y="17.5">up</stem>
        <beam number="1">begin</beam>
      </note>
      <note default-x="98">
        <pitch>
          <step>E</step>
          <octave>4</octave>
        </pitch>
        <duration>9</duration>
        <voice>1</voice>
        <type>16th</type>
        <dot/>
        <stem default-y="17.5">up</stem>
        <beam number="1">continue</beam>
        <beam number="2">begin</beam>
      </note>
      <note default-x="125">
        <pitch>
          <step>A</step>
          <octave>4</octave>
        </pitch>
        <duration>3</duration>
        <voice>1</voice>
        <type>32nd</type>
        <stem default-y="17.5">up</stem>
        <beam number="1">end</beam>
        <beam number="2">end</beam>
        <beam number="3">backward hook</beam>
      </note>
    </measure>
    <!--=======================================================-->
    <measure number="6" width="136">
      <note default-x="14">
        <pitch>
          <step>A</step>
          <octave>4</octave>
        </pitch>
        <duration>6</duration>
        <voice>1</voice>
        <type>16th</type>
        <stem default-y="20">up</stem>
        <beam number="1">begin</beam>
        <beam number="2">begin</beam>
      </note>
      <note default-x="44">
        <pitch>
          <step>G</step>
          <alter>1</alter>
          <octave>4</octave>
        </pitch>
        <duration>6</duration>
        <voice>1</voice>
        <type>16th</type>
        <accidental>sharp</accidental>
        <stem default-y="22.5">up</stem>
        <beam number="1">continue</beam>
        <beam number="2">continue</beam>
      </note>
      <note default-x="63">
        <pitch>
          <step>G</step>
          <alter>1</alter>
          <octave>4</octave>
        </pitch>
        <duration>6</duration>
        <voice>1</voice>
        <type>16th</type>
        <stem default-y="24">up</stem>
        <beam number="1">continue</beam>
        <beam number="2">continue</beam>
      </note>
      <note default-x="83">
        <pitch>
          <step>D</step>
          <octave>5</octave>
        </pitch>
        <duration>6</duration>
        <voice>1</voice>
        <type>16th</type>
        <stem default-y="25">up</stem>
        <beam number="1">end</beam>
        <beam number="2">end</beam>
      </note>
      <note default-x="103">
        <pitch>
          <step>D</step>
          <octave>5</octave>
        </pitch>
        <duration>24</duration>
        <voice>1</voice>
        <type>quarter</type>
        <stem default-y="-45.5">down</stem>
      </note>
    </measure>
  </part>
  <!--=========================================================-->
</score-partwise>
