<?xml version="1.0" encoding="UTF-8"?>
<!DOCTYPE score-partwise PUBLIC "-//Recordare//DTD MusicXML 2.0 Partwise//EN"
                                "http://www.musicxml.org/dtds/partwise.dtd">
<score-partwise version="2.0">
  <movement-title>[La clemenza di Tito]</movement-title>
  <identification>
    <creator type="composer">Gluck, Christoph Willibald von</creator>
    <encoding>
      <software>Finale 2010 for Windows</software>
      <software>Dolet Light for Finale 2010</software>
      <encoding-date>2011-12-09</encoding-date>
      <supports attribute="new-system" element="print" type="yes" value="yes"/>
      <supports attribute="new-page" element="print" type="yes" value="yes"/>
    </encoding>
  </identification>
  <defaults>
    <scaling>
      <millimeters>7.2319</millimeters>
      <tenths>40</tenths>
    </scaling>
    <page-layout>
      <page-height>1545</page-height>
      <page-width>1194</page-width>
      <page-margins type="both">
        <left-margin>6</left-margin>
        <right-margin>70</right-margin>
        <top-margin>87</top-margin>
        <bottom-margin>88</bottom-margin>
      </page-margins>
    </page-layout>
    <system-layout>
      <system-margins>
        <left-margin>70</left-margin>
        <right-margin>0</right-margin>
      </system-margins>
      <system-distance>274</system-distance>
      <top-system-distance>211</top-system-distance>
    </system-layout>
    <appearance>
      <line-width type="stem">0.7487</line-width>
      <line-width type="beam">5</line-width>
      <line-width type="staff">0.7487</line-width>
      <line-width type="light barline">0.7487</line-width>
      <line-width type="heavy barline">5</line-width>
      <line-width type="leger">0.7487</line-width>
      <line-width type="ending">1.4583</line-width>
      <line-width type="wedge">0.7487</line-width>
      <line-width type="enclosure">0.7487</line-width>
      <line-width type="tuplet bracket">0.7487</line-width>
      <note-size type="grace">60</note-size>
      <note-size type="cue">60</note-size>
    </appearance>
    <music-font font-family="Maestro" font-size="20.5"/>
    <word-font font-family="Times New Roman" font-size="10.25"/>
    <lyric-font font-family="Times New Roman" font-size="10.25" name="verse"/>
  </defaults>
  <credit page="1">
    <credit-words default-x="162" default-y="1414" font-size="12" font-weight="bold" halign="center" valign="top">NNB 39758621
D-4688-4689_0_0_1</credit-words>
  </credit>
  <credit page="1">
    <credit-words default-x="1124" default-y="1369" font-size="12" font-weight="bold" justify="right" valign="top">Gluck, Christoph Willibald von
[La clemenza di Tito]</credit-words>
  </credit>
  <credit page="1">
    <credit-words default-x="16" default-y="1241" font-size="12" valign="top">Violini</credit-words>
  </credit>
  <part-list>
    <score-part id="P1">
      <part-name print-object="no">MusicXML Part</part-name>
      <score-instrument id="P1-I21">
        <instrument-name>Violini</instrument-name>
      </score-instrument>
      <midi-instrument id="P1-I21">
        <midi-channel>1</midi-channel>
        <midi-program>41</midi-program>
        <volume>80</volume>
        <pan>0</pan>
      </midi-instrument>
    </score-part>
  </part-list>
  <!--=========================================================-->
  <part id="P1">
    <measure number="1" width="337">
      <print>
        <system-layout>
          <system-margins>
            <left-margin>91</left-margin>
            <right-margin>0</right-margin>
          </system-margins>
        </system-layout>
      </print>
      <attributes>
        <divisions>8</divisions>
        <key>
          <fifths>2</fifths>
          <mode>major</mode>
        </key>
        <time symbol="common">
          <beats>4</beats>
          <beat-type>4</beat-type>
        </time>
        <clef>
          <sign>G</sign>
          <line>2</line>
        </clef>
      </attributes>
      <sound tempo="120"/>
      <note default-x="120">
        <pitch>
          <step>D</step>
          <octave>5</octave>
        </pitch>
        <duration>16</duration>
        <voice>1</voice>
        <type>half</type>
        <stem default-y="-45.5">down</stem>
      </note>
      <note default-x="228">
        <pitch>
          <step>A</step>
          <octave>5</octave>
        </pitch>
        <duration>16</duration>
        <voice>1</voice>
        <type>half</type>
        <stem default-y="-25.5">down</stem>
      </note>
    </measure>
    <!--=======================================================-->
    <measure number="2" width="235">
      <note default-x="17">
        <pitch>
          <step>A</step>
          <octave>5</octave>
        </pitch>
        <duration>16</duration>
        <voice>1</voice>
        <type>half</type>
        <stem default-y="-25.5">down</stem>
      </note>
      <note default-x="125">
        <pitch>
          <step>A</step>
          <octave>5</octave>
        </pitch>
        <duration>16</duration>
        <voice>1</voice>
        <type>half</type>
        <stem default-y="-25.5">down</stem>
      </note>
    </measure>
    <!--=======================================================-->
    <measure number="3" width="455">
      <note default-x="13">
        <grace/>
        <pitch>
          <step>G</step>
          <octave>5</octave>
        </pitch>
        <voice>1</voice>
        <type>16th</type>
        <stem default-y="26">up</stem>
      </note>
      <note default-x="33">
        <pitch>
          <step>F</step>
          <alter>1</alter>
          <octave>5</octave>
        </pitch>
        <duration>4</duration>
        <voice>1</voice>
        <type>eighth</type>
        <stem default-y="-40">down</stem>
        <beam number="1">begin</beam>
      </note>
      <note default-x="84">
        <pitch>
          <step>E</step>
          <octave>5</octave>
        </pitch>
        <duration>2</duration>
        <voice>1</voice>
        <type>16th</type>
        <stem default-y="-40">down</stem>
        <beam number="1">continue</beam>
        <beam number="2">begin</beam>
      </note>
      <note default-x="116">
        <pitch>
          <step>F</step>
          <alter>1</alter>
          <octave>5</octave>
        </pitch>
        <duration>2</duration>
        <voice>1</voice>
        <type>16th</type>
        <stem default-y="-40">down</stem>
        <beam number="1">end</beam>
        <beam number="2">end</beam>
      </note>
      <note default-x="147">
        <pitch>
          <step>A</step>
          <octave>5</octave>
        </pitch>
        <duration>6</duration>
        <voice>1</voice>
        <type>eighth</type>
        <dot/>
        <stem default-y="-40">down</stem>
        <beam number="1">begin</beam>
      </note>
      <note default-x="215">
        <pitch>
          <step>D</step>
          <octave>5</octave>
        </pitch>
        <duration>2</duration>
        <voice>1</voice>
        <type>16th</type>
        <stem default-y="-42.5">down</stem>
        <beam number="1">end</beam>
        <beam number="2">backward hook</beam>
      </note>
      <note default-x="247">
        <pitch>
          <step>C</step>
          <alter>1</alter>
          <octave>5</octave>
        </pitch>
        <duration>6</duration>
        <voice>1</voice>
        <type>eighth</type>
        <dot/>
        <stem default-y="-62.5">down</stem>
        <beam number="1">begin</beam>
      </note>
      <note default-x="315">
        <pitch>
          <step>B</step>
          <octave>4</octave>
        </pitch>
        <duration>1</duration>
        <voice>1</voice>
        <type>32nd</type>
        <stem default-y="-62.5">down</stem>
        <beam number="1">continue</beam>
        <beam number="2">begin</beam>
        <beam number="3">begin</beam>
      </note>
      <note default-x="335">
        <pitch>
          <step>C</step>
          <alter>1</alter>
          <octave>5</octave>
        </pitch>
        <duration>1</duration>
        <voice>1</voice>
        <type>32nd</type>
        <stem default-y="-62.5">down</stem>
        <beam number="1">end</beam>
        <beam number="2">end</beam>
        <beam number="3">end</beam>
      </note>
      <note default-x="355">
        <pitch>
          <step>E</step>
          <octave>5</octave>
        </pitch>
        <duration>6</duration>
        <voice>1</voice>
        <type>eighth</type>
        <dot/>
        <stem default-y="-60">down</stem>
        <beam number="1">begin</beam>
      </note>
      <note default-x="423">
        <pitch>
          <step>G</step>
          <octave>4</octave>
        </pitch>
        <duration>2</duration>
        <voice>1</voice>
        <type>16th</type>
        <stem default-y="-65">down</stem>
        <beam number="1">end</beam>
        <beam number="2">backward hook</beam>
      </note>
    </measure>
  </part>
  <!--=========================================================-->
</score-partwise>
