<?xml version="1.0" encoding="UTF-8"?>
<!DOCTYPE score-partwise PUBLIC "-//Recordare//DTD MusicXML 2.0 Partwise//EN"
                                "http://www.musicxml.org/dtds/partwise.dtd">
<score-partwise version="2.0">
  <movement-title>[Gloria et honore. MH 526]</movement-title>
  <identification>
    <creator type="composer">Haydn, Michael</creator>
    <encoding>
      <software>Finale 2010 for Windows</software>
      <software>Dolet Light for Finale 2010</software>
      <encoding-date>2011-09-24</encoding-date>
      <supports attribute="new-system" element="print" type="yes" value="yes"/>
      <supports attribute="new-page" element="print" type="yes" value="yes"/>
    </encoding>
  </identification>
  <defaults>
    <scaling>
      <millimeters>7.2319</millimeters>
      <tenths>40</tenths>
    </scaling>
    <page-layout>
      <page-height>1545</page-height>
      <page-width>1194</page-width>
      <page-margins type="both">
        <left-margin>70</left-margin>
        <right-margin>70</right-margin>
        <top-margin>87</top-margin>
        <bottom-margin>88</bottom-margin>
      </page-margins>
    </page-layout>
    <system-layout>
      <system-margins>
        <left-margin>70</left-margin>
        <right-margin>0</right-margin>
      </system-margins>
      <system-distance>274</system-distance>
      <top-system-distance>211</top-system-distance>
    </system-layout>
    <appearance>
      <line-width type="stem">0.7487</line-width>
      <line-width type="beam">5</line-width>
      <line-width type="staff">0.7487</line-width>
      <line-width type="light barline">0.7487</line-width>
      <line-width type="heavy barline">5</line-width>
      <line-width type="leger">0.7487</line-width>
      <line-width type="ending">1.4583</line-width>
      <line-width type="wedge">0.7487</line-width>
      <line-width type="enclosure">0.7487</line-width>
      <line-width type="tuplet bracket">0.7487</line-width>
      <note-size type="grace">60</note-size>
      <note-size type="cue">60</note-size>
    </appearance>
    <music-font font-family="Maestro" font-size="20.5"/>
    <word-font font-family="Times New Roman" font-size="10.25"/>
    <lyric-font font-family="Times New Roman" font-size="10.25" name="verse"/>
  </defaults>
  <credit page="1">
    <credit-words default-x="198" default-y="1415" font-size="12" font-weight="bold" halign="center" valign="top">NNB 40921750
D-5589_4_0_1</credit-words>
  </credit>
  <credit page="1">
    <credit-words default-x="1125" default-y="1369" font-size="12" font-weight="bold" justify="right" valign="top">Haydn, Michael
[Gloria et honore. MH 526]                                                  </credit-words>
  </credit>
  <credit page="1">
    <credit-words default-x="75" default-y="1238" font-size="12" valign="top">Sopran</credit-words>
  </credit>
  <part-list>
    <score-part id="P1">
      <part-name print-object="no">MusicXML Part</part-name>
      <score-instrument id="P1-I72">
        <instrument-name>Sopran</instrument-name>
      </score-instrument>
      <midi-instrument id="P1-I72">
        <midi-channel>1</midi-channel>
        <midi-program>1</midi-program>
        <volume>80</volume>
        <pan>0</pan>
      </midi-instrument>
    </score-part>
  </part-list>
  <!--=========================================================-->
  <part id="P1">
    <measure number="1" width="313">
      <print>
        <system-layout>
          <system-margins>
            <left-margin>129</left-margin>
            <right-margin>0</right-margin>
          </system-margins>
        </system-layout>
      </print>
      <attributes>
        <divisions>4</divisions>
        <key>
          <fifths>1</fifths>
          <mode>major</mode>
        </key>
        <time symbol="common">
          <beats>4</beats>
          <beat-type>4</beat-type>
        </time>
        <clef>
          <sign>C</sign>
          <line>1</line>
        </clef>
      </attributes>
      <sound tempo="120"/>
      <direction directive="yes" placement="above">
        <direction-type>
          <words default-y="30" font-size="12" font-weight="bold" relative-x="-61">Andante</words>
        </direction-type>
      </direction>
      <note default-x="117">
        <pitch>
          <step>D</step>
          <octave>5</octave>
        </pitch>
        <duration>3</duration>
        <voice>1</voice>
        <type>eighth</type>
        <dot/>
        <stem default-y="-35">down</stem>
        <lyric default-y="-93" number="1">
          <syllabic>begin</syllabic>
          <text>Glo</text>
        </lyric>
      </note>
      <note default-x="153">
        <pitch>
          <step>G</step>
          <octave>4</octave>
        </pitch>
        <duration>1</duration>
        <voice>1</voice>
        <type>16th</type>
        <stem default-y="-55">down</stem>
        <lyric default-y="-93" number="1">
          <syllabic>middle</syllabic>
          <text>ri</text>
        </lyric>
      </note>
      <note default-x="170">
        <pitch>
          <step>G</step>
          <octave>4</octave>
        </pitch>
        <duration>4</duration>
        <voice>1</voice>
        <type>quarter</type>
        <stem default-y="-55">down</stem>
        <lyric default-y="-93" number="1">
          <syllabic>end</syllabic>
          <text>a</text>
        </lyric>
      </note>
      <note default-x="214">
        <pitch>
          <step>F</step>
          <alter>1</alter>
          <octave>4</octave>
        </pitch>
        <duration>3</duration>
        <voice>1</voice>
        <type>eighth</type>
        <dot/>
        <stem default-y="11">up</stem>
        <lyric default-y="-93" number="1">
          <syllabic>begin</syllabic>
          <text>glo</text>
        </lyric>
      </note>
      <note default-x="251">
        <pitch>
          <step>C</step>
          <octave>5</octave>
        </pitch>
        <duration>1</duration>
        <voice>1</voice>
        <type>16th</type>
        <stem default-y="-40.5">down</stem>
        <lyric default-y="-93" number="1">
          <syllabic>middle</syllabic>
          <text>ri</text>
        </lyric>
      </note>
      <note default-x="268">
        <pitch>
          <step>C</step>
          <octave>5</octave>
        </pitch>
        <duration>4</duration>
        <voice>1</voice>
        <type>quarter</type>
        <stem default-y="-40.5">down</stem>
        <lyric default-y="-93" number="1">
          <syllabic>end</syllabic>
          <text>a</text>
        </lyric>
      </note>
    </measure>
    <!--=======================================================-->
    <measure number="2" width="201">
      <note default-x="14">
        <pitch>
          <step>B</step>
          <octave>4</octave>
        </pitch>
        <duration>2</duration>
        <voice>1</voice>
        <type>eighth</type>
        <stem default-y="-45.5">down</stem>
        <lyric default-y="-93" number="1">
          <syllabic>single</syllabic>
          <text>et</text>
        </lyric>
      </note>
      <note default-x="41">
        <pitch>
          <step>D</step>
          <octave>5</octave>
        </pitch>
        <duration>2</duration>
        <voice>1</voice>
        <type>eighth</type>
        <stem default-y="-35">down</stem>
        <lyric default-y="-93" number="1">
          <syllabic>begin</syllabic>
          <text>ho</text>
        </lyric>
      </note>
      <note default-x="67">
        <pitch>
          <step>D</step>
          <octave>5</octave>
        </pitch>
        <duration>2</duration>
        <voice>1</voice>
        <type>eighth</type>
        <stem default-y="-30">down</stem>
        <beam number="1">begin</beam>
        <notations>
          <slur number="1" placement="above" type="start"/>
        </notations>
        <lyric default-y="-93" number="1">
          <syllabic>middle</syllabic>
          <text>no</text>
        </lyric>
      </note>
      <note default-x="92">
        <pitch>
          <step>C</step>
          <octave>5</octave>
        </pitch>
        <duration>2</duration>
        <voice>1</voice>
        <type>eighth</type>
        <stem default-y="-32">down</stem>
        <beam number="1">end</beam>
        <notations>
          <slur number="1" type="stop"/>
        </notations>
      </note>
      <note default-x="118">
        <pitch>
          <step>B</step>
          <octave>4</octave>
        </pitch>
        <duration>4</duration>
        <voice>1</voice>
        <type>quarter</type>
        <stem default-y="-45.5">down</stem>
        <lyric default-y="-93" number="1">
          <syllabic>end</syllabic>
          <text>re</text>
        </lyric>
      </note>
      <note default-x="160">
        <rest/>
        <duration>4</duration>
        <voice>1</voice>
        <type>quarter</type>
      </note>
    </measure>
    <!--=======================================================-->
    <measure number="3" width="205">
      <note default-x="16">
        <pitch>
          <step>D</step>
          <octave>5</octave>
        </pitch>
        <duration>4</duration>
        <voice>1</voice>
        <type>quarter</type>
        <stem default-y="-35">down</stem>
        <lyric default-y="-93" number="1">
          <syllabic>begin</syllabic>
          <text>co</text>
        </lyric>
      </note>
      <note default-x="57">
        <pitch>
          <step>G</step>
          <octave>4</octave>
        </pitch>
        <duration>4</duration>
        <voice>1</voice>
        <type>quarter</type>
        <stem default-y="-55">down</stem>
        <lyric default-y="-93" number="1">
          <syllabic>middle</syllabic>
          <text>ro</text>
        </lyric>
      </note>
      <note default-x="98">
        <pitch>
          <step>F</step>
          <alter>1</alter>
          <octave>4</octave>
        </pitch>
        <duration>2</duration>
        <voice>1</voice>
        <type>eighth</type>
        <stem default-y="11">up</stem>
        <lyric default-y="-93" number="1">
          <syllabic>middle</syllabic>
          <text>nas</text>
        </lyric>
      </note>
      <note default-x="126">
        <pitch>
          <step>C</step>
          <octave>5</octave>
        </pitch>
        <duration>2</duration>
        <voice>1</voice>
        <type>eighth</type>
        <stem default-y="-40.5">down</stem>
        <lyric default-y="-93" number="1">
          <syllabic>end</syllabic>
          <text>ti</text>
        </lyric>
      </note>
      <note default-x="153">
        <pitch>
          <step>C</step>
          <octave>5</octave>
        </pitch>
        <duration>2</duration>
        <voice>1</voice>
        <type>eighth</type>
        <stem default-y="-40.5">down</stem>
        <lyric default-y="-93" number="1">
          <syllabic>begin</syllabic>
          <text>co</text>
        </lyric>
      </note>
      <note default-x="179">
        <pitch>
          <step>C</step>
          <octave>5</octave>
        </pitch>
        <duration>2</duration>
        <voice>1</voice>
        <type>eighth</type>
        <stem default-y="-40.5">down</stem>
        <lyric default-y="-93" number="1">
          <syllabic>middle</syllabic>
          <text>ro</text>
        </lyric>
      </note>
    </measure>
    <!--=======================================================-->
    <measure number="4" width="205">
      <note default-x="20">
        <pitch>
          <step>B</step>
          <octave>4</octave>
        </pitch>
        <duration>2</duration>
        <voice>1</voice>
        <type>eighth</type>
        <stem default-y="-45.5">down</stem>
        <lyric default-y="-93" number="1">
          <syllabic>middle</syllabic>
          <text>nas</text>
        </lyric>
      </note>
      <note default-x="46">
        <pitch>
          <step>D</step>
          <octave>5</octave>
        </pitch>
        <duration>2</duration>
        <voice>1</voice>
        <type>eighth</type>
        <stem default-y="-35">down</stem>
        <lyric default-y="-93" number="1">
          <syllabic>end</syllabic>
          <text>ti</text>
        </lyric>
      </note>
      <note default-x="71">
        <pitch>
          <step>C</step>
          <octave>5</octave>
        </pitch>
        <duration>2</duration>
        <voice>1</voice>
        <type>eighth</type>
        <stem default-y="-40">down</stem>
        <beam number="1">begin</beam>
        <notations>
          <slur number="1" placement="above" type="start"/>
        </notations>
        <lyric default-y="-93" number="1">
          <syllabic>begin</syllabic>
          <text>e</text>
        </lyric>
      </note>
      <note default-x="96">
        <pitch>
          <step>B</step>
          <octave>4</octave>
        </pitch>
        <duration>2</duration>
        <voice>1</voice>
        <type>eighth</type>
        <stem default-y="-42.5">down</stem>
        <beam number="1">end</beam>
        <notations>
          <slur number="1" type="stop"/>
        </notations>
      </note>
      <note default-x="122">
        <pitch>
          <step>A</step>
          <octave>4</octave>
        </pitch>
        <duration>4</duration>
        <voice>1</voice>
        <type>quarter</type>
        <stem default-y="-50">down</stem>
        <lyric default-y="-93" number="1">
          <syllabic>end</syllabic>
          <text>um</text>
        </lyric>
      </note>
      <note default-x="163">
        <rest/>
        <duration>4</duration>
        <voice>1</voice>
        <type>quarter</type>
      </note>
    </measure>
  </part>
  <!--=========================================================-->
</score-partwise>
