<?xml version="1.0" encoding="UTF-8"?>
<!DOCTYPE score-partwise PUBLIC "-//Recordare//DTD MusicXML 2.0 Partwise//EN"
                                "http://www.musicxml.org/dtds/partwise.dtd">
<score-partwise version="2.0">
  <movement-title>[Propitius esto Domine. MH 489]</movement-title>
  <identification>
    <creator type="composer">Haydn, Michael</creator>
    <encoding>
      <software>Finale 2010 for Windows</software>
      <software>Dolet Light for Finale 2010</software>
      <encoding-date>2011-09-22</encoding-date>
      <supports attribute="new-system" element="print" type="yes" value="yes"/>
      <supports attribute="new-page" element="print" type="yes" value="yes"/>
    </encoding>
  </identification>
  <defaults>
    <scaling>
      <millimeters>7.2319</millimeters>
      <tenths>40</tenths>
    </scaling>
    <page-layout>
      <page-height>1545</page-height>
      <page-width>1194</page-width>
      <page-margins type="both">
        <left-margin>70</left-margin>
        <right-margin>70</right-margin>
        <top-margin>87</top-margin>
        <bottom-margin>88</bottom-margin>
      </page-margins>
    </page-layout>
    <system-layout>
      <system-margins>
        <left-margin>70</left-margin>
        <right-margin>0</right-margin>
      </system-margins>
      <system-distance>274</system-distance>
      <top-system-distance>211</top-system-distance>
    </system-layout>
    <appearance>
      <line-width type="stem">0.7487</line-width>
      <line-width type="beam">5</line-width>
      <line-width type="staff">0.7487</line-width>
      <line-width type="light barline">0.7487</line-width>
      <line-width type="heavy barline">5</line-width>
      <line-width type="leger">0.7487</line-width>
      <line-width type="ending">1.4583</line-width>
      <line-width type="wedge">0.7487</line-width>
      <line-width type="enclosure">0.7487</line-width>
      <line-width type="tuplet bracket">0.7487</line-width>
      <note-size type="grace">60</note-size>
      <note-size type="cue">60</note-size>
    </appearance>
    <music-font font-family="Maestro" font-size="20.5"/>
    <word-font font-family="Times New Roman" font-size="10.25"/>
    <lyric-font font-family="Times New Roman" font-size="10.25" name="verse"/>
  </defaults>
  <credit page="1">
    <credit-words default-x="198" default-y="1415" font-size="12" font-weight="bold" halign="center" valign="top">NNB 40928895
D-5592_10_0_1</credit-words>
  </credit>
  <credit page="1">
    <credit-words default-x="1125" default-y="1369" font-size="12" font-weight="bold" justify="right" valign="top">Haydn, Michael
[Propitius esto Domine. MH 489]                                    </credit-words>
  </credit>
  <part-list>
    <score-part id="P1">
      <part-name print-object="no">MusicXML Part</part-name>
      <score-instrument id="P1-I66">
        <instrument-name>Canto</instrument-name>
      </score-instrument>
      <midi-instrument id="P1-I66">
        <midi-channel>1</midi-channel>
        <midi-program>1</midi-program>
        <volume>80</volume>
        <pan>0</pan>
      </midi-instrument>
    </score-part>
  </part-list>
  <!--=========================================================-->
  <part id="P1">
    <measure number="1" width="512">
      <print>
        <system-layout>
          <system-margins>
            <left-margin>111</left-margin>
            <right-margin>0</right-margin>
          </system-margins>
        </system-layout>
      </print>
      <attributes>
        <divisions>4</divisions>
        <key>
          <fifths>-1</fifths>
          <mode>major</mode>
        </key>
        <time symbol="common">
          <beats>4</beats>
          <beat-type>4</beat-type>
        </time>
        <clef>
          <sign>C</sign>
          <line>1</line>
        </clef>
      </attributes>
      <sound tempo="120"/>
      <direction>
        <direction-type>
          <words default-x="-116" default-y="-10" font-size="12" valign="top">Canto</words>
        </direction-type>
      </direction>
      <note default-x="107">
        <rest/>
        <duration>4</duration>
        <voice>1</voice>
        <type>quarter</type>
      </note>
      <note default-x="190">
        <rest/>
        <duration>2</duration>
        <voice>1</voice>
        <type>eighth</type>
      </note>
      <note default-x="242">
        <pitch>
          <step>A</step>
          <octave>4</octave>
        </pitch>
        <duration>2</duration>
        <voice>1</voice>
        <type>eighth</type>
        <stem default-y="-50">down</stem>
        <lyric default-y="-93" number="1">
          <syllabic>begin</syllabic>
          <text>Pro</text>
        </lyric>
      </note>
      <note default-x="273">
        <grace/>
        <pitch>
          <step>G</step>
          <octave>4</octave>
        </pitch>
        <voice>1</voice>
        <type>16th</type>
        <stem default-y="1.5">up</stem>
      </note>
      <note default-x="293">
        <pitch>
          <step>F</step>
          <octave>4</octave>
        </pitch>
        <duration>2</duration>
        <voice>1</voice>
        <type>eighth</type>
        <stem default-y="11">up</stem>
        <lyric default-y="-93" number="1">
          <syllabic>middle</syllabic>
          <text>pi</text>
        </lyric>
      </note>
      <note default-x="345">
        <pitch>
          <step>E</step>
          <octave>4</octave>
        </pitch>
        <duration>1</duration>
        <voice>1</voice>
        <type>16th</type>
        <stem default-y="5">up</stem>
        <lyric default-y="-93" number="1">
          <syllabic>middle</syllabic>
          <text>ti</text>
        </lyric>
      </note>
      <note default-x="377">
        <pitch>
          <step>D</step>
          <octave>4</octave>
        </pitch>
        <duration>1</duration>
        <voice>1</voice>
        <type>16th</type>
        <stem default-y="0.5">up</stem>
        <lyric default-y="-93" number="1">
          <syllabic>end</syllabic>
          <text>us</text>
        </lyric>
      </note>
      <note default-x="408">
        <pitch>
          <step>B</step>
          <alter>-1</alter>
          <octave>4</octave>
        </pitch>
        <duration>2</duration>
        <voice>1</voice>
        <type>eighth</type>
        <stem default-y="-45.5">down</stem>
        <lyric default-y="-93" number="1">
          <syllabic>begin</syllabic>
          <text>es</text>
        </lyric>
      </note>
      <note default-x="460">
        <pitch>
          <step>B</step>
          <alter>-1</alter>
          <octave>4</octave>
        </pitch>
        <duration>2</duration>
        <voice>1</voice>
        <type>eighth</type>
        <stem default-y="-45.5">down</stem>
        <lyric default-y="-93" number="1">
          <syllabic>end</syllabic>
          <text>to</text>
        </lyric>
      </note>
    </measure>
    <!--=======================================================-->
    <measure number="2" width="430">
      <note default-x="19">
        <pitch>
          <step>B</step>
          <alter>-1</alter>
          <octave>4</octave>
        </pitch>
        <duration>3</duration>
        <voice>1</voice>
        <type>eighth</type>
        <dot/>
        <stem default-y="-45.5">down</stem>
        <lyric default-y="-93" number="1">
          <syllabic>begin</syllabic>
          <text>Do</text>
        </lyric>
      </note>
      <note default-x="88">
        <pitch>
          <step>A</step>
          <octave>4</octave>
        </pitch>
        <duration>1</duration>
        <voice>1</voice>
        <type>16th</type>
        <stem default-y="-50">down</stem>
        <lyric default-y="-93" number="1">
          <syllabic>middle</syllabic>
          <text>mi</text>
        </lyric>
      </note>
      <note default-x="119">
        <pitch>
          <step>A</step>
          <octave>4</octave>
        </pitch>
        <duration>2</duration>
        <voice>1</voice>
        <type>eighth</type>
        <stem default-y="-50">down</stem>
        <lyric default-y="-93" number="1">
          <syllabic>end</syllabic>
          <text>ne</text>
        </lyric>
      </note>
      <note default-x="171">
        <pitch>
          <step>D</step>
          <octave>5</octave>
        </pitch>
        <duration>2</duration>
        <voice>1</voice>
        <type>eighth</type>
        <stem default-y="-35">down</stem>
        <lyric default-y="-93" number="1">
          <syllabic>begin</syllabic>
          <text>pec</text>
        </lyric>
      </note>
      <note default-x="222">
        <pitch>
          <step>C</step>
          <alter>1</alter>
          <octave>5</octave>
        </pitch>
        <duration>2</duration>
        <voice>1</voice>
        <type>eighth</type>
        <accidental>sharp</accidental>
        <stem default-y="-40.5">down</stem>
        <lyric default-y="-93" number="1">
          <syllabic>middle</syllabic>
          <text>ca</text>
        </lyric>
      </note>
      <note default-x="274">
        <pitch>
          <step>D</step>
          <octave>5</octave>
        </pitch>
        <duration>2</duration>
        <voice>1</voice>
        <type>eighth</type>
        <stem default-y="-35">down</stem>
        <lyric default-y="-93" number="1">
          <syllabic>end</syllabic>
          <text>tis</text>
        </lyric>
      </note>
      <note default-x="326">
        <pitch>
          <step>A</step>
          <octave>4</octave>
        </pitch>
        <duration>2</duration>
        <voice>1</voice>
        <type>eighth</type>
        <stem default-y="-50">down</stem>
        <beam number="1">begin</beam>
        <lyric default-y="-93" number="1">
          <syllabic>begin</syllabic>
          <text>nos</text>
        </lyric>
      </note>
      <note default-x="378">
        <pitch>
          <step>G</step>
          <octave>4</octave>
        </pitch>
        <duration>2</duration>
        <voice>1</voice>
        <type>eighth</type>
        <stem default-y="-55">down</stem>
        <beam number="1">end</beam>
      </note>
    </measure>
    <!--=======================================================-->
    <measure number="3" width="434">
      <print new-system="yes">
        <system-layout>
          <system-distance>265</system-distance>
        </system-layout>
      </print>
      <note default-x="84">
        <pitch>
          <step>F</step>
          <octave>4</octave>
        </pitch>
        <duration>4</duration>
        <voice>1</voice>
        <type>quarter</type>
        <stem default-y="10">up</stem>
        <lyric default-y="-93" number="1">
          <syllabic>end</syllabic>
          <text>tris:</text>
        </lyric>
      </note>
      <note default-x="159">
        <rest/>
        <duration>2</duration>
        <voice>1</voice>
        <type>eighth</type>
      </note>
      <note default-x="204">
        <pitch>
          <step>D</step>
          <octave>4</octave>
        </pitch>
        <duration>2</duration>
        <voice>1</voice>
        <type>eighth</type>
        <stem default-y="0.5">up</stem>
        <lyric default-y="-93" number="1">
          <syllabic>single</syllabic>
          <text>ne</text>
        </lyric>
      </note>
      <note default-x="250">
        <pitch>
          <step>E</step>
          <alter>-1</alter>
          <octave>4</octave>
        </pitch>
        <duration>2</duration>
        <voice>1</voice>
        <type>eighth</type>
        <accidental>flat</accidental>
        <stem default-y="5.5">up</stem>
        <lyric default-y="-93" number="1">
          <syllabic>begin</syllabic>
          <text>quan</text>
        </lyric>
      </note>
      <note default-x="296">
        <pitch>
          <step>D</step>
          <octave>4</octave>
        </pitch>
        <duration>2</duration>
        <voice>1</voice>
        <type>eighth</type>
        <stem default-y="0.5">up</stem>
        <lyric default-y="-93" number="1">
          <syllabic>end</syllabic>
          <text>do</text>
        </lyric>
      </note>
      <note default-x="341">
        <pitch>
          <step>D</step>
          <octave>4</octave>
        </pitch>
        <duration>2</duration>
        <voice>1</voice>
        <type>eighth</type>
        <stem default-y="0.5">up</stem>
        <lyric default-y="-93" number="1">
          <syllabic>begin</syllabic>
          <text>di</text>
        </lyric>
      </note>
      <note default-x="387">
        <pitch>
          <step>F</step>
          <octave>4</octave>
        </pitch>
        <duration>2</duration>
        <voice>1</voice>
        <type>eighth</type>
        <stem default-y="10">up</stem>
        <lyric default-y="-93" number="1">
          <syllabic>end</syllabic>
          <text>cant</text>
        </lyric>
      </note>
    </measure>
    <!--=======================================================-->
    <measure number="4" width="396">
      <note default-x="25">
        <pitch>
          <step>E</step>
          <alter>-1</alter>
          <octave>4</octave>
        </pitch>
        <duration>4</duration>
        <voice>1</voice>
        <type>quarter</type>
        <accidental>flat</accidental>
        <stem default-y="5.5">up</stem>
        <lyric default-y="-93" number="1">
          <syllabic>begin</syllabic>
          <text>gen</text>
        </lyric>
      </note>
      <note default-x="99">
        <pitch>
          <step>D</step>
          <octave>4</octave>
        </pitch>
        <duration>2</duration>
        <voice>1</voice>
        <type>eighth</type>
        <stem default-y="0.5">up</stem>
        <lyric default-y="-93" number="1">
          <syllabic>end</syllabic>
          <text>tes:</text>
        </lyric>
      </note>
      <note default-x="146">
        <pitch>
          <step>D</step>
          <octave>5</octave>
        </pitch>
        <duration>1</duration>
        <voice>1</voice>
        <type>16th</type>
        <stem default-y="-35.5">down</stem>
        <lyric default-y="-93" number="1">
          <syllabic>begin</syllabic>
          <text>u</text>
        </lyric>
      </note>
      <note default-x="177">
        <pitch>
          <step>C</step>
          <alter>1</alter>
          <octave>5</octave>
        </pitch>
        <duration>1</duration>
        <voice>1</voice>
        <type>16th</type>
        <accidental>sharp</accidental>
        <stem default-y="-40.5">down</stem>
        <lyric default-y="-93" number="1">
          <syllabic>end</syllabic>
          <text>bi</text>
        </lyric>
      </note>
      <note default-x="207">
        <pitch>
          <step>D</step>
          <octave>5</octave>
        </pitch>
        <duration>2</duration>
        <voice>1</voice>
        <type>eighth</type>
        <stem default-y="-35.5">down</stem>
        <lyric default-y="-93" number="1">
          <syllabic>single</syllabic>
          <text>est</text>
        </lyric>
      </note>
      <note default-x="255">
        <pitch>
          <step>A</step>
          <octave>4</octave>
        </pitch>
        <duration>2</duration>
        <voice>1</voice>
        <type>eighth</type>
        <stem default-y="-50">down</stem>
        <lyric default-y="-93" number="1">
          <syllabic>single</syllabic>
          <text>De</text>
        </lyric>
      </note>
      <note default-x="302">
        <pitch>
          <step>F</step>
          <octave>4</octave>
        </pitch>
        <duration>2</duration>
        <voice>1</voice>
        <type>eighth</type>
        <stem default-y="10">up</stem>
        <lyric default-y="-93" number="1">
          <syllabic>single</syllabic>
          <text>us</text>
        </lyric>
      </note>
      <note default-x="349">
        <pitch>
          <step>D</step>
          <octave>4</octave>
        </pitch>
        <duration>2</duration>
        <voice>1</voice>
        <type>eighth</type>
        <stem default-y="0.5">up</stem>
        <lyric default-y="-93" number="1">
          <syllabic>begin</syllabic>
          <text>e</text>
        </lyric>
      </note>
    </measure>
    <!--=======================================================-->
    <measure number="5" width="154">
      <note default-x="14">
        <pitch>
          <step>A</step>
          <octave>4</octave>
        </pitch>
        <duration>2</duration>
        <voice>1</voice>
        <type>eighth</type>
        <stem default-y="-50">down</stem>
        <lyric default-y="-93" number="1">
          <syllabic>middle</syllabic>
          <text>o</text>
        </lyric>
      </note>
      <note default-x="46">
        <pitch>
          <step>A</step>
          <octave>4</octave>
        </pitch>
        <duration>2</duration>
        <voice>1</voice>
        <type>eighth</type>
        <stem default-y="-50">down</stem>
        <lyric default-y="-93" number="1">
          <syllabic>end</syllabic>
          <text>rum?</text>
        </lyric>
      </note>
      <forward>
        <duration>4</duration>
        <voice>1</voice>
      </forward>
      <forward>
        <duration>8</duration>
        <voice>1</voice>
      </forward>
    </measure>
  </part>
  <!--=========================================================-->
</score-partwise>
