<?xml version="1.0" encoding="UTF-8"?>
<!DOCTYPE score-partwise PUBLIC "-//Recordare//DTD MusicXML 2.0 Partwise//EN"
                                "http://www.musicxml.org/dtds/partwise.dtd">
<score-partwise version="2.0">
  <movement-title>[Responsoria in Sabbato Sancto. MH 278] </movement-title>
  <identification>
    <creator type="composer">Haydn, Michael</creator>
    <encoding>
      <software>Finale 2010 for Windows</software>
      <software>Dolet Light for Finale 2010</software>
      <encoding-date>2011-10-22</encoding-date>
      <supports attribute="new-system" element="print" type="yes" value="yes"/>
      <supports attribute="new-page" element="print" type="yes" value="yes"/>
    </encoding>
  </identification>
  <defaults>
    <scaling>
      <millimeters>7.2319</millimeters>
      <tenths>40</tenths>
    </scaling>
    <page-layout>
      <page-height>1545</page-height>
      <page-width>1194</page-width>
      <page-margins type="both">
        <left-margin>70</left-margin>
        <right-margin>70</right-margin>
        <top-margin>87</top-margin>
        <bottom-margin>88</bottom-margin>
      </page-margins>
    </page-layout>
    <system-layout>
      <system-margins>
        <left-margin>70</left-margin>
        <right-margin>0</right-margin>
      </system-margins>
      <system-distance>274</system-distance>
      <top-system-distance>211</top-system-distance>
    </system-layout>
    <appearance>
      <line-width type="stem">0.7487</line-width>
      <line-width type="beam">5</line-width>
      <line-width type="staff">0.7487</line-width>
      <line-width type="light barline">0.7487</line-width>
      <line-width type="heavy barline">5</line-width>
      <line-width type="leger">0.7487</line-width>
      <line-width type="ending">1.4583</line-width>
      <line-width type="wedge">0.7487</line-width>
      <line-width type="enclosure">0.7487</line-width>
      <line-width type="tuplet bracket">0.7487</line-width>
      <note-size type="grace">60</note-size>
      <note-size type="cue">60</note-size>
    </appearance>
    <music-font font-family="Maestro" font-size="20.5"/>
    <word-font font-family="Times New Roman" font-size="10.25"/>
    <lyric-font font-family="Times New Roman" font-size="10.25" name="verse"/>
  </defaults>
  <credit page="1">
    <credit-words default-x="195" default-y="1414" font-size="12" font-weight="bold" halign="center" valign="top">NNB 40987769
D-5670_3_0_1</credit-words>
  </credit>
  <credit page="1">
    <credit-words default-x="1125" default-y="1369" font-size="12" font-weight="bold" justify="right" valign="top">Haydn, Michael
[Responsoria in Sabbato Sancto. MH 278]          </credit-words>
  </credit>
  <part-list>
    <score-part id="P1">
      <part-name print-object="no">MusicXML Part</part-name>
      <score-instrument id="P1-I37">
        <instrument-name/>
      </score-instrument>
      <midi-instrument id="P1-I37">
        <midi-channel>1</midi-channel>
        <midi-program>1</midi-program>
        <volume>80</volume>
        <pan>0</pan>
      </midi-instrument>
    </score-part>
  </part-list>
  <!--=========================================================-->
  <part id="P1">
    <measure number="1" width="240">
      <print>
        <system-layout>
          <system-margins>
            <left-margin>0</left-margin>
            <right-margin>0</right-margin>
          </system-margins>
        </system-layout>
      </print>
      <attributes>
        <divisions>2</divisions>
        <key>
          <fifths>0</fifths>
          <mode>major</mode>
        </key>
        <time symbol="cut">
          <beats>2</beats>
          <beat-type>2</beat-type>
        </time>
        <clef>
          <sign>C</sign>
          <line>1</line>
        </clef>
      </attributes>
      <sound tempo="120"/>
      <direction directive="yes" placement="above">
        <direction-type>
          <words default-y="27" font-size="12" font-weight="bold" relative-x="-23">Moderato</words>
        </direction-type>
      </direction>
      <note default-x="83">
        <pitch>
          <step>G</step>
          <octave>4</octave>
        </pitch>
        <duration>6</duration>
        <voice>1</voice>
        <type>half</type>
        <dot/>
        <stem default-y="-55">down</stem>
        <lyric default-y="-93" number="1">
          <syllabic>begin</syllabic>
          <text>Si</text>
        </lyric>
      </note>
      <note default-x="189">
        <pitch>
          <step>C</step>
          <octave>5</octave>
        </pitch>
        <duration>2</duration>
        <voice>1</voice>
        <type>quarter</type>
        <stem default-y="-40.5">down</stem>
        <lyric default-y="-93" number="1">
          <syllabic>end</syllabic>
          <text>cut</text>
        </lyric>
      </note>
    </measure>
    <!--=======================================================-->
    <measure number="2" width="176">
      <note default-x="14">
        <pitch>
          <step>C</step>
          <octave>5</octave>
        </pitch>
        <duration>4</duration>
        <voice>1</voice>
        <type>half</type>
        <stem default-y="-40.5">down</stem>
        <lyric default-y="-93" number="1">
          <syllabic>begin</syllabic>
          <text>o</text>
        </lyric>
      </note>
      <note default-x="95">
        <pitch>
          <step>B</step>
          <octave>4</octave>
        </pitch>
        <duration>4</duration>
        <voice>1</voice>
        <type>half</type>
        <stem default-y="-45.5">down</stem>
        <lyric default-y="-93" number="1">
          <syllabic>end</syllabic>
          <text>vis</text>
        </lyric>
      </note>
    </measure>
    <!--=======================================================-->
    <measure number="3" width="228">
      <note default-x="25">
        <pitch>
          <step>B</step>
          <alter>-1</alter>
          <octave>4</octave>
        </pitch>
        <duration>2</duration>
        <voice>1</voice>
        <type>quarter</type>
        <accidental>flat</accidental>
        <stem default-y="-45.5">down</stem>
        <lyric default-y="-93" number="1">
          <syllabic>single</syllabic>
          <text>ad</text>
        </lyric>
      </note>
      <note default-x="75">
        <pitch>
          <step>B</step>
          <alter>-1</alter>
          <octave>4</octave>
        </pitch>
        <duration>2</duration>
        <voice>1</voice>
        <type>quarter</type>
        <stem default-y="-45.5">down</stem>
        <lyric default-y="-93" number="1">
          <syllabic>begin</syllabic>
          <text>oc</text>
        </lyric>
      </note>
      <note default-x="126">
        <pitch>
          <step>B</step>
          <alter>-1</alter>
          <octave>4</octave>
        </pitch>
        <duration>2</duration>
        <voice>1</voice>
        <type>quarter</type>
        <stem default-y="-45.5">down</stem>
        <lyric default-y="-93" number="1">
          <syllabic>middle</syllabic>
          <text>ci</text>
        </lyric>
      </note>
      <note default-x="177">
        <pitch>
          <step>B</step>
          <alter>-1</alter>
          <octave>4</octave>
        </pitch>
        <duration>2</duration>
        <voice>1</voice>
        <type>quarter</type>
        <stem default-y="-45.5">down</stem>
        <lyric default-y="-93" number="1">
          <syllabic>middle</syllabic>
          <text>si</text>
        </lyric>
      </note>
    </measure>
    <!--=======================================================-->
    <measure number="4" width="191">
      <note default-x="25">
        <pitch>
          <step>B</step>
          <alter>-1</alter>
          <octave>4</octave>
        </pitch>
        <duration>4</duration>
        <voice>1</voice>
        <type>half</type>
        <accidental>flat</accidental>
        <stem default-y="-45.5">down</stem>
        <lyric default-y="-93" number="1">
          <syllabic>middle</syllabic>
          <text>o</text>
        </lyric>
      </note>
      <note default-x="108">
        <pitch>
          <step>A</step>
          <octave>4</octave>
        </pitch>
        <duration>4</duration>
        <voice>1</voice>
        <type>half</type>
        <stem default-y="-50">down</stem>
        <lyric default-y="-93" number="1">
          <syllabic>end</syllabic>
          <text>nem</text>
        </lyric>
      </note>
    </measure>
    <!--=======================================================-->
    <measure number="5" width="219">
      <note default-x="21">
        <pitch>
          <step>A</step>
          <octave>4</octave>
        </pitch>
        <duration>3</duration>
        <voice>1</voice>
        <type>quarter</type>
        <dot/>
        <stem default-y="-50">down</stem>
        <lyric default-y="-93" number="1">
          <syllabic>begin</syllabic>
          <text>duc</text>
        </lyric>
      </note>
      <note default-x="94">
        <pitch>
          <step>G</step>
          <octave>4</octave>
        </pitch>
        <duration>1</duration>
        <voice>1</voice>
        <type>eighth</type>
        <stem default-y="-55">down</stem>
        <lyric default-y="-93" number="1">
          <syllabic>end</syllabic>
          <text>tus</text>
        </lyric>
      </note>
      <note default-x="128">
        <pitch>
          <step>G</step>
          <octave>4</octave>
        </pitch>
        <duration>4</duration>
        <voice>1</voice>
        <type>half</type>
        <stem default-y="-55">down</stem>
        <lyric default-y="-93" number="1">
          <syllabic>single</syllabic>
          <text>est,</text>
        </lyric>
      </note>
    </measure>
  </part>
  <!--=========================================================-->
</score-partwise>
