<?xml version="1.0" encoding="UTF-8"?>
<!DOCTYPE score-partwise PUBLIC "-//Recordare//DTD MusicXML 2.0 Partwise//EN"
                                "http://www.musicxml.org/dtds/partwise.dtd">
<score-partwise version="2.0">
  <movement-title>[Liebeslied. Hob XXVIa 11]</movement-title>
  <identification>
    <creator type="composer">Haydn, Joseph</creator>
    <encoding>
      <software>Finale 2010 for Windows</software>
      <software>Dolet Light for Finale 2010</software>
      <encoding-date>2011-07-01</encoding-date>
      <supports attribute="new-system" element="print" type="yes" value="yes"/>
      <supports attribute="new-page" element="print" type="yes" value="yes"/>
    </encoding>
  </identification>
  <defaults>
    <scaling>
      <millimeters>7.2319</millimeters>
      <tenths>40</tenths>
    </scaling>
    <page-layout>
      <page-height>1545</page-height>
      <page-width>1194</page-width>
      <page-margins type="both">
        <left-margin>70</left-margin>
        <right-margin>70</right-margin>
        <top-margin>87</top-margin>
        <bottom-margin>88</bottom-margin>
      </page-margins>
    </page-layout>
    <system-layout>
      <system-margins>
        <left-margin>70</left-margin>
        <right-margin>0</right-margin>
      </system-margins>
      <system-distance>274</system-distance>
      <top-system-distance>211</top-system-distance>
    </system-layout>
    <appearance>
      <line-width type="stem">0.7487</line-width>
      <line-width type="beam">5</line-width>
      <line-width type="staff">0.7487</line-width>
      <line-width type="light barline">0.7487</line-width>
      <line-width type="heavy barline">5</line-width>
      <line-width type="leger">0.7487</line-width>
      <line-width type="ending">1.4583</line-width>
      <line-width type="wedge">0.7487</line-width>
      <line-width type="enclosure">0.7487</line-width>
      <line-width type="tuplet bracket">0.7487</line-width>
      <note-size type="grace">60</note-size>
      <note-size type="cue">60</note-size>
    </appearance>
    <music-font font-family="Maestro" font-size="20.5"/>
    <word-font font-family="Times New Roman" font-size="10.25"/>
    <lyric-font font-family="Times New Roman" font-size="10.25" name="verse"/>
  </defaults>
  <credit page="1">
    <credit-words default-x="202" default-y="1389" font-size="12" font-weight="bold" halign="center" valign="top">NNB 41432221
D-5976_11_0_1</credit-words>
  </credit>
  <credit page="1">
    <credit-words default-x="1124" default-y="1377" font-size="12" font-weight="bold" justify="right" valign="top">Haydn, Joseph
[Liebeslied. Hob XXVIa 11]  </credit-words>
  </credit>
  <part-list>
    <score-part id="P1">
      <part-name print-object="no">MusicXML Part</part-name>
      <score-instrument id="P1-I18">
        <instrument-name/>
      </score-instrument>
      <midi-instrument id="P1-I18">
        <midi-channel>1</midi-channel>
        <midi-program>86</midi-program>
        <volume>80</volume>
        <pan>0</pan>
      </midi-instrument>
    </score-part>
  </part-list>
  <!--=========================================================-->
  <part id="P1">
    <measure implicit="yes" number="0" width="150">
      <print>
        <system-layout>
          <system-margins>
            <left-margin>1</left-margin>
            <right-margin>0</right-margin>
          </system-margins>
        </system-layout>
      </print>
      <attributes>
        <divisions>16</divisions>
        <key>
          <fifths>2</fifths>
          <mode>major</mode>
        </key>
        <time>
          <beats>2</beats>
          <beat-type>4</beat-type>
        </time>
        <clef>
          <sign>C</sign>
          <line>1</line>
        </clef>
      </attributes>
      <sound tempo="120"/>
      <direction directive="yes" placement="above">
        <direction-type>
          <words default-y="35" font-size="12" font-weight="bold" relative-x="-42">Adagio</words>
        </direction-type>
      </direction>
      <note default-x="120">
        <rest/>
        <duration>16</duration>
        <voice>1</voice>
        <type>quarter</type>
      </note>
    </measure>
    <!--=======================================================-->
    <measure number="1" width="66">
      <attributes>
        <measure-style>
          <multiple-rest>3</multiple-rest>
        </measure-style>
      </attributes>
      <note print-object="no">
        <rest/>
        <duration>32</duration>
        <voice>1</voice>
      </note>
    </measure>
    <!--=======================================================-->
    <measure number="2" width="0">
      <note print-object="no">
        <rest/>
        <duration>32</duration>
        <voice>1</voice>
      </note>
    </measure>
    <!--=======================================================-->
    <measure number="3" width="0">
      <note print-object="no">
        <rest/>
        <duration>32</duration>
        <voice>1</voice>
      </note>
    </measure>
    <!--=======================================================-->
    <measure number="4" width="123">
      <note default-x="14">
        <rest/>
        <duration>16</duration>
        <voice>1</voice>
        <type>quarter</type>
      </note>
      <note default-x="38">
        <rest/>
        <duration>8</duration>
        <voice>1</voice>
        <type>eighth</type>
      </note>
      <note default-x="66">
        <pitch>
          <step>F</step>
          <alter>1</alter>
          <octave>4</octave>
        </pitch>
        <duration>6</duration>
        <voice>1</voice>
        <type>16th</type>
        <dot/>
        <stem default-y="30">up</stem>
        <beam number="1">begin</beam>
        <beam number="2">begin</beam>
        <lyric default-y="-80" number="1">
          <syllabic>single</syllabic>
          <text>So</text>
          <extend/>
        </lyric>
      </note>
      <note default-x="92">
        <pitch>
          <step>G</step>
          <octave>4</octave>
        </pitch>
        <duration>1</duration>
        <voice>1</voice>
        <type>64th</type>
        <stem default-y="30">up</stem>
        <beam number="1">continue</beam>
        <beam number="2">continue</beam>
        <beam number="3">begin</beam>
        <beam number="4">begin</beam>
      </note>
      <note default-x="107">
        <pitch>
          <step>E</step>
          <octave>4</octave>
        </pitch>
        <duration>1</duration>
        <voice>1</voice>
        <type>64th</type>
        <stem default-y="30">up</stem>
        <beam number="1">end</beam>
        <beam number="2">end</beam>
        <beam number="3">end</beam>
        <beam number="4">end</beam>
      </note>
    </measure>
    <!--=======================================================-->
    <measure number="5" width="215">
      <note default-x="23">
        <pitch>
          <step>D</step>
          <octave>4</octave>
        </pitch>
        <duration>12</duration>
        <voice>1</voice>
        <type>eighth</type>
        <dot/>
        <stem default-y="0.5">up</stem>
        <lyric default-y="-80" number="1">
          <syllabic>single</syllabic>
          <text>lang</text>
        </lyric>
      </note>
      <note default-x="68">
        <pitch>
          <step>A</step>
          <octave>4</octave>
        </pitch>
        <duration>4</duration>
        <voice>1</voice>
        <type>16th</type>
        <stem default-y="-50">down</stem>
        <lyric default-y="-80" number="1">
          <syllabic>single</syllabic>
          <text>ach!</text>
        </lyric>
      </note>
      <note default-x="115">
        <pitch>
          <step>G</step>
          <octave>4</octave>
        </pitch>
        <duration>6</duration>
        <voice>1</voice>
        <type>16th</type>
        <dot/>
        <stem default-y="22.5">up</stem>
        <beam number="1">begin</beam>
        <beam number="2">begin</beam>
        <lyric default-y="-80" number="1">
          <syllabic>single</syllabic>
          <text>schon</text>
          <extend/>
        </lyric>
      </note>
      <note default-x="153">
        <pitch>
          <step>F</step>
          <alter>1</alter>
          <octave>4</octave>
        </pitch>
        <duration>2</duration>
        <voice>1</voice>
        <type>32nd</type>
        <stem default-y="17.5">up</stem>
        <beam number="1">end</beam>
        <beam number="2">end</beam>
        <beam number="3">backward hook</beam>
      </note>
      <note default-x="172">
        <pitch>
          <step>D</step>
          <octave>5</octave>
        </pitch>
        <duration>6</duration>
        <voice>1</voice>
        <type>16th</type>
        <dot/>
        <stem default-y="-47">down</stem>
        <beam number="1">begin</beam>
        <beam number="2">begin</beam>
        <lyric default-y="-80" number="1">
          <syllabic>single</syllabic>
          <text>so</text>
          <extend/>
        </lyric>
      </note>
      <note default-x="198">
        <pitch>
          <step>B</step>
          <octave>4</octave>
        </pitch>
        <duration>2</duration>
        <voice>1</voice>
        <type>32nd</type>
        <stem default-y="-52">down</stem>
        <beam number="1">end</beam>
        <beam number="2">end</beam>
        <beam number="3">backward hook</beam>
      </note>
    </measure>
    <!--=======================================================-->
    <measure number="6" width="183">
      <note default-x="22">
        <pitch>
          <step>A</step>
          <octave>4</octave>
        </pitch>
        <duration>12</duration>
        <voice>1</voice>
        <type>eighth</type>
        <dot/>
        <stem default-y="-50">down</stem>
        <lyric default-y="-80" number="1">
          <syllabic>single</syllabic>
          <text>lang</text>
        </lyric>
      </note>
      <note default-x="54">
        <pitch>
          <step>B</step>
          <octave>4</octave>
        </pitch>
        <duration>2</duration>
        <voice>1</voice>
        <type>32nd</type>
        <stem default-y="-57.5">down</stem>
        <beam number="1">begin</beam>
        <beam number="2">begin</beam>
        <beam number="3">begin</beam>
        <lyric default-y="-80" number="1">
          <syllabic>begin</syllabic>
          <text>er</text>
        </lyric>
      </note>
      <note default-x="82">
        <pitch>
          <step>G</step>
          <alter>1</alter>
          <octave>4</octave>
        </pitch>
        <duration>2</duration>
        <voice>1</voice>
        <type>32nd</type>
        <accidental>sharp</accidental>
        <stem default-y="-62.5">down</stem>
        <beam number="1">end</beam>
        <beam number="2">end</beam>
        <beam number="3">end</beam>
      </note>
      <note default-x="107">
        <pitch>
          <step>A</step>
          <octave>4</octave>
        </pitch>
        <duration>8</duration>
        <voice>1</voice>
        <type>eighth</type>
        <stem default-y="-50">down</stem>
        <lyric default-y="-80" number="1">
          <syllabic>end</syllabic>
          <text>füllt</text>
        </lyric>
      </note>
      <note default-x="141">
        <pitch>
          <step>B</step>
          <octave>4</octave>
        </pitch>
        <duration>6</duration>
        <voice>1</voice>
        <type>16th</type>
        <dot/>
        <stem default-y="-52">down</stem>
        <beam number="1">begin</beam>
        <beam number="2">begin</beam>
        <lyric default-y="-80" number="1">
          <syllabic>single</syllabic>
          <text>ein</text>
          <extend/>
        </lyric>
      </note>
      <note default-x="167">
        <pitch>
          <step>A</step>
          <octave>4</octave>
        </pitch>
        <duration>2</duration>
        <voice>1</voice>
        <type>32nd</type>
        <stem default-y="-57.5">down</stem>
        <beam number="1">end</beam>
        <beam number="2">end</beam>
        <beam number="3">backward hook</beam>
      </note>
    </measure>
    <!--=======================================================-->
    <measure number="7" width="162">
      <note default-x="23">
        <pitch>
          <step>A</step>
          <octave>4</octave>
        </pitch>
        <duration>12</duration>
        <voice>1</voice>
        <type>eighth</type>
        <dot/>
        <stem default-y="-50">down</stem>
        <lyric default-y="-80" number="1">
          <syllabic>single</syllabic>
          <text>Bild</text>
        </lyric>
      </note>
      <note default-x="60">
        <pitch>
          <step>F</step>
          <alter>1</alter>
          <octave>4</octave>
        </pitch>
        <duration>2</duration>
        <voice>1</voice>
        <type>32nd</type>
        <stem default-y="17.5">up</stem>
        <beam number="1">begin</beam>
        <beam number="2">begin</beam>
        <beam number="3">begin</beam>
        <lyric default-y="-80" number="1">
          <syllabic>single</syllabic>
          <text>ein</text>
          <extend/>
        </lyric>
      </note>
      <note default-x="87">
        <pitch>
          <step>D</step>
          <octave>4</octave>
        </pitch>
        <duration>2</duration>
        <voice>1</voice>
        <type>32nd</type>
        <stem default-y="13">up</stem>
        <beam number="1">end</beam>
        <beam number="2">end</beam>
        <beam number="3">end</beam>
      </note>
      <note default-x="107">
        <pitch>
          <step>G</step>
          <octave>4</octave>
        </pitch>
        <duration>8</duration>
        <voice>1</voice>
        <type>eighth</type>
        <stem default-y="-55">down</stem>
        <lyric default-y="-80" number="1">
          <syllabic>begin</syllabic>
          <text>lie</text>
        </lyric>
      </note>
      <note default-x="133">
        <pitch>
          <step>F</step>
          <alter>1</alter>
          <octave>4</octave>
        </pitch>
        <duration>8</duration>
        <voice>1</voice>
        <type>eighth</type>
        <stem default-y="11">up</stem>
        <lyric default-y="-80" number="1">
          <syllabic>end</syllabic>
          <text>bes</text>
        </lyric>
      </note>
    </measure>
    <!--=======================================================-->
    <measure number="8" width="154">
      <note default-x="17">
        <pitch>
          <step>A</step>
          <octave>4</octave>
        </pitch>
        <duration>12</duration>
        <voice>1</voice>
        <type>eighth</type>
        <dot/>
        <stem default-y="-50">down</stem>
        <lyric default-y="-80" number="1">
          <syllabic>begin</syllabic>
          <text>En</text>
        </lyric>
      </note>
      <note default-x="55">
        <pitch>
          <step>G</step>
          <octave>4</octave>
        </pitch>
        <duration>4</duration>
        <voice>1</voice>
        <type>16th</type>
        <stem default-y="15">up</stem>
        <beam number="1">begin</beam>
        <beam number="2">begin</beam>
        <lyric default-y="-80" number="1">
          <syllabic>end</syllabic>
          <text>gels</text>
          <extend/>
        </lyric>
      </note>
      <note default-x="87">
        <pitch>
          <step>F</step>
          <alter>1</alter>
          <octave>4</octave>
        </pitch>
        <duration>4</duration>
        <voice>1</voice>
        <type>16th</type>
        <stem default-y="10">up</stem>
        <beam number="1">end</beam>
        <beam number="2">end</beam>
      </note>
      <note default-x="115">
        <pitch>
          <step>E</step>
          <octave>4</octave>
        </pitch>
        <duration>8</duration>
        <voice>1</voice>
        <type>eighth</type>
        <stem default-y="5">up</stem>
        <lyric default-y="-80" number="1">
          <syllabic>single</syllabic>
          <text>Bild</text>
        </lyric>
      </note>
      <forward>
        <duration>4</duration>
        <voice>1</voice>
      </forward>
    </measure>
  </part>
  <!--=========================================================-->
</score-partwise>
