<?xml version="1.0" encoding="UTF-8"?><!DOCTYPE score-partwise PUBLIC "-//Recordare//DTD MusicXML 2.0 Partwise//EN"                                "http://www.musicxml.org/dtds/partwise.dtd"><score-partwise version="2.0">  <movement-title>[Castor et Pollux. RCT 32B (1754)]. Ouverture</movement-title>  <identification>    <creator type="composer">Rameau, Jean-Philippe</creator>    <encoding>      <software>Finale 2011 for Macintosh</software>      <software>Dolet Light for Finale 2011</software>      <encoding-date>2013-08-14</encoding-date>      <supports attribute="new-system" element="print" type="yes" value="yes"/>      <supports attribute="new-page" element="print" type="yes" value="yes"/>    </encoding>  </identification>  <defaults>    <scaling>      <millimeters>7.1967</millimeters>      <tenths>40</tenths>    </scaling>    <page-layout>      <page-height>1651</page-height>      <page-width>1167</page-width>      <page-margins type="both">        <left-margin>70</left-margin>        <right-margin>70</right-margin>        <top-margin>88</top-margin>        <bottom-margin>88</bottom-margin>      </page-margins>    </page-layout>    <system-layout>      <system-margins>        <left-margin>0</left-margin>        <right-margin>0</right-margin>      </system-margins>      <system-distance>121</system-distance>      <top-system-distance>70</top-system-distance>    </system-layout>    <appearance>      <line-width type="stem">0.7487</line-width>      <line-width type="beam">5</line-width>      <line-width type="staff">0.7487</line-width>      <line-width type="light barline">0.7487</line-width>      <line-width type="heavy barline">5</line-width>      <line-width type="leger">0.7487</line-width>      <line-width type="ending">0.7487</line-width>      <line-width type="wedge">0.7487</line-width>      <line-width type="enclosure">0.7487</line-width>      <line-width type="tuplet bracket">0.7487</line-width>      <note-size type="grace">60</note-size>      <note-size type="cue">60</note-size>    </appearance>    <music-font font-family="Maestro" font-size="20.4"/>    <word-font font-family="Times New Roman" font-size="10.2"/>  </defaults>  <credit page="1">    <credit-words default-x="1095" default-y="1503" font-size="12" font-weight="bold" justify="right" valign="top">Rameau, Jean-Philippe
[Castor et Pollux. RCT 32B (1754)]
Ouverture</credit-words>  </credit>  <credit page="1">    <credit-words default-x="174" default-y="1499" font-size="12" font-weight="bold" valign="top">NNB 41000957
D-8050_0_0_1</credit-words>  </credit>  <part-list>    <score-part id="P1">      <part-name print-object="no">MusicXML Part</part-name>      <score-instrument id="P1-I3">        <instrument-name/>      </score-instrument>      <midi-instrument id="P1-I3">        <midi-channel>1</midi-channel>        <midi-program>49</midi-program>        <volume>80</volume>        <pan>0</pan>      </midi-instrument>    </score-part>  </part-list>  <!--=========================================================-->  <part id="P1">    <measure number="1" width="329">      <print>        <system-layout>          <system-margins>            <left-margin>105</left-margin>            <right-margin>0</right-margin>          </system-margins>          <top-system-distance>211</top-system-distance>        </system-layout>        <measure-numbering>system</measure-numbering>      </print>      <attributes>        <divisions>8</divisions>        <key>          <fifths>-2</fifths>          <mode>major</mode>        </key>        <time symbol="cut">          <beats>2</beats>          <beat-type>2</beat-type>        </time>        <clef>          <sign>G</sign>          <line>1</line>        </clef>      </attributes>      <sound tempo="120"/>      <note default-x="117">        <rest/>        <duration>8</duration>        <voice>1</voice>        <type>quarter</type>      </note>      <note default-x="163">        <pitch>          <step>G</step>          <octave>5</octave>        </pitch>        <duration>6</duration>        <voice>1</voice>        <type>eighth</type>        <dot/>        <stem default-y="-40">down</stem>        <beam number="1">begin</beam>      </note>      <note default-x="200">        <pitch>          <step>G</step>          <octave>5</octave>        </pitch>        <duration>2</duration>        <voice>1</voice>        <type>16th</type>        <stem default-y="-40">down</stem>        <beam number="1">end</beam>        <beam number="2">backward hook</beam>      </note>      <note default-x="218">        <pitch>          <step>G</step>          <octave>5</octave>        </pitch>        <duration>6</duration>        <voice>1</voice>        <type>eighth</type>        <dot/>        <stem default-y="30">up</stem>        <beam number="1">begin</beam>      </note>      <note default-x="255">        <pitch>          <step>G</step>          <octave>4</octave>        </pitch>        <duration>2</duration>        <voice>1</voice>        <type>16th</type>        <stem default-y="30">up</stem>        <beam number="1">continue</beam>        <beam number="2">backward hook</beam>      </note>      <note default-x="273">        <pitch>          <step>G</step>          <octave>5</octave>        </pitch>        <duration>6</duration>        <voice>1</voice>        <type>eighth</type>        <dot/>        <stem default-y="30">up</stem>        <beam number="1">continue</beam>      </note>      <note default-x="310">        <pitch>          <step>G</step>          <octave>5</octave>        </pitch>        <duration>2</duration>        <voice>1</voice>        <type>16th</type>        <stem default-y="30">up</stem>        <beam number="1">end</beam>        <beam number="2">backward hook</beam>      </note>    </measure>    <!--=======================================================-->    <measure number="2" width="245">      <note default-x="14">        <pitch>          <step>G</step>          <octave>5</octave>        </pitch>        <duration>12</duration>        <voice>1</voice>        <type>quarter</type>        <dot/>        <stem default-y="-40">down</stem>      </note>      <forward>        <duration>1</duration>        <voice>1</voice>      </forward>      <note default-x="96">        <pitch>          <step>G</step>          <octave>5</octave>        </pitch>        <duration>1</duration>        <voice>1</voice>        <type>32nd</type>        <stem default-y="-47.5">down</stem>        <beam number="1">begin</beam>        <beam number="2">begin</beam>        <beam number="3">begin</beam>      </note>      <note default-x="115">        <pitch>          <step>A</step>          <octave>5</octave>        </pitch>        <duration>1</duration>        <voice>1</voice>        <type>32nd</type>        <stem default-y="-44.5">down</stem>        <beam number="1">continue</beam>        <beam number="2">continue</beam>        <beam number="3">continue</beam>      </note>      <note default-x="133">        <pitch>          <step>B</step>          <alter>-1</alter>          <octave>5</octave>        </pitch>        <duration>1</duration>        <voice>1</voice>        <type>32nd</type>        <stem default-y="-42">down</stem>        <beam number="1">end</beam>        <beam number="2">end</beam>        <beam number="3">end</beam>      </note>      <note default-x="152">        <pitch>          <step>F</step>          <octave>5</octave>        </pitch>        <duration>8</duration>        <voice>1</voice>        <type>quarter</type>        <stem default-y="-45">down</stem>      </note>      <note default-x="198">        <pitch>          <step>B</step>          <alter>-1</alter>          <octave>4</octave>        </pitch>        <duration>8</duration>        <voice>1</voice>        <type>quarter</type>        <stem default-y="5.5">up</stem>      </note>    </measure>    <!--=======================================================-->    <measure number="3" width="179">      <note default-x="14">        <pitch>          <step>E</step>          <alter>-1</alter>          <octave>5</octave>        </pitch>        <duration>12</duration>        <voice>1</voice>        <type>quarter</type>        <dot/>        <stem default-y="-50.5">down</stem>      </note>      <note default-x="70">        <pitch>          <step>E</step>          <alter>-1</alter>          <octave>5</octave>        </pitch>        <duration>4</duration>        <voice>1</voice>        <type>eighth</type>        <stem default-y="-50.5">down</stem>      </note>      <note default-x="97">        <pitch>          <step>E</step>          <alter>-1</alter>          <octave>5</octave>        </pitch>        <duration>12</duration>        <voice>1</voice>        <type>quarter</type>        <dot/>        <stem default-y="-50.5">down</stem>        <notations>          <technical>            <stopped default-x="0" default-y="-5" placement="above"/>          </technical>        </notations>      </note>      <note default-x="152">        <pitch>          <step>D</step>          <octave>5</octave>        </pitch>        <duration>4</duration>        <voice>1</voice>        <type>eighth</type>        <stem default-y="-55.5">down</stem>      </note>    </measure>    <!--=======================================================-->    <measure number="4" width="168">      <note default-x="14">        <pitch>          <step>D</step>          <octave>5</octave>        </pitch>        <duration>8</duration>        <voice>1</voice>        <type>quarter</type>        <stem default-y="-55.5">down</stem>      </note>      <forward>        <duration>8</duration>        <voice>1</voice>      </forward>      <forward>        <duration>16</duration>        <voice>1</voice>      </forward>    </measure>  </part>  <!--=========================================================--></score-partwise>