<?xml version="1.0" encoding="UTF-8"?><!DOCTYPE score-partwise PUBLIC "-//Recordare//DTD MusicXML 2.0 Partwise//EN"                                "http://www.musicxml.org/dtds/partwise.dtd"><score-partwise version="2.0">  <movement-title>[Naïs. RCT 49]</movement-title>  <identification>    <creator type="composer">Rameau, Jean-Philippe
</creator>    <encoding>      <software>Finale 2011 for Macintosh</software>      <software>Dolet Light for Finale 2011</software>      <encoding-date>2013-08-26</encoding-date>      <supports attribute="new-system" element="print" type="yes" value="yes"/>      <supports attribute="new-page" element="print" type="yes" value="yes"/>    </encoding>  </identification>  <defaults>    <scaling>      <millimeters>7.2319</millimeters>      <tenths>40</tenths>    </scaling>    <page-layout>      <page-height>1642</page-height>      <page-width>1161</page-width>      <page-margins type="both">        <left-margin>70</left-margin>        <right-margin>70</right-margin>        <top-margin>88</top-margin>        <bottom-margin>88</bottom-margin>      </page-margins>    </page-layout>    <system-layout>      <system-margins>        <left-margin>0</left-margin>        <right-margin>0</right-margin>      </system-margins>      <system-distance>121</system-distance>      <top-system-distance>70</top-system-distance>    </system-layout>    <appearance>      <line-width type="stem">0.7487</line-width>      <line-width type="beam">5</line-width>      <line-width type="staff">0.7487</line-width>      <line-width type="light barline">0.7487</line-width>      <line-width type="heavy barline">5</line-width>      <line-width type="leger">0.7487</line-width>      <line-width type="ending">1.4583</line-width>      <line-width type="wedge">1.4583</line-width>      <line-width type="enclosure">0.7487</line-width>      <line-width type="tuplet bracket">0.7487</line-width>      <note-size type="grace">60</note-size>      <note-size type="cue">60</note-size>    </appearance>    <music-font font-family="Maestro" font-size="20.5"/>    <word-font font-family="Times New Roman" font-size="10.25"/>    <lyric-font font-family="Times New Roman" font-size="10.25" name="verse"/>  </defaults>  <credit page="1">    <credit-words default-x="1091" default-y="1492" font-size="12" font-weight="bold" justify="right" valign="top">Rameau, Jean-Philippe
[Naïs. RCT 49]</credit-words>  </credit>  <credit page="1">    <credit-words default-x="172" default-y="1489" font-size="12" font-weight="bold" valign="top">NNB 41152270
D-8404_0_0_2</credit-words>  </credit>  <part-list>    <score-part id="P1">      <part-name print-object="no">MusicXML Part</part-name>      <score-instrument id="P1-I17">        <instrument-name/>      </score-instrument>      <midi-instrument id="P1-I17">        <midi-channel>1</midi-channel>        <midi-program>53</midi-program>        <volume>80</volume>        <pan>0</pan>      </midi-instrument>    </score-part>  </part-list>  <!--=========================================================-->  <part id="P1">    <measure number="1" width="192">      <print>        <system-layout>          <system-margins>            <left-margin>99</left-margin>            <right-margin>0</right-margin>          </system-margins>          <top-system-distance>211</top-system-distance>        </system-layout>        <measure-numbering>system</measure-numbering>      </print>      <attributes>        <divisions>2</divisions>        <key>          <fifths>0</fifths>          <mode>major</mode>        </key>        <time>          <beats>3</beats>          <beat-type>2</beat-type>        </time>        <clef>          <sign>F</sign>          <line>4</line>        </clef>        <measure-style>          <multiple-rest>136</multiple-rest>        </measure-style>      </attributes>      <sound tempo="120"/>      <note>        <rest/>        <duration>12</duration>        <voice>1</voice>      </note>    </measure>    <!--=======================================================-->    <measure number="2" width="0">      <note>        <rest/>        <duration>12</duration>        <voice>1</voice>      </note>    </measure>    <!--=======================================================-->    <measure number="3" width="0">      <note>        <rest/>        <duration>12</duration>        <voice>1</voice>      </note>    </measure>    <!--=======================================================-->    <measure number="4" width="0">      <note>        <rest/>        <duration>12</duration>        <voice>1</voice>      </note>    </measure>    <!--=======================================================-->    <measure number="5" width="0">      <note>        <rest/>        <duration>12</duration>        <voice>1</voice>      </note>    </measure>    <!--=======================================================-->    <measure number="6" width="0">      <note>        <rest/>        <duration>12</duration>        <voice>1</voice>      </note>    </measure>    <!--=======================================================-->    <measure number="7" width="0">      <note>        <rest/>        <duration>12</duration>        <voice>1</voice>      </note>    </measure>    <!--=======================================================-->    <measure number="8" width="0">      <note>        <rest/>        <duration>12</duration>        <voice>1</voice>      </note>    </measure>    <!--=======================================================-->    <measure number="9" width="0">      <note>        <rest/>        <duration>12</duration>        <voice>1</voice>      </note>    </measure>    <!--=======================================================-->    <measure number="10" width="0">      <note>        <rest/>        <duration>12</duration>        <voice>1</voice>      </note>    </measure>    <!--=======================================================-->    <measure number="11" width="0">      <note>        <rest/>        <duration>12</duration>        <voice>1</voice>      </note>    </measure>    <!--=======================================================-->    <measure number="12" width="0">      <note>        <rest/>        <duration>12</duration>        <voice>1</voice>      </note>    </measure>    <!--=======================================================-->    <measure number="13" width="0">      <note>        <rest/>        <duration>12</duration>        <voice>1</voice>      </note>    </measure>    <!--=======================================================-->    <measure number="14" width="0">      <note>        <rest/>        <duration>12</duration>        <voice>1</voice>      </note>    </measure>    <!--=======================================================-->    <measure number="15" width="0">      <note>        <rest/>        <duration>12</duration>        <voice>1</voice>      </note>    </measure>    <!--=======================================================-->    <measure number="16" width="0">      <note>        <rest/>        <duration>12</duration>        <voice>1</voice>      </note>    </measure>    <!--=======================================================-->    <measure number="17" width="0">      <note>        <rest/>        <duration>12</duration>        <voice>1</voice>      </note>    </measure>    <!--=======================================================-->    <measure number="18" width="0">      <note>        <rest/>        <duration>12</duration>        <voice>1</voice>      </note>    </measure>    <!--=======================================================-->    <measure number="19" width="0">      <note>        <rest/>        <duration>12</duration>        <voice>1</voice>      </note>    </measure>    <!--=======================================================-->    <measure number="20" width="0">      <note>        <rest/>        <duration>12</duration>        <voice>1</voice>      </note>    </measure>    <!--=======================================================-->    <measure number="21" width="0">      <note>        <rest/>        <duration>12</duration>        <voice>1</voice>      </note>    </measure>    <!--=======================================================-->    <measure number="22" width="0">      <note>        <rest/>        <duration>12</duration>        <voice>1</voice>      </note>    </measure>    <!--=======================================================-->    <measure number="23" width="0">      <note>        <rest/>        <duration>12</duration>        <voice>1</voice>      </note>    </measure>    <!--=======================================================-->    <measure number="24" width="0">      <note>        <rest/>        <duration>12</duration>        <voice>1</voice>      </note>    </measure>    <!--=======================================================-->    <measure number="25" width="0">      <note>        <rest/>        <duration>12</duration>        <voice>1</voice>      </note>    </measure>    <!--=======================================================-->    <measure number="26" width="0">      <note>        <rest/>        <duration>12</duration>        <voice>1</voice>      </note>    </measure>    <!--=======================================================-->    <measure number="27" width="0">      <note>        <rest/>        <duration>12</duration>        <voice>1</voice>      </note>    </measure>    <!--=======================================================-->    <measure number="28" width="0">      <note>        <rest/>        <duration>12</duration>        <voice>1</voice>      </note>    </measure>    <!--=======================================================-->    <measure number="29" width="0">      <note>        <rest/>        <duration>12</duration>        <voice>1</voice>      </note>    </measure>    <!--=======================================================-->    <measure number="30" width="0">      <note>        <rest/>        <duration>12</duration>        <voice>1</voice>      </note>    </measure>    <!--=======================================================-->    <measure number="31" width="0">      <note>        <rest/>        <duration>12</duration>        <voice>1</voice>      </note>    </measure>    <!--=======================================================-->    <measure number="32" width="0">      <note>        <rest/>        <duration>12</duration>        <voice>1</voice>      </note>    </measure>    <!--=======================================================-->    <measure number="33" width="0">      <note>        <rest/>        <duration>12</duration>        <voice>1</voice>      </note>    </measure>    <!--=======================================================-->    <measure number="34" width="0">      <note>        <rest/>        <duration>12</duration>        <voice>1</voice>      </note>    </measure>    <!--=======================================================-->    <measure number="35" width="0">      <note>        <rest/>        <duration>12</duration>        <voice>1</voice>      </note>    </measure>    <!--=======================================================-->    <measure number="36" width="0">      <note>        <rest/>        <duration>12</duration>        <voice>1</voice>      </note>    </measure>    <!--=======================================================-->    <measure number="37" width="0">      <note>        <rest/>        <duration>12</duration>        <voice>1</voice>      </note>    </measure>    <!--=======================================================-->    <measure number="38" width="0">      <note>        <rest/>        <duration>12</duration>        <voice>1</voice>      </note>    </measure>    <!--=======================================================-->    <measure number="39" width="0">      <note>        <rest/>        <duration>12</duration>        <voice>1</voice>      </note>    </measure>    <!--=======================================================-->    <measure number="40" width="0">      <note>        <rest/>        <duration>12</duration>        <voice>1</voice>      </note>    </measure>    <!--=======================================================-->    <measure number="41" width="0">      <note>        <rest/>        <duration>12</duration>        <voice>1</voice>      </note>    </measure>    <!--=======================================================-->    <measure number="42" width="0">      <note>        <rest/>        <duration>12</duration>        <voice>1</voice>      </note>    </measure>    <!--=======================================================-->    <measure number="43" width="0">      <note>        <rest/>        <duration>12</duration>        <voice>1</voice>      </note>    </measure>    <!--=======================================================-->    <measure number="44" width="0">      <note>        <rest/>        <duration>12</duration>        <voice>1</voice>      </note>    </measure>    <!--=======================================================-->    <measure number="45" width="0">      <note>        <rest/>        <duration>12</duration>        <voice>1</voice>      </note>    </measure>    <!--=======================================================-->    <measure number="46" width="0">      <note>        <rest/>        <duration>12</duration>        <voice>1</voice>      </note>    </measure>    <!--=======================================================-->    <measure number="47" width="0">      <note>        <rest/>        <duration>12</duration>        <voice>1</voice>      </note>    </measure>    <!--=======================================================-->    <measure number="48" width="0">      <note>        <rest/>        <duration>12</duration>        <voice>1</voice>      </note>    </measure>    <!--=======================================================-->    <measure number="49" width="0">      <note>        <rest/>        <duration>12</duration>        <voice>1</voice>      </note>    </measure>    <!--=======================================================-->    <measure number="50" width="0">      <note>        <rest/>        <duration>12</duration>        <voice>1</voice>      </note>    </measure>    <!--=======================================================-->    <measure number="51" width="0">      <note>        <rest/>        <duration>12</duration>        <voice>1</voice>      </note>    </measure>    <!--=======================================================-->    <measure number="52" width="0">      <note>        <rest/>        <duration>12</duration>        <voice>1</voice>      </note>    </measure>    <!--=======================================================-->    <measure number="53" width="0">      <note>        <rest/>        <duration>12</duration>        <voice>1</voice>      </note>    </measure>    <!--=======================================================-->    <measure number="54" width="0">      <note>        <rest/>        <duration>12</duration>        <voice>1</voice>      </note>    </measure>    <!--=======================================================-->    <measure number="55" width="0">      <note>        <rest/>        <duration>12</duration>        <voice>1</voice>      </note>    </measure>    <!--=======================================================-->    <measure number="56" width="0">      <note>        <rest/>        <duration>12</duration>        <voice>1</voice>      </note>    </measure>    <!--=======================================================-->    <measure number="57" width="0">      <note>        <rest/>        <duration>12</duration>        <voice>1</voice>      </note>    </measure>    <!--=======================================================-->    <measure number="58" width="0">      <note>        <rest/>        <duration>12</duration>        <voice>1</voice>      </note>    </measure>    <!--=======================================================-->    <measure number="59" width="0">      <note>        <rest/>        <duration>12</duration>        <voice>1</voice>      </note>    </measure>    <!--=======================================================-->    <measure number="60" width="0">      <note>        <rest/>        <duration>12</duration>        <voice>1</voice>      </note>    </measure>    <!--=======================================================-->    <measure number="61" width="0">      <note>        <rest/>        <duration>12</duration>        <voice>1</voice>      </note>    </measure>    <!--=======================================================-->    <measure number="62" width="0">      <note>        <rest/>        <duration>12</duration>        <voice>1</voice>      </note>    </measure>    <!--=======================================================-->    <measure number="63" width="0">      <note>        <rest/>        <duration>12</duration>        <voice>1</voice>      </note>    </measure>    <!--=======================================================-->    <measure number="64" width="0">      <note>        <rest/>        <duration>12</duration>        <voice>1</voice>      </note>    </measure>    <!--=======================================================-->    <measure number="65" width="0">      <note>        <rest/>        <duration>12</duration>        <voice>1</voice>      </note>    </measure>    <!--=======================================================-->    <measure number="66" width="0">      <note>        <rest/>        <duration>12</duration>        <voice>1</voice>      </note>    </measure>    <!--=======================================================-->    <measure number="67" width="0">      <note>        <rest/>        <duration>12</duration>        <voice>1</voice>      </note>    </measure>    <!--=======================================================-->    <measure number="68" width="0">      <note>        <rest/>        <duration>12</duration>        <voice>1</voice>      </note>    </measure>    <!--=======================================================-->    <measure number="69" width="0">      <note>        <rest/>        <duration>12</duration>        <voice>1</voice>      </note>    </measure>    <!--=======================================================-->    <measure number="70" width="0">      <note>        <rest/>        <duration>12</duration>        <voice>1</voice>      </note>    </measure>    <!--=======================================================-->    <measure number="71" width="0">      <note>        <rest/>        <duration>12</duration>        <voice>1</voice>      </note>    </measure>    <!--=======================================================-->    <measure number="72" width="0">      <note>        <rest/>        <duration>12</duration>        <voice>1</voice>      </note>    </measure>    <!--=======================================================-->    <measure number="73" width="0">      <note>        <rest/>        <duration>12</duration>        <voice>1</voice>      </note>    </measure>    <!--=======================================================-->    <measure number="74" width="0">      <note>        <rest/>        <duration>12</duration>        <voice>1</voice>      </note>    </measure>    <!--=======================================================-->    <measure number="75" width="0">      <note>        <rest/>        <duration>12</duration>        <voice>1</voice>      </note>    </measure>    <!--=======================================================-->    <measure number="76" width="0">      <note>        <rest/>        <duration>12</duration>        <voice>1</voice>      </note>    </measure>    <!--=======================================================-->    <measure number="77" width="0">      <note>        <rest/>        <duration>12</duration>        <voice>1</voice>      </note>    </measure>    <!--=======================================================-->    <measure number="78" width="0">      <note>        <rest/>        <duration>12</duration>        <voice>1</voice>      </note>    </measure>    <!--=======================================================-->    <measure number="79" width="0">      <note>        <rest/>        <duration>12</duration>        <voice>1</voice>      </note>    </measure>    <!--=======================================================-->    <measure number="80" width="0">      <note>        <rest/>        <duration>12</duration>        <voice>1</voice>      </note>    </measure>    <!--=======================================================-->    <measure number="81" width="0">      <note>        <rest/>        <duration>12</duration>        <voice>1</voice>      </note>    </measure>    <!--=======================================================-->    <measure number="82" width="0">      <note>        <rest/>        <duration>12</duration>        <voice>1</voice>      </note>    </measure>    <!--=======================================================-->    <measure number="83" width="0">      <note>        <rest/>        <duration>12</duration>        <voice>1</voice>      </note>    </measure>    <!--=======================================================-->    <measure number="84" width="0">      <note>        <rest/>        <duration>12</duration>        <voice>1</voice>      </note>    </measure>    <!--=======================================================-->    <measure number="85" width="0">      <note>        <rest/>        <duration>12</duration>        <voice>1</voice>      </note>    </measure>    <!--=======================================================-->    <measure number="86" width="0">      <note>        <rest/>        <duration>12</duration>        <voice>1</voice>      </note>    </measure>    <!--=======================================================-->    <measure number="87" width="0">      <note>        <rest/>        <duration>12</duration>        <voice>1</voice>      </note>    </measure>    <!--=======================================================-->    <measure number="88" width="0">      <note>        <rest/>        <duration>12</duration>        <voice>1</voice>      </note>    </measure>    <!--=======================================================-->    <measure number="89" width="0">      <note>        <rest/>        <duration>12</duration>        <voice>1</voice>      </note>    </measure>    <!--=======================================================-->    <measure number="90" width="0">      <note>        <rest/>        <duration>12</duration>        <voice>1</voice>      </note>    </measure>    <!--=======================================================-->    <measure number="91" width="0">      <note>        <rest/>        <duration>12</duration>        <voice>1</voice>      </note>    </measure>    <!--=======================================================-->    <measure number="92" width="0">      <note>        <rest/>        <duration>12</duration>        <voice>1</voice>      </note>    </measure>    <!--=======================================================-->    <measure number="93" width="0">      <note>        <rest/>        <duration>12</duration>        <voice>1</voice>      </note>    </measure>    <!--=======================================================-->    <measure number="94" width="0">      <note>        <rest/>        <duration>12</duration>        <voice>1</voice>      </note>    </measure>    <!--=======================================================-->    <measure number="95" width="0">      <note>        <rest/>        <duration>12</duration>        <voice>1</voice>      </note>    </measure>    <!--=======================================================-->    <measure number="96" width="0">      <note>        <rest/>        <duration>12</duration>        <voice>1</voice>      </note>    </measure>    <!--=======================================================-->    <measure number="97" width="0">      <note>        <rest/>        <duration>12</duration>        <voice>1</voice>      </note>    </measure>    <!--=======================================================-->    <measure number="98" width="0">      <note>        <rest/>        <duration>12</duration>        <voice>1</voice>      </note>    </measure>    <!--=======================================================-->    <measure number="99" width="0">      <note>        <rest/>        <duration>12</duration>        <voice>1</voice>      </note>    </measure>    <!--=======================================================-->    <measure number="100" width="0">      <note>        <rest/>        <duration>12</duration>        <voice>1</voice>      </note>    </measure>    <!--=======================================================-->    <measure number="101" width="0">      <note>        <rest/>        <duration>12</duration>        <voice>1</voice>      </note>    </measure>    <!--=======================================================-->    <measure number="102" width="0">      <note>        <rest/>        <duration>12</duration>        <voice>1</voice>      </note>    </measure>    <!--=======================================================-->    <measure number="103" width="0">      <note>        <rest/>        <duration>12</duration>        <voice>1</voice>      </note>    </measure>    <!--=======================================================-->    <measure number="104" width="0">      <note>        <rest/>        <duration>12</duration>        <voice>1</voice>      </note>    </measure>    <!--=======================================================-->    <measure number="105" width="0">      <note>        <rest/>        <duration>12</duration>        <voice>1</voice>      </note>    </measure>    <!--=======================================================-->    <measure number="106" width="0">      <note>        <rest/>        <duration>12</duration>        <voice>1</voice>      </note>    </measure>    <!--=======================================================-->    <measure number="107" width="0">      <note>        <rest/>        <duration>12</duration>        <voice>1</voice>      </note>    </measure>    <!--=======================================================-->    <measure number="108" width="0">      <note>        <rest/>        <duration>12</duration>        <voice>1</voice>      </note>    </measure>    <!--=======================================================-->    <measure number="109" width="0">      <note>        <rest/>        <duration>12</duration>        <voice>1</voice>      </note>    </measure>    <!--=======================================================-->    <measure number="110" width="0">      <note>        <rest/>        <duration>12</duration>        <voice>1</voice>      </note>    </measure>    <!--=======================================================-->    <measure number="111" width="0">      <note>        <rest/>        <duration>12</duration>        <voice>1</voice>      </note>    </measure>    <!--=======================================================-->    <measure number="112" width="0">      <note>        <rest/>        <duration>12</duration>        <voice>1</voice>      </note>    </measure>    <!--=======================================================-->    <measure number="113" width="0">      <note>        <rest/>        <duration>12</duration>        <voice>1</voice>      </note>    </measure>    <!--=======================================================-->    <measure number="114" width="0">      <note>        <rest/>        <duration>12</duration>        <voice>1</voice>      </note>    </measure>    <!--=======================================================-->    <measure number="115" width="0">      <note>        <rest/>        <duration>12</duration>        <voice>1</voice>      </note>    </measure>    <!--=======================================================-->    <measure number="116" width="0">      <note>        <rest/>        <duration>12</duration>        <voice>1</voice>      </note>    </measure>    <!--=======================================================-->    <measure number="117" width="0">      <note>        <rest/>        <duration>12</duration>        <voice>1</voice>      </note>    </measure>    <!--=======================================================-->    <measure number="118" width="0">      <note>        <rest/>        <duration>12</duration>        <voice>1</voice>      </note>    </measure>    <!--=======================================================-->    <measure number="119" width="0">      <note>        <rest/>        <duration>12</duration>        <voice>1</voice>      </note>    </measure>    <!--=======================================================-->    <measure number="120" width="0">      <note>        <rest/>        <duration>12</duration>        <voice>1</voice>      </note>    </measure>    <!--=======================================================-->    <measure number="121" width="0">      <note>        <rest/>        <duration>12</duration>        <voice>1</voice>      </note>    </measure>    <!--=======================================================-->    <measure number="122" width="0">      <note>        <rest/>        <duration>12</duration>        <voice>1</voice>      </note>    </measure>    <!--=======================================================-->    <measure number="123" width="0">      <note>        <rest/>        <duration>12</duration>        <voice>1</voice>      </note>    </measure>    <!--=======================================================-->    <measure number="124" width="0">      <note>        <rest/>        <duration>12</duration>        <voice>1</voice>      </note>    </measure>    <!--=======================================================-->    <measure number="125" width="0">      <note>        <rest/>        <duration>12</duration>        <voice>1</voice>      </note>    </measure>    <!--=======================================================-->    <measure number="126" width="0">      <note>        <rest/>        <duration>12</duration>        <voice>1</voice>      </note>    </measure>    <!--=======================================================-->    <measure number="127" width="0">      <note>        <rest/>        <duration>12</duration>        <voice>1</voice>      </note>    </measure>    <!--=======================================================-->    <measure number="128" width="0">      <note>        <rest/>        <duration>12</duration>        <voice>1</voice>      </note>    </measure>    <!--=======================================================-->    <measure number="129" width="0">      <note>        <rest/>        <duration>12</duration>        <voice>1</voice>      </note>    </measure>    <!--=======================================================-->    <measure number="130" width="0">      <note>        <rest/>        <duration>12</duration>        <voice>1</voice>      </note>    </measure>    <!--=======================================================-->    <measure number="131" width="0">      <note>        <rest/>        <duration>12</duration>        <voice>1</voice>      </note>    </measure>    <!--=======================================================-->    <measure number="132" width="0">      <note>        <rest/>        <duration>12</duration>        <voice>1</voice>      </note>    </measure>    <!--=======================================================-->    <measure number="133" width="0">      <note>        <rest/>        <duration>12</duration>        <voice>1</voice>      </note>    </measure>    <!--=======================================================-->    <measure number="134" width="0">      <note>        <rest/>        <duration>12</duration>        <voice>1</voice>      </note>    </measure>    <!--=======================================================-->    <measure number="135" width="0">      <note>        <rest/>        <duration>12</duration>        <voice>1</voice>      </note>    </measure>    <!--=======================================================-->    <measure number="136" width="0">      <note>        <rest/>        <duration>12</duration>        <voice>1</voice>      </note>    </measure>    <!--=======================================================-->    <measure number="137" width="185">      <note default-x="13">        <rest/>        <duration>4</duration>        <voice>1</voice>        <type>half</type>      </note>      <note default-x="41">        <pitch>          <step>C</step>          <octave>3</octave>        </pitch>        <duration>2</duration>        <voice>1</voice>        <type>quarter</type>        <stem default-y="10.5">up</stem>        <lyric default-y="-80" number="1">          <syllabic>begin</syllabic>          <text>At</text>        </lyric>      </note>      <note default-x="70">        <pitch>          <step>C</step>          <octave>3</octave>        </pitch>        <duration>2</duration>        <voice>1</voice>        <type>quarter</type>        <stem default-y="10.5">up</stem>        <lyric default-y="-80" number="1">          <syllabic>middle</syllabic>          <text>ta</text>        </lyric>      </note>      <note default-x="111">        <pitch>          <step>E</step>          <octave>3</octave>        </pitch>        <duration>2</duration>        <voice>1</voice>        <type>quarter</type>        <stem default-y="-50">down</stem>        <lyric default-y="-80" number="1">          <syllabic>end</syllabic>          <text>quons</text>        </lyric>      </note>      <note default-x="156">        <pitch>          <step>E</step>          <octave>3</octave>        </pitch>        <duration>2</duration>        <voice>1</voice>        <type>quarter</type>        <stem default-y="-50">down</stem>        <lyric default-y="-80" number="1">          <syllabic>single</syllabic>          <text>les</text>        </lyric>      </note>    </measure>    <!--=======================================================-->    <measure number="138" width="177">      <note default-x="14">        <pitch>          <step>G</step>          <octave>3</octave>        </pitch>        <duration>4</duration>        <voice>1</voice>        <type>half</type>        <stem default-y="-40">down</stem>        <lyric default-y="-80" number="1">          <syllabic>single</syllabic>          <text>cieux,</text>        </lyric>      </note>      <note default-x="58">        <pitch>          <step>E</step>          <octave>3</octave>        </pitch>        <duration>2</duration>        <voice>1</voice>        <type>quarter</type>        <stem default-y="-50">down</stem>        <lyric default-y="-80" number="1">          <syllabic>begin</syllabic>          <text>bra</text>        </lyric>      </note>      <note default-x="94">        <pitch>          <step>E</step>          <octave>3</octave>        </pitch>        <duration>2</duration>        <voice>1</voice>        <type>quarter</type>        <stem default-y="-50">down</stem>        <lyric default-y="-80" number="1">          <syllabic>end</syllabic>          <text>vons</text>        </lyric>      </note>      <note default-x="125">        <pitch>          <step>G</step>          <octave>3</octave>        </pitch>        <duration>2</duration>        <voice>1</voice>        <type>quarter</type>        <stem default-y="-40">down</stem>        <lyric default-y="-80" number="1">          <syllabic>single</syllabic>          <text>le</text>        </lyric>      </note>      <note default-x="151">        <pitch>          <step>G</step>          <octave>3</octave>        </pitch>        <duration>2</duration>        <voice>1</voice>        <type>quarter</type>        <stem default-y="-40">down</stem>        <lyric default-y="-80" number="1">          <syllabic>begin</syllabic>          <text>ton</text>        </lyric>      </note>    </measure>    <!--=======================================================-->    <measure number="139" width="112">      <note default-x="16">        <pitch>          <step>C</step>          <octave>4</octave>        </pitch>        <duration>12</duration>        <tie type="start"/>        <voice>1</voice>        <type>whole</type>        <dot/>        <notations>          <tied type="start"/>        </notations>        <lyric default-y="-80" number="1">          <syllabic>middle</syllabic>          <text>ner</text>        </lyric>      </note>    </measure>    <!--=======================================================-->    <measure number="140" width="112">      <note default-x="16">        <pitch>          <step>C</step>          <octave>4</octave>        </pitch>        <duration>12</duration>        <tie type="stop"/>        <tie type="start"/>        <voice>1</voice>        <type>whole</type>        <dot/>        <notations>          <tied type="stop"/>          <tied type="start"/>        </notations>      </note>    </measure>    <!--=======================================================-->    <measure number="141" width="144">      <note default-x="16">        <pitch>          <step>C</step>          <octave>4</octave>        </pitch>        <duration>2</duration>        <tie type="stop"/>        <voice>1</voice>        <type>quarter</type>        <stem default-y="-25">down</stem>        <notations>          <tied type="stop"/>        </notations>        <lyric default-y="-80" number="1">          <syllabic>end</syllabic>          <text>re,</text>        </lyric>      </note>      <note default-x="44">        <rest/>        <duration>2</duration>        <voice>1</voice>        <type>quarter</type>      </note>    </measure>  </part>  <!--=========================================================--></score-partwise>