<?xml version="1.0" encoding="UTF-8"?>
<!DOCTYPE score-partwise PUBLIC "-//Recordare//DTD MusicXML 2.0 Partwise//EN"
                                "http://www.musicxml.org/dtds/partwise.dtd">
<score-partwise version="2.0">
  <movement-title>[Sicut cervus. MH 143]</movement-title>
  <identification>
    <creator type="composer">Haydn, Michael</creator>
    <encoding>
      <software>Finale 2010 for Windows</software>
      <software>Dolet Light for Finale 2010</software>
      <encoding-date>2011-09-21</encoding-date>
      <supports attribute="new-system" element="print" type="yes" value="yes"/>
      <supports attribute="new-page" element="print" type="yes" value="yes"/>
    </encoding>
  </identification>
  <defaults>
    <scaling>
      <millimeters>7.2319</millimeters>
      <tenths>40</tenths>
    </scaling>
    <page-layout>
      <page-height>1545</page-height>
      <page-width>1194</page-width>
      <page-margins type="both">
        <left-margin>70</left-margin>
        <right-margin>70</right-margin>
        <top-margin>87</top-margin>
        <bottom-margin>88</bottom-margin>
      </page-margins>
    </page-layout>
    <system-layout>
      <system-margins>
        <left-margin>70</left-margin>
        <right-margin>0</right-margin>
      </system-margins>
      <system-distance>274</system-distance>
      <top-system-distance>211</top-system-distance>
    </system-layout>
    <appearance>
      <line-width type="stem">0.7487</line-width>
      <line-width type="beam">5</line-width>
      <line-width type="staff">0.7487</line-width>
      <line-width type="light barline">0.7487</line-width>
      <line-width type="heavy barline">5</line-width>
      <line-width type="leger">0.7487</line-width>
      <line-width type="ending">1.4583</line-width>
      <line-width type="wedge">0.7487</line-width>
      <line-width type="enclosure">0.7487</line-width>
      <line-width type="tuplet bracket">0.7487</line-width>
      <note-size type="grace">60</note-size>
      <note-size type="cue">60</note-size>
    </appearance>
    <music-font font-family="Maestro" font-size="20.5"/>
    <word-font font-family="Times New Roman" font-size="10.25"/>
    <lyric-font font-family="Times New Roman" font-size="10.25" name="verse"/>
  </defaults>
  <credit page="1">
    <credit-words default-x="198" default-y="1415" font-size="12" font-weight="bold" halign="center" valign="top">NNB 42285086
L-18333_0_0_2</credit-words>
  </credit>
  <credit page="1">
    <credit-words default-x="1125" default-y="1369" font-size="12" font-weight="bold" justify="right" valign="top">Haydn, Michael
[Sicut cervus. MH 143]                                   </credit-words>
  </credit>
  <credit page="1">
    <credit-words default-x="63" default-y="1248" font-size="12" valign="top">Soprano
solo</credit-words>
  </credit>
  <part-list>
    <score-part id="P1">
      <part-name print-object="no">MusicXML Part</part-name>
      <score-instrument id="P1-I43">
        <instrument-name>Soprano Solo</instrument-name>
      </score-instrument>
      <midi-instrument id="P1-I43">
        <midi-channel>1</midi-channel>
        <midi-program>1</midi-program>
        <volume>80</volume>
        <pan>0</pan>
      </midi-instrument>
    </score-part>
  </part-list>
  <!--=========================================================-->
  <part id="P1">
    <measure number="1" width="249">
      <print>
        <system-layout>
          <system-margins>
            <left-margin>111</left-margin>
            <right-margin>0</right-margin>
          </system-margins>
        </system-layout>
      </print>
      <attributes>
        <divisions>2</divisions>
        <key>
          <fifths>-1</fifths>
          <mode>major</mode>
        </key>
        <time symbol="cut">
          <beats>2</beats>
          <beat-type>2</beat-type>
        </time>
        <clef>
          <sign>C</sign>
          <line>1</line>
        </clef>
        <measure-style>
          <multiple-rest>8</multiple-rest>
        </measure-style>
      </attributes>
      <sound tempo="120"/>
      <direction directive="yes" placement="above">
        <direction-type>
          <words default-y="31" font-size="12" font-weight="bold" relative-x="-53">Andante</words>
        </direction-type>
      </direction>
      <note print-object="no">
        <rest/>
        <duration>8</duration>
        <voice>1</voice>
      </note>
    </measure>
    <!--=======================================================-->
    <measure number="2" width="0">
      <note print-object="no">
        <rest/>
        <duration>8</duration>
        <voice>1</voice>
      </note>
    </measure>
    <!--=======================================================-->
    <measure number="3" width="0">
      <note print-object="no">
        <rest/>
        <duration>8</duration>
        <voice>1</voice>
      </note>
    </measure>
    <!--=======================================================-->
    <measure number="4" width="0">
      <note print-object="no">
        <rest/>
        <duration>8</duration>
        <voice>1</voice>
      </note>
    </measure>
    <!--=======================================================-->
    <measure number="5" width="0">
      <note print-object="no">
        <rest/>
        <duration>8</duration>
        <voice>1</voice>
      </note>
    </measure>
    <!--=======================================================-->
    <measure number="6" width="0">
      <note print-object="no">
        <rest/>
        <duration>8</duration>
        <voice>1</voice>
      </note>
    </measure>
    <!--=======================================================-->
    <measure number="7" width="0">
      <note print-object="no">
        <rest/>
        <duration>8</duration>
        <voice>1</voice>
      </note>
    </measure>
    <!--=======================================================-->
    <measure number="8" width="0">
      <note print-object="no">
        <rest/>
        <duration>8</duration>
        <voice>1</voice>
      </note>
    </measure>
    <!--=======================================================-->
    <measure number="9" width="132">
      <note default-x="14">
        <pitch>
          <step>F</step>
          <octave>4</octave>
        </pitch>
        <duration>4</duration>
        <voice>1</voice>
        <type>half</type>
        <stem default-y="11">up</stem>
        <lyric default-y="-93" number="1">
          <syllabic>begin</syllabic>
          <text>Si</text>
        </lyric>
      </note>
      <note default-x="73">
        <pitch>
          <step>G</step>
          <octave>4</octave>
        </pitch>
        <duration>4</duration>
        <voice>1</voice>
        <type>half</type>
        <stem default-y="-55">down</stem>
        <lyric default-y="-93" number="1">
          <syllabic>end</syllabic>
          <text>cut</text>
        </lyric>
      </note>
    </measure>
    <!--=======================================================-->
    <measure number="10" width="137">
      <note default-x="19">
        <pitch>
          <step>A</step>
          <octave>4</octave>
        </pitch>
        <duration>4</duration>
        <voice>1</voice>
        <type>half</type>
        <stem default-y="-50">down</stem>
        <lyric default-y="-93" number="1">
          <syllabic>begin</syllabic>
          <text>cer</text>
        </lyric>
      </note>
      <note default-x="77">
        <pitch>
          <step>A</step>
          <octave>4</octave>
        </pitch>
        <duration>4</duration>
        <voice>1</voice>
        <type>half</type>
        <stem default-y="-50">down</stem>
        <lyric default-y="-93" number="1">
          <syllabic>end</syllabic>
          <text>vus</text>
        </lyric>
      </note>
    </measure>
    <!--=======================================================-->
    <measure number="11" width="134">
      <note default-x="16">
        <pitch>
          <step>A</step>
          <octave>4</octave>
        </pitch>
        <duration>4</duration>
        <voice>1</voice>
        <type>half</type>
        <stem default-y="-50">down</stem>
        <lyric default-y="-93" number="1">
          <syllabic>single</syllabic>
          <text>ad</text>
        </lyric>
      </note>
      <note default-x="75">
        <pitch>
          <step>A</step>
          <octave>4</octave>
        </pitch>
        <duration>4</duration>
        <voice>1</voice>
        <type>half</type>
        <stem default-y="-50">down</stem>
        <lyric default-y="-93" number="1">
          <syllabic>begin</syllabic>
          <text>flu</text>
        </lyric>
      </note>
    </measure>
    <!--=======================================================-->
    <measure number="12" width="131">
      <note default-x="16">
        <pitch>
          <step>A</step>
          <octave>4</octave>
        </pitch>
        <duration>6</duration>
        <voice>1</voice>
        <type>half</type>
        <dot/>
        <stem default-y="-50">down</stem>
        <lyric default-y="-93" number="1">
          <syllabic>middle</syllabic>
          <text>en</text>
        </lyric>
      </note>
      <note default-x="94">
        <pitch>
          <step>G</step>
          <octave>4</octave>
        </pitch>
        <duration>2</duration>
        <voice>1</voice>
        <type>quarter</type>
        <stem default-y="-55">down</stem>
        <lyric default-y="-93" number="1">
          <syllabic>end</syllabic>
          <text>ta</text>
        </lyric>
      </note>
    </measure>
    <!--=======================================================-->
    <measure number="13" width="159">
      <note default-x="19">
        <pitch>
          <step>A</step>
          <octave>4</octave>
        </pitch>
        <duration>3</duration>
        <voice>1</voice>
        <type>quarter</type>
        <dot/>
        <stem default-y="-50">down</stem>
        <lyric default-y="-93" number="1">
          <syllabic>begin</syllabic>
          <text>cur</text>
        </lyric>
      </note>
      <note default-x="68">
        <pitch>
          <step>F</step>
          <octave>4</octave>
        </pitch>
        <duration>1</duration>
        <voice>1</voice>
        <type>eighth</type>
        <stem default-y="11">up</stem>
        <lyric default-y="-93" number="1">
          <syllabic>middle</syllabic>
          <text>si</text>
        </lyric>
      </note>
      <note default-x="98">
        <pitch>
          <step>F</step>
          <octave>4</octave>
        </pitch>
        <duration>4</duration>
        <voice>1</voice>
        <type>half</type>
        <stem default-y="11">up</stem>
        <lyric default-y="-93" number="1">
          <syllabic>end</syllabic>
          <text>tat</text>
        </lyric>
      </note>
    </measure>
  </part>
  <!--=========================================================-->
</score-partwise>
