<?xml version="1.0" encoding="UTF-8"?>
<!DOCTYPE score-partwise PUBLIC "-//Recordare//DTD MusicXML 2.0 Partwise//EN"
                                "http://www.musicxml.org/dtds/partwise.dtd">
<score-partwise version="2.0">
  <movement-title>[Rose et Colas. Acte 1, scène 12. M'aimes-tu ? (duo)]</movement-title>
  <identification>
    <creator type="composer">Monsigny, Pierre-Alexandre</creator>
    <encoding>
      <software>Finale 2010 for Windows</software>
      <software>Dolet Light for Finale 2010</software>
      <encoding-date>2011-12-08</encoding-date>
      <supports attribute="new-system" element="print" type="yes" value="yes"/>
      <supports attribute="new-page" element="print" type="yes" value="yes"/>
    </encoding>
  </identification>
  <defaults>
    <scaling>
      <millimeters>7.2319</millimeters>
      <tenths>40</tenths>
    </scaling>
    <page-layout>
      <page-height>1545</page-height>
      <page-width>1194</page-width>
      <page-margins type="both">
        <left-margin>6</left-margin>
        <right-margin>70</right-margin>
        <top-margin>87</top-margin>
        <bottom-margin>88</bottom-margin>
      </page-margins>
    </page-layout>
    <system-layout>
      <system-margins>
        <left-margin>70</left-margin>
        <right-margin>0</right-margin>
      </system-margins>
      <system-distance>274</system-distance>
      <top-system-distance>211</top-system-distance>
    </system-layout>
    <appearance>
      <line-width type="stem">0.7487</line-width>
      <line-width type="beam">5</line-width>
      <line-width type="staff">0.7487</line-width>
      <line-width type="light barline">0.7487</line-width>
      <line-width type="heavy barline">5</line-width>
      <line-width type="leger">0.7487</line-width>
      <line-width type="ending">1.4583</line-width>
      <line-width type="wedge">0.7487</line-width>
      <line-width type="enclosure">0.7487</line-width>
      <line-width type="tuplet bracket">0.7487</line-width>
      <note-size type="grace">60</note-size>
      <note-size type="cue">60</note-size>
    </appearance>
    <music-font font-family="Maestro" font-size="20.5"/>
    <word-font font-family="Times New Roman" font-size="10.25"/>
    <lyric-font font-family="Times New Roman" font-size="10.25" name="verse"/>
  </defaults>
  <credit page="1">
    <credit-words default-x="162" default-y="1414" font-size="12" font-weight="bold" halign="center" valign="top">NNB 39749171
L-648_1_0_2</credit-words>
  </credit>
  <credit page="1">
    <credit-words default-x="1125" default-y="1369" font-size="12" font-weight="bold" justify="right" valign="top" xml:lang="fr">Monsigny, Pierre-Alexandre
[Rose et Colas. Acte 1, scène 12. M'aimes-tu ? (duo)]</credit-words>
  </credit>
  <credit page="1">
    <credit-words default-x="22" default-y="1241" font-size="12" valign="top">Colas</credit-words>
  </credit>
  <part-list>
    <score-part id="P1">
      <part-name print-object="no">MusicXML Part</part-name>
      <score-instrument id="P1-I37">
        <instrument-name/>
      </score-instrument>
      <midi-instrument id="P1-I37">
        <midi-channel>1</midi-channel>
        <midi-program>1</midi-program>
        <volume>80</volume>
        <pan>0</pan>
      </midi-instrument>
    </score-part>
  </part-list>
  <!--=========================================================-->
  <part id="P1">
    <measure number="1" width="190">
      <print>
        <system-layout>
          <system-margins>
            <left-margin>78</left-margin>
            <right-margin>0</right-margin>
          </system-margins>
        </system-layout>
      </print>
      <attributes>
        <divisions>4</divisions>
        <key>
          <fifths>1</fifths>
          <mode>major</mode>
        </key>
        <time>
          <beats>2</beats>
          <beat-type>4</beat-type>
        </time>
        <clef>
          <sign>C</sign>
          <line>3</line>
        </clef>
        <measure-style>
          <multiple-rest>8</multiple-rest>
        </measure-style>
      </attributes>
      <sound tempo="120"/>
      <note print-object="no">
        <rest/>
        <duration>8</duration>
        <voice>1</voice>
      </note>
    </measure>
    <!--=======================================================-->
    <measure number="2" width="0">
      <note print-object="no">
        <rest/>
        <duration>8</duration>
        <voice>1</voice>
      </note>
    </measure>
    <!--=======================================================-->
    <measure number="3" width="0">
      <note print-object="no">
        <rest/>
        <duration>8</duration>
        <voice>1</voice>
      </note>
    </measure>
    <!--=======================================================-->
    <measure number="4" width="0">
      <note print-object="no">
        <rest/>
        <duration>8</duration>
        <voice>1</voice>
      </note>
    </measure>
    <!--=======================================================-->
    <measure number="5" width="0">
      <note print-object="no">
        <rest/>
        <duration>8</duration>
        <voice>1</voice>
      </note>
    </measure>
    <!--=======================================================-->
    <measure number="6" width="0">
      <note print-object="no">
        <rest/>
        <duration>8</duration>
        <voice>1</voice>
      </note>
    </measure>
    <!--=======================================================-->
    <measure number="7" width="0">
      <note print-object="no">
        <rest/>
        <duration>8</duration>
        <voice>1</voice>
      </note>
    </measure>
    <!--=======================================================-->
    <measure number="8" width="0">
      <note print-object="no">
        <rest/>
        <duration>8</duration>
        <voice>1</voice>
      </note>
    </measure>
    <!--=======================================================-->
    <measure number="9" width="127">
      <direction directive="yes" placement="above">
        <direction-type>
          <words default-y="21" font-size="12" font-weight="bold">Amoroso</words>
        </direction-type>
      </direction>
      <note default-x="25">
        <pitch>
          <step>D</step>
          <octave>4</octave>
        </pitch>
        <duration>4</duration>
        <voice>1</voice>
        <type>quarter</type>
        <stem default-y="-50">down</stem>
        <lyric default-y="-93" number="1">
          <syllabic>begin</syllabic>
          <text>M'ai</text>
        </lyric>
      </note>
      <note default-x="76">
        <pitch>
          <step>E</step>
          <octave>4</octave>
        </pitch>
        <duration>4</duration>
        <voice>1</voice>
        <type>quarter</type>
        <stem default-y="-45.5">down</stem>
        <lyric default-y="-93" number="1">
          <syllabic>middle</syllabic>
          <text>mes</text>
        </lyric>
      </note>
    </measure>
    <!--=======================================================-->
    <measure number="10" width="82">
      <note default-x="15">
        <pitch>
          <step>D</step>
          <octave>4</octave>
        </pitch>
        <duration>4</duration>
        <voice>1</voice>
        <type>quarter</type>
        <stem default-y="-50">down</stem>
        <lyric default-y="-93" number="1">
          <syllabic>end</syllabic>
          <text>tu</text>
        </lyric>
      </note>
      <note default-x="48">
        <rest/>
        <duration>4</duration>
        <voice>1</voice>
        <type>quarter</type>
      </note>
    </measure>
    <!--=======================================================-->
    <measure number="11" width="95">
      <attributes>
        <measure-style>
          <multiple-rest>2</multiple-rest>
        </measure-style>
      </attributes>
      <note print-object="no">
        <rest/>
        <duration>8</duration>
        <voice>1</voice>
      </note>
    </measure>
    <!--=======================================================-->
    <measure number="12" width="0">
      <note print-object="no">
        <rest/>
        <duration>8</duration>
        <voice>1</voice>
      </note>
    </measure>
    <!--=======================================================-->
    <measure number="13" width="119">
      <note default-x="24">
        <pitch>
          <step>D</step>
          <octave>4</octave>
        </pitch>
        <duration>4</duration>
        <voice>1</voice>
        <type>quarter</type>
        <stem default-y="-50">down</stem>
        <lyric default-y="-93" number="1">
          <syllabic>begin</syllabic>
          <text>m'ai</text>
        </lyric>
      </note>
      <note default-x="71">
        <pitch>
          <step>E</step>
          <octave>4</octave>
        </pitch>
        <duration>4</duration>
        <voice>1</voice>
        <type>quarter</type>
        <stem default-y="-45.5">down</stem>
        <lyric default-y="-93" number="1">
          <syllabic>middle</syllabic>
          <text>mes</text>
        </lyric>
      </note>
    </measure>
    <!--=======================================================-->
    <measure number="14" width="82">
      <note default-x="15">
        <pitch>
          <step>D</step>
          <octave>4</octave>
        </pitch>
        <duration>4</duration>
        <voice>1</voice>
        <type>quarter</type>
        <stem default-y="-50">down</stem>
        <lyric default-y="-93" number="1">
          <syllabic>end</syllabic>
          <text>tu</text>
        </lyric>
      </note>
      <note default-x="48">
        <rest/>
        <duration>4</duration>
        <voice>1</voice>
        <type>quarter</type>
      </note>
    </measure>
    <!--=======================================================-->
    <measure number="15" width="95">
      <attributes>
        <measure-style>
          <multiple-rest>2</multiple-rest>
        </measure-style>
      </attributes>
      <note print-object="no">
        <rest/>
        <duration>8</duration>
        <voice>1</voice>
      </note>
    </measure>
    <!--=======================================================-->
    <measure number="16" width="0">
      <note print-object="no">
        <rest/>
        <duration>8</duration>
        <voice>1</voice>
      </note>
    </measure>
    <!--=======================================================-->
    <measure number="17" width="98">
      <note default-x="16">
        <pitch>
          <step>B</step>
          <octave>3</octave>
        </pitch>
        <duration>4</duration>
        <voice>1</voice>
        <type>quarter</type>
        <stem default-y="11">up</stem>
        <lyric default-y="-93" number="1">
          <syllabic>single</syllabic>
          <text>je</text>
        </lyric>
      </note>
      <note default-x="40">
        <grace/>
        <pitch>
          <step>A</step>
          <octave>3</octave>
        </pitch>
        <voice>1</voice>
        <type>eighth</type>
        <stem default-y="-9">up</stem>
        <notations>
          <slur number="1" placement="below" type="start"/>
        </notations>
      </note>
      <note default-x="66">
        <pitch>
          <step>G</step>
          <octave>3</octave>
        </pitch>
        <duration>4</duration>
        <voice>1</voice>
        <type>quarter</type>
        <stem default-y="0.5">up</stem>
        <notations>
          <slur number="1" type="stop"/>
        </notations>
        <lyric default-y="-93" number="1">
          <syllabic>single</syllabic>
          <text>n'ai</text>
        </lyric>
      </note>
    </measure>
    <!--=======================================================-->
    <measure number="18" width="153">
      <note default-x="25">
        <pitch>
          <step>B</step>
          <octave>3</octave>
        </pitch>
        <duration>1</duration>
        <voice>1</voice>
        <type>16th</type>
        <stem default-y="10">up</stem>
        <beam number="1">begin</beam>
        <beam number="2">begin</beam>
        <notations>
          <slur number="1" placement="below" type="start"/>
        </notations>
        <lyric default-y="-93" number="1">
          <syllabic>single</syllabic>
          <text>qu'un</text>
          <extend/>
        </lyric>
      </note>
      <note default-x="55">
        <pitch>
          <step>A</step>
          <octave>3</octave>
        </pitch>
        <duration>1</duration>
        <voice>1</voice>
        <type>16th</type>
        <stem default-y="5">up</stem>
        <beam number="1">end</beam>
        <beam number="2">end</beam>
        <notations>
          <slur number="1" type="stop"/>
        </notations>
      </note>
      <note default-x="76">
        <pitch>
          <step>G</step>
          <octave>3</octave>
        </pitch>
        <duration>1</duration>
        <voice>1</voice>
        <type>16th</type>
        <stem default-y="-5">up</stem>
        <beam number="1">begin</beam>
        <beam number="2">begin</beam>
        <notations>
          <slur number="1" placement="below" type="start"/>
        </notations>
        <lyric default-y="-93" number="1">
          <syllabic>begin</syllabic>
          <text>plai</text>
        </lyric>
      </note>
      <note default-x="96">
        <pitch>
          <step>F</step>
          <alter>1</alter>
          <octave>3</octave>
        </pitch>
        <duration>1</duration>
        <voice>1</voice>
        <type>16th</type>
        <stem default-y="-7">up</stem>
        <beam number="1">end</beam>
        <beam number="2">end</beam>
        <notations>
          <slur number="1" type="stop"/>
        </notations>
      </note>
      <note default-x="105">
        <grace/>
        <pitch>
          <step>F</step>
          <alter>1</alter>
          <octave>3</octave>
        </pitch>
        <voice>1</voice>
        <type>eighth</type>
        <stem default-y="-18.5">up</stem>
        <notations>
          <slur number="1" placement="below" type="start"/>
        </notations>
      </note>
      <note default-x="129">
        <pitch>
          <step>G</step>
          <octave>3</octave>
        </pitch>
        <duration>4</duration>
        <voice>1</voice>
        <type>quarter</type>
        <stem default-y="0.5">up</stem>
        <notations>
          <slur number="1" type="stop"/>
        </notations>
        <lyric default-y="-93" number="1">
          <syllabic>end</syllabic>
          <text>sir,</text>
        </lyric>
      </note>
    </measure>
  </part>
  <!--=========================================================-->
</score-partwise>
