<?xml version="1.0" encoding="UTF-8"?>
<!DOCTYPE score-partwise PUBLIC "-//Recordare//DTD MusicXML 2.0 Partwise//EN"
                                "http://www.musicxml.org/dtds/partwise.dtd">
<score-partwise version="2.0">
  <movement-title>[Symphonies. Hob I 55. Mi bémol majeur]. Adaptation pour piano</movement-title>
  <identification>
    <creator type="composer">Haydn, Joseph</creator>
    <encoding>
      <software>Finale 2010 for Windows</software>
      <software>Dolet Light for Finale 2010</software>
      <encoding-date>2011-09-15</encoding-date>
      <supports attribute="new-system" element="print" type="yes" value="yes"/>
      <supports attribute="new-page" element="print" type="yes" value="yes"/>
    </encoding>
  </identification>
  <defaults>
    <scaling>
      <millimeters>7.2319</millimeters>
      <tenths>40</tenths>
    </scaling>
    <page-layout>
      <page-height>1545</page-height>
      <page-width>1194</page-width>
      <page-margins type="both">
        <left-margin>70</left-margin>
        <right-margin>70</right-margin>
        <top-margin>87</top-margin>
        <bottom-margin>88</bottom-margin>
      </page-margins>
    </page-layout>
    <system-layout>
      <system-margins>
        <left-margin>70</left-margin>
        <right-margin>0</right-margin>
      </system-margins>
      <system-distance>274</system-distance>
      <top-system-distance>211</top-system-distance>
    </system-layout>
    <appearance>
      <line-width type="stem">0.7487</line-width>
      <line-width type="beam">5</line-width>
      <line-width type="staff">0.7487</line-width>
      <line-width type="light barline">0.7487</line-width>
      <line-width type="heavy barline">5</line-width>
      <line-width type="leger">0.7487</line-width>
      <line-width type="ending">1.4583</line-width>
      <line-width type="wedge">0.7487</line-width>
      <line-width type="enclosure">0.7487</line-width>
      <line-width type="tuplet bracket">0.7487</line-width>
      <note-size type="grace">60</note-size>
      <note-size type="cue">60</note-size>
    </appearance>
    <music-font font-family="Maestro" font-size="20.5"/>
    <word-font font-family="Times New Roman" font-size="10.25"/>
    <lyric-font font-family="Times New Roman" font-size="10.25" name="verse"/>
  </defaults>
  <credit page="1">
    <credit-words default-x="198" default-y="1415" font-size="12" font-weight="bold" halign="center" valign="top">NNB 42392217
MS-10005_0_0_1</credit-words>
  </credit>
  <credit page="1">
    <credit-words default-x="1124" default-y="1375" font-size="12" font-weight="bold" justify="right" valign="top" xml:lang="fr">Haydn, Joseph
[Symphonies. Hob I 55. Mi bémol majeur]. Adaptation pour piano                                  </credit-words>
  </credit>
  <credit page="1">
    <credit-words default-x="73" default-y="1248" font-size="12" valign="top">[Piano]</credit-words>
  </credit>
  <part-list>
    <score-part id="P1">
      <part-name print-object="no">MusicXML Part</part-name>
      <score-instrument id="P1-I54">
        <instrument-name>[Piano]</instrument-name>
      </score-instrument>
      <midi-instrument id="P1-I54">
        <midi-channel>1</midi-channel>
        <midi-program>1</midi-program>
        <volume>80</volume>
        <pan>0</pan>
      </midi-instrument>
    </score-part>
  </part-list>
  <!--=========================================================-->
  <part id="P1">
    <measure number="1" width="230">
      <print>
        <system-layout>
          <system-margins>
            <left-margin>126</left-margin>
            <right-margin>0</right-margin>
          </system-margins>
        </system-layout>
      </print>
      <attributes>
        <divisions>1</divisions>
        <key>
          <fifths>-3</fifths>
          <mode>major</mode>
        </key>
        <clef>
          <sign>G</sign>
          <line>2</line>
        </clef>
      </attributes>
      <sound tempo="120"/>
      <direction directive="yes" placement="above">
        <direction-type>
          <words default-y="37" font-size="12" font-weight="bold" relative-x="-85">Allegro di molto</words>
        </direction-type>
      </direction>
      <note default-x="98">
        <pitch>
          <step>E</step>
          <alter>-1</alter>
          <octave>5</octave>
        </pitch>
        <duration>1</duration>
        <voice>1</voice>
        <type>quarter</type>
        <stem default-y="-40.5">down</stem>
      </note>
      <note default-x="142">
        <pitch>
          <step>E</step>
          <alter>-1</alter>
          <octave>4</octave>
        </pitch>
        <duration>1</duration>
        <voice>1</voice>
        <type>quarter</type>
        <stem default-y="-4.5">up</stem>
      </note>
      <note default-x="185">
        <pitch>
          <step>E</step>
          <alter>-1</alter>
          <octave>4</octave>
        </pitch>
        <duration>1</duration>
        <voice>1</voice>
        <type>quarter</type>
        <stem default-y="-4.5">up</stem>
      </note>
    </measure>
    <!--=======================================================-->
    <measure number="2" width="146">
      <note default-x="13">
        <pitch>
          <step>E</step>
          <alter>-1</alter>
          <octave>4</octave>
        </pitch>
        <duration>1</duration>
        <voice>1</voice>
        <type>quarter</type>
        <stem default-y="-4.5">up</stem>
      </note>
      <note default-x="58">
        <rest/>
        <duration>1</duration>
        <voice>1</voice>
        <type>quarter</type>
      </note>
      <note default-x="101">
        <pitch>
          <step>G</step>
          <octave>4</octave>
        </pitch>
        <duration>1</duration>
        <voice>1</voice>
        <type>quarter</type>
        <stem default-y="5">up</stem>
      </note>
    </measure>
    <!--=======================================================-->
    <measure number="3" width="129">
      <note default-x="13">
        <pitch>
          <step>G</step>
          <octave>4</octave>
        </pitch>
        <duration>2</duration>
        <voice>1</voice>
        <type>half</type>
        <stem default-y="5">up</stem>
      </note>
      <note default-x="84">
        <pitch>
          <step>A</step>
          <alter>-1</alter>
          <octave>4</octave>
        </pitch>
        <duration>1</duration>
        <voice>1</voice>
        <type>quarter</type>
        <stem default-y="11">up</stem>
      </note>
    </measure>
    <!--=======================================================-->
    <measure number="4" width="146">
      <note default-x="14">
        <pitch>
          <step>G</step>
          <octave>4</octave>
        </pitch>
        <duration>1</duration>
        <voice>1</voice>
        <type>quarter</type>
        <stem default-y="5">up</stem>
      </note>
      <note default-x="57">
        <pitch>
          <step>F</step>
          <octave>4</octave>
        </pitch>
        <duration>1</duration>
        <voice>1</voice>
        <type>quarter</type>
        <stem default-y="0.5">up</stem>
      </note>
      <note default-x="101">
        <pitch>
          <step>G</step>
          <octave>4</octave>
        </pitch>
        <duration>1</duration>
        <voice>1</voice>
        <type>quarter</type>
        <stem default-y="5">up</stem>
      </note>
    </measure>
    <!--=======================================================-->
    <measure number="5" width="129">
      <note default-x="14">
        <pitch>
          <step>A</step>
          <alter>-1</alter>
          <octave>4</octave>
        </pitch>
        <duration>2</duration>
        <voice>1</voice>
        <type>half</type>
        <stem default-y="11">up</stem>
      </note>
      <note default-x="84">
        <pitch>
          <step>B</step>
          <alter>-1</alter>
          <octave>4</octave>
        </pitch>
        <duration>1</duration>
        <voice>1</voice>
        <type>quarter</type>
        <stem default-y="-55">down</stem>
      </note>
    </measure>
    <!--=======================================================-->
    <measure number="6" width="146">
      <note default-x="13">
        <pitch>
          <step>A</step>
          <alter>-1</alter>
          <octave>4</octave>
        </pitch>
        <duration>1</duration>
        <voice>1</voice>
        <type>quarter</type>
        <stem default-y="11">up</stem>
      </note>
      <note default-x="58">
        <pitch>
          <step>G</step>
          <octave>4</octave>
        </pitch>
        <duration>1</duration>
        <voice>1</voice>
        <type>quarter</type>
        <stem default-y="5">up</stem>
      </note>
      <forward>
        <duration>1</duration>
        <voice>1</voice>
      </forward>
    </measure>
  </part>
  <!--=========================================================-->
</score-partwise>
