<?xml version="1.0" encoding="UTF-8"?>
<!DOCTYPE score-partwise PUBLIC "-//Recordare//DTD MusicXML 2.0 Partwise//EN"
                                "http://www.musicxml.org/dtds/partwise.dtd">
<score-partwise version="2.0">
  <movement-title>[Aux mânes de la Gironde. RH 636]. Récitatif</movement-title>
  <identification>
    <creator type="composer">Gossec, François-Joseph</creator>
    <encoding>
      <software>Finale 2010 for Windows</software>
      <software>Dolet Light for Finale 2010</software>
      <encoding-date>2012-07-12</encoding-date>
      <supports attribute="new-system" element="print" type="yes" value="yes"/>
      <supports attribute="new-page" element="print" type="yes" value="yes"/>
    </encoding>
  </identification>
  <defaults>
    <scaling>
      <millimeters>7.2319</millimeters>
      <tenths>40</tenths>
    </scaling>
    <page-layout>
      <page-height>1545</page-height>
      <page-width>1194</page-width>
      <page-margins type="both">
        <left-margin>70</left-margin>
        <right-margin>70</right-margin>
        <top-margin>87</top-margin>
        <bottom-margin>88</bottom-margin>
      </page-margins>
    </page-layout>
    <system-layout>
      <system-margins>
        <left-margin>70</left-margin>
        <right-margin>0</right-margin>
      </system-margins>
      <system-distance>274</system-distance>
      <top-system-distance>211</top-system-distance>
    </system-layout>
    <appearance>
      <line-width type="stem">0.7487</line-width>
      <line-width type="beam">5</line-width>
      <line-width type="staff">0.7487</line-width>
      <line-width type="light barline">0.7487</line-width>
      <line-width type="heavy barline">5</line-width>
      <line-width type="leger">0.7487</line-width>
      <line-width type="ending">1.4583</line-width>
      <line-width type="wedge">0.7487</line-width>
      <line-width type="enclosure">0.7487</line-width>
      <line-width type="tuplet bracket">0.7487</line-width>
      <note-size type="grace">60</note-size>
      <note-size type="cue">60</note-size>
    </appearance>
    <music-font font-family="Maestro" font-size="20.5"/>
    <word-font font-family="Times New Roman" font-size="10.25"/>
    <lyric-font font-family="Times New Roman" font-size="10.25" name="verse"/>
  </defaults>
  <credit page="1">
    <credit-words default-x="218" default-y="1390" font-size="12" font-weight="bold" halign="center" valign="top">NNB 41040398
MS-1460_0_0_1</credit-words>
  </credit>
  <credit page="1">
    <credit-words default-x="1125" default-y="1369" font-size="12" font-weight="bold" justify="right" valign="top" xml:lang="fr">Gossec, François-Joseph
[Aux mânes de la Gironde. RH 636]
Récitatif  </credit-words>
  </credit>
  <part-list>
    <score-part id="P1">
      <part-name print-object="no">MusicXML Part</part-name>
      <score-instrument id="P1-I37">
        <instrument-name/>
      </score-instrument>
      <midi-instrument id="P1-I37">
        <midi-channel>1</midi-channel>
        <midi-program>1</midi-program>
        <volume>80</volume>
        <pan>0</pan>
      </midi-instrument>
    </score-part>
  </part-list>
  <!--=========================================================-->
  <part id="P1">
    <measure number="1" width="331">
      <print>
        <system-layout>
          <system-margins>
            <left-margin>0</left-margin>
            <right-margin>0</right-margin>
          </system-margins>
        </system-layout>
      </print>
      <attributes>
        <divisions>4</divisions>
        <key>
          <fifths>-3</fifths>
          <mode>major</mode>
        </key>
        <time>
          <beats>2</beats>
          <beat-type>4</beat-type>
        </time>
        <clef>
          <sign>C</sign>
          <line>4</line>
        </clef>
        <measure-style>
          <multiple-rest>7</multiple-rest>
        </measure-style>
      </attributes>
      <sound tempo="120"/>
      <note print-object="no">
        <rest/>
        <duration>8</duration>
        <voice>1</voice>
      </note>
    </measure>
    <!--=======================================================-->
    <measure number="2" width="0">
      <note print-object="no">
        <rest/>
        <duration>8</duration>
        <voice>1</voice>
      </note>
    </measure>
    <!--=======================================================-->
    <measure number="3" width="0">
      <note print-object="no">
        <rest/>
        <duration>8</duration>
        <voice>1</voice>
      </note>
    </measure>
    <!--=======================================================-->
    <measure number="4" width="0">
      <note print-object="no">
        <rest/>
        <duration>8</duration>
        <voice>1</voice>
      </note>
    </measure>
    <!--=======================================================-->
    <measure number="5" width="0">
      <note print-object="no">
        <rest/>
        <duration>8</duration>
        <voice>1</voice>
      </note>
    </measure>
    <!--=======================================================-->
    <measure number="6" width="0">
      <note print-object="no">
        <rest/>
        <duration>8</duration>
        <voice>1</voice>
      </note>
    </measure>
    <!--=======================================================-->
    <measure number="7" width="0">
      <note print-object="no">
        <rest/>
        <duration>8</duration>
        <voice>1</voice>
      </note>
      <barline location="right">
        <bar-style>light-light</bar-style>
      </barline>
    </measure>
    <!--=======================================================-->
    <measure number="8" width="482">
      <attributes>
        <time symbol="common">
          <beats>4</beats>
          <beat-type>4</beat-type>
        </time>
      </attributes>
      <note default-x="51">
        <rest/>
        <duration>4</duration>
        <voice>1</voice>
        <type>quarter</type>
      </note>
      <note default-x="132">
        <rest/>
        <duration>2</duration>
        <voice>1</voice>
        <type>eighth</type>
      </note>
      <note default-x="182">
        <pitch>
          <step>G</step>
          <octave>3</octave>
        </pitch>
        <duration>2</duration>
        <voice>1</voice>
        <type>eighth</type>
        <stem default-y="11">up</stem>
        <lyric default-y="-93" number="1">
          <syllabic>begin</syllabic>
          <text>Par</text>
        </lyric>
      </note>
      <note default-x="236">
        <pitch>
          <step>E</step>
          <octave>3</octave>
        </pitch>
        <duration>2</duration>
        <voice>1</voice>
        <type>eighth</type>
        <accidental>natural</accidental>
        <stem default-y="0.5">up</stem>
        <lyric default-y="-93" number="1">
          <syllabic>end</syllabic>
          <text>mi</text>
        </lyric>
      </note>
      <note default-x="289">
        <pitch>
          <step>E</step>
          <octave>3</octave>
        </pitch>
        <duration>1</duration>
        <voice>1</voice>
        <type>16th</type>
        <stem default-y="0.5">up</stem>
        <lyric default-y="-93" number="1">
          <syllabic>single</syllabic>
          <text>ces</text>
        </lyric>
      </note>
      <note default-x="323">
        <pitch>
          <step>E</step>
          <octave>3</octave>
        </pitch>
        <duration>1</duration>
        <voice>1</voice>
        <type>16th</type>
        <stem default-y="0.5">up</stem>
        <lyric default-y="-93" number="1">
          <syllabic>begin</syllabic>
          <text>fu</text>
        </lyric>
      </note>
      <note default-x="358">
        <pitch>
          <step>E</step>
          <octave>3</octave>
        </pitch>
        <duration>2</duration>
        <voice>1</voice>
        <type>eighth</type>
        <stem default-y="0.5">up</stem>
        <lyric default-y="-93" number="1">
          <syllabic>middle</syllabic>
          <text>nè</text>
        </lyric>
      </note>
      <note default-x="411">
        <pitch>
          <step>E</step>
          <octave>3</octave>
        </pitch>
        <duration>1</duration>
        <voice>1</voice>
        <type>16th</type>
        <stem default-y="0.5">up</stem>
        <lyric default-y="-93" number="1">
          <syllabic>end</syllabic>
          <text>bres</text>
        </lyric>
      </note>
      <note default-x="447">
        <pitch>
          <step>F</step>
          <octave>3</octave>
        </pitch>
        <duration>1</duration>
        <voice>1</voice>
        <type>16th</type>
        <stem default-y="5">up</stem>
        <lyric default-y="-93" number="1">
          <syllabic>begin</syllabic>
          <text>ap</text>
        </lyric>
      </note>
    </measure>
    <!--=======================================================-->
    <measure number="9" width="241">
      <note default-x="26">
        <pitch>
          <step>G</step>
          <octave>3</octave>
        </pitch>
        <duration>4</duration>
        <voice>1</voice>
        <type>quarter</type>
        <stem default-y="11">up</stem>
        <lyric default-y="-93" number="1">
          <syllabic>end</syllabic>
          <text>prêts</text>
        </lyric>
      </note>
      <forward>
        <duration>4</duration>
        <voice>1</voice>
      </forward>
      <forward>
        <duration>4</duration>
        <voice>1</voice>
      </forward>
      <forward>
        <duration>4</duration>
        <voice>1</voice>
      </forward>
      <barline location="right">
        <bar-style>none</bar-style>
      </barline>
    </measure>
  </part>
  <!--=========================================================-->
</score-partwise>
