<?xml version="1.0" encoding="UTF-8"?>
<!DOCTYPE score-partwise PUBLIC "-//Recordare//DTD MusicXML 2.0 Partwise//EN"
                                "http://www.musicxml.org/dtds/partwise.dtd">
<score-partwise version="2.0">
  <movement-title>[Symphonie concertante du Ballet de Mirza. B 90 (1786)]</movement-title>
  <identification>
    <creator type="composer">Gossec, François-Joseph</creator>
    <encoding>
      <software>Finale 2010 for Windows</software>
      <software>Dolet Light for Finale 2010</software>
      <encoding-date>2011-12-07</encoding-date>
      <supports attribute="new-system" element="print" type="yes" value="yes"/>
      <supports attribute="new-page" element="print" type="yes" value="yes"/>
    </encoding>
  </identification>
  <defaults>
    <scaling>
      <millimeters>7.2319</millimeters>
      <tenths>40</tenths>
    </scaling>
    <page-layout>
      <page-height>1545</page-height>
      <page-width>1194</page-width>
      <page-margins type="both">
        <left-margin>6</left-margin>
        <right-margin>70</right-margin>
        <top-margin>87</top-margin>
        <bottom-margin>88</bottom-margin>
      </page-margins>
    </page-layout>
    <system-layout>
      <system-margins>
        <left-margin>70</left-margin>
        <right-margin>0</right-margin>
      </system-margins>
      <system-distance>274</system-distance>
      <top-system-distance>211</top-system-distance>
    </system-layout>
    <appearance>
      <line-width type="stem">0.7487</line-width>
      <line-width type="beam">5</line-width>
      <line-width type="staff">0.7487</line-width>
      <line-width type="light barline">0.7487</line-width>
      <line-width type="heavy barline">5</line-width>
      <line-width type="leger">0.7487</line-width>
      <line-width type="ending">1.4583</line-width>
      <line-width type="wedge">0.7487</line-width>
      <line-width type="enclosure">0.7487</line-width>
      <line-width type="tuplet bracket">0.7487</line-width>
      <note-size type="grace">60</note-size>
      <note-size type="cue">60</note-size>
    </appearance>
    <music-font font-family="Maestro" font-size="20.5"/>
    <word-font font-family="Times New Roman" font-size="10.25"/>
    <lyric-font font-family="Times New Roman" font-size="10.25" name="verse"/>
  </defaults>
  <credit page="1">
    <credit-words default-x="162" default-y="1415" font-size="12" font-weight="bold" halign="center" valign="top">NNB 41007147
MS-1479_0_0_3</credit-words>
  </credit>
  <credit page="1">
    <credit-words default-x="1125" default-y="1369" font-size="12" font-weight="bold" justify="right" valign="top" xml:lang="fr">Gossec, François-Joseph
[Symphonie concertante du Ballet de Mirza. B 90 (1786)] </credit-words>
  </credit>
  <credit page="1">
    <credit-words default-x="19" default-y="1240" font-size="12" valign="top">Violon I</credit-words>
  </credit>
  <part-list>
    <score-part id="P1">
      <part-name print-object="no">MusicXML Part</part-name>
      <score-instrument id="P1-I76">
        <instrument-name>Violon I</instrument-name>
      </score-instrument>
      <midi-instrument id="P1-I76">
        <midi-channel>1</midi-channel>
        <midi-program>41</midi-program>
        <volume>80</volume>
        <pan>0</pan>
      </midi-instrument>
    </score-part>
  </part-list>
  <!--=========================================================-->
  <part id="P1">
    <measure number="1" width="256">
      <print>
        <system-layout>
          <system-margins>
            <left-margin>95</left-margin>
            <right-margin>0</right-margin>
          </system-margins>
        </system-layout>
      </print>
      <attributes>
        <divisions>2</divisions>
        <key>
          <fifths>2</fifths>
          <mode>major</mode>
        </key>
        <time>
          <beats>2</beats>
          <beat-type>4</beat-type>
        </time>
        <clef>
          <sign>G</sign>
          <line>2</line>
        </clef>
      </attributes>
      <sound tempo="120"/>
      <note default-x="124">
        <pitch>
          <step>A</step>
          <octave>5</octave>
        </pitch>
        <duration>1</duration>
        <voice>1</voice>
        <type>eighth</type>
        <stem default-y="-35">down</stem>
        <beam number="1">begin</beam>
        <notations>
          <slur number="1" placement="above" type="start"/>
        </notations>
      </note>
      <note default-x="157">
        <pitch>
          <step>F</step>
          <alter>1</alter>
          <octave>5</octave>
        </pitch>
        <duration>1</duration>
        <voice>1</voice>
        <type>eighth</type>
        <stem default-y="-38.5">down</stem>
        <beam number="1">continue</beam>
        <notations>
          <slur number="1" type="stop"/>
        </notations>
      </note>
      <note default-x="189">
        <pitch>
          <step>D</step>
          <octave>5</octave>
        </pitch>
        <duration>1</duration>
        <voice>1</voice>
        <type>eighth</type>
        <stem default-y="-42">down</stem>
        <beam number="1">continue</beam>
        <notations>
          <articulations>
            <staccato default-x="6" default-y="5" placement="above"/>
          </articulations>
        </notations>
      </note>
      <note default-x="222">
        <pitch>
          <step>D</step>
          <octave>5</octave>
        </pitch>
        <duration>1</duration>
        <voice>1</voice>
        <type>eighth</type>
        <stem default-y="-45.5">down</stem>
        <beam number="1">end</beam>
        <notations>
          <articulations>
            <staccato default-x="5" default-y="5" placement="above"/>
          </articulations>
        </notations>
      </note>
    </measure>
    <!--=======================================================-->
    <measure number="2" width="158">
      <note default-x="22">
        <grace/>
        <pitch>
          <step>D</step>
          <alter>1</alter>
          <octave>5</octave>
        </pitch>
        <voice>1</voice>
        <type>eighth</type>
        <accidental>sharp</accidental>
        <stem default-y="11">up</stem>
      </note>
      <note default-x="41">
        <pitch>
          <step>E</step>
          <octave>5</octave>
        </pitch>
        <duration>2</duration>
        <voice>1</voice>
        <type>quarter</type>
        <stem default-y="-40.5">down</stem>
      </note>
      <note default-x="93">
        <pitch>
          <step>A</step>
          <octave>4</octave>
        </pitch>
        <duration>1</duration>
        <voice>1</voice>
        <type>eighth</type>
        <stem default-y="11">up</stem>
      </note>
      <note default-x="125">
        <rest/>
        <duration>1</duration>
        <voice>1</voice>
        <type>eighth</type>
      </note>
    </measure>
    <!--=======================================================-->
    <measure number="3" width="148">
      <note default-x="16">
        <pitch>
          <step>A</step>
          <octave>5</octave>
        </pitch>
        <duration>1</duration>
        <voice>1</voice>
        <type>eighth</type>
        <stem default-y="-32">down</stem>
        <beam number="1">begin</beam>
        <notations>
          <slur number="1" placement="above" type="start"/>
        </notations>
      </note>
      <note default-x="49">
        <pitch>
          <step>F</step>
          <alter>1</alter>
          <octave>5</octave>
        </pitch>
        <duration>1</duration>
        <voice>1</voice>
        <type>eighth</type>
        <stem default-y="-35">down</stem>
        <beam number="1">continue</beam>
        <notations>
          <slur number="1" type="stop"/>
        </notations>
      </note>
      <note default-x="82">
        <pitch>
          <step>D</step>
          <octave>5</octave>
        </pitch>
        <duration>1</duration>
        <voice>1</voice>
        <type>eighth</type>
        <stem default-y="-38.5">down</stem>
        <beam number="1">continue</beam>
        <notations>
          <articulations>
            <staccato default-x="5" default-y="5" placement="above"/>
          </articulations>
        </notations>
      </note>
      <note default-x="115">
        <pitch>
          <step>D</step>
          <octave>5</octave>
        </pitch>
        <duration>1</duration>
        <voice>1</voice>
        <type>eighth</type>
        <stem default-y="-42">down</stem>
        <beam number="1">end</beam>
        <notations>
          <articulations>
            <staccato default-x="3" default-y="5" placement="above"/>
          </articulations>
        </notations>
      </note>
    </measure>
    <!--=======================================================-->
    <measure number="4" width="158">
      <note default-x="22">
        <grace/>
        <pitch>
          <step>D</step>
          <alter>1</alter>
          <octave>5</octave>
        </pitch>
        <voice>1</voice>
        <type>eighth</type>
        <accidental>sharp</accidental>
        <stem default-y="11">up</stem>
      </note>
      <note default-x="41">
        <pitch>
          <step>E</step>
          <octave>5</octave>
        </pitch>
        <duration>2</duration>
        <voice>1</voice>
        <type>quarter</type>
        <stem default-y="-40.5">down</stem>
      </note>
      <note default-x="93">
        <pitch>
          <step>A</step>
          <octave>4</octave>
        </pitch>
        <duration>1</duration>
        <voice>1</voice>
        <type>eighth</type>
        <stem default-y="11">up</stem>
      </note>
      <note default-x="125">
        <rest/>
        <duration>1</duration>
        <voice>1</voice>
        <type>eighth</type>
      </note>
    </measure>
    <!--=======================================================-->
    <measure number="5" width="145">
      <note default-x="13">
        <pitch>
          <step>C</step>
          <alter>1</alter>
          <octave>5</octave>
        </pitch>
        <duration>1</duration>
        <voice>1</voice>
        <type>eighth</type>
        <stem default-y="23.5">up</stem>
        <beam number="1">begin</beam>
        <notations>
          <slur number="1" placement="above" type="start"/>
        </notations>
      </note>
      <note default-x="46">
        <pitch>
          <step>D</step>
          <octave>5</octave>
        </pitch>
        <duration>1</duration>
        <voice>1</voice>
        <type>eighth</type>
        <stem default-y="25">up</stem>
        <beam number="1">continue</beam>
      </note>
      <note default-x="79">
        <pitch>
          <step>F</step>
          <alter>1</alter>
          <octave>5</octave>
        </pitch>
        <duration>1</duration>
        <voice>1</voice>
        <type>eighth</type>
        <stem default-y="27">up</stem>
        <beam number="1">continue</beam>
      </note>
      <note default-x="111">
        <pitch>
          <step>D</step>
          <octave>5</octave>
        </pitch>
        <duration>1</duration>
        <voice>1</voice>
        <type>eighth</type>
        <stem default-y="28">up</stem>
        <beam number="1">end</beam>
        <notations>
          <slur number="1" type="stop"/>
        </notations>
      </note>
    </measure>
    <!--=======================================================-->
    <measure number="6" width="158">
      <note default-x="26">
        <pitch>
          <step>A</step>
          <alter>1</alter>
          <octave>4</octave>
        </pitch>
        <duration>1</duration>
        <voice>1</voice>
        <type>eighth</type>
        <accidental>sharp</accidental>
        <stem default-y="19">up</stem>
        <beam number="1">begin</beam>
        <notations>
          <slur number="1" placement="above" type="start"/>
        </notations>
      </note>
      <note default-x="59">
        <pitch>
          <step>B</step>
          <octave>4</octave>
        </pitch>
        <duration>1</duration>
        <voice>1</voice>
        <type>eighth</type>
        <stem default-y="21">up</stem>
        <beam number="1">continue</beam>
      </note>
      <note default-x="92">
        <pitch>
          <step>E</step>
          <octave>5</octave>
        </pitch>
        <duration>1</duration>
        <voice>1</voice>
        <type>eighth</type>
        <stem default-y="23.5">up</stem>
        <beam number="1">continue</beam>
      </note>
      <note default-x="124">
        <pitch>
          <step>C</step>
          <alter>1</alter>
          <octave>5</octave>
        </pitch>
        <duration>1</duration>
        <voice>1</voice>
        <type>eighth</type>
        <stem default-y="25">up</stem>
        <beam number="1">end</beam>
        <notations>
          <slur number="1" type="stop"/>
        </notations>
      </note>
    </measure>
  </part>
  <!--=========================================================-->
</score-partwise>
