<?xml version="1.0" encoding="UTF-8"?><!DOCTYPE score-partwise PUBLIC "-//Recordare//DTD MusicXML 2.0 Partwise//EN"                                "http://www.musicxml.org/dtds/partwise.dtd"><score-partwise version="2.0">  <movement-title>[La naissance d'Osiris. RCT 48]</movement-title>  <identification>    <creator type="composer">Rameau, Jean-Philippe</creator>    <encoding>      <software>Finale 2011 for Macintosh</software>      <software>Dolet Light for Finale 2011</software>      <encoding-date>2013-11-18</encoding-date>      <supports attribute="new-system" element="print" type="yes" value="yes"/>      <supports attribute="new-page" element="print" type="yes" value="yes"/>    </encoding>  </identification>  <defaults>    <scaling>      <millimeters>7.2319</millimeters>      <tenths>40</tenths>    </scaling>    <page-layout>      <page-height>1642</page-height>      <page-width>1161</page-width>      <page-margins type="both">        <left-margin>70</left-margin>        <right-margin>70</right-margin>        <top-margin>88</top-margin>        <bottom-margin>88</bottom-margin>      </page-margins>    </page-layout>    <system-layout>      <system-margins>        <left-margin>0</left-margin>        <right-margin>0</right-margin>      </system-margins>      <system-distance>121</system-distance>      <top-system-distance>70</top-system-distance>    </system-layout>    <appearance>      <line-width type="stem">0.7487</line-width>      <line-width type="beam">5</line-width>      <line-width type="staff">0.7487</line-width>      <line-width type="light barline">0.7487</line-width>      <line-width type="heavy barline">5</line-width>      <line-width type="leger">0.7487</line-width>      <line-width type="ending">1.4583</line-width>      <line-width type="wedge">1.4583</line-width>      <line-width type="enclosure">0.7487</line-width>      <line-width type="tuplet bracket">0.7487</line-width>      <note-size type="grace">60</note-size>      <note-size type="cue">60</note-size>    </appearance>    <music-font font-family="Maestro" font-size="20.5"/>    <word-font font-family="Times New Roman" font-size="10.25"/>    <lyric-font font-family="Times New Roman" font-size="10.25" name="verse"/>  </defaults>  <credit page="1">    <credit-words default-x="1091" default-y="1472" font-size="12" font-weight="bold" justify="right" valign="top">Rameau, Jean-Philippe
[La naissance d'Osiris. RCT 48]</credit-words>  </credit>  <credit page="1">    <credit-words default-x="169" default-y="1467" font-size="12" font-weight="bold" valign="top">NNB 42020612
RES-206_0_0_1</credit-words>  </credit>  <part-list>    <score-part id="P1">      <part-name print-object="no">MusicXML Part</part-name>      <score-instrument id="P1-I17">        <instrument-name/>      </score-instrument>      <midi-instrument id="P1-I17">        <midi-channel>1</midi-channel>        <midi-program>53</midi-program>        <volume>80</volume>        <pan>0</pan>      </midi-instrument>    </score-part>  </part-list>  <!--=========================================================-->  <part id="P1">    <measure implicit="yes" number="0" width="176">      <print>        <system-layout>          <system-margins>            <left-margin>99</left-margin>            <right-margin>0</right-margin>          </system-margins>          <top-system-distance>211</top-system-distance>        </system-layout>        <measure-numbering>system</measure-numbering>      </print>      <attributes>        <divisions>2</divisions>        <key>          <fifths>-1</fifths>          <mode>major</mode>        </key>        <time>          <beats>6</beats>          <beat-type>8</beat-type>        </time>        <clef>          <sign>C</sign>          <line>3</line>        </clef>      </attributes>      <sound tempo="120"/>      <note>        <rest/>        <duration>1</duration>        <voice>1</voice>        <type>eighth</type>      </note>    </measure>    <!--=======================================================-->    <measure number="1" width="126">      <note>        <rest/>        <duration>6</duration>        <voice>1</voice>      </note>    </measure>    <!--=======================================================-->    <measure number="2" width="165">      <note default-x="14">        <rest/>        <duration>2</duration>        <voice>1</voice>        <type>quarter</type>      </note>      <note default-x="59">        <rest/>        <duration>1</duration>        <voice>1</voice>        <type>eighth</type>      </note>      <note default-x="87">        <rest/>        <duration>2</duration>        <voice>1</voice>        <type>quarter</type>      </note>      <note default-x="132">        <pitch>          <step>C</step>          <octave>4</octave>        </pitch>        <duration>1</duration>        <voice>1</voice>        <type>eighth</type>        <stem default-y="-55.5">down</stem>        <lyric default-y="-80" number="1">          <syllabic>begin</syllabic>          <text>Cou</text>        </lyric>      </note>    </measure>    <!--=======================================================-->    <measure number="3" width="315">      <note default-x="14">        <pitch>          <step>C</step>          <octave>4</octave>        </pitch>        <duration>1</duration>        <voice>1</voice>        <type>eighth</type>        <stem default-y="-55.5">down</stem>        <lyric default-y="-80" number="1">          <syllabic>end</syllabic>          <text>lez</text>        </lyric>      </note>      <note default-x="64">        <pitch>          <step>A</step>          <octave>3</octave>        </pitch>        <duration>1</duration>        <voice>1</voice>        <type>eighth</type>        <stem default-y="5.5">up</stem>        <lyric default-y="-80" number="1">          <syllabic>single</syllabic>          <text>jours</text>        </lyric>      </note>      <note default-x="114">        <pitch>          <step>B</step>          <alter>-1</alter>          <octave>3</octave>        </pitch>        <duration>1</duration>        <voice>1</voice>        <type>eighth</type>        <stem default-y="10.5">up</stem>        <lyric default-y="-80" number="1">          <syllabic>single</syllabic>          <text>de</text>        </lyric>      </note>      <note default-x="163">        <pitch>          <step>C</step>          <octave>4</octave>        </pitch>        <duration>1</duration>        <voice>1</voice>        <type>eighth</type>        <stem default-y="-55.5">down</stem>        <lyric default-y="-80" number="1">          <syllabic>single</syllabic>          <text>paix,</text>        </lyric>      </note>      <note default-x="216">        <pitch>          <step>D</step>          <octave>4</octave>        </pitch>        <duration>1</duration>        <voice>1</voice>        <type>eighth</type>        <stem default-y="-50">down</stem>        <lyric default-y="-80" number="1">          <syllabic>single</syllabic>          <text>jours</text>        </lyric>      </note>      <note default-x="268">        <pitch>          <step>E</step>          <octave>4</octave>        </pitch>        <duration>1</duration>        <voice>1</voice>        <type>eighth</type>        <stem default-y="-45">down</stem>        <lyric default-y="-80" number="1">          <syllabic>begin</syllabic>          <text>heu</text>        </lyric>      </note>    </measure>    <!--=======================================================-->    <measure number="4" width="139">      <note default-x="14">        <pitch>          <step>F</step>          <octave>4</octave>        </pitch>        <duration>3</duration>        <tie type="start"/>        <voice>1</voice>        <type>quarter</type>        <dot/>        <stem default-y="-40">down</stem>        <notations>          <tied type="start"/>        </notations>        <lyric default-y="-80" justify="left" number="1">          <syllabic>end</syllabic>          <text>reux,</text>          <extend/>        </lyric>      </note>      <note default-x="70">        <pitch>          <step>F</step>          <octave>4</octave>        </pitch>        <duration>2</duration>        <tie type="stop"/>        <voice>1</voice>        <type>quarter</type>        <stem default-y="-40">down</stem>        <notations>          <tied type="stop"/>        </notations>      </note>    </measure>  </part>  <!--=========================================================--></score-partwise>