<?xml version="1.0" encoding="UTF-8"?><!DOCTYPE score-partwise PUBLIC "-//Recordare//DTD MusicXML 2.0 Partwise//EN"                                "http://www.musicxml.org/dtds/partwise.dtd"><score-partwise version="2.0">  <movement-title>[L'agaçante. Clavecin. RCT 8.03c]. Arr. pour orchestre</movement-title>  <identification>    <creator type="composer">Rameau, Jean-Philippe</creator>    <encoding>      <software>Finale 2011 for Macintosh</software>      <software>Dolet Light for Finale 2011</software>      <encoding-date>2013-08-26</encoding-date>      <supports attribute="new-system" element="print" type="yes" value="yes"/>      <supports attribute="new-page" element="print" type="yes" value="yes"/>    </encoding>  </identification>  <defaults>    <scaling>      <millimeters>7.2319</millimeters>      <tenths>40</tenths>    </scaling>    <page-layout>      <page-height>1642</page-height>      <page-width>1161</page-width>      <page-margins type="both">        <left-margin>70</left-margin>        <right-margin>70</right-margin>        <top-margin>88</top-margin>        <bottom-margin>88</bottom-margin>      </page-margins>    </page-layout>    <system-layout>      <system-margins>        <left-margin>0</left-margin>        <right-margin>0</right-margin>      </system-margins>      <system-distance>121</system-distance>      <top-system-distance>70</top-system-distance>    </system-layout>    <appearance>      <line-width type="stem">0.7487</line-width>      <line-width type="beam">5</line-width>      <line-width type="staff">0.7487</line-width>      <line-width type="light barline">0.7487</line-width>      <line-width type="heavy barline">5</line-width>      <line-width type="leger">0.7487</line-width>      <line-width type="ending">1.4583</line-width>      <line-width type="wedge">1.4583</line-width>      <line-width type="enclosure">0.7487</line-width>      <line-width type="tuplet bracket">0.7487</line-width>      <note-size type="grace">60</note-size>      <note-size type="cue">60</note-size>    </appearance>    <music-font font-family="Maestro" font-size="20.5"/>    <word-font font-family="Times New Roman" font-size="10.25"/>  </defaults>  <credit page="1">    <credit-words default-x="1091" default-y="1505" font-size="12" font-weight="bold" justify="right" valign="top" xml:lang="fr">Rameau, Jean-Philippe
[L'agaçante. Clavecin. RCT 8.03c]. Arr. pour orchestre</credit-words>  </credit>  <credit page="1">    <credit-words default-x="169" default-y="1503" font-size="12" font-weight="bold" valign="top">NNB 40995426
RES-F-1049_1_0_1</credit-words>  </credit>  <part-list>    <score-part id="P1">      <part-name print-object="no">MusicXML Part</part-name>      <score-instrument id="P1-I17">        <instrument-name/>      </score-instrument>      <midi-instrument id="P1-I17">        <midi-channel>1</midi-channel>        <midi-program>49</midi-program>        <volume>80</volume>        <pan>0</pan>      </midi-instrument>    </score-part>  </part-list>  <!--=========================================================-->  <part id="P1">    <measure implicit="yes" number="0" width="167">      <print>        <system-layout>          <system-margins>            <left-margin>99</left-margin>            <right-margin>0</right-margin>          </system-margins>          <top-system-distance>211</top-system-distance>        </system-layout>        <measure-numbering>system</measure-numbering>      </print>      <attributes>        <divisions>4</divisions>        <key>          <fifths>1</fifths>          <mode>major</mode>        </key>        <time>          <beats>3</beats>          <beat-type>4</beat-type>        </time>        <clef>          <sign>G</sign>          <line>2</line>        </clef>      </attributes>      <sound tempo="120"/>      <note default-x="110">        <pitch>          <step>D</step>          <octave>5</octave>        </pitch>        <duration>2</duration>        <voice>1</voice>        <type>eighth</type>        <stem default-y="-45">down</stem>        <beam number="1">begin</beam>        <notations>          <articulations>            <staccatissimo default-x="4" default-y="8" placement="above"/>          </articulations>        </notations>      </note>      <note default-x="138">        <pitch>          <step>G</step>          <octave>5</octave>        </pitch>        <duration>2</duration>        <voice>1</voice>        <type>eighth</type>        <stem default-y="-40">down</stem>        <beam number="1">end</beam>        <notations>          <articulations>            <staccatissimo default-x="4" default-y="24" placement="above"/>          </articulations>        </notations>      </note>    </measure>    <!--=======================================================-->    <measure number="1" width="168">      <note default-x="14">        <pitch>          <step>G</step>          <octave>5</octave>        </pitch>        <duration>4</duration>        <voice>1</voice>        <type>quarter</type>        <stem default-y="-30">down</stem>        <notations>          <slur number="1" placement="above" type="start"/>        </notations>      </note>      <note default-x="58">        <pitch>          <step>F</step>          <alter>1</alter>          <octave>5</octave>        </pitch>        <duration>2</duration>        <voice>1</voice>        <type>eighth</type>        <stem default-y="-45">down</stem>        <beam number="1">begin</beam>        <notations>          <slur number="1" type="stop"/>        </notations>      </note>      <note default-x="85">        <pitch>          <step>E</step>          <octave>5</octave>        </pitch>        <duration>2</duration>        <voice>1</voice>        <type>eighth</type>        <stem default-y="-45">down</stem>        <beam number="1">continue</beam>        <notations>          <articulations>            <staccatissimo default-x="4" default-y="13" placement="above"/>          </articulations>        </notations>      </note>      <note default-x="113">        <pitch>          <step>D</step>          <octave>5</octave>        </pitch>        <duration>2</duration>        <voice>1</voice>        <type>eighth</type>        <stem default-y="-45">down</stem>        <beam number="1">continue</beam>        <notations>          <articulations>            <staccatissimo default-x="4" default-y="8" placement="above"/>          </articulations>        </notations>      </note>      <note default-x="140">        <pitch>          <step>B</step>          <octave>5</octave>        </pitch>        <duration>2</duration>        <voice>1</voice>        <type>eighth</type>        <stem default-y="-45">down</stem>        <beam number="1">end</beam>        <notations>          <articulations>            <staccatissimo default-x="4" default-y="33" placement="above"/>          </articulations>        </notations>      </note>    </measure>    <!--=======================================================-->    <measure number="2" width="171">      <note default-x="16">        <pitch>          <step>B</step>          <octave>5</octave>        </pitch>        <duration>4</duration>        <voice>1</voice>        <type>quarter</type>        <stem default-y="-20">down</stem>        <notations>          <slur number="1" placement="above" type="start"/>        </notations>      </note>      <note default-x="61">        <pitch>          <step>A</step>          <octave>5</octave>        </pitch>        <duration>2</duration>        <voice>1</voice>        <type>eighth</type>        <stem default-y="-35">down</stem>        <beam number="1">begin</beam>        <notations>          <slur number="1" type="stop"/>        </notations>      </note>      <note default-x="88">        <pitch>          <step>G</step>          <octave>5</octave>        </pitch>        <duration>2</duration>        <voice>1</voice>        <type>eighth</type>        <stem default-y="-35">down</stem>        <beam number="1">continue</beam>        <notations>          <articulations>            <staccatissimo default-x="4" default-y="24" placement="above"/>          </articulations>        </notations>      </note>      <note default-x="115">        <pitch>          <step>F</step>          <alter>1</alter>          <octave>5</octave>        </pitch>        <duration>2</duration>        <voice>1</voice>        <type>eighth</type>        <stem default-y="-35">down</stem>        <beam number="1">continue</beam>        <notations>          <articulations>            <staccatissimo default-x="4" default-y="19" placement="above"/>          </articulations>        </notations>      </note>      <note default-x="143">        <pitch>          <step>D</step>          <octave>6</octave>        </pitch>        <duration>2</duration>        <voice>1</voice>        <type>eighth</type>        <stem default-y="-35">down</stem>        <beam number="1">end</beam>        <notations>          <articulations>            <staccatissimo default-x="4" default-y="44" placement="above"/>          </articulations>        </notations>      </note>    </measure>    <!--=======================================================-->    <measure number="3" width="237">      <note default-x="16">        <pitch>          <step>D</step>          <octave>6</octave>        </pitch>        <duration>4</duration>        <voice>1</voice>        <type>quarter</type>        <stem default-y="-20">down</stem>        <notations>          <slur number="1" placement="above" type="start"/>        </notations>      </note>      <note default-x="72">        <pitch>          <step>C</step>          <octave>6</octave>        </pitch>        <duration>2</duration>        <voice>1</voice>        <type>eighth</type>        <stem default-y="-20">down</stem>        <beam number="1">begin</beam>        <notations>          <slur number="1" type="stop"/>        </notations>      </note>      <note default-x="107">        <pitch>          <step>B</step>          <octave>5</octave>        </pitch>        <duration>2</duration>        <voice>1</voice>        <type>eighth</type>        <stem default-y="-22">down</stem>        <beam number="1">end</beam>        <notations>          <articulations>            <staccatissimo default-x="4" default-y="33" placement="above"/>          </articulations>        </notations>      </note>      <note default-x="142">        <pitch>          <step>D</step>          <octave>6</octave>        </pitch>        <duration>1</duration>        <voice>1</voice>        <type>16th</type>        <stem default-y="-20">down</stem>        <beam number="1">begin</beam>        <beam number="2">begin</beam>        <notations>          <slur number="1" placement="above" type="start"/>        </notations>      </note>      <note default-x="166">        <pitch>          <step>C</step>          <octave>6</octave>        </pitch>        <duration>1</duration>        <voice>1</voice>        <type>16th</type>        <stem default-y="-21">down</stem>        <beam number="1">continue</beam>        <beam number="2">continue</beam>        <notations>          <slur number="1" type="stop"/>        </notations>      </note>      <note default-x="189">        <pitch>          <step>B</step>          <octave>5</octave>        </pitch>        <duration>1</duration>        <voice>1</voice>        <type>16th</type>        <stem default-y="-22">down</stem>        <beam number="1">continue</beam>        <beam number="2">continue</beam>        <notations>          <slur number="1" placement="above" type="start"/>        </notations>      </note>      <note default-x="213">        <pitch>          <step>A</step>          <octave>5</octave>        </pitch>        <duration>1</duration>        <voice>1</voice>        <type>16th</type>        <stem default-y="-22">down</stem>        <beam number="1">end</beam>        <beam number="2">end</beam>        <notations>          <slur number="1" type="stop"/>        </notations>      </note>    </measure>    <!--=======================================================-->    <measure number="4" width="179">      <note default-x="16">        <pitch>          <step>A</step>          <octave>5</octave>        </pitch>        <duration>4</duration>        <voice>1</voice>        <type>quarter</type>        <stem default-y="-25">down</stem>        <notations>          <slur number="1" placement="above" type="start"/>        </notations>      </note>      <note default-x="64">        <pitch>          <step>B</step>          <octave>5</octave>        </pitch>        <duration>2</duration>        <voice>1</voice>        <type>eighth</type>        <stem default-y="-20">down</stem>        <notations>          <slur number="1" type="stop"/>        </notations>      </note>      <note default-x="94">        <rest/>        <duration>2</duration>        <voice>1</voice>        <type>eighth</type>      </note>      <note default-x="113">        <grace/>        <pitch>          <step>A</step>          <octave>5</octave>        </pitch>        <voice>1</voice>        <type>eighth</type>        <stem default-y="31">up</stem>        <notations>          <slur number="1" placement="below" type="start"/>        </notations>      </note>      <note default-x="131">        <pitch>          <step>G</step>          <octave>5</octave>        </pitch>        <duration>4</duration>        <voice>1</voice>        <type>quarter</type>        <stem default-y="-30">down</stem>        <notations>          <slur number="1" type="stop"/>        </notations>      </note>    </measure>  </part>  <!--=========================================================--></score-partwise>