<?xml version="1.0" encoding="UTF-8"?><!DOCTYPE score-partwise PUBLIC "-//Recordare//DTD MusicXML 2.0 Partwise//EN"                                "http://www.musicxml.org/dtds/partwise.dtd"><score-partwise version="2.0">  <movement-title>[Quam dilecta. RCT 15]</movement-title>  <identification>    <creator type="composer">Rameau, Jean-Philippe</creator>    <encoding>      <software>Finale 2011 for Macintosh</software>      <software>Dolet Light for Finale 2011</software>      <encoding-date>2013-09-04</encoding-date>      <supports attribute="new-system" element="print" type="yes" value="yes"/>      <supports attribute="new-page" element="print" type="yes" value="yes"/>    </encoding>  </identification>  <defaults>    <scaling>      <millimeters>7.2319</millimeters>      <tenths>40</tenths>    </scaling>    <page-layout>      <page-height>1642</page-height>      <page-width>1161</page-width>      <page-margins type="both">        <left-margin>70</left-margin>        <right-margin>70</right-margin>        <top-margin>88</top-margin>        <bottom-margin>88</bottom-margin>      </page-margins>    </page-layout>    <system-layout>      <system-margins>        <left-margin>0</left-margin>        <right-margin>0</right-margin>      </system-margins>      <system-distance>121</system-distance>      <top-system-distance>70</top-system-distance>    </system-layout>    <appearance>      <line-width type="stem">0.7487</line-width>      <line-width type="beam">5</line-width>      <line-width type="staff">0.7487</line-width>      <line-width type="light barline">0.7487</line-width>      <line-width type="heavy barline">5</line-width>      <line-width type="leger">0.7487</line-width>      <line-width type="ending">1.4583</line-width>      <line-width type="wedge">1.4583</line-width>      <line-width type="enclosure">0.7487</line-width>      <line-width type="tuplet bracket">0.7487</line-width>      <note-size type="grace">60</note-size>      <note-size type="cue">60</note-size>    </appearance>    <music-font font-family="Maestro" font-size="20.5"/>    <word-font font-family="Times New Roman" font-size="10.25"/>    <lyric-font font-family="Times New Roman" font-size="10.25" name="verse"/>  </defaults>  <credit page="1">    <credit-words default-x="1091" default-y="1472" font-size="12" font-weight="bold" justify="right" valign="top">Rameau, Jean-Philippe
[Quam dilecta. RCT 15]</credit-words>  </credit>  <credit page="1">    <credit-words default-x="168" default-y="1473" font-size="12" font-weight="bold" valign="top">NNB 40961017
VM1-507_2_0_1</credit-words>  </credit>  <part-list>    <score-part id="P1">      <part-name print-object="no">MusicXML Part</part-name>      <score-instrument id="P1-I17">        <instrument-name/>      </score-instrument>      <midi-instrument id="P1-I17">        <midi-channel>1</midi-channel>        <midi-program>54</midi-program>        <volume>80</volume>        <pan>0</pan>      </midi-instrument>    </score-part>  </part-list>  <!--=========================================================-->  <part id="P1">    <measure number="1" width="225">      <print>        <system-layout>          <system-margins>            <left-margin>99</left-margin>            <right-margin>0</right-margin>          </system-margins>          <top-system-distance>211</top-system-distance>        </system-layout>        <measure-numbering>system</measure-numbering>      </print>      <attributes>        <divisions>4</divisions>        <key>          <fifths>2</fifths>          <mode>major</mode>        </key>        <time>          <beats>3</beats>          <beat-type>2</beat-type>        </time>        <clef>          <sign>G</sign>          <line>2</line>        </clef>        <measure-style>          <multiple-rest>46</multiple-rest>        </measure-style>      </attributes>      <sound tempo="120"/>      <direction directive="yes" placement="above">        <direction-type>          <words default-y="40" font-size="12" font-weight="bold">Tendrement</words>        </direction-type>      </direction>      <note>        <rest/>        <duration>24</duration>        <voice>1</voice>      </note>    </measure>    <!--=======================================================-->    <measure number="2" width="0">      <note>        <rest/>        <duration>24</duration>        <voice>1</voice>      </note>    </measure>    <!--=======================================================-->    <measure number="3" width="0">      <note>        <rest/>        <duration>24</duration>        <voice>1</voice>      </note>    </measure>    <!--=======================================================-->    <measure number="4" width="0">      <note>        <rest/>        <duration>24</duration>        <voice>1</voice>      </note>    </measure>    <!--=======================================================-->    <measure number="5" width="0">      <note>        <rest/>        <duration>24</duration>        <voice>1</voice>      </note>    </measure>    <!--=======================================================-->    <measure number="6" width="0">      <note>        <rest/>        <duration>24</duration>        <voice>1</voice>      </note>    </measure>    <!--=======================================================-->    <measure number="7" width="0">      <note>        <rest/>        <duration>24</duration>        <voice>1</voice>      </note>    </measure>    <!--=======================================================-->    <measure number="8" width="0">      <note>        <rest/>        <duration>24</duration>        <voice>1</voice>      </note>    </measure>    <!--=======================================================-->    <measure number="9" width="0">      <note>        <rest/>        <duration>24</duration>        <voice>1</voice>      </note>    </measure>    <!--=======================================================-->    <measure number="10" width="0">      <note>        <rest/>        <duration>24</duration>        <voice>1</voice>      </note>    </measure>    <!--=======================================================-->    <measure number="11" width="0">      <note>        <rest/>        <duration>24</duration>        <voice>1</voice>      </note>    </measure>    <!--=======================================================-->    <measure number="12" width="0">      <note>        <rest/>        <duration>24</duration>        <voice>1</voice>      </note>    </measure>    <!--=======================================================-->    <measure number="13" width="0">      <note>        <rest/>        <duration>24</duration>        <voice>1</voice>      </note>    </measure>    <!--=======================================================-->    <measure number="14" width="0">      <note>        <rest/>        <duration>24</duration>        <voice>1</voice>      </note>    </measure>    <!--=======================================================-->    <measure number="15" width="0">      <note>        <rest/>        <duration>24</duration>        <voice>1</voice>      </note>    </measure>    <!--=======================================================-->    <measure number="16" width="0">      <note>        <rest/>        <duration>24</duration>        <voice>1</voice>      </note>    </measure>    <!--=======================================================-->    <measure number="17" width="0">      <note>        <rest/>        <duration>24</duration>        <voice>1</voice>      </note>    </measure>    <!--=======================================================-->    <measure number="18" width="0">      <note>        <rest/>        <duration>24</duration>        <voice>1</voice>      </note>    </measure>    <!--=======================================================-->    <measure number="19" width="0">      <note>        <rest/>        <duration>24</duration>        <voice>1</voice>      </note>    </measure>    <!--=======================================================-->    <measure number="20" width="0">      <note>        <rest/>        <duration>24</duration>        <voice>1</voice>      </note>    </measure>    <!--=======================================================-->    <measure number="21" width="0">      <note>        <rest/>        <duration>24</duration>        <voice>1</voice>      </note>    </measure>    <!--=======================================================-->    <measure number="22" width="0">      <note>        <rest/>        <duration>24</duration>        <voice>1</voice>      </note>    </measure>    <!--=======================================================-->    <measure number="23" width="0">      <note>        <rest/>        <duration>24</duration>        <voice>1</voice>      </note>    </measure>    <!--=======================================================-->    <measure number="24" width="0">      <note>        <rest/>        <duration>24</duration>        <voice>1</voice>      </note>    </measure>    <!--=======================================================-->    <measure number="25" width="0">      <note>        <rest/>        <duration>24</duration>        <voice>1</voice>      </note>    </measure>    <!--=======================================================-->    <measure number="26" width="0">      <note>        <rest/>        <duration>24</duration>        <voice>1</voice>      </note>    </measure>    <!--=======================================================-->    <measure number="27" width="0">      <note>        <rest/>        <duration>24</duration>        <voice>1</voice>      </note>    </measure>    <!--=======================================================-->    <measure number="28" width="0">      <note>        <rest/>        <duration>24</duration>        <voice>1</voice>      </note>    </measure>    <!--=======================================================-->    <measure number="29" width="0">      <note>        <rest/>        <duration>24</duration>        <voice>1</voice>      </note>    </measure>    <!--=======================================================-->    <measure number="30" width="0">      <note>        <rest/>        <duration>24</duration>        <voice>1</voice>      </note>    </measure>    <!--=======================================================-->    <measure number="31" width="0">      <note>        <rest/>        <duration>24</duration>        <voice>1</voice>      </note>    </measure>    <!--=======================================================-->    <measure number="32" width="0">      <note>        <rest/>        <duration>24</duration>        <voice>1</voice>      </note>    </measure>    <!--=======================================================-->    <measure number="33" width="0">      <note>        <rest/>        <duration>24</duration>        <voice>1</voice>      </note>    </measure>    <!--=======================================================-->    <measure number="34" width="0">      <note>        <rest/>        <duration>24</duration>        <voice>1</voice>      </note>    </measure>    <!--=======================================================-->    <measure number="35" width="0">      <note>        <rest/>        <duration>24</duration>        <voice>1</voice>      </note>    </measure>    <!--=======================================================-->    <measure number="36" width="0">      <note>        <rest/>        <duration>24</duration>        <voice>1</voice>      </note>    </measure>    <!--=======================================================-->    <measure number="37" width="0">      <note>        <rest/>        <duration>24</duration>        <voice>1</voice>      </note>    </measure>    <!--=======================================================-->    <measure number="38" width="0">      <note>        <rest/>        <duration>24</duration>        <voice>1</voice>      </note>    </measure>    <!--=======================================================-->    <measure number="39" width="0">      <note>        <rest/>        <duration>24</duration>        <voice>1</voice>      </note>    </measure>    <!--=======================================================-->    <measure number="40" width="0">      <note>        <rest/>        <duration>24</duration>        <voice>1</voice>      </note>    </measure>    <!--=======================================================-->    <measure number="41" width="0">      <note>        <rest/>        <duration>24</duration>        <voice>1</voice>      </note>    </measure>    <!--=======================================================-->    <measure number="42" width="0">      <note>        <rest/>        <duration>24</duration>        <voice>1</voice>      </note>    </measure>    <!--=======================================================-->    <measure number="43" width="0">      <note>        <rest/>        <duration>24</duration>        <voice>1</voice>      </note>    </measure>    <!--=======================================================-->    <measure number="44" width="0">      <note>        <rest/>        <duration>24</duration>        <voice>1</voice>      </note>    </measure>    <!--=======================================================-->    <measure number="45" width="0">      <note>        <rest/>        <duration>24</duration>        <voice>1</voice>      </note>    </measure>    <!--=======================================================-->    <measure number="46" width="0">      <note>        <rest/>        <duration>24</duration>        <voice>1</voice>      </note>    </measure>    <!--=======================================================-->    <measure number="47" width="143">      <note default-x="14">        <rest/>        <duration>8</duration>        <voice>1</voice>        <type>half</type>      </note>      <note default-x="59">        <pitch>          <step>D</step>          <octave>5</octave>        </pitch>        <duration>12</duration>        <voice>1</voice>        <type>half</type>        <dot/>        <stem default-y="-45">down</stem>        <lyric default-y="-80" number="1">          <syllabic>single</syllabic>          <text>Quam</text>        </lyric>      </note>      <note default-x="116">        <pitch>          <step>E</step>          <octave>5</octave>        </pitch>        <duration>4</duration>        <voice>1</voice>        <type>quarter</type>        <stem default-y="-40">down</stem>        <lyric default-y="-80" number="1">          <syllabic>begin</syllabic>          <text>di</text>        </lyric>      </note>    </measure>    <!--=======================================================-->    <measure number="48" width="128">      <note default-x="13">        <pitch>          <step>F</step>          <alter>1</alter>          <octave>5</octave>        </pitch>        <duration>16</duration>        <voice>1</voice>        <type>whole</type>        <notations>          <slur number="1" placement="above" type="start"/>        </notations>        <lyric default-y="-80" number="1">          <syllabic>middle</syllabic>          <text>lec</text>        </lyric>      </note>      <note default-x="64">        <grace/>        <pitch>          <step>C</step>          <alter>1</alter>          <octave>5</octave>        </pitch>        <voice>1</voice>        <type>16th</type>        <stem default-y="6.5">up</stem>        <notations>          <slur number="1" type="stop"/>        </notations>      </note>      <note default-x="84">        <pitch>          <step>C</step>          <alter>1</alter>          <octave>5</octave>        </pitch>        <duration>8</duration>        <voice>1</voice>        <type>half</type>        <stem default-y="-50">down</stem>        <lyric default-y="-80" number="1">          <syllabic>end</syllabic>          <text>ta</text>        </lyric>      </note>    </measure>    <!--=======================================================-->    <measure number="49" width="146">      <note default-x="14">        <rest/>        <duration>8</duration>        <voice>1</voice>        <type>half</type>      </note>      <note default-x="58">        <pitch>          <step>F</step>          <alter>1</alter>          <octave>5</octave>        </pitch>        <duration>8</duration>        <voice>1</voice>        <type>half</type>        <stem default-y="-35.5">down</stem>        <lyric default-y="-80" number="1">          <syllabic>begin</syllabic>          <text>Ta</text>        </lyric>      </note>      <note default-x="102">        <pitch>          <step>E</step>          <octave>5</octave>        </pitch>        <duration>8</duration>        <voice>1</voice>        <type>half</type>        <stem default-y="-40">down</stem>        <lyric default-y="-80" number="1">          <syllabic>middle</syllabic>          <text>ber</text>        </lyric>      </note>    </measure>    <!--=======================================================-->    <measure number="50" width="142">      <note default-x="14">        <pitch>          <step>D</step>          <octave>5</octave>        </pitch>        <duration>12</duration>        <voice>1</voice>        <type>half</type>        <dot/>        <stem default-y="-45">down</stem>        <lyric default-y="-80" number="1">          <syllabic>middle</syllabic>          <text>na</text>        </lyric>      </note>      <note default-x="71">        <pitch>          <step>C</step>          <alter>1</alter>          <octave>5</octave>        </pitch>        <duration>4</duration>        <voice>1</voice>        <type>quarter</type>        <stem default-y="-50">down</stem>        <lyric default-y="-80" number="1">          <syllabic>middle</syllabic>          <text>cu</text>        </lyric>      </note>      <note default-x="99">        <pitch>          <step>B</step>          <octave>4</octave>        </pitch>        <duration>8</duration>        <voice>1</voice>        <type>half</type>        <stem default-y="-55.5">down</stem>        <lyric default-y="-80" number="1">          <syllabic>end</syllabic>          <text>la</text>        </lyric>      </note>    </measure>    <!--=======================================================-->    <measure number="51" width="137">      <note default-x="26">        <pitch>          <step>A</step>          <alter>1</alter>          <octave>4</octave>        </pitch>        <duration>16</duration>        <voice>1</voice>        <type>whole</type>        <accidental>sharp</accidental>        <notations>          <technical>            <stopped default-x="2" default-y="-45" placement="below"/>          </technical>        </notations>        <lyric default-y="-80" number="1">          <syllabic>begin</syllabic>          <text>tu</text>        </lyric>      </note>      <note default-x="95">        <pitch>          <step>B</step>          <octave>4</octave>        </pitch>        <duration>8</duration>        <voice>1</voice>        <type>half</type>        <stem default-y="-55.5">down</stem>        <lyric default-y="-80" number="1">          <syllabic>end</syllabic>          <text>a</text>        </lyric>      </note>    </measure>  </part>  <!--=========================================================--></score-partwise>