<?xml version="1.0" encoding="UTF-8"?><!DOCTYPE score-partwise PUBLIC "-//Recordare//DTD MusicXML 2.0 Partwise//EN"                                "http://www.musicxml.org/dtds/partwise.dtd"><score-partwise version="2.0">  <movement-title>[Io. RCT 45]</movement-title>  <identification>    <creator type="composer">Rameau, Jean-Philippe</creator>    <encoding>      <software>Finale 2011 for Macintosh</software>      <software>Dolet Light for Finale 2011</software>      <encoding-date>2013-08-14</encoding-date>      <supports attribute="new-system" element="print" type="yes" value="yes"/>      <supports attribute="new-page" element="print" type="yes" value="yes"/>    </encoding>  </identification>  <defaults>    <scaling>      <millimeters>7.1967</millimeters>      <tenths>40</tenths>    </scaling>    <page-layout>      <page-height>1651</page-height>      <page-width>1167</page-width>      <page-margins type="both">        <left-margin>70</left-margin>        <right-margin>70</right-margin>        <top-margin>88</top-margin>        <bottom-margin>88</bottom-margin>      </page-margins>    </page-layout>    <system-layout>      <system-margins>        <left-margin>0</left-margin>        <right-margin>0</right-margin>      </system-margins>      <system-distance>121</system-distance>      <top-system-distance>70</top-system-distance>    </system-layout>    <appearance>      <line-width type="stem">0.7487</line-width>      <line-width type="beam">5</line-width>      <line-width type="staff">0.7487</line-width>      <line-width type="light barline">0.7487</line-width>      <line-width type="heavy barline">5</line-width>      <line-width type="leger">0.7487</line-width>      <line-width type="ending">0.7487</line-width>      <line-width type="wedge">0.7487</line-width>      <line-width type="enclosure">0.7487</line-width>      <line-width type="tuplet bracket">0.7487</line-width>      <note-size type="grace">60</note-size>      <note-size type="cue">60</note-size>    </appearance>    <music-font font-family="Maestro" font-size="20.4"/>    <word-font font-family="Times New Roman" font-size="10.2"/>    <lyric-font font-family="Times New Roman" font-size="10.2" name="verse"/>  </defaults>  <credit page="1">    <credit-words default-x="1096" default-y="1468" font-size="12" font-weight="bold" justify="right" valign="top">Rameau, Jean-Philippe
[Io. RCT 45]</credit-words>  </credit>  <credit page="1">    <credit-words default-x="179" default-y="1469" font-size="12" font-weight="bold" valign="top">NNB 41032134
VM2-316_0_0_1</credit-words>  </credit>  <part-list>    <score-part id="P1">      <part-name>Mercure</part-name>      <score-instrument id="P1-I3">        <instrument-name>Mercure</instrument-name>      </score-instrument>      <midi-instrument id="P1-I3">        <midi-channel>1</midi-channel>        <midi-program>54</midi-program>        <volume>80</volume>        <pan>0</pan>      </midi-instrument>    </score-part>  </part-list>  <!--=========================================================-->  <part id="P1">    <measure number="1" width="380">      <print>        <system-layout>          <system-margins>            <left-margin>105</left-margin>            <right-margin>0</right-margin>          </system-margins>          <top-system-distance>211</top-system-distance>        </system-layout>        <measure-numbering>system</measure-numbering>      </print>      <attributes>        <divisions>4</divisions>        <key>          <fifths>0</fifths>          <mode>major</mode>        </key>        <time>          <beats>3</beats>          <beat-type>4</beat-type>        </time>        <clef>          <sign>C</sign>          <line>4</line>        </clef>      </attributes>      <sound tempo="120"/>      <note default-x="81">        <rest/>        <duration>4</duration>        <voice>1</voice>        <type>quarter</type>      </note>      <note default-x="140">        <rest/>        <duration>1</duration>        <voice>1</voice>        <type>16th</type>      </note>      <note default-x="166">        <pitch>          <step>C</step>          <octave>4</octave>        </pitch>        <duration>1</duration>        <voice>1</voice>        <type>16th</type>        <stem default-y="-45">down</stem>        <lyric default-y="-80" number="1">          <syllabic>single</syllabic>          <text>Dans</text>        </lyric>      </note>      <note default-x="207">        <pitch>          <step>C</step>          <octave>4</octave>        </pitch>        <duration>1</duration>        <voice>1</voice>        <type>16th</type>        <stem default-y="-45">down</stem>        <lyric default-y="-80" number="1">          <syllabic>single</syllabic>          <text>les</text>        </lyric>      </note>      <note default-x="243">        <pitch>          <step>C</step>          <octave>4</octave>        </pitch>        <duration>1</duration>        <voice>1</voice>        <type>16th</type>        <stem default-y="-45">down</stem>        <lyric default-y="-80" number="1">          <syllabic>begin</syllabic>          <text>jar</text>        </lyric>      </note>      <note default-x="282">        <pitch>          <step>D</step>          <octave>4</octave>        </pitch>        <duration>2</duration>        <voice>1</voice>        <type>eighth</type>        <stem default-y="-40">down</stem>        <lyric default-y="-80" number="1">          <syllabic>end</syllabic>          <text>dins</text>        </lyric>      </note>      <note default-x="334">        <pitch>          <step>E</step>          <octave>4</octave>        </pitch>        <duration>2</duration>        <voice>1</voice>        <type>eighth</type>        <stem default-y="-35">down</stem>        <lyric default-y="-80" number="1">          <syllabic>begin</syllabic>          <text>d'Hé</text>        </lyric>      </note>    </measure>    <!--=======================================================-->    <measure number="2" width="316">      <attributes>        <time symbol="cut">          <beats>2</beats>          <beat-type>2</beat-type>        </time>      </attributes>      <note default-x="44">        <grace/>        <pitch>          <step>E</step>          <octave>4</octave>        </pitch>        <voice>1</voice>        <type>eighth</type>        <stem default-y="21.5">up</stem>        <notations>          <slur number="1" placement="below" type="start"/>        </notations>      </note>      <note default-x="63">        <pitch>          <step>F</step>          <octave>4</octave>        </pitch>        <duration>4</duration>        <voice>1</voice>        <type>quarter</type>        <stem default-y="-30.5">down</stem>        <notations>          <slur number="1" type="stop"/>        </notations>        <lyric default-y="-80" number="1">          <syllabic>end</syllabic>          <text>bé</text>        </lyric>      </note>      <note default-x="111">        <pitch>          <step>F</step>          <octave>4</octave>        </pitch>        <duration>2</duration>        <voice>1</voice>        <type>eighth</type>        <stem default-y="-30.5">down</stem>        <lyric default-y="-80" number="1">          <syllabic>begin</syllabic>          <text>Ju</text>        </lyric>      </note>      <note default-x="144">        <pitch>          <step>F</step>          <octave>4</octave>        </pitch>        <duration>2</duration>        <voice>1</voice>        <type>eighth</type>        <stem default-y="-30.5">down</stem>        <lyric default-y="-80" justify="left" number="1">          <syllabic>end</syllabic>          <text>non</text>        </lyric>      </note>      <note default-x="179">        <grace/>        <pitch>          <step>E</step>          <octave>4</octave>        </pitch>        <voice>1</voice>        <type>eighth</type>        <stem default-y="21.5">up</stem>        <notations>          <slur number="1" placement="below" type="start"/>        </notations>      </note>      <note default-x="198">        <pitch>          <step>D</step>          <octave>4</octave>        </pitch>        <duration>4</duration>        <voice>1</voice>        <type>quarter</type>        <stem default-y="-40">down</stem>        <notations>          <slur number="1" type="stop"/>        </notations>        <lyric default-y="-80" number="1">          <syllabic>single</syllabic>          <text>vient</text>        </lyric>      </note>      <note default-x="249">        <pitch>          <step>C</step>          <octave>4</octave>        </pitch>        <duration>2</duration>        <voice>1</voice>        <type>eighth</type>        <stem default-y="-45">down</stem>        <lyric default-y="-80" number="1">          <syllabic>single</syllabic>          <text>de</text>        </lyric>      </note>      <note default-x="283">        <pitch>          <step>B</step>          <octave>3</octave>        </pitch>        <duration>2</duration>        <voice>1</voice>        <type>eighth</type>        <stem default-y="-50.5">down</stem>        <lyric default-y="-80" number="1">          <syllabic>single</syllabic>          <text>se</text>        </lyric>      </note>    </measure>    <!--=======================================================-->    <measure number="3" width="226">      <attributes>        <time>          <beats>3</beats>          <beat-type>4</beat-type>        </time>      </attributes>      <note default-x="45">        <grace/>        <pitch>          <step>B</step>          <octave>3</octave>        </pitch>        <voice>1</voice>        <type>eighth</type>        <stem default-y="6">up</stem>        <notations>          <slur number="1" placement="below" type="start"/>        </notations>        <lyric default-y="-80" number="1">          <syllabic>begin</syllabic>          <text>ren</text>        </lyric>      </note>      <note default-x="64">        <pitch>          <step>C</step>          <octave>4</octave>        </pitch>        <duration>2</duration>        <voice>1</voice>        <type>eighth</type>        <stem default-y="-45">down</stem>        <notations>          <slur number="1" type="stop"/>        </notations>      </note>      <note default-x="82">        <grace/>        <pitch>          <step>B</step>          <octave>3</octave>        </pitch>        <voice>1</voice>        <type>eighth</type>        <stem default-y="6">up</stem>        <notations>          <slur number="1" placement="below" type="start"/>        </notations>      </note>      <note default-x="100">        <pitch>          <step>A</step>          <octave>3</octave>        </pitch>        <duration>2</duration>        <voice>1</voice>        <type>eighth</type>        <stem default-y="-55.5">down</stem>        <notations>          <slur number="1" type="stop"/>        </notations>        <lyric default-y="-80" number="1">          <syllabic>end</syllabic>          <text>dre,</text>        </lyric>      </note>      <forward>        <duration>4</duration>        <voice>1</voice>      </forward>      <forward>        <duration>4</duration>        <voice>1</voice>      </forward>    </measure>  </part>  <!--=========================================================--></score-partwise>