<?xml version="1.0" encoding="UTF-8" standalone="no"?>
<!DOCTYPE score-partwise PUBLIC "-//Recordare//DTD MusicXML 3.0 Partwise//EN" "http://www.musicxml.org/dtds/partwise.dtd">
<score-partwise version="3.0">
  <identification>
    <encoding>
      <software>Finale 2014 for Mac</software>
      <software>Dolet Light for Finale 2014</software>
      <encoding-date>2014-06-30</encoding-date>
      <supports attribute="new-system" element="print" type="yes" value="yes"/>
      <supports attribute="new-page" element="print" type="yes" value="yes"/>
      <supports element="accidental" type="yes"/>
      <supports element="beam" type="yes"/>
      <supports element="stem" type="yes"/>
    </encoding>
  </identification>
  <defaults>
    <scaling>
      <millimeters>7.2319</millimeters>
      <tenths>40</tenths>
    </scaling>
    <page-layout>
      <page-height>1545</page-height>
      <page-width>1194</page-width>
      <page-margins type="both">
        <left-margin>70</left-margin>
        <right-margin>70</right-margin>
        <top-margin>88</top-margin>
        <bottom-margin>88</bottom-margin>
      </page-margins>
    </page-layout>
    <system-layout>
      <system-margins>
        <left-margin>0</left-margin>
        <right-margin>0</right-margin>
      </system-margins>
      <system-distance>121</system-distance>
      <top-system-distance>70</top-system-distance>
    </system-layout>
    <appearance>
      <line-width type="stem">0.7487</line-width>
      <line-width type="beam">5</line-width>
      <line-width type="staff">0.7487</line-width>
      <line-width type="light barline">0.7487</line-width>
      <line-width type="heavy barline">5</line-width>
      <line-width type="leger">0.7487</line-width>
      <line-width type="ending">0.7487</line-width>
      <line-width type="wedge">0.7487</line-width>
      <line-width type="enclosure">0.7487</line-width>
      <line-width type="tuplet bracket">0.7487</line-width>
      <note-size type="grace">60</note-size>
      <note-size type="cue">60</note-size>
      <distance type="hyphen">120</distance>
      <distance type="beam">8</distance>
    </appearance>
    <music-font font-family="Maestro,engraved" font-size="20.5"/>
    <word-font font-family="Times New Roman" font-size="10.25"/>
    <lyric-font font-family="Finale Lyrics" font-size="10.25"/>
  </defaults>
  <credit page="1">
    <credit-words default-x="70" default-y="1453" font-size="12" valign="top">Conducteur</credit-words>
  </credit>
  <part-list>
    <score-part id="P1">
      <part-name print-object="no">MusicXML Part</part-name>
      <score-instrument id="P1-I1">
        <instrument-name>MusicXML Default 1</instrument-name>
      </score-instrument>
      <midi-instrument id="P1-I1">
        <midi-channel>1</midi-channel>
        <midi-program>1</midi-program>
      </midi-instrument>
    </score-part>
  </part-list>
  <!--=========================================================-->
  <part id="P1">
    <measure number="1" width="202">
      <print>
        <system-layout>
          <system-margins>
            <left-margin>70</left-margin>
            <right-margin>0</right-margin>
          </system-margins>
          <top-system-distance>211</top-system-distance>
        </system-layout>
        <measure-numbering>system</measure-numbering>
      </print>
      <attributes>
        <divisions>2</divisions>
        <key>
          <fifths>0</fifths>
          <mode>major</mode>
        </key>
        <time symbol="cut">
          <beats>2</beats>
          <beat-type>2</beat-type>
        </time>
        <clef>
          <sign>C</sign>
          <line>1</line>
        </clef>
      </attributes>
      <sound tempo="120"/>
      <note default-x="81">
        <rest/>
        <duration>4</duration>
        <voice>1</voice>
        <type>half</type>
      </note>
      <note default-x="142">
        <pitch>
          <step>A</step>
          <octave>4</octave>
        </pitch>
        <duration>4</duration>
        <voice>1</voice>
        <type>half</type>
        <stem default-y="-50.5">down</stem>
        <lyric default-y="-80" number="1">
          <syllabic>begin</syllabic>
          <text>Heu</text>
        </lyric>
      </note>
    </measure>
    <!--=======================================================-->
    <measure number="2" width="132">
      <note default-x="14">
        <pitch>
          <step>A</step>
          <octave>4</octave>
        </pitch>
        <duration>4</duration>
        <voice>1</voice>
        <type>half</type>
        <stem default-y="-50.5">down</stem>
        <lyric default-y="-80" number="1">
          <syllabic>end</syllabic>
          <text>reux</text>
        </lyric>
      </note>
      <note default-x="73">
        <pitch>
          <step>D</step>
          <octave>4</octave>
        </pitch>
        <duration>4</duration>
        <voice>1</voice>
        <type>half</type>
        <stem default-y="0">up</stem>
        <lyric default-y="-80" number="1">
          <syllabic>single</syllabic>
          <text>de</text>
        </lyric>
      </note>
    </measure>
    <!--=======================================================-->
    <measure number="3" width="132">
      <note default-x="13">
        <pitch>
          <step>F</step>
          <octave>4</octave>
        </pitch>
        <duration>4</duration>
        <voice>1</voice>
        <type>half</type>
        <stem default-y="10.5">up</stem>
        <lyric default-y="-80" number="1">
          <syllabic>single</syllabic>
          <text>qui</text>
        </lyric>
      </note>
      <note default-x="72">
        <pitch>
          <step>G</step>
          <octave>4</octave>
        </pitch>
        <duration>4</duration>
        <voice>1</voice>
        <type>half</type>
        <stem default-y="-55">down</stem>
        <lyric default-y="-80" number="1">
          <syllabic>begin</syllabic>
          <text>l'a</text>
        </lyric>
      </note>
    </measure>
    <!--=======================================================-->
    <measure number="4" width="132">
      <note default-x="14">
        <pitch>
          <step>A</step>
          <octave>4</octave>
        </pitch>
        <duration>4</duration>
        <voice>1</voice>
        <type>half</type>
        <stem default-y="-50.5">down</stem>
        <lyric default-y="-80" number="1" relative-x="3">
          <syllabic>end</syllabic>
          <text>me</text>
          <elision> </elision>
          <syllabic>single</syllabic>
          <text>est</text>
        </lyric>
      </note>
      <note default-x="73">
        <pitch>
          <step>B</step>
          <alter>-1</alter>
          <octave>4</octave>
        </pitch>
        <duration>4</duration>
        <voice>1</voice>
        <type>half</type>
        <accidental>flat</accidental>
        <stem default-y="-45">down</stem>
        <lyric default-y="-80" number="1">
          <syllabic>begin</syllabic>
          <text>at</text>
        </lyric>
      </note>
    </measure>
    <!--=======================================================-->
    <measure number="5" width="110">
      <note default-x="13">
        <pitch>
          <step>G</step>
          <octave>4</octave>
        </pitch>
        <duration>8</duration>
        <voice>1</voice>
        <type>whole</type>
        <lyric default-y="-80" number="1">
          <syllabic>middle</syllabic>
          <text>tein</text>
        </lyric>
      </note>
    </measure>
    <!--=======================================================-->
    <measure number="6" width="132">
      <note default-x="14">
        <pitch>
          <step>F</step>
          <octave>4</octave>
        </pitch>
        <duration>4</duration>
        <voice>1</voice>
        <type>half</type>
        <stem default-y="10.5">up</stem>
        <lyric default-y="-80" number="1">
          <syllabic>end</syllabic>
          <text>te,</text>
        </lyric>
      </note>
      <note default-x="72">
        <pitch>
          <step>C</step>
          <octave>5</octave>
        </pitch>
        <duration>4</duration>
        <voice>1</voice>
        <type>half</type>
        <stem default-y="-40">down</stem>
        <lyric default-y="-80" number="1">
          <syllabic>begin</syllabic>
          <text>D'u</text>
        </lyric>
      </note>
    </measure>
    <!--=======================================================-->
    <measure number="7" width="144">
      <note default-x="25">
        <pitch>
          <step>B</step>
          <alter>-1</alter>
          <octave>4</octave>
        </pitch>
        <duration>4</duration>
        <voice>1</voice>
        <type>half</type>
        <accidental>flat</accidental>
        <stem default-y="-45">down</stem>
        <lyric default-y="-80" number="1">
          <syllabic>end</syllabic>
          <text>ne</text>
        </lyric>
      </note>
      <note default-x="84">
        <pitch>
          <step>A</step>
          <octave>4</octave>
        </pitch>
        <duration>4</duration>
        <voice>1</voice>
        <type>half</type>
        <stem default-y="-50.5">down</stem>
        <lyric default-y="-80" number="1">
          <syllabic>begin</syllabic>
          <text>pi</text>
        </lyric>
      </note>
    </measure>
    <!--=======================================================-->
    <measure number="8" width="183">
      <print new-system="yes">
        <system-layout>
          <system-distance>114</system-distance>
        </system-layout>
      </print>
      <note default-x="61">
        <pitch>
          <step>B</step>
          <alter>-1</alter>
          <octave>4</octave>
        </pitch>
        <duration>4</duration>
        <voice>1</voice>
        <type>half</type>
        <accidental>flat</accidental>
        <stem default-y="-45.5">down</stem>
        <lyric default-y="-80" number="1">
          <syllabic>end</syllabic>
          <text>tié</text>
        </lyric>
      </note>
      <note default-x="122">
        <pitch>
          <step>A</step>
          <octave>4</octave>
        </pitch>
        <duration>4</duration>
        <voice>1</voice>
        <type>half</type>
        <stem default-y="-50">down</stem>
        <lyric default-y="-80" number="1">
          <syllabic>single</syllabic>
          <text>sans</text>
        </lyric>
      </note>
    </measure>
    <!--=======================================================-->
    <measure number="9" width="111">
      <note default-x="13">
        <pitch>
          <step>D</step>
          <octave>5</octave>
        </pitch>
        <duration>8</duration>
        <voice>1</voice>
        <type>whole</type>
        <lyric default-y="-80" number="1">
          <syllabic>begin</syllabic>
          <text>fein</text>
        </lyric>
      </note>
    </measure>
    <!--=======================================================-->
    <measure number="10" width="148">
      <note default-x="26">
        <pitch>
          <step>C</step>
          <alter>1</alter>
          <octave>5</octave>
        </pitch>
        <duration>4</duration>
        <voice>1</voice>
        <type>half</type>
        <accidental>sharp</accidental>
        <stem default-y="-40">down</stem>
        <lyric default-y="-80" number="1">
          <syllabic>end</syllabic>
          <text>te</text>
          <elision> </elision>
          <syllabic>single</syllabic>
          <text>;</text>
        </lyric>
      </note>
      <note default-x="87">
        <pitch>
          <step>D</step>
          <octave>5</octave>
        </pitch>
        <duration>4</duration>
        <voice>1</voice>
        <type>half</type>
        <stem default-y="-35">down</stem>
        <lyric default-y="-80" number="1">
          <syllabic>single</syllabic>
          <text>Pour</text>
        </lyric>
      </note>
    </measure>
    <!--=======================================================-->
    <measure number="11" width="135">
      <note default-x="14">
        <pitch>
          <step>E</step>
          <octave>5</octave>
        </pitch>
        <duration>4</duration>
        <voice>1</voice>
        <type>half</type>
        <stem default-y="-30">down</stem>
        <lyric default-y="-80" number="1">
          <syllabic>single</syllabic>
          <text>ceux</text>
        </lyric>
      </note>
      <note default-x="74">
        <pitch>
          <step>G</step>
          <alter>1</alter>
          <octave>4</octave>
        </pitch>
        <duration>4</duration>
        <voice>1</voice>
        <type>half</type>
        <accidental>sharp</accidental>
        <stem default-y="-55">down</stem>
        <lyric default-y="-80" number="1">
          <syllabic>begin</syllabic>
          <text>qu'ac</text>
        </lyric>
      </note>
    </measure>
    <!--=======================================================-->
    <measure number="12" width="135">
      <note default-x="14">
        <pitch>
          <step>A</step>
          <octave>4</octave>
        </pitch>
        <duration>4</duration>
        <voice>1</voice>
        <type>half</type>
        <stem default-y="-50">down</stem>
        <lyric default-y="-80" number="1">
          <syllabic>middle</syllabic>
          <text>ca</text>
        </lyric>
      </note>
      <note default-x="74">
        <pitch>
          <step>B</step>
          <octave>4</octave>
        </pitch>
        <duration>4</duration>
        <voice>1</voice>
        <type>half</type>
        <stem default-y="-45.5">down</stem>
        <lyric default-y="-80" number="1">
          <syllabic>end</syllabic>
          <text>ble</text>
        </lyric>
      </note>
    </measure>
    <!--=======================================================-->
    <measure number="13" width="231">
      <note default-x="14">
        <pitch>
          <step>C</step>
          <octave>5</octave>
        </pitch>
        <duration>4</duration>
        <voice>1</voice>
        <type>half</type>
        <stem default-y="-40">down</stem>
        <notations>
          <slur number="1" placement="above" type="start"/>
        </notations>
        <lyric default-y="-80" number="1">
          <syllabic>single</syllabic>
          <text>la</text>
        </lyric>
      </note>
      <note default-x="74">
        <pitch>
          <step>B</step>
          <octave>4</octave>
        </pitch>
        <duration>8</duration>
        <voice>1</voice>
        <type>whole</type>
        <notations>
          <slur number="1" type="stop"/>
        </notations>
      </note>
      <note default-x="171">
        <pitch>
          <step>A</step>
          <octave>4</octave>
        </pitch>
        <duration>4</duration>
        <voice>1</voice>
        <type>half</type>
        <stem default-y="-50">down</stem>
        <lyric default-y="-80" number="1">
          <syllabic>begin</syllabic>
          <text>dou</text>
        </lyric>
      </note>
    </measure>
    <!--=======================================================-->
    <measure number="14" width="111">
      <note default-x="13">
        <pitch>
          <step>A</step>
          <octave>4</octave>
        </pitch>
        <duration>8</duration>
        <voice>1</voice>
        <type>whole</type>
        <lyric default-y="-80" number="1">
          <syllabic>end</syllabic>
          <text>leur</text>
          <elision> </elision>
          <syllabic>single</syllabic>
          <text>;</text>
        </lyric>
      </note>
    </measure>
    <!--=======================================================-->
    <measure number="15" width="149">
      <print new-system="yes">
        <system-layout>
          <system-distance>114</system-distance>
        </system-layout>
      </print>
      <note>
        <rest measure="yes"/>
        <duration>8</duration>
        <voice>1</voice>
      </note>
    </measure>
    <!--=======================================================-->
    <measure number="16" width="112">
      <note default-x="14">
        <pitch>
          <step>A</step>
          <octave>4</octave>
        </pitch>
        <duration>8</duration>
        <voice>1</voice>
        <type>whole</type>
        <lyric default-y="-80" number="1">
          <syllabic>single</syllabic>
          <text>Dieu</text>
        </lyric>
      </note>
    </measure>
    <!--=======================================================-->
    <measure number="17" width="136">
      <note default-x="14">
        <pitch>
          <step>C</step>
          <octave>5</octave>
        </pitch>
        <duration>4</duration>
        <voice>1</voice>
        <type>half</type>
        <stem default-y="-40.5">down</stem>
        <lyric default-y="-80" number="1">
          <syllabic>single</syllabic>
          <text>dont</text>
        </lyric>
      </note>
      <note default-x="75">
        <pitch>
          <step>D</step>
          <octave>5</octave>
        </pitch>
        <duration>4</duration>
        <voice>1</voice>
        <type>half</type>
        <stem default-y="-35">down</stem>
        <lyric default-y="-80" number="1">
          <syllabic>single</syllabic>
          <text>la</text>
        </lyric>
      </note>
    </measure>
    <!--=======================================================-->
    <measure number="18" width="136">
      <note default-x="14">
        <pitch>
          <step>C</step>
          <octave>5</octave>
        </pitch>
        <duration>4</duration>
        <voice>1</voice>
        <type>half</type>
        <stem default-y="-40.5">down</stem>
        <lyric default-y="-80" number="1">
          <syllabic>begin</syllabic>
          <text>re</text>
        </lyric>
      </note>
      <note default-x="75">
        <pitch>
          <step>C</step>
          <octave>5</octave>
        </pitch>
        <duration>4</duration>
        <voice>1</voice>
        <type>half</type>
        <stem default-y="-40.5">down</stem>
        <lyric default-y="-80" number="1">
          <syllabic>middle</syllabic>
          <text>com</text>
        </lyric>
      </note>
    </measure>
    <!--=======================================================-->
    <measure number="19" width="136">
      <note default-x="14">
        <pitch>
          <step>A</step>
          <octave>4</octave>
        </pitch>
        <duration>4</duration>
        <voice>1</voice>
        <type>half</type>
        <stem default-y="-50">down</stem>
        <lyric default-y="-80" number="1">
          <syllabic>middle</syllabic>
          <text>pen</text>
        </lyric>
      </note>
      <note default-x="75">
        <pitch>
          <step>G</step>
          <octave>4</octave>
        </pitch>
        <duration>4</duration>
        <voice>1</voice>
        <type>half</type>
        <stem default-y="-55">down</stem>
        <lyric default-y="-80" number="1">
          <syllabic>end</syllabic>
          <text>se</text>
          <elision> </elision>
          <syllabic>single</syllabic>
          <text>est</text>
        </lyric>
      </note>
    </measure>
    <!--=======================================================-->
    <measure number="20" width="136">
      <note default-x="14">
        <pitch>
          <step>A</step>
          <octave>4</octave>
        </pitch>
        <duration>4</duration>
        <voice>1</voice>
        <type>half</type>
        <stem default-y="-50">down</stem>
        <lyric default-y="-80" number="1">
          <syllabic>begin</syllabic>
          <text>tous</text>
        </lyric>
      </note>
      <note default-x="75">
        <pitch>
          <step>F</step>
          <octave>4</octave>
        </pitch>
        <duration>4</duration>
        <voice>1</voice>
        <type>half</type>
        <stem default-y="10">up</stem>
        <lyric default-y="-80" number="1">
          <syllabic>end</syllabic>
          <text>jours</text>
        </lyric>
      </note>
    </measure>
    <!--=======================================================-->
    <measure number="21" width="136">
      <note default-x="14">
        <pitch>
          <step>A</step>
          <octave>4</octave>
        </pitch>
        <duration>4</duration>
        <voice>1</voice>
        <type>half</type>
        <stem default-y="-50">down</stem>
        <lyric default-y="-80" number="1">
          <syllabic>single</syllabic>
          <text>sans</text>
        </lyric>
      </note>
      <note default-x="75">
        <pitch>
          <step>C</step>
          <octave>5</octave>
        </pitch>
        <duration>4</duration>
        <voice>1</voice>
        <type>half</type>
        <stem default-y="-40.5">down</stem>
        <lyric default-y="-80" number="1">
          <syllabic>begin</syllabic>
          <text>me</text>
        </lyric>
      </note>
    </measure>
    <!--=======================================================-->
    <measure number="22" width="113">
      <note default-x="14">
        <pitch>
          <step>B</step>
          <octave>4</octave>
        </pitch>
        <duration>8</duration>
        <voice>1</voice>
        <type>whole</type>
        <lyric default-y="-80" number="1">
          <syllabic>middle</syllabic>
          <text>su</text>
        </lyric>
      </note>
    </measure>
    <!--=======================================================-->
    <measure number="23" width="148">
      <print new-system="yes">
        <system-layout>
          <system-distance>114</system-distance>
        </system-layout>
      </print>
      <note default-x="50">
        <pitch>
          <step>C</step>
          <octave>5</octave>
        </pitch>
        <duration>8</duration>
        <voice>1</voice>
        <type>whole</type>
        <lyric default-y="-80" number="1">
          <syllabic>end</syllabic>
          <text>re,</text>
        </lyric>
      </note>
    </measure>
    <!--=======================================================-->
    <measure number="24" width="146">
      <note default-x="25">
        <pitch>
          <step>B</step>
          <alter>-1</alter>
          <octave>4</octave>
        </pitch>
        <duration>4</duration>
        <voice>1</voice>
        <type>half</type>
        <accidental>flat</accidental>
        <stem default-y="-45">down</stem>
        <lyric default-y="-80" number="1">
          <syllabic>single</syllabic>
          <text>De</text>
        </lyric>
      </note>
      <note default-x="86">
        <pitch>
          <step>C</step>
          <octave>5</octave>
        </pitch>
        <duration>4</duration>
        <voice>1</voice>
        <type>half</type>
        <stem default-y="-40">down</stem>
        <lyric default-y="-80" number="1">
          <syllabic>single</syllabic>
          <text>ses</text>
        </lyric>
      </note>
    </measure>
    <!--=======================================================-->
    <measure number="25" width="111">
      <note default-x="13">
        <pitch>
          <step>A</step>
          <octave>4</octave>
        </pitch>
        <duration>8</duration>
        <voice>1</voice>
        <type>whole</type>
        <lyric default-y="-80" number="1">
          <syllabic>single</syllabic>
          <text>soins</text>
        </lyric>
      </note>
    </measure>
    <!--=======================================================-->
    <measure number="26" width="134">
      <note default-x="14">
        <pitch>
          <step>B</step>
          <octave>4</octave>
        </pitch>
        <duration>4</duration>
        <voice>1</voice>
        <type>half</type>
        <stem default-y="-45">down</stem>
        <lyric default-y="-80" number="1">
          <syllabic>begin</syllabic>
          <text>a</text>
        </lyric>
      </note>
      <note default-x="74">
        <pitch>
          <step>C</step>
          <alter>1</alter>
          <octave>5</octave>
        </pitch>
        <duration>4</duration>
        <voice>1</voice>
        <type>half</type>
        <accidental>sharp</accidental>
        <stem default-y="-40">down</stem>
        <lyric default-y="-80" number="1">
          <syllabic>middle</syllabic>
          <text>mou</text>
        </lyric>
      </note>
    </measure>
    <!--=======================================================-->
    <measure number="27" width="134">
      <note default-x="14">
        <pitch>
          <step>D</step>
          <octave>5</octave>
        </pitch>
        <duration>4</duration>
        <voice>1</voice>
        <type>half</type>
        <stem default-y="-35.5">down</stem>
        <lyric default-y="-80" number="1">
          <syllabic>end</syllabic>
          <text>reux</text>
        </lyric>
      </note>
      <note default-x="74">
        <pitch>
          <step>C</step>
          <octave>5</octave>
        </pitch>
        <duration>4</duration>
        <voice>1</voice>
        <type>half</type>
        <stem default-y="-40">down</stem>
        <lyric default-y="-80" number="1">
          <syllabic>single</syllabic>
          <text>luy</text>
        </lyric>
      </note>
    </measure>
    <!--=======================================================-->
    <measure number="28" width="134">
      <note default-x="14">
        <pitch>
          <step>A</step>
          <octave>4</octave>
        </pitch>
        <duration>4</duration>
        <voice>1</voice>
        <type>half</type>
        <stem default-y="-50">down</stem>
        <lyric default-y="-80" number="1">
          <syllabic>begin</syllabic>
          <text>don</text>
        </lyric>
      </note>
      <note default-x="74">
        <pitch>
          <step>F</step>
          <octave>4</octave>
        </pitch>
        <duration>4</duration>
        <voice>1</voice>
        <type>half</type>
        <stem default-y="10">up</stem>
        <lyric default-y="-80" number="1">
          <syllabic>middle</syllabic>
          <text>ne</text>
        </lyric>
      </note>
    </measure>
    <!--=======================================================-->
    <measure number="29" width="134">
      <note default-x="14">
        <pitch>
          <step>G</step>
          <octave>4</octave>
        </pitch>
        <duration>4</duration>
        <voice>1</voice>
        <type>half</type>
        <stem default-y="-55.5">down</stem>
        <lyric default-y="-80" number="1">
          <syllabic>end</syllabic>
          <text>ra</text>
        </lyric>
      </note>
      <note default-x="74">
        <pitch>
          <step>A</step>
          <octave>4</octave>
        </pitch>
        <duration>4</duration>
        <voice>1</voice>
        <type>half</type>
        <stem default-y="-50">down</stem>
        <lyric default-y="-80" number="1">
          <syllabic>begin</syllabic>
          <text>l'u</text>
        </lyric>
      </note>
    </measure>
    <!--=======================================================-->
    <measure number="30" width="112">
      <note default-x="13">
        <pitch>
          <step>G</step>
          <octave>4</octave>
        </pitch>
        <duration>8</duration>
        <voice>1</voice>
        <type>whole</type>
        <lyric default-y="-80" number="1">
          <syllabic>middle</syllabic>
          <text>su</text>
        </lyric>
      </note>
    </measure>
    <!--=======================================================-->
    <measure number="31" width="183">
      <print new-system="yes">
        <system-layout>
          <system-distance>114</system-distance>
        </system-layout>
      </print>
      <note default-x="50">
        <pitch>
          <step>F</step>
          <octave>4</octave>
        </pitch>
        <duration>8</duration>
        <voice>1</voice>
        <type>whole</type>
        <lyric default-y="-80" number="1">
          <syllabic>end</syllabic>
          <text>re,</text>
        </lyric>
      </note>
    </measure>
    <!--=======================================================-->
    <measure number="32" width="180">
      <note default-x="14">
        <rest/>
        <duration>4</duration>
        <voice>1</voice>
        <type>half</type>
      </note>
      <note default-x="97">
        <pitch>
          <step>B</step>
          <alter>-1</alter>
          <octave>4</octave>
        </pitch>
        <duration>4</duration>
        <voice>1</voice>
        <type>half</type>
        <accidental>flat</accidental>
        <stem default-y="-45">down</stem>
        <lyric default-y="-80" number="1">
          <syllabic>single</syllabic>
          <text>S'il</text>
        </lyric>
      </note>
    </measure>
    <!--=======================================================-->
    <measure number="33" width="178">
      <note default-x="14">
        <pitch>
          <step>G</step>
          <octave>4</octave>
        </pitch>
        <duration>4</duration>
        <voice>1</voice>
        <type>half</type>
        <stem default-y="-55.5">down</stem>
        <lyric default-y="-80" number="1">
          <syllabic>begin</syllabic>
          <text>tom</text>
        </lyric>
      </note>
      <note default-x="96">
        <pitch>
          <step>G</step>
          <octave>4</octave>
        </pitch>
        <duration>4</duration>
        <voice>1</voice>
        <type>half</type>
        <stem default-y="-55.5">down</stem>
        <lyric default-y="-80" number="1">
          <syllabic>end</syllabic>
          <text>be</text>
          <elision> </elision>
          <syllabic>single</syllabic>
          <text>en</text>
        </lyric>
      </note>
    </measure>
    <!--=======================================================-->
    <measure number="34" width="178">
      <note default-x="14">
        <pitch>
          <step>A</step>
          <octave>4</octave>
        </pitch>
        <duration>4</duration>
        <voice>1</voice>
        <type>half</type>
        <stem default-y="-50">down</stem>
        <lyric default-y="-80" number="1">
          <syllabic>begin</syllabic>
          <text>sem</text>
        </lyric>
      </note>
      <note default-x="96">
        <pitch>
          <step>F</step>
          <octave>4</octave>
        </pitch>
        <duration>4</duration>
        <voice>1</voice>
        <type>half</type>
        <stem default-y="10.5">up</stem>
        <lyric default-y="-80" number="1">
          <syllabic>middle</syllabic>
          <text>bla</text>
        </lyric>
      </note>
    </measure>
    <!--=======================================================-->
    <measure number="35" width="177">
      <note default-x="13">
        <pitch>
          <step>E</step>
          <octave>4</octave>
        </pitch>
        <duration>4</duration>
        <voice>1</voice>
        <type>half</type>
        <stem default-y="5.5">up</stem>
        <lyric default-y="-80" number="1">
          <syllabic>end</syllabic>
          <text>ble</text>
        </lyric>
      </note>
      <note default-x="95">
        <pitch>
          <step>D</step>
          <octave>4</octave>
        </pitch>
        <duration>4</duration>
        <voice>1</voice>
        <type>half</type>
        <stem default-y="1">up</stem>
        <lyric default-y="-80" number="1">
          <syllabic>begin</syllabic>
          <text>mal</text>
        </lyric>
      </note>
    </measure>
    <!--=======================================================-->
    <measure number="36" width="157">
      <note default-x="13">
        <pitch>
          <step>D</step>
          <octave>4</octave>
        </pitch>
        <duration>8</duration>
        <voice>1</voice>
        <type>whole</type>
        <lyric default-y="-80" number="1">
          <syllabic>end</syllabic>
          <text>heur.</text>
        </lyric>
      </note>
      <barline location="right">
        <bar-style>light-heavy</bar-style>
      </barline>
    </measure>
  </part>
  <!--=========================================================-->
</score-partwise>
