<?xml version="1.0" encoding="UTF-8" standalone="no"?>
<!DOCTYPE score-partwise PUBLIC "-//Recordare//DTD MusicXML 3.0 Partwise//EN" "http://www.musicxml.org/dtds/partwise.dtd">
<score-partwise version="3.0">
  <identification>
    <encoding>
      <software>Finale 2014 for Mac</software>
      <software>Dolet Light for Finale 2014</software>
      <encoding-date>2014-06-30</encoding-date>
      <supports attribute="new-system" element="print" type="yes" value="yes"/>
      <supports attribute="new-page" element="print" type="yes" value="yes"/>
      <supports element="accidental" type="yes"/>
      <supports element="beam" type="yes"/>
      <supports element="stem" type="yes"/>
    </encoding>
  </identification>
  <defaults>
    <scaling>
      <millimeters>7.2319</millimeters>
      <tenths>40</tenths>
    </scaling>
    <page-layout>
      <page-height>1545</page-height>
      <page-width>1194</page-width>
      <page-margins type="both">
        <left-margin>70</left-margin>
        <right-margin>70</right-margin>
        <top-margin>88</top-margin>
        <bottom-margin>88</bottom-margin>
      </page-margins>
    </page-layout>
    <system-layout>
      <system-margins>
        <left-margin>0</left-margin>
        <right-margin>0</right-margin>
      </system-margins>
      <system-distance>121</system-distance>
      <top-system-distance>70</top-system-distance>
    </system-layout>
    <appearance>
      <line-width type="stem">0.7487</line-width>
      <line-width type="beam">5</line-width>
      <line-width type="staff">0.7487</line-width>
      <line-width type="light barline">0.7487</line-width>
      <line-width type="heavy barline">5</line-width>
      <line-width type="leger">0.7487</line-width>
      <line-width type="ending">0.7487</line-width>
      <line-width type="wedge">0.7487</line-width>
      <line-width type="enclosure">0.7487</line-width>
      <line-width type="tuplet bracket">0.7487</line-width>
      <note-size type="grace">60</note-size>
      <note-size type="cue">60</note-size>
      <distance type="hyphen">120</distance>
      <distance type="beam">8</distance>
    </appearance>
    <music-font font-family="Maestro,engraved" font-size="20.5"/>
    <word-font font-family="Times New Roman" font-size="10.25"/>
    <lyric-font font-family="Finale Lyrics" font-size="10.25"/>
  </defaults>
  <credit page="1">
    <credit-words default-x="70" default-y="1453" font-size="12" valign="top">Conducteur</credit-words>
  </credit>
  <part-list>
    <score-part id="P1">
      <part-name print-object="no">MusicXML Part</part-name>
      <score-instrument id="P1-I1">
        <instrument-name>MusicXML Default 1</instrument-name>
      </score-instrument>
      <midi-instrument id="P1-I1">
        <midi-channel>1</midi-channel>
        <midi-program>1</midi-program>
      </midi-instrument>
    </score-part>
  </part-list>
  <!--=========================================================-->
  <part id="P1">
    <measure number="1" width="180">
      <print>
        <system-layout>
          <system-margins>
            <left-margin>70</left-margin>
            <right-margin>0</right-margin>
          </system-margins>
          <top-system-distance>211</top-system-distance>
        </system-layout>
        <measure-numbering>system</measure-numbering>
      </print>
      <attributes>
        <divisions>2</divisions>
        <key>
          <fifths>0</fifths>
          <mode>major</mode>
        </key>
        <time symbol="cut">
          <beats>2</beats>
          <beat-type>2</beat-type>
        </time>
        <clef>
          <sign>C</sign>
          <line>1</line>
        </clef>
      </attributes>
      <sound tempo="120"/>
      <note default-x="81">
        <pitch>
          <step>F</step>
          <octave>4</octave>
        </pitch>
        <duration>8</duration>
        <voice>1</voice>
        <type>whole</type>
        <lyric default-y="-80" number="1">
          <syllabic>single</syllabic>
          <text>Dieu,</text>
        </lyric>
      </note>
    </measure>
    <!--=======================================================-->
    <measure number="2" width="135">
      <note default-x="13">
        <pitch>
          <step>D</step>
          <octave>4</octave>
        </pitch>
        <duration>4</duration>
        <voice>1</voice>
        <type>half</type>
        <stem default-y="0">up</stem>
        <lyric default-y="-80" number="1">
          <syllabic>single</syllabic>
          <text>qui</text>
        </lyric>
      </note>
      <note default-x="74">
        <pitch>
          <step>A</step>
          <octave>4</octave>
        </pitch>
        <duration>4</duration>
        <voice>1</voice>
        <type>half</type>
        <stem default-y="-50.5">down</stem>
        <lyric default-y="-80" number="1">
          <syllabic>single</syllabic>
          <text>du</text>
        </lyric>
      </note>
    </measure>
    <!--=======================================================-->
    <measure number="3" width="135">
      <note default-x="14">
        <pitch>
          <step>A</step>
          <octave>4</octave>
        </pitch>
        <duration>4</duration>
        <voice>1</voice>
        <type>half</type>
        <stem default-y="-50.5">down</stem>
        <lyric default-y="-80" number="1">
          <syllabic>single</syllabic>
          <text>haut</text>
        </lyric>
      </note>
      <note default-x="74">
        <pitch>
          <step>D</step>
          <octave>5</octave>
        </pitch>
        <duration>4</duration>
        <voice>1</voice>
        <type>half</type>
        <stem default-y="-35">down</stem>
        <lyric default-y="-80" number="1">
          <syllabic>single</syllabic>
          <text>des</text>
        </lyric>
      </note>
    </measure>
    <!--=======================================================-->
    <measure number="4" width="125">
      <note default-x="26">
        <pitch>
          <step>C</step>
          <alter>1</alter>
          <octave>5</octave>
        </pitch>
        <duration>8</duration>
        <voice>1</voice>
        <type>whole</type>
        <accidental>sharp</accidental>
        <lyric default-y="-80" number="1">
          <syllabic>single</syllabic>
          <text>Cieux,</text>
        </lyric>
      </note>
    </measure>
    <!--=======================================================-->
    <measure number="5" width="137">
      <note default-x="14">
        <rest/>
        <duration>4</duration>
        <voice>1</voice>
        <type>half</type>
      </note>
      <note default-x="76">
        <pitch>
          <step>D</step>
          <octave>5</octave>
        </pitch>
        <duration>4</duration>
        <voice>1</voice>
        <type>half</type>
        <stem default-y="-35">down</stem>
        <lyric default-y="-80" number="1">
          <syllabic>begin</syllabic>
          <text>con</text>
        </lyric>
      </note>
    </measure>
    <!--=======================================================-->
    <measure number="6" width="135">
      <note default-x="14">
        <pitch>
          <step>E</step>
          <octave>5</octave>
        </pitch>
        <duration>4</duration>
        <voice>1</voice>
        <type>half</type>
        <stem default-y="-30.5">down</stem>
        <lyric default-y="-80" number="1">
          <syllabic>end</syllabic>
          <text>nois</text>
        </lyric>
      </note>
      <note default-x="74">
        <pitch>
          <step>B</step>
          <octave>4</octave>
        </pitch>
        <duration>4</duration>
        <voice>1</voice>
        <type>half</type>
        <stem default-y="-45">down</stem>
        <lyric default-y="-80" number="1">
          <syllabic>single</syllabic>
          <text>ce</text>
        </lyric>
      </note>
    </measure>
    <!--=======================================================-->
    <measure number="7" width="135">
      <note default-x="14">
        <pitch>
          <step>B</step>
          <octave>4</octave>
        </pitch>
        <duration>4</duration>
        <voice>1</voice>
        <type>half</type>
        <stem default-y="-45">down</stem>
        <lyric default-y="-80" number="1">
          <syllabic>single</syllabic>
          <text>que</text>
        </lyric>
      </note>
      <note default-x="74">
        <pitch>
          <step>C</step>
          <octave>5</octave>
        </pitch>
        <duration>4</duration>
        <voice>1</voice>
        <type>half</type>
        <stem default-y="-40">down</stem>
        <lyric default-y="-80" number="1">
          <syllabic>single</syllabic>
          <text>je</text>
        </lyric>
      </note>
    </measure>
    <!--=======================================================-->
    <measure number="8" width="145">
      <print new-system="yes">
        <system-layout>
          <system-distance>114</system-distance>
        </system-layout>
      </print>
      <note default-x="50">
        <pitch>
          <step>B</step>
          <octave>4</octave>
        </pitch>
        <duration>8</duration>
        <voice>1</voice>
        <type>whole</type>
        <lyric default-y="-80" number="1">
          <syllabic>begin</syllabic>
          <text>souf</text>
        </lyric>
      </note>
    </measure>
    <!--=======================================================-->
    <measure number="9" width="122">
      <note default-x="27">
        <pitch>
          <step>G</step>
          <alter>1</alter>
          <octave>4</octave>
        </pitch>
        <duration>8</duration>
        <voice>1</voice>
        <type>whole</type>
        <accidental>sharp</accidental>
        <lyric default-y="-80" number="1">
          <syllabic>end</syllabic>
          <text>fre,</text>
        </lyric>
      </note>
    </measure>
    <!--=======================================================-->
    <measure number="10" width="132">
      <note default-x="14">
        <rest/>
        <duration>4</duration>
        <voice>1</voice>
        <type>half</type>
      </note>
      <note default-x="74">
        <pitch>
          <step>A</step>
          <octave>4</octave>
        </pitch>
        <duration>4</duration>
        <voice>1</voice>
        <type>half</type>
        <stem default-y="-50">down</stem>
        <lyric default-y="-80" number="1">
          <syllabic>single</syllabic>
          <text>Qui</text>
        </lyric>
      </note>
    </measure>
    <!--=======================================================-->
    <measure number="11" width="131">
      <note default-x="14">
        <pitch>
          <step>A</step>
          <octave>4</octave>
        </pitch>
        <duration>4</duration>
        <voice>1</voice>
        <type>half</type>
        <stem default-y="-50">down</stem>
        <lyric default-y="-80" number="1">
          <syllabic>single</syllabic>
          <text>vois</text>
        </lyric>
      </note>
      <note default-x="72">
        <pitch>
          <step>C</step>
          <octave>5</octave>
        </pitch>
        <duration>4</duration>
        <voice>1</voice>
        <type>half</type>
        <stem default-y="-40">down</stem>
        <lyric default-y="-80" number="1">
          <syllabic>single</syllabic>
          <text>que</text>
        </lyric>
      </note>
    </measure>
    <!--=======================================================-->
    <measure number="12" width="131">
      <note default-x="14">
        <pitch>
          <step>G</step>
          <octave>4</octave>
        </pitch>
        <duration>4</duration>
        <voice>1</voice>
        <type>half</type>
        <stem default-y="-55">down</stem>
        <lyric default-y="-80" number="1">
          <syllabic>single</syllabic>
          <text>je</text>
        </lyric>
      </note>
      <note default-x="72">
        <pitch>
          <step>G</step>
          <octave>4</octave>
        </pitch>
        <duration>4</duration>
        <voice>1</voice>
        <type>half</type>
        <stem default-y="-55">down</stem>
        <lyric default-y="-80" number="1">
          <syllabic>single</syllabic>
          <text>suis</text>
        </lyric>
      </note>
    </measure>
    <!--=======================================================-->
    <measure number="13" width="131">
      <note default-x="14">
        <pitch>
          <step>G</step>
          <octave>4</octave>
        </pitch>
        <duration>4</duration>
        <voice>1</voice>
        <type>half</type>
        <stem default-y="-55">down</stem>
        <lyric default-y="-80" number="1">
          <syllabic>single</syllabic>
          <text>prest</text>
        </lyric>
      </note>
      <note default-x="72">
        <pitch>
          <step>A</step>
          <octave>4</octave>
        </pitch>
        <duration>4</duration>
        <voice>1</voice>
        <type>half</type>
        <stem default-y="-50">down</stem>
        <lyric default-y="-80" number="1">
          <syllabic>single</syllabic>
          <text>de</text>
        </lyric>
      </note>
    </measure>
    <!--=======================================================-->
    <measure number="14" width="131">
      <note default-x="13">
        <pitch>
          <step>D</step>
          <octave>4</octave>
        </pitch>
        <duration>4</duration>
        <voice>1</voice>
        <type>half</type>
        <stem default-y="0.5">up</stem>
        <lyric default-y="-80" number="1">
          <syllabic>begin</syllabic>
          <text>tom</text>
        </lyric>
      </note>
      <note default-x="72">
        <pitch>
          <step>C</step>
          <alter>1</alter>
          <octave>4</octave>
        </pitch>
        <duration>4</duration>
        <voice>1</voice>
        <type>half</type>
        <accidental>sharp</accidental>
        <stem default-y="-4.5">up</stem>
        <lyric default-y="-80" number="1">
          <syllabic>end</syllabic>
          <text>ber</text>
        </lyric>
      </note>
    </measure>
    <!--=======================================================-->
    <measure number="15" width="130">
      <note default-x="14">
        <pitch>
          <step>D</step>
          <octave>4</octave>
        </pitch>
        <duration>4</duration>
        <voice>1</voice>
        <type>half</type>
        <stem default-y="0.5">up</stem>
        <lyric default-y="-80" number="1">
          <syllabic>single</syllabic>
          <text>dans</text>
        </lyric>
      </note>
      <note default-x="71">
        <pitch>
          <step>E</step>
          <octave>4</octave>
        </pitch>
        <duration>4</duration>
        <voice>1</voice>
        <type>half</type>
        <stem default-y="5">up</stem>
        <lyric default-y="-80" number="1">
          <syllabic>single</syllabic>
          <text>un</text>
        </lyric>
      </note>
    </measure>
    <!--=======================================================-->
    <measure number="16" width="145">
      <print new-system="yes">
        <system-layout>
          <system-distance>114</system-distance>
        </system-layout>
      </print>
      <note default-x="50">
        <pitch>
          <step>F</step>
          <octave>4</octave>
        </pitch>
        <duration>8</duration>
        <voice>1</voice>
        <type>whole</type>
        <lyric default-y="-80" number="1">
          <syllabic>begin</syllabic>
          <text>gouf</text>
        </lyric>
      </note>
    </measure>
    <!--=======================================================-->
    <measure number="17" width="131">
      <note default-x="13">
        <pitch>
          <step>E</step>
          <octave>4</octave>
        </pitch>
        <duration>4</duration>
        <voice>1</voice>
        <type>half</type>
        <stem default-y="5.5">up</stem>
        <lyric default-y="-80" number="1">
          <syllabic>end</syllabic>
          <text>fre</text>
        </lyric>
      </note>
      <note default-x="72">
        <pitch>
          <step>A</step>
          <octave>4</octave>
        </pitch>
        <duration>4</duration>
        <voice>1</voice>
        <type>half</type>
        <stem default-y="-50">down</stem>
        <lyric default-y="-80" number="1">
          <syllabic>single</syllabic>
          <text>De</text>
        </lyric>
      </note>
    </measure>
    <!--=======================================================-->
    <measure number="18" width="131">
      <note default-x="13">
        <pitch>
          <step>F</step>
          <octave>4</octave>
        </pitch>
        <duration>4</duration>
        <voice>1</voice>
        <type>half</type>
        <stem default-y="10">up</stem>
        <lyric default-y="-80" number="1">
          <syllabic>begin</syllabic>
          <text>hon</text>
        </lyric>
      </note>
      <note default-x="72">
        <pitch>
          <step>B</step>
          <alter>-1</alter>
          <octave>4</octave>
        </pitch>
        <duration>4</duration>
        <voice>1</voice>
        <type>half</type>
        <accidental>flat</accidental>
        <stem default-y="-45">down</stem>
        <lyric default-y="-80" number="1">
          <syllabic>end</syllabic>
          <text>te</text>
          <elision> </elision>
          <syllabic>single</syllabic>
          <text>et</text>
        </lyric>
      </note>
    </measure>
    <!--=======================================================-->
    <measure number="19" width="131">
      <note default-x="14">
        <pitch>
          <step>G</step>
          <octave>4</octave>
        </pitch>
        <duration>4</duration>
        <voice>1</voice>
        <type>half</type>
        <stem default-y="-55">down</stem>
        <lyric default-y="-80" number="1">
          <syllabic>single</syllabic>
          <text>de</text>
        </lyric>
      </note>
      <note default-x="72">
        <pitch>
          <step>F</step>
          <octave>4</octave>
        </pitch>
        <duration>4</duration>
        <voice>1</voice>
        <type>half</type>
        <stem default-y="10">up</stem>
        <lyric default-y="-80" number="1">
          <syllabic>begin</syllabic>
          <text>mal</text>
        </lyric>
      </note>
    </measure>
    <!--=======================================================-->
    <measure number="20" width="108">
      <note default-x="14">
        <pitch>
          <step>F</step>
          <octave>4</octave>
        </pitch>
        <duration>8</duration>
        <voice>1</voice>
        <type>whole</type>
        <lyric default-y="-80" number="1">
          <syllabic>end</syllabic>
          <text>heurs,</text>
        </lyric>
      </note>
    </measure>
    <!--=======================================================-->
    <measure number="21" width="133">
      <note default-x="14">
        <rest/>
        <duration>4</duration>
        <voice>1</voice>
        <type>half</type>
      </note>
      <note default-x="74">
        <pitch>
          <step>C</step>
          <octave>5</octave>
        </pitch>
        <duration>4</duration>
        <voice>1</voice>
        <type>half</type>
        <stem default-y="-40.5">down</stem>
        <lyric default-y="-80" number="1">
          <syllabic>begin</syllabic>
          <text>En</text>
        </lyric>
      </note>
    </measure>
    <!--=======================================================-->
    <measure number="22" width="131">
      <note default-x="14">
        <pitch>
          <step>C</step>
          <octave>5</octave>
        </pitch>
        <duration>4</duration>
        <voice>1</voice>
        <type>half</type>
        <stem default-y="-40.5">down</stem>
        <lyric default-y="-80" number="1">
          <syllabic>end</syllabic>
          <text>tend</text>
        </lyric>
      </note>
      <note default-x="72">
        <pitch>
          <step>D</step>
          <octave>5</octave>
        </pitch>
        <duration>4</duration>
        <voice>1</voice>
        <type>half</type>
        <stem default-y="-35">down</stem>
        <lyric default-y="-80" number="1">
          <syllabic>single</syllabic>
          <text>les</text>
        </lyric>
      </note>
    </measure>
    <!--=======================================================-->
    <measure number="23" width="144">
      <note default-x="26">
        <pitch>
          <step>C</step>
          <alter>1</alter>
          <octave>5</octave>
        </pitch>
        <duration>4</duration>
        <voice>1</voice>
        <type>half</type>
        <accidental>sharp</accidental>
        <stem default-y="-40.5">down</stem>
        <lyric default-y="-80" number="1">
          <syllabic>begin</syllabic>
          <text>tri</text>
        </lyric>
      </note>
      <note default-x="84">
        <pitch>
          <step>D</step>
          <octave>5</octave>
        </pitch>
        <duration>4</duration>
        <voice>1</voice>
        <type>half</type>
        <stem default-y="-35">down</stem>
        <lyric default-y="-80" number="1">
          <syllabic>end</syllabic>
          <text>stes</text>
        </lyric>
      </note>
    </measure>
    <!--=======================================================-->
    <measure number="24" width="134">
      <print new-system="yes">
        <system-layout>
          <system-distance>114</system-distance>
        </system-layout>
      </print>
      <note default-x="50">
        <pitch>
          <step>E</step>
          <octave>5</octave>
        </pitch>
        <duration>8</duration>
        <voice>1</voice>
        <type>whole</type>
        <lyric default-y="-80" number="1">
          <syllabic>single</syllabic>
          <text>cris</text>
        </lyric>
      </note>
    </measure>
    <!--=======================================================-->
    <measure number="25" width="118">
      <note default-x="14">
        <pitch>
          <step>A</step>
          <octave>4</octave>
        </pitch>
        <duration>4</duration>
        <voice>1</voice>
        <type>half</type>
        <stem default-y="-50">down</stem>
        <lyric default-y="-80" number="1">
          <syllabic>single</syllabic>
          <text>que</text>
        </lyric>
      </note>
      <note default-x="66">
        <pitch>
          <step>A</step>
          <octave>4</octave>
        </pitch>
        <duration>4</duration>
        <voice>1</voice>
        <type>half</type>
        <stem default-y="-50">down</stem>
        <lyric default-y="-80" number="1">
          <syllabic>begin</syllabic>
          <text>m'ar</text>
        </lyric>
      </note>
    </measure>
    <!--=======================================================-->
    <measure number="26" width="109">
      <note default-x="25">
        <pitch>
          <step>B</step>
          <alter>-1</alter>
          <octave>4</octave>
        </pitch>
        <duration>8</duration>
        <voice>1</voice>
        <type>whole</type>
        <accidental>flat</accidental>
        <lyric default-y="-80" number="1">
          <syllabic>middle</syllabic>
          <text>ra</text>
        </lyric>
      </note>
    </measure>
    <!--=======================================================-->
    <measure number="27" width="118">
      <note default-x="14">
        <pitch>
          <step>A</step>
          <octave>4</octave>
        </pitch>
        <duration>4</duration>
        <voice>1</voice>
        <type>half</type>
        <stem default-y="-50">down</stem>
        <lyric default-y="-80" number="1">
          <syllabic>end</syllabic>
          <text>che</text>
        </lyric>
      </note>
      <note default-x="66">
        <pitch>
          <step>G</step>
          <octave>4</octave>
        </pitch>
        <duration>4</duration>
        <voice>1</voice>
        <type>half</type>
        <stem default-y="-55.5">down</stem>
        <lyric default-y="-80" number="1">
          <syllabic>single</syllabic>
          <text>la</text>
        </lyric>
      </note>
    </measure>
    <!--=======================================================-->
    <measure number="28" width="110">
      <note default-x="26">
        <pitch>
          <step>F</step>
          <alter>1</alter>
          <octave>4</octave>
        </pitch>
        <duration>8</duration>
        <voice>1</voice>
        <type>whole</type>
        <accidental>sharp</accidental>
        <lyric default-y="-80" number="1">
          <syllabic>begin</syllabic>
          <text>crain</text>
        </lyric>
      </note>
    </measure>
    <!--=======================================================-->
    <measure number="29" width="118">
      <note default-x="14">
        <pitch>
          <step>G</step>
          <octave>4</octave>
        </pitch>
        <duration>4</duration>
        <voice>1</voice>
        <type>half</type>
        <stem default-y="-55.5">down</stem>
        <lyric default-y="-80" number="1">
          <syllabic>end</syllabic>
          <text>te,</text>
        </lyric>
      </note>
      <note default-x="66">
        <pitch>
          <step>C</step>
          <octave>5</octave>
        </pitch>
        <duration>4</duration>
        <voice>1</voice>
        <type>half</type>
        <stem default-y="-40">down</stem>
        <lyric default-y="-80" number="1">
          <syllabic>single</syllabic>
          <text>Et</text>
        </lyric>
      </note>
    </measure>
    <!--=======================================================-->
    <measure number="30" width="118">
      <note default-x="14">
        <pitch>
          <step>A</step>
          <octave>4</octave>
        </pitch>
        <duration>4</duration>
        <voice>1</voice>
        <type>half</type>
        <stem default-y="-50">down</stem>
        <lyric default-y="-80" number="1">
          <syllabic>single</syllabic>
          <text>ne</text>
        </lyric>
      </note>
      <note default-x="66">
        <pitch>
          <step>F</step>
          <octave>4</octave>
        </pitch>
        <duration>4</duration>
        <voice>1</voice>
        <type>half</type>
        <stem default-y="10">up</stem>
        <lyric default-y="-80" number="1">
          <syllabic>begin</syllabic>
          <text>re</text>
        </lyric>
      </note>
    </measure>
    <!--=======================================================-->
    <measure number="31" width="129">
      <note default-x="25">
        <pitch>
          <step>B</step>
          <alter>-1</alter>
          <octave>4</octave>
        </pitch>
        <duration>4</duration>
        <voice>1</voice>
        <type>half</type>
        <accidental>flat</accidental>
        <stem default-y="-45">down</stem>
        <lyric default-y="-80" number="1">
          <syllabic>middle</syllabic>
          <text>jet</text>
        </lyric>
      </note>
      <note default-x="77">
        <pitch>
          <step>A</step>
          <octave>4</octave>
        </pitch>
        <duration>4</duration>
        <voice>1</voice>
        <type>half</type>
        <stem default-y="-50">down</stem>
        <lyric default-y="-80" number="1">
          <syllabic>end</syllabic>
          <text>te</text>
        </lyric>
      </note>
    </measure>
    <!--=======================================================-->
    <measure number="32" width="99">
      <note default-x="13">
        <pitch>
          <step>G</step>
          <octave>4</octave>
        </pitch>
        <duration>8</duration>
        <voice>1</voice>
        <type>whole</type>
        <lyric default-y="-80" number="1">
          <syllabic>single</syllabic>
          <text>pas</text>
        </lyric>
      </note>
    </measure>
    <!--=======================================================-->
    <measure number="33" width="158">
      <print new-system="yes">
        <system-layout>
          <system-distance>114</system-distance>
        </system-layout>
      </print>
      <note default-x="50">
        <rest/>
        <duration>4</duration>
        <voice>1</voice>
        <type>half</type>
      </note>
      <note default-x="104">
        <pitch>
          <step>C</step>
          <octave>5</octave>
        </pitch>
        <duration>4</duration>
        <voice>1</voice>
        <type>half</type>
        <stem default-y="-40">down</stem>
        <lyric default-y="-80" number="1">
          <syllabic>begin</syllabic>
          <text>u</text>
        </lyric>
      </note>
    </measure>
    <!--=======================================================-->
    <measure number="34" width="120">
      <note default-x="14">
        <pitch>
          <step>B</step>
          <octave>4</octave>
        </pitch>
        <duration>4</duration>
        <voice>1</voice>
        <type>half</type>
        <stem default-y="-45">down</stem>
        <lyric default-y="-80" number="1">
          <syllabic>end</syllabic>
          <text>ne</text>
          <elision> </elision>
          <syllabic>begin</syllabic>
          <text>a</text>
        </lyric>
      </note>
      <note default-x="67">
        <pitch>
          <step>C</step>
          <alter>1</alter>
          <octave>5</octave>
        </pitch>
        <duration>4</duration>
        <voice>1</voice>
        <type>half</type>
        <accidental>sharp</accidental>
        <stem default-y="-40">down</stem>
        <lyric default-y="-80" number="1">
          <syllabic>middle</syllabic>
          <text>mou</text>
        </lyric>
      </note>
    </measure>
    <!--=======================================================-->
    <measure number="35" width="120">
      <note default-x="14">
        <pitch>
          <step>D</step>
          <octave>5</octave>
        </pitch>
        <duration>4</duration>
        <voice>1</voice>
        <type>half</type>
        <stem default-y="-35.5">down</stem>
        <lyric default-y="-80" number="1">
          <syllabic>middle</syllabic>
          <text>reu</text>
        </lyric>
      </note>
      <note default-x="67">
        <pitch>
          <step>A</step>
          <octave>4</octave>
        </pitch>
        <duration>4</duration>
        <voice>1</voice>
        <type>half</type>
        <stem default-y="-50">down</stem>
        <lyric default-y="-80" number="1">
          <syllabic>end</syllabic>
          <text>se</text>
        </lyric>
      </note>
    </measure>
    <!--=======================================================-->
    <measure number="36" width="99">
      <note default-x="14">
        <pitch>
          <step>F</step>
          <octave>4</octave>
        </pitch>
        <duration>8</duration>
        <voice>1</voice>
        <type>whole</type>
        <lyric default-y="-80" number="1">
          <syllabic>begin</syllabic>
          <text>plain</text>
        </lyric>
      </note>
    </measure>
    <!--=======================================================-->
    <measure number="37" width="99">
      <note default-x="13">
        <pitch>
          <step>E</step>
          <octave>4</octave>
        </pitch>
        <duration>8</duration>
        <voice>1</voice>
        <type>whole</type>
        <lyric default-y="-80" number="1">
          <syllabic>end</syllabic>
          <text>te,</text>
        </lyric>
      </note>
    </measure>
    <!--=======================================================-->
    <measure number="38" width="120">
      <note default-x="14">
        <pitch>
          <step>A</step>
          <octave>4</octave>
        </pitch>
        <duration>4</duration>
        <voice>1</voice>
        <type>half</type>
        <stem default-y="-50">down</stem>
        <lyric default-y="-80" number="1">
          <syllabic>begin</syllabic>
          <text>Qu'ac</text>
        </lyric>
      </note>
      <note default-x="67">
        <pitch>
          <step>F</step>
          <octave>4</octave>
        </pitch>
        <duration>4</duration>
        <voice>1</voice>
        <type>half</type>
        <stem default-y="10.5">up</stem>
        <lyric default-y="-80" number="1">
          <syllabic>middle</syllabic>
          <text>com</text>
        </lyric>
      </note>
    </measure>
    <!--=======================================================-->
    <measure number="39" width="118">
      <note default-x="14">
        <pitch>
          <step>G</step>
          <octave>4</octave>
        </pitch>
        <duration>6</duration>
        <voice>1</voice>
        <type>half</type>
        <dot/>
        <stem default-y="-55.5">down</stem>
        <lyric default-y="-80" number="1">
          <syllabic>middle</syllabic>
          <text>pa</text>
        </lyric>
      </note>
      <note default-x="81">
        <pitch>
          <step>F</step>
          <octave>4</octave>
        </pitch>
        <duration>2</duration>
        <voice>1</voice>
        <type>quarter</type>
        <stem default-y="10.5">up</stem>
        <notations>
          <slur number="1" placement="below" type="start"/>
        </notations>
        <lyric default-y="-80" number="1">
          <syllabic>end</syllabic>
          <text>gnent</text>
        </lyric>
      </note>
    </measure>
    <!--=======================================================-->
    <measure number="40" width="120">
      <note default-x="14">
        <pitch>
          <step>E</step>
          <octave>4</octave>
        </pitch>
        <duration>4</duration>
        <voice>1</voice>
        <type>half</type>
        <stem default-y="5.5">up</stem>
        <notations>
          <slur number="1" type="stop"/>
        </notations>
      </note>
      <note default-x="66">
        <pitch>
          <step>D</step>
          <octave>4</octave>
        </pitch>
        <duration>4</duration>
        <voice>1</voice>
        <type>half</type>
        <stem default-y="1">up</stem>
        <lyric default-y="-80" number="1">
          <syllabic>single</syllabic>
          <text>mes</text>
        </lyric>
      </note>
    </measure>
    <!--=======================================================-->
    <measure number="41" width="100">
      <note default-x="13">
        <pitch>
          <step>E</step>
          <octave>4</octave>
        </pitch>
        <duration>8</duration>
        <voice>1</voice>
        <type>whole</type>
        <lyric default-y="-80" number="1" relative-x="3">
          <syllabic>single</syllabic>
          <text>pleurs.</text>
        </lyric>
      </note>
      <barline location="right">
        <bar-style>light-heavy</bar-style>
      </barline>
    </measure>
  </part>
  <!--=========================================================-->
</score-partwise>
