{"ref": "godeau1659", "title": "Paraphrase des Pseaumes de David, en vers franc\u031cois", "short_title": "Godeau 1659", "description": "<p>\r\n\t<em>Paraphrase des Pseaumes de David, en vers franc\u031cois , par Antoine Godeau... Et mis nouvellement en chant, par Thomas Gobert... Cinqui&egrave;me edition, reveu&euml; &amp; corrig&eacute;e</em>. A Paris, chez Pierre Le Petit, 1659 (le bassus para&icirc;t en 1661). Ex.&nbsp;Paris BnF.</p>\r\n<p>\r\n\tResp. Thomas Leconte, saisie Jean-Michel Noailly, dir. Alice Tacaille</p>\r\n", "is_public": true, "short_description": "Les Psaumes en vers fran\u00e7ais d\u2019Antoine Godeau, mis en musique par Thomas Gobert (1659)", "licence_code": null, "copyright": null, "supervisors": null}