{"ref": "Jos2723-Lheure_est_venue__Circumdederunt_me", "title": "Jos2723-Lheure_est_venue__Circumdederunt_me", "composer": null, "lyricist": null, "corpus": "all:composers:josquin:chansons", "meta_fields": [], "sources": [], "files": {"mei.xml": {"url": "http://localhost:8000/media/corpora/all/composers/josquin/chansons/Jos2723-Lheure_est_venue__Circumdederunt_me/mei.xml"}, "summary.json": {"url": "http://localhost:8000/media/corpora/all/composers/josquin/chansons/Jos2723-Lheure_est_venue__Circumdederunt_me/summary.json"}}}