{"ref": "Jos2917-Nesse_pas_ung_grant_deplaisir", "title": "Jos2917-Nesse_pas_ung_grant_deplaisir", "composer": null, "lyricist": null, "corpus": "all:composers:josquin:chansons", "meta_fields": [], "sources": [], "files": {"mei.xml": {"url": "http://localhost:8000/media/corpora/all/composers/josquin/chansons/Jos2917-Nesse_pas_ung_grant_deplaisir/mei.xml"}, "summary.json": {"url": "http://localhost:8000/media/corpora/all/composers/josquin/chansons/Jos2917-Nesse_pas_ung_grant_deplaisir/summary.json"}}}