{"ref": "Jos2705-Ce_povre_mendiant__Pauper_sum_ego", "title": "Jos2705-Ce_povre_mendiant__Pauper_sum_ego", "composer": null, "lyricist": null, "corpus": "all:composers:josquin:chansons", "meta_fields": [], "sources": [], "files": {"mei.xml": {"url": "http://localhost:8000/media/corpora/all/composers/josquin/chansons/Jos2705-Ce_povre_mendiant__Pauper_sum_ego/mei.xml"}, "summary.json": {"url": "http://localhost:8000/media/corpora/all/composers/josquin/chansons/Jos2705-Ce_povre_mendiant__Pauper_sum_ego/summary.json"}}}