{"ref": "Jos2903-Cueurs_desolez__Plorans_ploravit", "title": "Jos2903-Cueurs_desolez__Plorans_ploravit", "composer": null, "lyricist": null, "corpus": "all:composers:josquin:chansons", "meta_fields": [], "sources": [], "files": {"mei.xml": {"url": "http://localhost:8000/media/corpora/all/composers/josquin/chansons/Jos2903-Cueurs_desolez__Plorans_ploravit/mei.xml"}, "summary.json": {"url": "http://localhost:8000/media/corpora/all/composers/josquin/chansons/Jos2903-Cueurs_desolez__Plorans_ploravit/summary.json"}}}