{"ref": "bwv112.5-sc", "title": "Allein Gott in der H\u00f6h sei Ehr", "composer": "", "features": [{"feature_key": "key_tonic_name", "feature_value": "G"}, {"feature_key": "key_mode", "feature_value": "major"}, {"feature_key": "num_of_parts", "feature_value": "7"}, {"feature_key": "num_of_measures", "feature_value": "110"}, {"feature_key": "instruments", "feature_value": "['Oboe', 'Soprano', 'Alto', 'Tenor', 'Bass']"}, {"feature_key": "lowest_pitch_each_part", "feature_value": "{\"part1\": \"G4\", \"part2\": \"G3\", \"part3\": \"C4\", \"part4\": \"G4\", \"part5\": \"C4\", \"part6\": \"E3\", \"part7\": \"G2\"}"}, {"feature_key": "highest_pitch_each_part", "feature_value": "{\"part1\": \"D5\", \"part2\": \"B4\", \"part3\": \"B4\", \"part4\": \"D5\", \"part5\": \"A4\", \"part6\": \"E4\", \"part7\": \"G3\"}"}, {"feature_key": "average_melodic_interval", "feature_value": "1.959758551307847"}, {"feature_key": "direction_of_motion", "feature_value": "0.5024038461538461"}, {"feature_key": "most_common_note_quarter_length", "feature_value": "1.0"}, {"feature_key": "range_note_quarter_length", "feature_value": "1.375"}, {"feature_key": "initial_time_signature", "feature_value": "[4, 4]"}, {"feature_key": "composer", "feature_value": "https://dbpedia.org/resource/Johann_Sebastian_Bach"}], "sources": [], "files": [{"name": "score.xml", "url": "http://localhost:8000/media/corpora/all/composers/bach/chorals/bwv112.5-sc/score.xml"}, {"name": "mei.xml", "url": "http://localhost:8000/media/corpora/all/composers/bach/chorals/bwv112.5-sc/mei.xml"}, {"name": "summary.json", "url": "http://localhost:8000/media/corpora/all/composers/bach/chorals/bwv112.5-sc/summary.json"}]}