{"ref": "all:composers:bach:chorals:bwv19.7", "title": "Wie nach einer Wasserquelle", "composer": "", "features": [{"feature_key": "key_tonic_name", "feature_value": "C"}, {"feature_key": "key_mode", "feature_value": "major"}, {"feature_key": "num_of_parts", "feature_value": "8"}, {"feature_key": "num_of_measures", "feature_value": "296"}, {"feature_key": "instruments", "feature_value": "['Horn 1', 'Horn 2', 'Horn 3', 'Timpani', 'Soprano', 'Alto', 'Tenor', 'Bass']"}, {"feature_key": "lowest_pitch_each_part", "feature_value": "{\"part1\": \"C5\", \"part2\": \"C4\", \"part3\": \"C4\", \"part4\": \"G2\", \"part5\": \"G4\", \"part6\": \"C4\", \"part7\": \"G3\", \"part8\": \"G2\"}"}, {"feature_key": "highest_pitch_each_part", "feature_value": "{\"part1\": \"C6\", \"part2\": \"G5\", \"part3\": \"F5\", \"part4\": \"C3\", \"part5\": \"A5\", \"part6\": \"C5\", \"part7\": \"F4\", \"part8\": \"C4\"}"}, {"feature_key": "average_melodic_interval", "feature_value": "2.452755905511811"}, {"feature_key": "direction_of_motion", "feature_value": "0.505"}, {"feature_key": "most_common_note_quarter_length", "feature_value": "1.0"}, {"feature_key": "range_note_quarter_length", "feature_value": "6.0"}, {"feature_key": "initial_time_signature", "feature_value": "[3, 4]"}, {"feature_key": "composer", "feature_value": "https://dbpedia.org/resource/Johann_Sebastian_Bach"}], "sources": [], "files": [{"name": "score.xml", "url": "http://localhost:8000/media/corpora/all/composers/bach/chorals/bwv19.7/score.xml"}, {"name": "mei.xml", "url": "http://localhost:8000/media/corpora/all/composers/bach/chorals/bwv19.7/mei.xml"}, {"name": "summary.json", "url": "http://localhost:8000/media/corpora/all/composers/bach/chorals/bwv19.7/summary.json"}]}