{"ref": "all:composers:bach:chorals:bwv133.6", "title": "O stilles Gotteslamm", "composer": "", "features": [{"feature_key": "key_tonic_name", "feature_value": "D"}, {"feature_key": "key_mode", "feature_value": "major"}, {"feature_key": "num_of_parts", "feature_value": "4"}, {"feature_key": "num_of_measures", "feature_value": "72"}, {"feature_key": "instruments", "feature_value": "['Soprano', 'Alto', 'Tenor', 'Bass']"}, {"feature_key": "lowest_pitch_each_part", "feature_value": "{\"part1\": \"F#4\", \"part2\": \"B3\", \"part3\": \"E3\", \"part4\": \"A2\"}"}, {"feature_key": "highest_pitch_each_part", "feature_value": "{\"part1\": \"E5\", \"part2\": \"B4\", \"part3\": \"F#4\", \"part4\": \"A3\"}"}, {"feature_key": "average_melodic_interval", "feature_value": "1.974468085106383"}, {"feature_key": "direction_of_motion", "feature_value": "0.5294117647058824"}, {"feature_key": "most_common_note_quarter_length", "feature_value": "1.0"}, {"feature_key": "range_note_quarter_length", "feature_value": "2.75"}, {"feature_key": "initial_time_signature", "feature_value": "[4, 4]"}, {"feature_key": "composer", "feature_value": "https://dbpedia.org/resource/Johann_Sebastian_Bach"}], "sources": [], "files": [{"name": "score.xml", "url": "http://localhost:8000/media/corpora/all/composers/bach/chorals/bwv133.6/score.xml"}, {"name": "mei.xml", "url": "http://localhost:8000/media/corpora/all/composers/bach/chorals/bwv133.6/mei.xml"}, {"name": "summary.json", "url": "http://localhost:8000/media/corpora/all/composers/bach/chorals/bwv133.6/summary.json"}]}