{"ref": "bwv195.6", "title": "Kommt her, ihr lieben Schwesterlein", "composer": "", "features": [{"feature_key": "key_tonic_name", "feature_value": "G"}, {"feature_key": "key_mode", "feature_value": "major"}, {"feature_key": "num_of_parts", "feature_value": "8"}, {"feature_key": "num_of_measures", "feature_value": "95"}, {"feature_key": "instruments", "feature_value": "['Trumpet 1', 'Trumpet 2', 'Timpani', 'Soprano', 'Alto', 'Tenor', 'Bass']"}, {"feature_key": "lowest_pitch_each_part", "feature_value": "{\"part1\": \"G4\", \"part2\": \"G3\", \"part3\": \"G2\", \"part4\": \"G4\", \"part5\": \"G3\", \"part6\": \"E3\", \"part7\": \"G2\", \"part8\": \"D2\"}"}, {"feature_key": "highest_pitch_each_part", "feature_value": "{\"part1\": \"E5\", \"part2\": \"C5\", \"part3\": \"D3\", \"part4\": \"E5\", \"part5\": \"B4\", \"part6\": \"G4\", \"part7\": \"E4\", \"part8\": \"D4\"}"}, {"feature_key": "average_melodic_interval", "feature_value": "2.837912087912088"}, {"feature_key": "direction_of_motion", "feature_value": "0.4670846394984326"}, {"feature_key": "most_common_note_quarter_length", "feature_value": "0.5"}, {"feature_key": "range_note_quarter_length", "feature_value": "2.75"}, {"feature_key": "initial_time_signature", "feature_value": "[4, 4]"}, {"feature_key": "composer", "feature_value": "https://dbpedia.org/resource/Johann_Sebastian_Bach"}], "sources": [], "files": [{"name": "score.xml", "url": "http://localhost:8000/media/corpora/all/composers/bach/chorals/bwv195.6/score.xml"}, {"name": "mei.xml", "url": "http://localhost:8000/media/corpora/all/composers/bach/chorals/bwv195.6/mei.xml"}, {"name": "summary.json", "url": "http://localhost:8000/media/corpora/all/composers/bach/chorals/bwv195.6/summary.json"}]}