{"ref": "bwv190.7-inst", "title": "Jesu, nun sei gepreiset", "composer": "", "features": [{"feature_key": "key_tonic_name", "feature_value": "D"}, {"feature_key": "key_mode", "feature_value": "major"}, {"feature_key": "num_of_parts", "feature_value": "15"}, {"feature_key": "num_of_measures", "feature_value": "509"}, {"feature_key": "instruments", "feature_value": "['Trumpet 1', 'Trumpet 2', 'Trumpet 3', 'Timpani', 'Oboe 1', 'Oboe 2', 'Oboe 3', 'Violin 1', 'Violin 2', 'Viola', 'Soprano', 'Alto', 'Tenor', 'Bass']"}, {"feature_key": "lowest_pitch_each_part", "feature_value": "{\"part1\": \"D5\", \"part2\": \"D5\", \"part3\": \"D4\", \"part4\": \"A2\", \"part5\": \"C#5\", \"part6\": \"E4\", \"part7\": \"D4\", \"part8\": \"C#5\", \"part9\": \"D#4\", \"part10\": \"G3\", \"part11\": \"C#5\", \"part12\": \"D#4\", \"part13\": \"G3\", \"part14\": \"D2\", \"part15\": \"D2\"}"}, {"feature_key": "highest_pitch_each_part", "feature_value": "{\"part1\": \"C6\", \"part2\": \"C#6\", \"part3\": \"D5\", \"part4\": \"D3\", \"part5\": \"G5\", \"part6\": \"E5\", \"part7\": \"D5\", \"part8\": \"G5\", \"part9\": \"B4\", \"part10\": \"G4\", \"part11\": \"G5\", \"part12\": \"B4\", \"part13\": \"G4\", \"part14\": \"D4\", \"part15\": \"D4\"}"}, {"feature_key": "average_melodic_interval", "feature_value": "2.020884520884521"}, {"feature_key": "direction_of_motion", "feature_value": "0.5081545064377683"}, {"feature_key": "most_common_note_quarter_length", "feature_value": "1.0"}, {"feature_key": "range_note_quarter_length", "feature_value": "2.75"}, {"feature_key": "initial_time_signature", "feature_value": "[4, 4]"}, {"feature_key": "composer", "feature_value": "https://dbpedia.org/resource/Johann_Sebastian_Bach"}], "sources": [], "files": [{"name": "score.xml", "url": "http://localhost:8000/media/corpora/all/composers/bach/chorals/bwv190.7-inst/score.xml"}, {"name": "mei.xml", "url": "http://localhost:8000/media/corpora/all/composers/bach/chorals/bwv190.7-inst/mei.xml"}, {"name": "summary.json", "url": "http://localhost:8000/media/corpora/all/composers/bach/chorals/bwv190.7-inst/summary.json"}]}