{"ref": "bwv175.7", "title": "Komm, heiliger Geist, Herre Gott", "composer": "", "lyricist": "", "corpus": "all:composers:bach:chorals", "meta_fields": [], "sources": [], "files": {"score.xml": {"url": "http://localhost:8000/media/corpora/all/composers/bach/chorals/bwv175.7/score.xml"}, "mei.xml": {"url": "http://localhost:8000/media/corpora/all/composers/bach/chorals/bwv175.7/mei.xml"}, "summary.json": {"url": "http://localhost:8000/media/corpora/all/composers/bach/chorals/bwv175.7/summary.json"}}}