{"ref": "all:composers:bach:chorals:bwv175.7", "title": "Komm, heiliger Geist, Herre Gott", "composer": "", "features": [{"feature_key": "key_tonic_name", "feature_value": "G"}, {"feature_key": "key_mode", "feature_value": "major"}, {"feature_key": "num_of_parts", "feature_value": "7"}, {"feature_key": "num_of_measures", "feature_value": "210"}, {"feature_key": "instruments", "feature_value": "['Recorder 1', 'Recorder 2', 'Recorder 3', 'Soprano', 'Alto', 'Tenor', 'Bass']"}, {"feature_key": "lowest_pitch_each_part", "feature_value": "{\"part1\": \"D5\", \"part2\": \"A4\", \"part3\": \"F#4\", \"part4\": \"D4\", \"part5\": \"A3\", \"part6\": \"D3\", \"part7\": \"F#2\"}"}, {"feature_key": "highest_pitch_each_part", "feature_value": "{\"part1\": \"E6\", \"part2\": \"D6\", \"part3\": \"A5\", \"part4\": \"E5\", \"part5\": \"B4\", \"part6\": \"E4\", \"part7\": \"B3\"}"}, {"feature_key": "average_melodic_interval", "feature_value": "2.1830601092896176"}, {"feature_key": "direction_of_motion", "feature_value": "0.5038051750380518"}, {"feature_key": "most_common_note_quarter_length", "feature_value": "1.0"}, {"feature_key": "range_note_quarter_length", "feature_value": "2.75"}, {"feature_key": "initial_time_signature", "feature_value": "[4, 4]"}, {"feature_key": "composer", "feature_value": "https://dbpedia.org/resource/Johann_Sebastian_Bach"}], "sources": [], "files": [{"name": "score.xml", "url": "http://localhost:8000/media/corpora/all/composers/bach/chorals/bwv175.7/score.xml"}, {"name": "mei.xml", "url": "http://localhost:8000/media/corpora/all/composers/bach/chorals/bwv175.7/mei.xml"}, {"name": "summary.json", "url": "http://localhost:8000/media/corpora/all/composers/bach/chorals/bwv175.7/summary.json"}]}