<?xml version="1.0" encoding="UTF-8"?><!DOCTYPE score-partwise PUBLIC "-//Recordare//DTD MusicXML 1.1 Partwise//EN"                                "http://www.musicxml.org/dtds/partwise.dtd"><score-partwise version="1.1">  <identification>    <encoding>      <software>Finale 2008 for Macintosh</software>      <software>Dolet Light for Finale 2008</software>      <encoding-date>2008-06-09</encoding-date>    </encoding>  </identification>  <defaults>    <scaling>      <millimeters>5.6727</millimeters>      <tenths>40</tenths>    </scaling>    <page-layout>      <page-height>1970</page-height>      <page-width>1522</page-width>      <page-margins type="both">        <left-margin>90</left-margin>        <right-margin>90</right-margin>        <top-margin>90</top-margin>        <bottom-margin>90</bottom-margin>      </page-margins>    </page-layout>    <system-layout>      <system-margins>        <left-margin>96</left-margin>        <right-margin>0</right-margin>      </system-margins>      <system-distance>221</system-distance>      <top-system-distance>204</top-system-distance>    </system-layout>    <staff-layout>      <staff-distance>60</staff-distance>    </staff-layout>    <music-font font-family="Maestro" font-size="16.1"/>    <word-font font-family="Times" font-size="6.7"/>  </defaults>  <credit>    <credit-words default-x="758" default-y="1853" font-family="Garamond 3 SC" font-size="9.4" justify="center" valign="top">BWV 194.6</credit-words>  </credit>  <credit>    <credit-words default-x="1178" default-y="1797" font-family="Helvetica" valign="top">PDF © 2004 Margaret Greentree
www.jsbchorales.net</credit-words>  </credit>  <part-list>    <part-group number="1" type="start">      <group-symbol default-x="-12">bracket</group-symbol>      <group-barline>yes</group-barline>    </part-group>    <score-part id="P1">      <part-name>Soprano</part-name>      <part-abbreviation>S.</part-abbreviation>      <score-instrument id="P1-I1">        <instrument-name>Instrument 1</instrument-name>      </score-instrument>      <midi-instrument id="P1-I1">        <midi-channel>1</midi-channel>        <midi-program>1</midi-program>      </midi-instrument>    </score-part>    <score-part id="P2">      <part-name>Alto</part-name>      <part-abbreviation>A.</part-abbreviation>      <score-instrument id="P2-I2">        <instrument-name>Instrument 2</instrument-name>      </score-instrument>      <midi-instrument id="P2-I2">        <midi-channel>2</midi-channel>        <midi-program>1</midi-program>      </midi-instrument>    </score-part>    <score-part id="P3">      <part-name>Tenor</part-name>      <part-abbreviation>T.</part-abbreviation>      <score-instrument id="P3-I3">        <instrument-name>Instrument 3</instrument-name>      </score-instrument>      <midi-instrument id="P3-I3">        <midi-channel>3</midi-channel>        <midi-program>1</midi-program>      </midi-instrument>    </score-part>    <score-part id="P4">      <part-name>Bass</part-name>      <part-abbreviation>B.</part-abbreviation>      <score-instrument id="P4-I4">        <instrument-name>Instrument 4</instrument-name>      </score-instrument>      <midi-instrument id="P4-I4">        <midi-channel>4</midi-channel>        <midi-program>1</midi-program>      </midi-instrument>    </score-part>    <part-group number="1" type="stop"/>  </part-list>  <!--=========================================================-->  <part id="P1">    <measure number="1" width="290">      <attributes>        <divisions>2</divisions>        <key>          <fifths>-2</fifths>          <mode>major</mode>        </key>        <time symbol="common">          <beats>4</beats>          <beat-type>4</beat-type>        </time>        <clef>          <sign>G</sign>          <line>2</line>        </clef>      </attributes>      <sound tempo="96"/>      <note default-x="118">        <pitch>          <step>B</step>          <alter>-1</alter>          <octave>4</octave>        </pitch>        <duration>2</duration>        <voice>1</voice>        <type>quarter</type>        <stem default-y="-55.5">down</stem>      </note>      <note default-x="156">        <pitch>          <step>C</step>          <octave>5</octave>        </pitch>        <duration>2</duration>        <voice>1</voice>        <type>quarter</type>        <stem default-y="-50.5">down</stem>      </note>      <note default-x="193">        <pitch>          <step>D</step>          <octave>5</octave>        </pitch>        <duration>2</duration>        <voice>1</voice>        <type>quarter</type>        <stem default-y="-45.5">down</stem>      </note>      <note default-x="240">        <pitch>          <step>C</step>          <octave>5</octave>        </pitch>        <duration>2</duration>        <voice>1</voice>        <type>quarter</type>        <stem default-y="-50.5">down</stem>      </note>    </measure>    <!--=======================================================-->    <measure number="2" width="211">      <note default-x="10">        <pitch>          <step>B</step>          <alter>-1</alter>          <octave>4</octave>        </pitch>        <duration>2</duration>        <voice>1</voice>        <type>quarter</type>        <stem default-y="-55.5">down</stem>      </note>      <note default-x="63">        <pitch>          <step>A</step>          <octave>4</octave>        </pitch>        <duration>2</duration>        <voice>1</voice>        <type>quarter</type>        <stem default-y="10.5">up</stem>      </note>      <note default-x="119">        <pitch>          <step>G</step>          <octave>4</octave>        </pitch>        <duration>2</duration>        <voice>1</voice>        <type>quarter</type>        <stem default-y="5.5">up</stem>      </note>      <note default-x="172">        <pitch>          <step>F</step>          <octave>4</octave>        </pitch>        <duration>2</duration>        <voice>1</voice>        <type>quarter</type>        <stem default-y="0.5">up</stem>        <notations>          <fermata default-y="13" type="upright"/>        </notations>      </note>    </measure>    <!--=======================================================-->    <measure number="3" width="185">      <note default-x="10">        <pitch>          <step>B</step>          <alter>-1</alter>          <octave>4</octave>        </pitch>        <duration>2</duration>        <voice>1</voice>        <type>quarter</type>        <stem default-y="-55.5">down</stem>      </note>      <note default-x="47">        <pitch>          <step>C</step>          <octave>5</octave>        </pitch>        <duration>2</duration>        <voice>1</voice>        <type>quarter</type>        <stem default-y="-50.5">down</stem>      </note>      <note default-x="93">        <pitch>          <step>D</step>          <octave>5</octave>        </pitch>        <duration>2</duration>        <voice>1</voice>        <type>quarter</type>        <stem default-y="-45.5">down</stem>      </note>      <note default-x="139">        <pitch>          <step>E</step>          <alter>-1</alter>          <octave>5</octave>        </pitch>        <duration>2</duration>        <voice>1</voice>        <type>quarter</type>        <stem default-y="-40">down</stem>      </note>    </measure>    <!--=======================================================-->    <measure number="4" width="165">      <note default-x="12">        <pitch>          <step>D</step>          <octave>5</octave>        </pitch>        <duration>2</duration>        <voice>1</voice>        <type>quarter</type>        <stem default-y="-45.5">down</stem>      </note>      <note default-x="64">        <pitch>          <step>C</step>          <octave>5</octave>        </pitch>        <duration>2</duration>        <voice>1</voice>        <type>quarter</type>        <stem default-y="-50.5">down</stem>      </note>      <note default-x="120">        <pitch>          <step>B</step>          <alter>-1</alter>          <octave>4</octave>        </pitch>        <duration>4</duration>        <voice>1</voice>        <type>half</type>        <stem default-y="-55.5">down</stem>        <notations>          <fermata default-y="13" type="upright"/>        </notations>      </note>    </measure>    <!--=======================================================-->    <measure number="5" width="184">      <note default-x="12">        <pitch>          <step>B</step>          <alter>-1</alter>          <octave>4</octave>        </pitch>        <duration>2</duration>        <voice>1</voice>        <type>quarter</type>        <stem default-y="-55.5">down</stem>      </note>      <note default-x="50">        <pitch>          <step>C</step>          <octave>5</octave>        </pitch>        <duration>2</duration>        <voice>1</voice>        <type>quarter</type>        <stem default-y="-50.5">down</stem>      </note>      <note default-x="88">        <pitch>          <step>D</step>          <octave>5</octave>        </pitch>        <duration>2</duration>        <voice>1</voice>        <type>quarter</type>        <stem default-y="-45.5">down</stem>      </note>      <note default-x="134">        <pitch>          <step>C</step>          <octave>5</octave>        </pitch>        <duration>2</duration>        <voice>1</voice>        <type>quarter</type>        <stem default-y="-50.5">down</stem>      </note>    </measure>    <!--=======================================================-->    <measure number="6" width="211">      <note default-x="10">        <pitch>          <step>B</step>          <alter>-1</alter>          <octave>4</octave>        </pitch>        <duration>2</duration>        <voice>1</voice>        <type>quarter</type>        <stem default-y="-55.5">down</stem>      </note>      <note default-x="63">        <pitch>          <step>A</step>          <octave>4</octave>        </pitch>        <duration>2</duration>        <voice>1</voice>        <type>quarter</type>        <stem default-y="10.5">up</stem>      </note>      <note default-x="119">        <pitch>          <step>G</step>          <octave>4</octave>        </pitch>        <duration>2</duration>        <voice>1</voice>        <type>quarter</type>        <stem default-y="5.5">up</stem>      </note>      <note default-x="171">        <pitch>          <step>F</step>          <octave>4</octave>        </pitch>        <duration>2</duration>        <voice>1</voice>        <type>quarter</type>        <stem default-y="0.5">up</stem>        <notations>          <fermata default-y="13" type="upright"/>        </notations>      </note>    </measure>    <!--=======================================================-->    <measure number="7" width="279">      <print new-system="yes"/>      <note default-x="84">        <pitch>          <step>B</step>          <alter>-1</alter>          <octave>4</octave>        </pitch>        <duration>2</duration>        <voice>1</voice>        <type>quarter</type>        <stem default-y="-55">down</stem>      </note>      <note default-x="125">        <pitch>          <step>C</step>          <octave>5</octave>        </pitch>        <duration>2</duration>        <voice>1</voice>        <type>quarter</type>        <stem default-y="-50">down</stem>      </note>      <note default-x="177">        <pitch>          <step>D</step>          <octave>5</octave>        </pitch>        <duration>2</duration>        <voice>1</voice>        <type>quarter</type>        <stem default-y="-45">down</stem>      </note>      <note default-x="228">        <pitch>          <step>E</step>          <alter>-1</alter>          <octave>5</octave>        </pitch>        <duration>2</duration>        <voice>1</voice>        <type>quarter</type>        <stem default-y="-40">down</stem>      </note>    </measure>    <!--=======================================================-->    <measure number="8" width="183">      <note default-x="13">        <pitch>          <step>D</step>          <octave>5</octave>        </pitch>        <duration>2</duration>        <voice>1</voice>        <type>quarter</type>        <stem default-y="-45">down</stem>      </note>      <note default-x="67">        <pitch>          <step>C</step>          <octave>5</octave>        </pitch>        <duration>2</duration>        <voice>1</voice>        <type>quarter</type>        <stem default-y="-50">down</stem>      </note>      <note default-x="128">        <pitch>          <step>B</step>          <alter>-1</alter>          <octave>4</octave>        </pitch>        <duration>4</duration>        <voice>1</voice>        <type>half</type>        <stem default-y="-55">down</stem>        <notations>          <fermata default-y="15" type="upright"/>        </notations>      </note>    </measure>    <!--=======================================================-->    <measure number="9" width="212">      <note default-x="13">        <pitch>          <step>D</step>          <octave>5</octave>        </pitch>        <duration>2</duration>        <voice>1</voice>        <type>quarter</type>        <stem default-y="-45">down</stem>      </note>      <note default-x="64">        <pitch>          <step>E</step>          <alter>-1</alter>          <octave>5</octave>        </pitch>        <duration>2</duration>        <voice>1</voice>        <type>quarter</type>        <stem default-y="-40">down</stem>      </note>      <note default-x="107">        <pitch>          <step>F</step>          <octave>5</octave>        </pitch>        <duration>2</duration>        <voice>1</voice>        <type>quarter</type>        <stem default-y="-35">down</stem>      </note>      <note default-x="159">        <pitch>          <step>E</step>          <alter>-1</alter>          <octave>5</octave>        </pitch>        <duration>2</duration>        <voice>1</voice>        <type>quarter</type>        <stem default-y="-40">down</stem>      </note>    </measure>    <!--=======================================================-->    <measure number="10" width="177">      <note default-x="13">        <pitch>          <step>D</step>          <octave>5</octave>        </pitch>        <duration>2</duration>        <voice>1</voice>        <type>quarter</type>        <stem default-y="-45">down</stem>      </note>      <note default-x="76">        <pitch>          <step>C</step>          <octave>5</octave>        </pitch>        <duration>2</duration>        <voice>1</voice>        <type>quarter</type>        <stem default-y="-50">down</stem>      </note>      <note default-x="123">        <pitch>          <step>D</step>          <octave>5</octave>        </pitch>        <duration>4</duration>        <voice>1</voice>        <type>half</type>        <stem default-y="-45">down</stem>        <notations>          <fermata default-y="15" type="upright"/>        </notations>      </note>    </measure>    <!--=======================================================-->    <measure number="11" width="219">      <note default-x="13">        <pitch>          <step>F</step>          <octave>5</octave>        </pitch>        <duration>2</duration>        <voice>1</voice>        <type>quarter</type>        <stem default-y="-35">down</stem>      </note>      <note default-x="64">        <pitch>          <step>F</step>          <octave>5</octave>        </pitch>        <duration>2</duration>        <voice>1</voice>        <type>quarter</type>        <stem default-y="-35">down</stem>      </note>      <note default-x="116">        <pitch>          <step>G</step>          <octave>5</octave>        </pitch>        <duration>2</duration>        <voice>1</voice>        <type>quarter</type>        <stem default-y="-30">down</stem>      </note>      <note default-x="167">        <pitch>          <step>F</step>          <octave>5</octave>        </pitch>        <duration>2</duration>        <voice>1</voice>        <type>quarter</type>        <stem default-y="-35">down</stem>      </note>    </measure>    <!--=======================================================-->    <measure number="12" width="177">      <note default-x="10">        <pitch>          <step>E</step>          <alter>-1</alter>          <octave>5</octave>        </pitch>        <duration>2</duration>        <voice>1</voice>        <type>quarter</type>        <stem default-y="-40">down</stem>      </note>      <note default-x="79">        <pitch>          <step>D</step>          <octave>5</octave>        </pitch>        <duration>2</duration>        <voice>1</voice>        <type>quarter</type>        <stem default-y="-45">down</stem>      </note>      <note default-x="127">        <pitch>          <step>C</step>          <octave>5</octave>        </pitch>        <duration>4</duration>        <voice>1</voice>        <type>half</type>        <stem default-y="-50">down</stem>        <notations>          <fermata default-y="15" type="upright"/>        </notations>      </note>    </measure>    <!--=======================================================-->    <measure number="13" width="328">      <print new-system="yes"/>      <note default-x="84">        <pitch>          <step>D</step>          <octave>5</octave>        </pitch>        <duration>1</duration>        <voice>1</voice>        <type>eighth</type>        <stem default-y="-45">down</stem>        <beam number="1">begin</beam>      </note>      <note default-x="116">        <pitch>          <step>E</step>          <alter>-1</alter>          <octave>5</octave>        </pitch>        <duration>1</duration>        <voice>1</voice>        <type>eighth</type>        <stem default-y="-40">down</stem>        <beam number="1">end</beam>      </note>      <note default-x="147">        <pitch>          <step>F</step>          <octave>5</octave>        </pitch>        <duration>2</duration>        <voice>1</voice>        <type>quarter</type>        <stem default-y="-35">down</stem>      </note>      <note default-x="211">        <pitch>          <step>E</step>          <alter>-1</alter>          <octave>5</octave>        </pitch>        <duration>2</duration>        <voice>1</voice>        <type>quarter</type>        <stem default-y="-40">down</stem>      </note>      <note default-x="269">        <pitch>          <step>D</step>          <octave>5</octave>        </pitch>        <duration>2</duration>        <voice>1</voice>        <type>quarter</type>        <stem default-y="-45">down</stem>      </note>    </measure>    <!--=======================================================-->    <measure number="14" width="270">      <note default-x="10">        <pitch>          <step>B</step>          <alter>-1</alter>          <octave>4</octave>        </pitch>        <duration>2</duration>        <voice>1</voice>        <type>quarter</type>        <stem default-y="-55">down</stem>      </note>      <note default-x="78">        <pitch>          <step>C</step>          <octave>5</octave>        </pitch>        <duration>2</duration>        <voice>1</voice>        <type>quarter</type>        <stem default-y="-50">down</stem>      </note>      <note default-x="138">        <pitch>          <step>D</step>          <octave>5</octave>        </pitch>        <duration>4</duration>        <voice>1</voice>        <type>half</type>        <stem default-y="-45">down</stem>      </note>    </measure>    <!--=======================================================-->    <measure number="15" width="198">      <note default-x="10">        <pitch>          <step>B</step>          <alter>-1</alter>          <octave>4</octave>        </pitch>        <duration>4</duration>        <voice>1</voice>        <type>half</type>        <stem default-y="-55">down</stem>        <notations>          <fermata default-y="13" type="upright"/>        </notations>      </note>      <note default-x="85">        <pitch>          <step>D</step>          <octave>5</octave>        </pitch>        <duration>2</duration>        <voice>1</voice>        <type>quarter</type>        <stem default-y="-45">down</stem>      </note>      <note default-x="141">        <pitch>          <step>F</step>          <octave>5</octave>        </pitch>        <duration>2</duration>        <voice>1</voice>        <type>quarter</type>        <stem default-y="-35">down</stem>      </note>    </measure>    <!--=======================================================-->    <measure number="16" width="237">      <note default-x="10">        <pitch>          <step>E</step>          <alter>-1</alter>          <octave>5</octave>        </pitch>        <duration>2</duration>        <voice>1</voice>        <type>quarter</type>        <stem default-y="-40">down</stem>      </note>      <note default-x="67">        <pitch>          <step>D</step>          <octave>5</octave>        </pitch>        <duration>2</duration>        <voice>1</voice>        <type>quarter</type>        <stem default-y="-45">down</stem>      </note>      <note default-x="123">        <pitch>          <step>C</step>          <octave>5</octave>        </pitch>        <duration>2</duration>        <voice>1</voice>        <type>quarter</type>        <stem default-y="-50">down</stem>      </note>      <note default-x="180">        <pitch>          <step>D</step>          <octave>5</octave>        </pitch>        <duration>2</duration>        <voice>1</voice>        <type>quarter</type>        <stem default-y="-45">down</stem>      </note>    </measure>    <!--=======================================================-->    <measure number="17" width="215">      <note default-x="10">        <pitch>          <step>C</step>          <octave>5</octave>        </pitch>        <duration>4</duration>        <voice>1</voice>        <type>half</type>        <stem default-y="-50">down</stem>      </note>      <note default-x="150">        <pitch>          <step>B</step>          <alter>-1</alter>          <octave>4</octave>        </pitch>        <duration>4</duration>        <voice>1</voice>        <type>half</type>        <stem default-y="-55">down</stem>        <notations>          <fermata default-y="13" type="upright"/>        </notations>      </note>      <barline location="right">        <bar-style>light-heavy</bar-style>      </barline>    </measure>  </part>  <!--=========================================================-->  <part id="P2">    <measure number="1" width="290">      <attributes>        <divisions>4</divisions>        <key>          <fifths>-2</fifths>          <mode>major</mode>        </key>        <time symbol="common">          <beats>4</beats>          <beat-type>4</beat-type>        </time>        <clef>          <sign>G</sign>          <line>2</line>        </clef>      </attributes>      <sound tempo="96"/>      <note default-x="118">        <pitch>          <step>F</step>          <octave>4</octave>        </pitch>        <duration>4</duration>        <voice>1</voice>        <type>quarter</type>        <stem default-y="0">up</stem>      </note>      <note default-x="156">        <pitch>          <step>F</step>          <octave>4</octave>        </pitch>        <duration>4</duration>        <voice>1</voice>        <type>quarter</type>        <stem default-y="0">up</stem>      </note>      <note default-x="193">        <pitch>          <step>F</step>          <octave>4</octave>        </pitch>        <duration>6</duration>        <voice>1</voice>        <type>quarter</type>        <dot/>        <stem default-y="0">up</stem>      </note>      <note default-x="259">        <pitch>          <step>E</step>          <octave>4</octave>        </pitch>        <duration>2</duration>        <voice>1</voice>        <type>eighth</type>        <accidental>natural</accidental>        <stem default-y="-4.5">up</stem>      </note>    </measure>    <!--=======================================================-->    <measure number="2" width="211">      <note default-x="10">        <pitch>          <step>D</step>          <octave>4</octave>        </pitch>        <duration>4</duration>        <voice>1</voice>        <type>quarter</type>        <stem default-y="-9.5">up</stem>      </note>      <note default-x="63">        <pitch>          <step>C</step>          <octave>4</octave>        </pitch>        <duration>2</duration>        <voice>1</voice>        <type>eighth</type>        <stem default-y="-9.5">up</stem>        <beam number="1">begin</beam>      </note>      <note default-x="88">        <pitch>          <step>F</step>          <octave>4</octave>        </pitch>        <duration>2</duration>        <voice>1</voice>        <type>eighth</type>        <stem default-y="0">up</stem>        <beam number="1">end</beam>      </note>      <note default-x="119">        <pitch>          <step>F</step>          <octave>4</octave>        </pitch>        <duration>2</duration>        <voice>1</voice>        <type>eighth</type>        <stem default-y="0">up</stem>        <beam number="1">begin</beam>      </note>      <note default-x="148">        <pitch>          <step>E</step>          <octave>4</octave>        </pitch>        <duration>2</duration>        <voice>1</voice>        <type>eighth</type>        <accidental>natural</accidental>        <stem default-y="-4.5">up</stem>        <beam number="1">end</beam>      </note>      <note default-x="172">        <pitch>          <step>F</step>          <octave>4</octave>        </pitch>        <duration>4</duration>        <voice>1</voice>        <type>quarter</type>        <stem default-y="0">up</stem>      </note>    </measure>    <!--=======================================================-->    <measure number="3" width="185">      <note default-x="10">        <pitch>          <step>D</step>          <octave>4</octave>        </pitch>        <duration>4</duration>        <voice>1</voice>        <type>quarter</type>        <stem default-y="-9.5">up</stem>      </note>      <note default-x="47">        <pitch>          <step>F</step>          <octave>4</octave>        </pitch>        <duration>4</duration>        <voice>1</voice>        <type>quarter</type>        <stem default-y="0">up</stem>      </note>      <note default-x="93">        <pitch>          <step>F</step>          <octave>4</octave>        </pitch>        <duration>4</duration>        <voice>1</voice>        <type>quarter</type>        <stem default-y="0">up</stem>      </note>      <note default-x="139">        <pitch>          <step>F</step>          <octave>4</octave>        </pitch>        <duration>4</duration>        <voice>1</voice>        <type>quarter</type>        <stem default-y="0">up</stem>      </note>    </measure>    <!--=======================================================-->    <measure number="4" width="165">      <note default-x="12">        <pitch>          <step>F</step>          <octave>4</octave>        </pitch>        <duration>4</duration>        <voice>1</voice>        <type>quarter</type>        <stem default-y="0">up</stem>      </note>      <note default-x="64">        <pitch>          <step>F</step>          <octave>4</octave>        </pitch>        <duration>4</duration>        <voice>1</voice>        <type>quarter</type>        <stem default-y="0">up</stem>      </note>      <note default-x="120">        <pitch>          <step>F</step>          <octave>4</octave>        </pitch>        <duration>8</duration>        <voice>1</voice>        <type>half</type>        <stem default-y="0">up</stem>      </note>    </measure>    <!--=======================================================-->    <measure number="5" width="184">      <note default-x="12">        <pitch>          <step>F</step>          <octave>4</octave>        </pitch>        <duration>4</duration>        <voice>1</voice>        <type>quarter</type>        <stem default-y="0">up</stem>      </note>      <note default-x="50">        <pitch>          <step>F</step>          <octave>4</octave>        </pitch>        <duration>4</duration>        <voice>1</voice>        <type>quarter</type>        <stem default-y="0">up</stem>      </note>      <note default-x="88">        <pitch>          <step>F</step>          <octave>4</octave>        </pitch>        <duration>6</duration>        <voice>1</voice>        <type>quarter</type>        <dot/>        <stem default-y="0">up</stem>      </note>      <note default-x="153">        <pitch>          <step>E</step>          <octave>4</octave>        </pitch>        <duration>2</duration>        <voice>1</voice>        <type>eighth</type>        <accidental>natural</accidental>        <stem default-y="-4.5">up</stem>      </note>    </measure>    <!--=======================================================-->    <measure number="6" width="211">      <note default-x="10">        <pitch>          <step>D</step>          <octave>4</octave>        </pitch>        <duration>4</duration>        <voice>1</voice>        <type>quarter</type>        <stem default-y="-9.5">up</stem>      </note>      <note default-x="63">        <pitch>          <step>C</step>          <octave>4</octave>        </pitch>        <duration>2</duration>        <voice>1</voice>        <type>eighth</type>        <stem default-y="-9.5">up</stem>        <beam number="1">begin</beam>      </note>      <note default-x="87">        <pitch>          <step>F</step>          <octave>4</octave>        </pitch>        <duration>2</duration>        <voice>1</voice>        <type>eighth</type>        <stem default-y="0">up</stem>        <beam number="1">end</beam>      </note>      <note default-x="119">        <pitch>          <step>F</step>          <octave>4</octave>        </pitch>        <duration>2</duration>        <voice>1</voice>        <type>eighth</type>        <stem default-y="0">up</stem>        <beam number="1">begin</beam>      </note>      <note default-x="148">        <pitch>          <step>E</step>          <octave>4</octave>        </pitch>        <duration>2</duration>        <voice>1</voice>        <type>eighth</type>        <accidental>natural</accidental>        <stem default-y="-4.5">up</stem>        <beam number="1">end</beam>      </note>      <note default-x="171">        <pitch>          <step>F</step>          <octave>4</octave>        </pitch>        <duration>4</duration>        <voice>1</voice>        <type>quarter</type>        <stem default-y="0">up</stem>      </note>    </measure>    <!--=======================================================-->    <measure number="7" width="279">      <print new-system="yes"/>      <note default-x="84">        <pitch>          <step>D</step>          <octave>4</octave>        </pitch>        <duration>4</duration>        <voice>1</voice>        <type>quarter</type>        <stem default-y="-10">up</stem>      </note>      <note default-x="125">        <pitch>          <step>F</step>          <octave>4</octave>        </pitch>        <duration>4</duration>        <voice>1</voice>        <type>quarter</type>        <stem default-y="0">up</stem>      </note>      <note default-x="177">        <pitch>          <step>F</step>          <octave>4</octave>        </pitch>        <duration>4</duration>        <voice>1</voice>        <type>quarter</type>        <stem default-y="0">up</stem>      </note>      <note default-x="228">        <pitch>          <step>F</step>          <octave>4</octave>        </pitch>        <duration>4</duration>        <voice>1</voice>        <type>quarter</type>        <stem default-y="0">up</stem>      </note>    </measure>    <!--=======================================================-->    <measure number="8" width="183">      <note default-x="13">        <pitch>          <step>F</step>          <octave>4</octave>        </pitch>        <duration>4</duration>        <voice>1</voice>        <type>quarter</type>        <stem default-y="0">up</stem>      </note>      <note default-x="67">        <pitch>          <step>F</step>          <octave>4</octave>        </pitch>        <duration>4</duration>        <voice>1</voice>        <type>quarter</type>        <stem default-y="0">up</stem>      </note>      <note default-x="128">        <pitch>          <step>F</step>          <octave>4</octave>        </pitch>        <duration>8</duration>        <voice>1</voice>        <type>half</type>        <stem default-y="0">up</stem>      </note>    </measure>    <!--=======================================================-->    <measure number="9" width="212">      <note default-x="13">        <pitch>          <step>B</step>          <alter>-1</alter>          <octave>4</octave>        </pitch>        <duration>4</duration>        <voice>1</voice>        <type>quarter</type>        <stem default-y="-55">down</stem>      </note>      <note default-x="64">        <pitch>          <step>B</step>          <alter>-1</alter>          <octave>4</octave>        </pitch>        <duration>4</duration>        <voice>1</voice>        <type>quarter</type>        <stem default-y="-55">down</stem>      </note>      <note default-x="107">        <pitch>          <step>A</step>          <octave>4</octave>        </pitch>        <duration>4</duration>        <voice>1</voice>        <type>quarter</type>        <stem default-y="10">up</stem>      </note>      <note default-x="159">        <pitch>          <step>G</step>          <octave>4</octave>        </pitch>        <duration>2</duration>        <voice>1</voice>        <type>eighth</type>        <stem default-y="5">up</stem>        <beam number="1">begin</beam>      </note>      <note default-x="185">        <pitch>          <step>A</step>          <octave>4</octave>        </pitch>        <duration>2</duration>        <voice>1</voice>        <type>eighth</type>        <stem default-y="10">up</stem>        <beam number="1">end</beam>      </note>    </measure>    <!--=======================================================-->    <measure number="10" width="177">      <note default-x="13">        <pitch>          <step>B</step>          <alter>-1</alter>          <octave>4</octave>        </pitch>        <duration>4</duration>        <voice>1</voice>        <type>quarter</type>        <stem default-y="-55">down</stem>      </note>      <note default-x="76">        <pitch>          <step>A</step>          <octave>4</octave>        </pitch>        <duration>4</duration>        <voice>1</voice>        <type>quarter</type>        <stem default-y="10">up</stem>      </note>      <note default-x="123">        <pitch>          <step>B</step>          <alter>-1</alter>          <octave>4</octave>        </pitch>        <duration>8</duration>        <voice>1</voice>        <type>half</type>        <stem default-y="-55">down</stem>      </note>    </measure>    <!--=======================================================-->    <measure number="11" width="219">      <note default-x="13">        <pitch>          <step>B</step>          <alter>-1</alter>          <octave>4</octave>        </pitch>        <duration>4</duration>        <voice>1</voice>        <type>quarter</type>        <stem default-y="-55">down</stem>      </note>      <note default-x="64">        <pitch>          <step>B</step>          <alter>-1</alter>          <octave>4</octave>        </pitch>        <duration>4</duration>        <voice>1</voice>        <type>quarter</type>        <stem default-y="-55">down</stem>      </note>      <note default-x="116">        <pitch>          <step>B</step>          <alter>-1</alter>          <octave>4</octave>        </pitch>        <duration>4</duration>        <voice>1</voice>        <type>quarter</type>        <stem default-y="-55">down</stem>      </note>      <note default-x="167">        <pitch>          <step>A</step>          <octave>4</octave>        </pitch>        <duration>4</duration>        <voice>1</voice>        <type>quarter</type>        <stem default-y="10">up</stem>      </note>    </measure>    <!--=======================================================-->    <measure number="12" width="177">      <note default-x="10">        <pitch>          <step>G</step>          <octave>4</octave>        </pitch>        <duration>4</duration>        <voice>1</voice>        <type>quarter</type>        <stem default-y="5">up</stem>      </note>      <note default-x="79">        <pitch>          <step>F</step>          <octave>4</octave>        </pitch>        <duration>4</duration>        <voice>1</voice>        <type>quarter</type>        <stem default-y="0">up</stem>      </note>      <note default-x="127">        <pitch>          <step>F</step>          <octave>4</octave>        </pitch>        <duration>8</duration>        <voice>1</voice>        <type>half</type>        <stem default-y="0">up</stem>      </note>    </measure>    <!--=======================================================-->    <measure number="13" width="328">      <print new-system="yes"/>      <note default-x="84">        <pitch>          <step>F</step>          <octave>4</octave>        </pitch>        <duration>4</duration>        <voice>1</voice>        <type>quarter</type>        <stem default-y="1">up</stem>      </note>      <note default-x="147">        <pitch>          <step>B</step>          <alter>-1</alter>          <octave>4</octave>        </pitch>        <duration>2</duration>        <voice>1</voice>        <type>eighth</type>        <stem default-y="15">up</stem>        <beam number="1">begin</beam>      </note>      <note default-x="180">        <pitch>          <step>A</step>          <alter>-1</alter>          <octave>4</octave>        </pitch>        <duration>2</duration>        <voice>1</voice>        <type>eighth</type>        <accidental>flat</accidental>        <stem default-y="10">up</stem>        <beam number="1">end</beam>      </note>      <note default-x="211">        <pitch>          <step>G</step>          <octave>4</octave>        </pitch>        <duration>4</duration>        <voice>1</voice>        <type>quarter</type>        <stem default-y="6">up</stem>      </note>      <note default-x="269">        <pitch>          <step>F</step>          <octave>4</octave>        </pitch>        <duration>4</duration>        <voice>1</voice>        <type>quarter</type>        <stem default-y="1">up</stem>      </note>    </measure>    <!--=======================================================-->    <measure number="14" width="270">      <note default-x="10">        <pitch>          <step>G</step>          <octave>4</octave>        </pitch>        <duration>2</duration>        <voice>1</voice>        <type>eighth</type>        <stem default-y="5">up</stem>        <beam number="1">begin</beam>      </note>      <note default-x="48">        <pitch>          <step>F</step>          <alter>1</alter>          <octave>4</octave>        </pitch>        <duration>2</duration>        <voice>1</voice>        <type>eighth</type>        <accidental>sharp</accidental>        <stem default-y="0">up</stem>        <beam number="1">end</beam>      </note>      <note default-x="78">        <pitch>          <step>G</step>          <octave>4</octave>        </pitch>        <duration>4</duration>        <tie type="start"/>        <voice>1</voice>        <type>quarter</type>        <stem default-y="6">up</stem>        <notations>          <tied type="start"/>        </notations>      </note>      <note default-x="138">        <pitch>          <step>G</step>          <octave>4</octave>        </pitch>        <duration>2</duration>        <tie type="stop"/>        <voice>1</voice>        <type>eighth</type>        <stem default-y="5">up</stem>        <beam number="1">begin</beam>        <notations>          <tied type="stop"/>        </notations>      </note>      <note default-x="168">        <pitch>          <step>F</step>          <alter>1</alter>          <octave>4</octave>        </pitch>        <duration>1</duration>        <voice>1</voice>        <type>16th</type>        <stem default-y="0">up</stem>        <beam number="1">continue</beam>        <beam number="2">begin</beam>      </note>      <note default-x="199">        <pitch>          <step>E</step>          <octave>4</octave>        </pitch>        <duration>1</duration>        <voice>1</voice>        <type>16th</type>        <accidental>natural</accidental>        <stem default-y="-5">up</stem>        <beam number="1">end</beam>        <beam number="2">end</beam>      </note>      <note default-x="229">        <pitch>          <step>F</step>          <alter>1</alter>          <octave>4</octave>        </pitch>        <duration>4</duration>        <voice>1</voice>        <type>quarter</type>        <stem default-y="1">up</stem>      </note>    </measure>    <!--=======================================================-->    <measure number="15" width="198">      <note default-x="10">        <pitch>          <step>D</step>          <octave>4</octave>        </pitch>        <duration>8</duration>        <voice>1</voice>        <type>half</type>        <stem default-y="-10">up</stem>      </note>      <note default-x="85">        <pitch>          <step>G</step>          <octave>4</octave>        </pitch>        <duration>4</duration>        <voice>1</voice>        <type>quarter</type>        <stem default-y="6">up</stem>      </note>      <note default-x="141">        <pitch>          <step>A</step>          <alter>-1</alter>          <octave>4</octave>        </pitch>        <duration>4</duration>        <voice>1</voice>        <type>quarter</type>        <accidental>flat</accidental>        <stem default-y="11">up</stem>      </note>    </measure>    <!--=======================================================-->    <measure number="16" width="237">      <note default-x="10">        <pitch>          <step>G</step>          <octave>4</octave>        </pitch>        <duration>4</duration>        <voice>1</voice>        <type>quarter</type>        <stem default-y="6">up</stem>      </note>      <note default-x="67">        <pitch>          <step>D</step>          <octave>4</octave>        </pitch>        <duration>2</duration>        <voice>1</voice>        <type>eighth</type>        <stem default-y="-10">up</stem>        <beam number="1">begin</beam>      </note>      <note default-x="95">        <pitch>          <step>E</step>          <alter>-1</alter>          <octave>4</octave>        </pitch>        <duration>2</duration>        <voice>1</voice>        <type>eighth</type>        <stem default-y="-5">up</stem>        <beam number="1">end</beam>      </note>      <note default-x="123">        <pitch>          <step>F</step>          <octave>4</octave>        </pitch>        <duration>4</duration>        <voice>1</voice>        <type>quarter</type>        <stem default-y="1">up</stem>      </note>      <note default-x="180">        <pitch>          <step>F</step>          <octave>4</octave>        </pitch>        <duration>4</duration>        <voice>1</voice>        <type>quarter</type>        <stem default-y="1">up</stem>      </note>    </measure>    <!--=======================================================-->    <measure number="17" width="215">      <note default-x="10">        <pitch>          <step>F</step>          <octave>4</octave>        </pitch>        <duration>8</duration>        <voice>1</voice>        <type>half</type>        <stem default-y="1">up</stem>      </note>      <note default-x="150">        <pitch>          <step>F</step>          <octave>4</octave>        </pitch>        <duration>8</duration>        <voice>1</voice>        <type>half</type>        <stem default-y="1">up</stem>      </note>      <barline location="right">        <bar-style>light-heavy</bar-style>      </barline>    </measure>  </part>  <!--=========================================================-->  <part id="P3">    <measure number="1" width="290">      <attributes>        <divisions>4</divisions>        <key>          <fifths>-2</fifths>          <mode>major</mode>        </key>        <time symbol="common">          <beats>4</beats>          <beat-type>4</beat-type>        </time>        <clef>          <sign>G</sign>          <line>2</line>          <clef-octave-change>-1</clef-octave-change>        </clef>      </attributes>      <sound tempo="96"/>      <note default-x="118">        <pitch>          <step>D</step>          <octave>4</octave>        </pitch>        <duration>4</duration>        <voice>1</voice>        <type>quarter</type>        <stem default-y="-45">down</stem>      </note>      <note default-x="156">        <pitch>          <step>A</step>          <octave>3</octave>        </pitch>        <duration>4</duration>        <voice>1</voice>        <type>quarter</type>        <stem default-y="10">up</stem>      </note>      <note default-x="193">        <pitch>          <step>B</step>          <alter>-1</alter>          <octave>3</octave>        </pitch>        <duration>2</duration>        <voice>1</voice>        <type>eighth</type>        <stem default-y="15">up</stem>        <beam number="1">begin</beam>      </note>      <note default-x="217">        <pitch>          <step>A</step>          <octave>3</octave>        </pitch>        <duration>2</duration>        <voice>1</voice>        <type>eighth</type>        <stem default-y="10">up</stem>        <beam number="1">end</beam>      </note>      <note default-x="240">        <pitch>          <step>G</step>          <octave>3</octave>        </pitch>        <duration>4</duration>        <voice>1</voice>        <type>quarter</type>        <stem default-y="5">up</stem>      </note>    </measure>    <!--=======================================================-->    <measure number="2" width="211">      <note default-x="10">        <pitch>          <step>F</step>          <octave>3</octave>        </pitch>        <duration>2</duration>        <voice>1</voice>        <type>eighth</type>        <stem default-y="0">up</stem>        <beam number="1">begin</beam>      </note>      <note default-x="39">        <pitch>          <step>G</step>          <octave>3</octave>        </pitch>        <duration>2</duration>        <voice>1</voice>        <type>eighth</type>        <stem default-y="5">up</stem>        <beam number="1">end</beam>      </note>      <note default-x="63">        <pitch>          <step>A</step>          <octave>3</octave>        </pitch>        <duration>3</duration>        <voice>1</voice>        <type>eighth</type>        <dot/>        <stem default-y="10">up</stem>        <beam number="1">begin</beam>      </note>      <note default-x="99">        <pitch>          <step>B</step>          <alter>-1</alter>          <octave>3</octave>        </pitch>        <duration>1</duration>        <voice>1</voice>        <type>16th</type>        <stem default-y="15">up</stem>        <beam number="1">end</beam>        <beam number="2">backward hook</beam>      </note>      <note default-x="119">        <pitch>          <step>C</step>          <octave>4</octave>        </pitch>        <duration>2</duration>        <voice>1</voice>        <type>eighth</type>        <stem default-y="20">up</stem>        <beam number="1">begin</beam>      </note>      <note default-x="148">        <pitch>          <step>G</step>          <octave>3</octave>        </pitch>        <duration>2</duration>        <voice>1</voice>        <type>eighth</type>        <stem default-y="10">up</stem>        <beam number="1">end</beam>      </note>      <note default-x="172">        <pitch>          <step>A</step>          <octave>3</octave>        </pitch>        <duration>4</duration>        <voice>1</voice>        <type>quarter</type>        <stem default-y="10">up</stem>      </note>    </measure>    <!--=======================================================-->    <measure number="3" width="185">      <note default-x="10">        <pitch>          <step>B</step>          <alter>-1</alter>          <octave>3</octave>        </pitch>        <duration>4</duration>        <voice>1</voice>        <type>quarter</type>        <stem default-y="-55">down</stem>      </note>      <note default-x="47">        <pitch>          <step>A</step>          <octave>3</octave>        </pitch>        <duration>4</duration>        <voice>1</voice>        <type>quarter</type>        <stem default-y="10">up</stem>      </note>      <note default-x="93">        <pitch>          <step>B</step>          <alter>-1</alter>          <octave>3</octave>        </pitch>        <duration>4</duration>        <voice>1</voice>        <type>quarter</type>        <stem default-y="-55">down</stem>      </note>      <note default-x="139">        <pitch>          <step>C</step>          <octave>4</octave>        </pitch>        <duration>4</duration>        <voice>1</voice>        <type>quarter</type>        <stem default-y="-50">down</stem>      </note>    </measure>    <!--=======================================================-->    <measure number="4" width="165">      <note default-x="12">        <pitch>          <step>C</step>          <octave>4</octave>        </pitch>        <duration>2</duration>        <voice>1</voice>        <type>eighth</type>        <stem default-y="-50">down</stem>        <beam number="1">begin</beam>      </note>      <note default-x="38">        <pitch>          <step>B</step>          <alter>-1</alter>          <octave>3</octave>        </pitch>        <duration>2</duration>        <voice>1</voice>        <type>eighth</type>        <stem default-y="-55">down</stem>        <beam number="1">end</beam>      </note>      <note default-x="64">        <pitch>          <step>B</step>          <alter>-1</alter>          <octave>3</octave>        </pitch>        <duration>2</duration>        <voice>1</voice>        <type>eighth</type>        <stem default-y="15">up</stem>        <beam number="1">begin</beam>      </note>      <note default-x="89">        <pitch>          <step>A</step>          <octave>3</octave>        </pitch>        <duration>2</duration>        <voice>1</voice>        <type>eighth</type>        <stem default-y="10">up</stem>        <beam number="1">end</beam>      </note>      <note default-x="120">        <pitch>          <step>D</step>          <octave>4</octave>        </pitch>        <duration>8</duration>        <voice>1</voice>        <type>half</type>        <stem default-y="-45">down</stem>      </note>    </measure>    <!--=======================================================-->    <measure number="5" width="184">      <note default-x="12">        <pitch>          <step>D</step>          <octave>4</octave>        </pitch>        <duration>4</duration>        <voice>1</voice>        <type>quarter</type>        <stem default-y="-45">down</stem>      </note>      <note default-x="50">        <pitch>          <step>A</step>          <octave>3</octave>        </pitch>        <duration>4</duration>        <voice>1</voice>        <type>quarter</type>        <stem default-y="10">up</stem>      </note>      <note default-x="88">        <pitch>          <step>B</step>          <alter>-1</alter>          <octave>3</octave>        </pitch>        <duration>2</duration>        <voice>1</voice>        <type>eighth</type>        <stem default-y="15">up</stem>        <beam number="1">begin</beam>      </note>      <note default-x="111">        <pitch>          <step>A</step>          <octave>3</octave>        </pitch>        <duration>2</duration>        <voice>1</voice>        <type>eighth</type>        <stem default-y="10">up</stem>        <beam number="1">end</beam>      </note>      <note default-x="134">        <pitch>          <step>G</step>          <octave>3</octave>        </pitch>        <duration>4</duration>        <voice>1</voice>        <type>quarter</type>        <stem default-y="5">up</stem>      </note>    </measure>    <!--=======================================================-->    <measure number="6" width="211">      <note default-x="10">        <pitch>          <step>F</step>          <octave>3</octave>        </pitch>        <duration>2</duration>        <voice>1</voice>        <type>eighth</type>        <stem default-y="0">up</stem>        <beam number="1">begin</beam>      </note>      <note default-x="39">        <pitch>          <step>G</step>          <octave>3</octave>        </pitch>        <duration>2</duration>        <voice>1</voice>        <type>eighth</type>        <stem default-y="5">up</stem>        <beam number="1">end</beam>      </note>      <note default-x="63">        <pitch>          <step>A</step>          <octave>3</octave>        </pitch>        <duration>3</duration>        <voice>1</voice>        <type>eighth</type>        <dot/>        <stem default-y="10">up</stem>        <beam number="1">begin</beam>      </note>      <note default-x="99">        <pitch>          <step>B</step>          <alter>-1</alter>          <octave>3</octave>        </pitch>        <duration>1</duration>        <voice>1</voice>        <type>16th</type>        <stem default-y="15">up</stem>        <beam number="1">end</beam>        <beam number="2">backward hook</beam>      </note>      <note default-x="119">        <pitch>          <step>C</step>          <octave>4</octave>        </pitch>        <duration>2</duration>        <voice>1</voice>        <type>eighth</type>        <stem default-y="20">up</stem>        <beam number="1">begin</beam>      </note>      <note default-x="148">        <pitch>          <step>G</step>          <octave>3</octave>        </pitch>        <duration>2</duration>        <voice>1</voice>        <type>eighth</type>        <stem default-y="10">up</stem>        <beam number="1">end</beam>      </note>      <note default-x="171">        <pitch>          <step>A</step>          <octave>3</octave>        </pitch>        <duration>4</duration>        <voice>1</voice>        <type>quarter</type>        <stem default-y="10">up</stem>      </note>    </measure>    <!--=======================================================-->    <measure number="7" width="279">      <print new-system="yes"/>      <note default-x="84">        <pitch>          <step>B</step>          <alter>-1</alter>          <octave>3</octave>        </pitch>        <duration>4</duration>        <voice>1</voice>        <type>quarter</type>        <stem default-y="-55">down</stem>      </note>      <note default-x="125">        <pitch>          <step>A</step>          <octave>3</octave>        </pitch>        <duration>4</duration>        <voice>1</voice>        <type>quarter</type>        <stem default-y="11">up</stem>      </note>      <note default-x="177">        <pitch>          <step>B</step>          <alter>-1</alter>          <octave>3</octave>        </pitch>        <duration>4</duration>        <voice>1</voice>        <type>quarter</type>        <stem default-y="-55">down</stem>      </note>      <note default-x="228">        <pitch>          <step>C</step>          <octave>4</octave>        </pitch>        <duration>4</duration>        <voice>1</voice>        <type>quarter</type>        <stem default-y="-50">down</stem>      </note>    </measure>    <!--=======================================================-->    <measure number="8" width="183">      <note default-x="13">        <pitch>          <step>C</step>          <octave>4</octave>        </pitch>        <duration>2</duration>        <voice>1</voice>        <type>eighth</type>        <stem default-y="-49.5">down</stem>        <beam number="1">begin</beam>      </note>      <note default-x="41">        <pitch>          <step>B</step>          <alter>-1</alter>          <octave>3</octave>        </pitch>        <duration>2</duration>        <voice>1</voice>        <type>eighth</type>        <stem default-y="-54.5">down</stem>        <beam number="1">end</beam>      </note>      <note default-x="67">        <pitch>          <step>B</step>          <alter>-1</alter>          <octave>3</octave>        </pitch>        <duration>2</duration>        <voice>1</voice>        <type>eighth</type>        <stem default-y="15">up</stem>        <beam number="1">begin</beam>      </note>      <note default-x="95">        <pitch>          <step>A</step>          <octave>3</octave>        </pitch>        <duration>2</duration>        <voice>1</voice>        <type>eighth</type>        <stem default-y="10">up</stem>        <beam number="1">end</beam>      </note>      <note default-x="128">        <pitch>          <step>D</step>          <octave>4</octave>        </pitch>        <duration>8</duration>        <voice>1</voice>        <type>half</type>        <stem default-y="-45">down</stem>      </note>    </measure>    <!--=======================================================-->    <measure number="9" width="212">      <note default-x="13">        <pitch>          <step>F</step>          <octave>4</octave>        </pitch>        <duration>4</duration>        <voice>1</voice>        <type>quarter</type>        <stem default-y="-35">down</stem>      </note>      <note default-x="64">        <pitch>          <step>G</step>          <octave>4</octave>        </pitch>        <duration>4</duration>        <voice>1</voice>        <type>quarter</type>        <stem default-y="-30">down</stem>      </note>      <note default-x="107">        <pitch>          <step>C</step>          <octave>4</octave>        </pitch>        <duration>2</duration>        <voice>1</voice>        <type>eighth</type>        <stem default-y="-49.5">down</stem>        <beam number="1">begin</beam>      </note>      <note default-x="133">        <pitch>          <step>D</step>          <octave>4</octave>        </pitch>        <duration>2</duration>        <voice>1</voice>        <type>eighth</type>        <stem default-y="-45">down</stem>        <beam number="1">end</beam>      </note>      <note default-x="159">        <pitch>          <step>E</step>          <alter>-1</alter>          <octave>4</octave>        </pitch>        <duration>4</duration>        <voice>1</voice>        <type>quarter</type>        <stem default-y="-40">down</stem>      </note>    </measure>    <!--=======================================================-->    <measure number="10" width="177">      <note default-x="13">        <pitch>          <step>F</step>          <octave>4</octave>        </pitch>        <duration>4</duration>        <voice>1</voice>        <type>quarter</type>        <stem default-y="-35">down</stem>      </note>      <note default-x="76">        <pitch>          <step>F</step>          <octave>4</octave>        </pitch>        <duration>4</duration>        <voice>1</voice>        <type>quarter</type>        <stem default-y="-35">down</stem>      </note>      <note default-x="123">        <pitch>          <step>F</step>          <octave>4</octave>        </pitch>        <duration>8</duration>        <voice>1</voice>        <type>half</type>        <stem default-y="-35">down</stem>      </note>    </measure>    <!--=======================================================-->    <measure number="11" width="219">      <note default-x="13">        <pitch>          <step>D</step>          <octave>4</octave>        </pitch>        <duration>4</duration>        <voice>1</voice>        <type>quarter</type>        <stem default-y="-45">down</stem>      </note>      <note default-x="64">        <pitch>          <step>D</step>          <octave>4</octave>        </pitch>        <duration>4</duration>        <voice>1</voice>        <type>quarter</type>        <stem default-y="-45">down</stem>      </note>      <note default-x="116">        <pitch>          <step>E</step>          <alter>-1</alter>          <octave>4</octave>        </pitch>        <duration>4</duration>        <voice>1</voice>        <type>quarter</type>        <stem default-y="-40">down</stem>      </note>      <note default-x="167">        <pitch>          <step>C</step>          <octave>4</octave>        </pitch>        <duration>4</duration>        <voice>1</voice>        <type>quarter</type>        <stem default-y="-50">down</stem>      </note>    </measure>    <!--=======================================================-->    <measure number="12" width="177">      <note default-x="10">        <pitch>          <step>B</step>          <alter>-1</alter>          <octave>3</octave>        </pitch>        <duration>4</duration>        <voice>1</voice>        <type>quarter</type>        <stem default-y="-55">down</stem>      </note>      <note default-x="79">        <pitch>          <step>B</step>          <alter>-1</alter>          <octave>3</octave>        </pitch>        <duration>4</duration>        <voice>1</voice>        <type>quarter</type>        <stem default-y="-55">down</stem>      </note>      <note default-x="127">        <pitch>          <step>A</step>          <octave>3</octave>        </pitch>        <duration>8</duration>        <voice>1</voice>        <type>half</type>        <stem default-y="11">up</stem>      </note>    </measure>    <!--=======================================================-->    <measure number="13" width="328">      <print new-system="yes"/>      <note default-x="84">        <pitch>          <step>B</step>          <alter>-1</alter>          <octave>3</octave>        </pitch>        <duration>2</duration>        <voice>1</voice>        <type>eighth</type>        <stem default-y="-55">down</stem>        <beam number="1">begin</beam>      </note>      <note default-x="116">        <pitch>          <step>C</step>          <octave>4</octave>        </pitch>        <duration>2</duration>        <voice>1</voice>        <type>eighth</type>        <stem default-y="-50">down</stem>        <beam number="1">end</beam>      </note>      <note default-x="147">        <pitch>          <step>D</step>          <octave>4</octave>        </pitch>        <duration>4</duration>        <tie type="start"/>        <voice>1</voice>        <type>quarter</type>        <stem default-y="-45.5">down</stem>        <notations>          <tied type="start"/>        </notations>      </note>      <note default-x="211">        <pitch>          <step>D</step>          <octave>4</octave>        </pitch>        <duration>2</duration>        <tie type="stop"/>        <voice>1</voice>        <type>eighth</type>        <stem default-y="-45.5">down</stem>        <notations>          <tied type="stop"/>        </notations>      </note>      <note default-x="243">        <pitch>          <step>C</step>          <octave>4</octave>        </pitch>        <duration>4</duration>        <voice>1</voice>        <type>quarter</type>        <stem default-y="-50">down</stem>      </note>      <note default-x="294">        <pitch>          <step>B</step>          <alter>-1</alter>          <octave>3</octave>        </pitch>        <duration>2</duration>        <tie type="start"/>        <voice>1</voice>        <type>eighth</type>        <stem default-y="-55">down</stem>        <notations>          <tied type="start"/>        </notations>      </note>    </measure>    <!--=======================================================-->    <measure number="14" width="270">      <note default-x="10">        <pitch>          <step>B</step>          <alter>-1</alter>          <octave>3</octave>        </pitch>        <duration>2</duration>        <tie type="stop"/>        <voice>1</voice>        <type>eighth</type>        <stem default-y="15">up</stem>        <beam number="1">begin</beam>        <notations>          <tied type="stop"/>        </notations>      </note>      <note default-x="48">        <pitch>          <step>A</step>          <octave>3</octave>        </pitch>        <duration>2</duration>        <voice>1</voice>        <type>eighth</type>        <stem default-y="10">up</stem>        <beam number="1">end</beam>      </note>      <note default-x="78">        <pitch>          <step>G</step>          <octave>3</octave>        </pitch>        <duration>2</duration>        <voice>1</voice>        <type>eighth</type>        <stem default-y="5">up</stem>        <beam number="1">begin</beam>      </note>      <note default-x="107">        <pitch>          <step>A</step>          <octave>3</octave>        </pitch>        <duration>2</duration>        <voice>1</voice>        <type>eighth</type>        <stem default-y="10">up</stem>        <beam number="1">end</beam>      </note>      <note default-x="138">        <pitch>          <step>B</step>          <alter>-1</alter>          <octave>3</octave>        </pitch>        <duration>2</duration>        <voice>1</voice>        <type>eighth</type>        <stem default-y="15">up</stem>        <beam number="1">begin</beam>      </note>      <note default-x="168">        <pitch>          <step>A</step>          <octave>3</octave>        </pitch>        <duration>1</duration>        <voice>1</voice>        <type>16th</type>        <stem default-y="10">up</stem>        <beam number="1">continue</beam>        <beam number="2">begin</beam>      </note>      <note default-x="199">        <pitch>          <step>G</step>          <octave>3</octave>        </pitch>        <duration>1</duration>        <voice>1</voice>        <type>16th</type>        <stem default-y="5">up</stem>        <beam number="1">end</beam>        <beam number="2">end</beam>      </note>      <note default-x="229">        <pitch>          <step>A</step>          <octave>3</octave>        </pitch>        <duration>4</duration>        <voice>1</voice>        <type>quarter</type>        <stem default-y="10.5">up</stem>      </note>    </measure>    <!--=======================================================-->    <measure number="15" width="198">      <note default-x="10">        <pitch>          <step>G</step>          <octave>3</octave>        </pitch>        <duration>8</duration>        <voice>1</voice>        <type>half</type>        <stem default-y="5.5">up</stem>      </note>      <note default-x="85">        <pitch>          <step>B</step>          <alter>-1</alter>          <octave>3</octave>        </pitch>        <duration>4</duration>        <voice>1</voice>        <type>quarter</type>        <stem default-y="-55">down</stem>      </note>      <note default-x="141">        <pitch>          <step>B</step>          <alter>-1</alter>          <octave>3</octave>        </pitch>        <duration>4</duration>        <voice>1</voice>        <type>quarter</type>        <stem default-y="-55">down</stem>      </note>    </measure>    <!--=======================================================-->    <measure number="16" width="237">      <note default-x="10">        <pitch>          <step>B</step>          <alter>-1</alter>          <octave>3</octave>        </pitch>        <duration>4</duration>        <voice>1</voice>        <type>quarter</type>        <stem default-y="-55">down</stem>      </note>      <note default-x="67">        <pitch>          <step>B</step>          <alter>-1</alter>          <octave>3</octave>        </pitch>        <duration>4</duration>        <voice>1</voice>        <type>quarter</type>        <stem default-y="-55">down</stem>      </note>      <note default-x="123">        <pitch>          <step>A</step>          <octave>3</octave>        </pitch>        <duration>4</duration>        <voice>1</voice>        <type>quarter</type>        <stem default-y="10.5">up</stem>      </note>      <note default-x="180">        <pitch>          <step>B</step>          <alter>-1</alter>          <octave>3</octave>        </pitch>        <duration>4</duration>        <tie type="start"/>        <voice>1</voice>        <type>quarter</type>        <stem default-y="-55">down</stem>        <notations>          <tied type="start"/>        </notations>      </note>    </measure>    <!--=======================================================-->    <measure number="17" width="215">      <note default-x="10">        <pitch>          <step>B</step>          <alter>-1</alter>          <octave>3</octave>        </pitch>        <duration>2</duration>        <tie type="stop"/>        <voice>1</voice>        <type>eighth</type>        <stem default-y="15">up</stem>        <beam number="1">begin</beam>        <notations>          <tied type="stop"/>        </notations>      </note>      <note default-x="40">        <pitch>          <step>A</step>          <octave>3</octave>        </pitch>        <duration>1</duration>        <voice>1</voice>        <type>16th</type>        <stem default-y="10">up</stem>        <beam number="1">continue</beam>        <beam number="2">begin</beam>      </note>      <note default-x="67">        <pitch>          <step>G</step>          <octave>3</octave>        </pitch>        <duration>1</duration>        <voice>1</voice>        <type>16th</type>        <stem default-y="5">up</stem>        <beam number="1">end</beam>        <beam number="2">end</beam>      </note>      <note default-x="101">        <pitch>          <step>A</step>          <octave>3</octave>        </pitch>        <duration>4</duration>        <voice>1</voice>        <type>quarter</type>        <stem default-y="10.5">up</stem>      </note>      <note default-x="150">        <pitch>          <step>D</step>          <octave>4</octave>        </pitch>        <duration>8</duration>        <voice>1</voice>        <type>half</type>        <stem default-y="-45.5">down</stem>      </note>      <barline location="right">        <bar-style>light-heavy</bar-style>      </barline>    </measure>  </part>  <!--=========================================================-->  <part id="P4">    <measure number="1" width="290">      <attributes>        <divisions>2</divisions>        <key>          <fifths>-2</fifths>          <mode>major</mode>        </key>        <time symbol="common">          <beats>4</beats>          <beat-type>4</beat-type>        </time>        <clef>          <sign>F</sign>          <line>4</line>        </clef>      </attributes>      <sound tempo="96"/>      <note default-x="118">        <pitch>          <step>B</step>          <alter>-1</alter>          <octave>3</octave>        </pitch>        <duration>2</duration>        <voice>1</voice>        <type>quarter</type>        <stem default-y="-30">down</stem>      </note>      <note default-x="156">        <pitch>          <step>F</step>          <octave>3</octave>        </pitch>        <duration>2</duration>        <voice>1</voice>        <type>quarter</type>        <stem default-y="-45">down</stem>      </note>      <note default-x="193">        <pitch>          <step>B</step>          <alter>-1</alter>          <octave>2</octave>        </pitch>        <duration>2</duration>        <voice>1</voice>        <type>quarter</type>        <stem default-y="6">up</stem>      </note>      <note default-x="240">        <pitch>          <step>C</step>          <octave>3</octave>        </pitch>        <duration>2</duration>        <voice>1</voice>        <type>quarter</type>        <stem default-y="11">up</stem>      </note>    </measure>    <!--=======================================================-->    <measure number="2" width="211">      <note default-x="10">        <pitch>          <step>D</step>          <octave>3</octave>        </pitch>        <duration>1</duration>        <voice>1</voice>        <type>eighth</type>        <stem default-y="-54.5">down</stem>        <beam number="1">begin</beam>      </note>      <note default-x="39">        <pitch>          <step>E</step>          <octave>3</octave>        </pitch>        <duration>1</duration>        <voice>1</voice>        <type>eighth</type>        <accidental>natural</accidental>        <stem default-y="-50">down</stem>        <beam number="1">end</beam>      </note>      <note default-x="63">        <pitch>          <step>F</step>          <octave>3</octave>        </pitch>        <duration>2</duration>        <voice>1</voice>        <type>quarter</type>        <stem default-y="-45">down</stem>      </note>      <note default-x="119">        <pitch>          <step>C</step>          <octave>3</octave>        </pitch>        <duration>2</duration>        <voice>1</voice>        <type>quarter</type>        <stem default-y="11">up</stem>      </note>      <note default-x="172">        <pitch>          <step>F</step>          <octave>2</octave>        </pitch>        <duration>2</duration>        <voice>1</voice>        <type>quarter</type>        <stem default-y="-9">up</stem>      </note>    </measure>    <!--=======================================================-->    <measure number="3" width="185">      <note default-x="10">        <pitch>          <step>G</step>          <octave>3</octave>        </pitch>        <duration>2</duration>        <voice>1</voice>        <type>quarter</type>        <stem default-y="-40">down</stem>      </note>      <note default-x="47">        <pitch>          <step>F</step>          <octave>3</octave>        </pitch>        <duration>1</duration>        <voice>1</voice>        <type>eighth</type>        <stem default-y="-45">down</stem>        <beam number="1">begin</beam>      </note>      <note default-x="70">        <pitch>          <step>E</step>          <alter>-1</alter>          <octave>3</octave>        </pitch>        <duration>1</duration>        <voice>1</voice>        <type>eighth</type>        <stem default-y="-50">down</stem>        <beam number="1">end</beam>      </note>      <note default-x="93">        <pitch>          <step>D</step>          <octave>3</octave>        </pitch>        <duration>1</duration>        <voice>1</voice>        <type>eighth</type>        <stem default-y="15">up</stem>        <beam number="1">begin</beam>      </note>      <note default-x="116">        <pitch>          <step>C</step>          <octave>3</octave>        </pitch>        <duration>1</duration>        <voice>1</voice>        <type>eighth</type>        <stem default-y="10">up</stem>        <beam number="1">end</beam>      </note>      <note default-x="139">        <pitch>          <step>B</step>          <alter>-1</alter>          <octave>2</octave>        </pitch>        <duration>1</duration>        <voice>1</voice>        <type>eighth</type>        <stem default-y="5">up</stem>        <beam number="1">begin</beam>      </note>      <note default-x="162">        <pitch>          <step>A</step>          <octave>2</octave>        </pitch>        <duration>1</duration>        <voice>1</voice>        <type>eighth</type>        <stem default-y="0">up</stem>        <beam number="1">end</beam>      </note>    </measure>    <!--=======================================================-->    <measure number="4" width="165">      <note default-x="12">        <pitch>          <step>B</step>          <alter>-1</alter>          <octave>2</octave>        </pitch>        <duration>2</duration>        <voice>1</voice>        <type>quarter</type>        <stem default-y="6">up</stem>      </note>      <note default-x="64">        <pitch>          <step>F</step>          <octave>2</octave>        </pitch>        <duration>2</duration>        <voice>1</voice>        <type>quarter</type>        <stem default-y="-9">up</stem>      </note>      <note default-x="120">        <pitch>          <step>B</step>          <alter>-1</alter>          <octave>2</octave>        </pitch>        <duration>4</duration>        <voice>1</voice>        <type>half</type>        <stem default-y="6">up</stem>      </note>    </measure>    <!--=======================================================-->    <measure number="5" width="184">      <note default-x="12">        <pitch>          <step>B</step>          <alter>-1</alter>          <octave>3</octave>        </pitch>        <duration>2</duration>        <voice>1</voice>        <type>quarter</type>        <stem default-y="-30">down</stem>      </note>      <note default-x="50">        <pitch>          <step>F</step>          <octave>3</octave>        </pitch>        <duration>2</duration>        <voice>1</voice>        <type>quarter</type>        <stem default-y="-45">down</stem>      </note>      <note default-x="88">        <pitch>          <step>B</step>          <alter>-1</alter>          <octave>2</octave>        </pitch>        <duration>2</duration>        <voice>1</voice>        <type>quarter</type>        <stem default-y="6">up</stem>      </note>      <note default-x="134">        <pitch>          <step>C</step>          <octave>3</octave>        </pitch>        <duration>2</duration>        <voice>1</voice>        <type>quarter</type>        <stem default-y="11">up</stem>      </note>    </measure>    <!--=======================================================-->    <measure number="6" width="211">      <note default-x="10">        <pitch>          <step>D</step>          <octave>3</octave>        </pitch>        <duration>1</duration>        <voice>1</voice>        <type>eighth</type>        <stem default-y="-54.5">down</stem>        <beam number="1">begin</beam>      </note>      <note default-x="39">        <pitch>          <step>E</step>          <octave>3</octave>        </pitch>        <duration>1</duration>        <voice>1</voice>        <type>eighth</type>        <accidental>natural</accidental>        <stem default-y="-50">down</stem>        <beam number="1">end</beam>      </note>      <note default-x="63">        <pitch>          <step>F</step>          <octave>3</octave>        </pitch>        <duration>2</duration>        <voice>1</voice>        <type>quarter</type>        <stem default-y="-45">down</stem>      </note>      <note default-x="119">        <pitch>          <step>C</step>          <octave>3</octave>        </pitch>        <duration>2</duration>        <voice>1</voice>        <type>quarter</type>        <stem default-y="11">up</stem>      </note>      <note default-x="171">        <pitch>          <step>F</step>          <octave>2</octave>        </pitch>        <duration>2</duration>        <voice>1</voice>        <type>quarter</type>        <stem default-y="-9">up</stem>      </note>    </measure>    <!--=======================================================-->    <measure number="7" width="279">      <print new-system="yes"/>      <note default-x="84">        <pitch>          <step>G</step>          <octave>3</octave>        </pitch>        <duration>2</duration>        <voice>1</voice>        <type>quarter</type>        <stem default-y="-40.5">down</stem>      </note>      <note default-x="125">        <pitch>          <step>F</step>          <octave>3</octave>        </pitch>        <duration>1</duration>        <voice>1</voice>        <type>eighth</type>        <stem default-y="-45">down</stem>        <beam number="1">begin</beam>      </note>      <note default-x="151">        <pitch>          <step>E</step>          <alter>-1</alter>          <octave>3</octave>        </pitch>        <duration>1</duration>        <voice>1</voice>        <type>eighth</type>        <stem default-y="-50">down</stem>        <beam number="1">end</beam>      </note>      <note default-x="177">        <pitch>          <step>D</step>          <octave>3</octave>        </pitch>        <duration>1</duration>        <voice>1</voice>        <type>eighth</type>        <stem default-y="15">up</stem>        <beam number="1">begin</beam>      </note>      <note default-x="202">        <pitch>          <step>C</step>          <octave>3</octave>        </pitch>        <duration>1</duration>        <voice>1</voice>        <type>eighth</type>        <stem default-y="10">up</stem>        <beam number="1">end</beam>      </note>      <note default-x="228">        <pitch>          <step>B</step>          <alter>-1</alter>          <octave>2</octave>        </pitch>        <duration>1</duration>        <voice>1</voice>        <type>eighth</type>        <stem default-y="5">up</stem>        <beam number="1">begin</beam>      </note>      <note default-x="254">        <pitch>          <step>A</step>          <octave>2</octave>        </pitch>        <duration>1</duration>        <voice>1</voice>        <type>eighth</type>        <stem default-y="0">up</stem>        <beam number="1">end</beam>      </note>    </measure>    <!--=======================================================-->    <measure number="8" width="183">      <note default-x="13">        <pitch>          <step>B</step>          <alter>-1</alter>          <octave>2</octave>        </pitch>        <duration>2</duration>        <voice>1</voice>        <type>quarter</type>        <stem default-y="5.5">up</stem>      </note>      <note default-x="67">        <pitch>          <step>F</step>          <octave>2</octave>        </pitch>        <duration>2</duration>        <voice>1</voice>        <type>quarter</type>        <stem default-y="-9">up</stem>      </note>      <note default-x="128">        <pitch>          <step>B</step>          <alter>-1</alter>          <octave>2</octave>        </pitch>        <duration>4</duration>        <voice>1</voice>        <type>half</type>        <stem default-y="5.5">up</stem>      </note>    </measure>    <!--=======================================================-->    <measure number="9" width="212">      <note default-x="13">        <pitch>          <step>B</step>          <alter>-1</alter>          <octave>3</octave>        </pitch>        <duration>1</duration>        <voice>1</voice>        <type>eighth</type>        <stem default-y="-30">down</stem>        <beam number="1">begin</beam>      </note>      <note default-x="39">        <pitch>          <step>A</step>          <octave>3</octave>        </pitch>        <duration>1</duration>        <voice>1</voice>        <type>eighth</type>        <stem default-y="-35">down</stem>        <beam number="1">end</beam>      </note>      <note default-x="64">        <pitch>          <step>G</step>          <octave>3</octave>        </pitch>        <duration>2</duration>        <voice>1</voice>        <type>quarter</type>        <stem default-y="-40.5">down</stem>      </note>      <note default-x="107">        <pitch>          <step>F</step>          <octave>3</octave>        </pitch>        <duration>2</duration>        <voice>1</voice>        <type>quarter</type>        <stem default-y="-45.5">down</stem>      </note>      <note default-x="159">        <pitch>          <step>C</step>          <octave>3</octave>        </pitch>        <duration>2</duration>        <voice>1</voice>        <type>quarter</type>        <stem default-y="10.5">up</stem>      </note>    </measure>    <!--=======================================================-->    <measure number="10" width="177">      <note default-x="13">        <pitch>          <step>D</step>          <octave>3</octave>        </pitch>        <duration>1</duration>        <voice>1</voice>        <type>eighth</type>        <stem default-y="-55">down</stem>        <beam number="1">begin</beam>      </note>      <note default-x="42">        <pitch>          <step>E</step>          <alter>-1</alter>          <octave>3</octave>        </pitch>        <duration>1</duration>        <voice>1</voice>        <type>eighth</type>        <stem default-y="-50">down</stem>        <beam number="1">end</beam>      </note>      <note default-x="76">        <pitch>          <step>F</step>          <octave>3</octave>        </pitch>        <duration>2</duration>        <voice>1</voice>        <type>quarter</type>        <stem default-y="-45.5">down</stem>      </note>      <note default-x="123">        <pitch>          <step>B</step>          <alter>-1</alter>          <octave>2</octave>        </pitch>        <duration>4</duration>        <voice>1</voice>        <type>half</type>        <stem default-y="5.5">up</stem>      </note>    </measure>    <!--=======================================================-->    <measure number="11" width="219">      <note default-x="13">        <pitch>          <step>B</step>          <alter>-1</alter>          <octave>2</octave>        </pitch>        <duration>1</duration>        <voice>1</voice>        <type>eighth</type>        <stem default-y="5">up</stem>        <beam number="1">begin</beam>      </note>      <note default-x="39">        <pitch>          <step>C</step>          <octave>3</octave>        </pitch>        <duration>1</duration>        <voice>1</voice>        <type>eighth</type>        <stem default-y="10">up</stem>        <beam number="1">end</beam>      </note>      <note default-x="64">        <pitch>          <step>D</step>          <octave>3</octave>        </pitch>        <duration>1</duration>        <voice>1</voice>        <type>eighth</type>        <stem default-y="15">up</stem>        <beam number="1">begin</beam>      </note>      <note default-x="90">        <pitch>          <step>B</step>          <alter>-1</alter>          <octave>2</octave>        </pitch>        <duration>1</duration>        <voice>1</voice>        <type>eighth</type>        <stem default-y="5">up</stem>        <beam number="1">end</beam>      </note>      <note default-x="116">        <pitch>          <step>E</step>          <alter>-1</alter>          <octave>3</octave>        </pitch>        <duration>1</duration>        <voice>1</voice>        <type>eighth</type>        <stem default-y="-50">down</stem>        <beam number="1">begin</beam>      </note>      <note default-x="141">        <pitch>          <step>D</step>          <octave>3</octave>        </pitch>        <duration>1</duration>        <voice>1</voice>        <type>eighth</type>        <stem default-y="-55">down</stem>        <beam number="1">end</beam>      </note>      <note default-x="167">        <pitch>          <step>E</step>          <alter>-1</alter>          <octave>3</octave>        </pitch>        <duration>1</duration>        <voice>1</voice>        <type>eighth</type>        <stem default-y="-50">down</stem>        <beam number="1">begin</beam>      </note>      <note default-x="193">        <pitch>          <step>F</step>          <octave>3</octave>        </pitch>        <duration>1</duration>        <voice>1</voice>        <type>eighth</type>        <stem default-y="-45">down</stem>        <beam number="1">end</beam>      </note>    </measure>    <!--=======================================================-->    <measure number="12" width="177">      <note default-x="10">        <pitch>          <step>G</step>          <octave>3</octave>        </pitch>        <duration>1</duration>        <voice>1</voice>        <type>eighth</type>        <stem default-y="-40">down</stem>        <beam number="1">begin</beam>      </note>      <note default-x="45">        <pitch>          <step>A</step>          <octave>3</octave>        </pitch>        <duration>1</duration>        <voice>1</voice>        <type>eighth</type>        <stem default-y="-35">down</stem>        <beam number="1">end</beam>      </note>      <note default-x="79">        <pitch>          <step>B</step>          <alter>-1</alter>          <octave>3</octave>        </pitch>        <duration>2</duration>        <voice>1</voice>        <type>quarter</type>        <stem default-y="-30.5">down</stem>      </note>      <note default-x="127">        <pitch>          <step>F</step>          <octave>3</octave>        </pitch>        <duration>4</duration>        <voice>1</voice>        <type>half</type>        <stem default-y="-45.5">down</stem>      </note>    </measure>    <!--=======================================================-->    <measure number="13" width="328">      <print new-system="yes"/>      <note default-x="84">        <pitch>          <step>B</step>          <alter>-1</alter>          <octave>3</octave>        </pitch>        <duration>2</duration>        <voice>1</voice>        <type>quarter</type>        <stem default-y="-30">down</stem>      </note>      <note default-x="147">        <pitch>          <step>B</step>          <alter>-1</alter>          <octave>2</octave>        </pitch>        <duration>2</duration>        <voice>1</voice>        <type>quarter</type>        <stem default-y="5.5">up</stem>      </note>      <note default-x="211">        <pitch>          <step>C</step>          <octave>3</octave>        </pitch>        <duration>2</duration>        <voice>1</voice>        <type>quarter</type>        <stem default-y="10.5">up</stem>      </note>      <note default-x="269">        <pitch>          <step>D</step>          <octave>3</octave>        </pitch>        <duration>2</duration>        <voice>1</voice>        <type>quarter</type>        <stem default-y="-55.5">down</stem>      </note>    </measure>    <!--=======================================================-->    <measure number="14" width="270">      <note default-x="10">        <pitch>          <step>E</step>          <alter>-1</alter>          <octave>3</octave>        </pitch>        <duration>2</duration>        <voice>1</voice>        <type>quarter</type>        <stem default-y="-50.5">down</stem>      </note>      <note default-x="78">        <pitch>          <step>E</step>          <alter>-1</alter>          <octave>3</octave>        </pitch>        <duration>2</duration>        <voice>1</voice>        <type>quarter</type>        <stem default-y="-50.5">down</stem>      </note>      <note default-x="138">        <pitch>          <step>D</step>          <octave>3</octave>        </pitch>        <duration>4</duration>        <voice>1</voice>        <type>half</type>        <stem default-y="-55.5">down</stem>      </note>    </measure>    <!--=======================================================-->    <measure number="15" width="198">      <note default-x="10">        <pitch>          <step>G</step>          <octave>3</octave>        </pitch>        <duration>4</duration>        <voice>1</voice>        <type>half</type>        <stem default-y="-40.5">down</stem>      </note>      <note default-x="85">        <pitch>          <step>G</step>          <octave>3</octave>        </pitch>        <duration>1</duration>        <voice>1</voice>        <type>eighth</type>        <stem default-y="-40">down</stem>        <beam number="1">begin</beam>      </note>      <note default-x="113">        <pitch>          <step>F</step>          <octave>3</octave>        </pitch>        <duration>1</duration>        <voice>1</voice>        <type>eighth</type>        <stem default-y="-45">down</stem>        <beam number="1">end</beam>      </note>      <note default-x="141">        <pitch>          <step>E</step>          <alter>-1</alter>          <octave>3</octave>        </pitch>        <duration>1</duration>        <voice>1</voice>        <type>eighth</type>        <stem default-y="-50">down</stem>        <beam number="1">begin</beam>      </note>      <note default-x="169">        <pitch>          <step>D</step>          <octave>3</octave>        </pitch>        <duration>1</duration>        <voice>1</voice>        <type>eighth</type>        <stem default-y="-55">down</stem>        <beam number="1">end</beam>      </note>    </measure>    <!--=======================================================-->    <measure number="16" width="237">      <note default-x="10">        <pitch>          <step>E</step>          <alter>-1</alter>          <octave>3</octave>        </pitch>        <duration>1</duration>        <voice>1</voice>        <type>eighth</type>        <stem default-y="-50">down</stem>        <beam number="1">begin</beam>      </note>      <note default-x="38">        <pitch>          <step>F</step>          <octave>3</octave>        </pitch>        <duration>1</duration>        <voice>1</voice>        <type>eighth</type>        <stem default-y="-45">down</stem>        <beam number="1">end</beam>      </note>      <note default-x="67">        <pitch>          <step>G</step>          <octave>3</octave>        </pitch>        <duration>1</duration>        <voice>1</voice>        <type>eighth</type>        <stem default-y="-40">down</stem>        <beam number="1">begin</beam>      </note>      <note default-x="95">        <pitch>          <step>F</step>          <octave>3</octave>        </pitch>        <duration>1</duration>        <voice>1</voice>        <type>eighth</type>        <stem default-y="-45">down</stem>        <beam number="1">end</beam>      </note>      <note default-x="123">        <pitch>          <step>E</step>          <alter>-1</alter>          <octave>3</octave>        </pitch>        <duration>1</duration>        <voice>1</voice>        <type>eighth</type>        <stem default-y="-50">down</stem>        <beam number="1">begin</beam>      </note>      <note default-x="152">        <pitch>          <step>D</step>          <octave>3</octave>        </pitch>        <duration>1</duration>        <voice>1</voice>        <type>eighth</type>        <stem default-y="-55">down</stem>        <beam number="1">end</beam>      </note>      <note default-x="180">        <pitch>          <step>C</step>          <octave>3</octave>        </pitch>        <duration>1</duration>        <voice>1</voice>        <type>eighth</type>        <stem default-y="10">up</stem>        <beam number="1">begin</beam>      </note>      <note default-x="208">        <pitch>          <step>B</step>          <alter>-1</alter>          <octave>2</octave>        </pitch>        <duration>1</duration>        <voice>1</voice>        <type>eighth</type>        <stem default-y="5">up</stem>        <beam number="1">end</beam>      </note>    </measure>    <!--=======================================================-->    <measure number="17" width="215">      <note default-x="10">        <pitch>          <step>F</step>          <octave>3</octave>        </pitch>        <duration>2</duration>        <voice>1</voice>        <type>quarter</type>        <stem default-y="-45.5">down</stem>      </note>      <note default-x="101">        <pitch>          <step>F</step>          <octave>2</octave>        </pitch>        <duration>2</duration>        <voice>1</voice>        <type>quarter</type>        <stem default-y="-9.5">up</stem>      </note>      <note default-x="150">        <pitch>          <step>B</step>          <alter>-1</alter>          <octave>2</octave>        </pitch>        <duration>4</duration>        <voice>1</voice>        <type>half</type>        <stem default-y="5.5">up</stem>      </note>      <barline location="right">        <bar-style>light-heavy</bar-style>      </barline>    </measure>  </part>  <!--=========================================================--></score-partwise>