{"ref": "all:composers:bach:chorals:bwv172.6", "title": "Wie sch\u00f6n leuchtet der Morgenstern", "composer": "", "features": [{"feature_key": "key_tonic_name", "feature_value": "F"}, {"feature_key": "key_mode", "feature_value": "major"}, {"feature_key": "num_of_parts", "feature_value": "5"}, {"feature_key": "num_of_measures", "feature_value": "110"}, {"feature_key": "instruments", "feature_value": "['Violin', 'Soprano', 'Alto', 'Tenor', 'Bass']"}, {"feature_key": "lowest_pitch_each_part", "feature_value": "{\"part1\": \"D4\", \"part2\": \"F4\", \"part3\": \"C4\", \"part4\": \"F3\", \"part5\": \"D2\"}"}, {"feature_key": "highest_pitch_each_part", "feature_value": "{\"part1\": \"C6\", \"part2\": \"F5\", \"part3\": \"A4\", \"part4\": \"E4\", \"part5\": \"C4\"}"}, {"feature_key": "average_melodic_interval", "feature_value": "2.200836820083682"}, {"feature_key": "direction_of_motion", "feature_value": "0.5060827250608273"}, {"feature_key": "most_common_note_quarter_length", "feature_value": "1.0"}, {"feature_key": "range_note_quarter_length", "feature_value": "1.75"}, {"feature_key": "initial_time_signature", "feature_value": "[4, 4]"}, {"feature_key": "composer", "feature_value": "https://dbpedia.org/resource/Johann_Sebastian_Bach"}], "sources": [], "files": [{"name": "score.xml", "url": "http://localhost:8000/media/corpora/all/composers/bach/chorals/bwv172.6/score.xml"}, {"name": "mei.xml", "url": "http://localhost:8000/media/corpora/all/composers/bach/chorals/bwv172.6/mei.xml"}, {"name": "summary.json", "url": "http://localhost:8000/media/corpora/all/composers/bach/chorals/bwv172.6/summary.json"}]}