{"ref": "bwv1.6", "title": "bwv1.6", "composer": "", "features": [{"feature_key": "key_tonic_name", "feature_value": "F"}, {"feature_key": "key_mode", "feature_value": "major"}, {"feature_key": "num_of_parts", "feature_value": "5"}, {"feature_key": "num_of_measures", "feature_value": "110"}, {"feature_key": "instruments", "feature_value": "['Horn 2', 'Soprano', 'Alto', 'Tenor', 'Bass']"}, {"feature_key": "lowest_pitch_each_part", "feature_value": "{\"part1\": \"F3\", \"part2\": \"F4\", \"part3\": \"C4\", \"part4\": \"F3\", \"part5\": \"F2\"}"}, {"feature_key": "highest_pitch_each_part", "feature_value": "{\"part1\": \"C5\", \"part2\": \"F5\", \"part3\": \"D5\", \"part4\": \"G4\", \"part5\": \"D4\"}"}, {"feature_key": "average_melodic_interval", "feature_value": "2.588477366255144"}, {"feature_key": "direction_of_motion", "feature_value": "0.48743718592964824"}, {"feature_key": "most_common_note_quarter_length", "feature_value": "1.0"}, {"feature_key": "range_note_quarter_length", "feature_value": "1.75"}, {"feature_key": "initial_time_signature", "feature_value": "[4, 4]"}, {"feature_key": "composer", "feature_value": "https://dbpedia.org/resource/Johann_Sebastian_Bach"}], "sources": [], "files": [{"name": "score.xml", "url": "http://localhost:8000/media/corpora/all/composers/bach/chorals/bwv1.6/score.xml"}, {"name": "mei.xml", "url": "http://localhost:8000/media/corpora/all/composers/bach/chorals/bwv1.6/mei.xml"}, {"name": "summary.json", "url": "http://localhost:8000/media/corpora/all/composers/bach/chorals/bwv1.6/summary.json"}]}