{"ref": "all:composers:bach:chorals:bwv149.7", "title": "Herzlich lieb hab ich dich, o Herr", "composer": "", "features": [{"feature_key": "key_tonic_name", "feature_value": "C"}, {"feature_key": "key_mode", "feature_value": "major"}, {"feature_key": "num_of_parts", "feature_value": "8"}, {"feature_key": "num_of_measures", "feature_value": "224"}, {"feature_key": "instruments", "feature_value": "['Trumpet 1', 'Trumpet 2', 'Trumpet 3', 'Soprano', 'Alto', 'Tenor', 'Bass', 'Timpani']"}, {"feature_key": "lowest_pitch_each_part", "feature_value": "{\"part1\": \"E5\", \"part2\": \"C5\", \"part3\": \"G4\", \"part4\": \"E4\", \"part5\": \"A3\", \"part6\": \"E3\", \"part7\": \"F#2\", \"part8\": \"G2\"}"}, {"feature_key": "highest_pitch_each_part", "feature_value": "{\"part1\": \"A5\", \"part2\": \"F5\", \"part3\": \"G4\", \"part4\": \"F5\", \"part5\": \"A4\", \"part6\": \"F#4\", \"part7\": \"C4\", \"part8\": \"C3\"}"}, {"feature_key": "average_melodic_interval", "feature_value": "1.9810246679316887"}, {"feature_key": "direction_of_motion", "feature_value": "0.4444444444444444"}, {"feature_key": "most_common_note_quarter_length", "feature_value": "1.0"}, {"feature_key": "range_note_quarter_length", "feature_value": "3.75"}, {"feature_key": "initial_time_signature", "feature_value": "[4, 4]"}, {"feature_key": "composer", "feature_value": "https://dbpedia.org/resource/Johann_Sebastian_Bach"}], "sources": [], "files": [{"name": "score.xml", "url": "http://localhost:8000/media/corpora/all/composers/bach/chorals/bwv149.7/score.xml"}, {"name": "mei.xml", "url": "http://localhost:8000/media/corpora/all/composers/bach/chorals/bwv149.7/mei.xml"}, {"name": "summary.json", "url": "http://localhost:8000/media/corpora/all/composers/bach/chorals/bwv149.7/summary.json"}]}