{"ref": "bwv145.5", "title": "Am Sabbat fr\u00fch Marien drei 2", "composer": "", "features": [{"feature_key": "key_tonic_name", "feature_value": "F#"}, {"feature_key": "key_mode", "feature_value": "minor"}, {"feature_key": "num_of_parts", "feature_value": "4"}, {"feature_key": "num_of_measures", "feature_value": "76"}, {"feature_key": "instruments", "feature_value": "['Soprano', 'Alto', 'Tenor', 'Bass']"}, {"feature_key": "lowest_pitch_each_part", "feature_value": "{\"part1\": \"E4\", \"part2\": \"B3\", \"part3\": \"F#3\", \"part4\": \"A2\"}"}, {"feature_key": "highest_pitch_each_part", "feature_value": "{\"part1\": \"F#5\", \"part2\": \"B4\", \"part3\": \"E4\", \"part4\": \"C#4\"}"}, {"feature_key": "average_melodic_interval", "feature_value": "2.1569767441860463"}, {"feature_key": "direction_of_motion", "feature_value": "0.5033112582781457"}, {"feature_key": "most_common_note_quarter_length", "feature_value": "1.0"}, {"feature_key": "range_note_quarter_length", "feature_value": "2.5"}, {"feature_key": "initial_time_signature", "feature_value": "[3, 4]"}, {"feature_key": "composer", "feature_value": "https://dbpedia.org/resource/Johann_Sebastian_Bach"}], "sources": [], "files": [{"name": "score.xml", "url": "http://localhost:8000/media/corpora/all/composers/bach/chorals/bwv145.5/score.xml"}, {"name": "mei.xml", "url": "http://localhost:8000/media/corpora/all/composers/bach/chorals/bwv145.5/mei.xml"}, {"name": "summary.json", "url": "http://localhost:8000/media/corpora/all/composers/bach/chorals/bwv145.5/summary.json"}]}