{"ref": "bwv120.6", "title": "Herr Gott, dich loben wir, Herr Gott, wir danken dir", "composer": "", "features": [{"feature_key": "range_note_quarter_length", "feature_value": "0.5"}, {"feature_key": "key_tonic_name", "feature_value": "D"}, {"feature_key": "key_mode", "feature_value": "major"}, {"feature_key": "num_of_parts", "feature_value": "4"}, {"feature_key": "num_of_measures", "feature_value": "72"}, {"feature_key": "instruments", "feature_value": "['Soprano', 'Alto', 'Tenor', 'Bass']"}, {"feature_key": "lowest_pitch_each_part", "feature_value": "{\"part1\": \"D4\", \"part2\": \"A3\", \"part3\": \"F#3\", \"part4\": \"G2\"}"}, {"feature_key": "highest_pitch_each_part", "feature_value": "{\"part1\": \"D5\", \"part2\": \"A4\", \"part3\": \"F#4\", \"part4\": \"C4\"}"}, {"feature_key": "average_melodic_interval", "feature_value": "2.204152249134948"}, {"feature_key": "direction_of_motion", "feature_value": "0.4854771784232365"}, {"feature_key": "most_common_note_quarter_length", "feature_value": "1.0"}, {"feature_key": "initial_time_signature", "feature_value": "[4, 4]"}, {"feature_key": "composer", "feature_value": "https://dbpedia.org/resource/Johann_Sebastian_Bach"}], "sources": [], "files": [{"name": "score.xml", "url": "http://localhost:8000/media/corpora/all/composers/bach/chorals/bwv120.6/score.xml"}, {"name": "mei.xml", "url": "http://localhost:8000/media/corpora/all/composers/bach/chorals/bwv120.6/mei.xml"}, {"name": "summary.json", "url": "http://localhost:8000/media/corpora/all/composers/bach/chorals/bwv120.6/summary.json"}]}