{"ref": "all:composers:bach:chorals:bwv128.5", "title": "Die Wollust dieser Welt", "composer": "", "features": [{"feature_key": "key_tonic_name", "feature_value": "G"}, {"feature_key": "key_mode", "feature_value": "major"}, {"feature_key": "num_of_parts", "feature_value": "6"}, {"feature_key": "num_of_measures", "feature_value": "108"}, {"feature_key": "instruments", "feature_value": "['Horn 1', 'Horn 2', 'Soprano', 'Alto', 'Tenor', 'Bass']"}, {"feature_key": "lowest_pitch_each_part", "feature_value": "{\"part1\": \"G4\", \"part2\": \"G3\", \"part3\": \"G4\", \"part4\": \"D4\", \"part5\": \"G3\", \"part6\": \"G2\"}"}, {"feature_key": "highest_pitch_each_part", "feature_value": "{\"part1\": \"G5\", \"part2\": \"C5\", \"part3\": \"A5\", \"part4\": \"C#5\", \"part5\": \"A4\", \"part6\": \"D4\"}"}, {"feature_key": "average_melodic_interval", "feature_value": "2.502659574468085"}, {"feature_key": "direction_of_motion", "feature_value": "0.4868421052631579"}, {"feature_key": "most_common_note_quarter_length", "feature_value": "1.0"}, {"feature_key": "range_note_quarter_length", "feature_value": "2.75"}, {"feature_key": "initial_time_signature", "feature_value": "[4, 4]"}, {"feature_key": "composer", "feature_value": "https://dbpedia.org/resource/Johann_Sebastian_Bach"}], "sources": [], "files": [{"name": "score.xml", "url": "http://localhost:8000/media/corpora/all/composers/bach/chorals/bwv128.5/score.xml"}, {"name": "mei.xml", "url": "http://localhost:8000/media/corpora/all/composers/bach/chorals/bwv128.5/mei.xml"}, {"name": "summary.json", "url": "http://localhost:8000/media/corpora/all/composers/bach/chorals/bwv128.5/summary.json"}]}