{"ref": "all:composers:bach:chorals:bwv178.7", "title": "Wo Gott, der Herr, nicht bei uns h\u00e4lt", "composer": "", "features": [{"feature_key": "key_tonic_name", "feature_value": "A"}, {"feature_key": "key_mode", "feature_value": "minor"}, {"feature_key": "num_of_parts", "feature_value": "4"}, {"feature_key": "num_of_measures", "feature_value": "64"}, {"feature_key": "instruments", "feature_value": "['Soprano', 'Alto', 'Tenor', 'Bass']"}, {"feature_key": "lowest_pitch_each_part", "feature_value": "{\"part1\": \"G4\", \"part2\": \"C#4\", \"part3\": \"E3\", \"part4\": \"G2\"}"}, {"feature_key": "highest_pitch_each_part", "feature_value": "{\"part1\": \"E5\", \"part2\": \"A4\", \"part3\": \"F4\", \"part4\": \"A3\"}"}, {"feature_key": "average_melodic_interval", "feature_value": "2.1412213740458017"}, {"feature_key": "direction_of_motion", "feature_value": "0.4622222222222222"}, {"feature_key": "most_common_note_quarter_length", "feature_value": "1.0"}, {"feature_key": "range_note_quarter_length", "feature_value": "1.5"}, {"feature_key": "initial_time_signature", "feature_value": "[4, 4]"}, {"feature_key": "composer", "feature_value": "https://dbpedia.org/resource/Johann_Sebastian_Bach"}], "sources": [], "files": [{"name": "score.xml", "url": "http://localhost:8000/media/corpora/all/composers/bach/chorals/bwv178.7/score.xml"}, {"name": "mei.xml", "url": "http://localhost:8000/media/corpora/all/composers/bach/chorals/bwv178.7/mei.xml"}, {"name": "summary.json", "url": "http://localhost:8000/media/corpora/all/composers/bach/chorals/bwv178.7/summary.json"}]}