{"ref": "bwv120.8-a", "title": "score.xml", "composer": "", "features": [{"feature_key": "key_tonic_name", "feature_value": "D"}, {"feature_key": "key_mode", "feature_value": "major"}, {"feature_key": "num_of_parts", "feature_value": "8"}, {"feature_key": "num_of_measures", "feature_value": "232"}, {"feature_key": "instruments", "feature_value": "['Trumpet 1', 'Trumpet 2', 'Trumpet 3', 'Timpani', 'Soprano', 'Alto', 'Tenor', 'Bass']"}, {"feature_key": "lowest_pitch_each_part", "feature_value": "{\"part1\": \"D5\", \"part2\": \"D5\", \"part3\": \"F#4\", \"part4\": \"A2\", \"part5\": \"A4\", \"part6\": \"D4\", \"part7\": \"G3\", \"part8\": \"A2\"}"}, {"feature_key": "highest_pitch_each_part", "feature_value": "{\"part1\": \"D6\", \"part2\": \"A5\", \"part3\": \"G5\", \"part4\": \"D3\", \"part5\": \"A5\", \"part6\": \"C#5\", \"part7\": \"A4\", \"part8\": \"D4\"}"}, {"feature_key": "average_melodic_interval", "feature_value": "2.8627450980392157"}, {"feature_key": "direction_of_motion", "feature_value": "0.46954314720812185"}, {"feature_key": "most_common_note_quarter_length", "feature_value": "1.0"}, {"feature_key": "range_note_quarter_length", "feature_value": "3.25"}, {"feature_key": "initial_time_signature", "feature_value": "[3, 4]"}, {"feature_key": "composer", "feature_value": "https://dbpedia.org/resource/Johann_Sebastian_Bach"}], "sources": [], "files": [{"name": "score.xml", "url": "http://localhost:8000/media/corpora/all/composers/bach/chorals/bwv120.8-a/score.xml"}, {"name": "mei.xml", "url": "http://localhost:8000/media/corpora/all/composers/bach/chorals/bwv120.8-a/mei.xml"}, {"name": "summary.json", "url": "http://localhost:8000/media/corpora/all/composers/bach/chorals/bwv120.8-a/summary.json"}]}