{"ref": "bwv116.6", "title": "Du Friedef\u00fcrst, Herr Jesu Christ", "composer": "", "lyricist": "", "corpus": "all:composers:bach:chorals", "meta_fields": [], "sources": [], "files": {"score.xml": {"url": "http://localhost:8000/media/corpora/all/composers/bach/chorals/bwv116.6/score.xml"}, "mei.xml": {"url": "http://localhost:8000/media/corpora/all/composers/bach/chorals/bwv116.6/mei.xml"}, "summary.json": {"url": "http://localhost:8000/media/corpora/all/composers/bach/chorals/bwv116.6/summary.json"}}}