{"ref": "bwv17.7", "title": "Nun lob, mein Seel, den Herren", "composer": "", "features": [{"feature_key": "key_tonic_name", "feature_value": "A"}, {"feature_key": "key_mode", "feature_value": "major"}, {"feature_key": "num_of_parts", "feature_value": "4"}, {"feature_key": "num_of_measures", "feature_value": "188"}, {"feature_key": "instruments", "feature_value": "['Soprano', 'Alto', 'Tenor', 'Bass']"}, {"feature_key": "lowest_pitch_each_part", "feature_value": "{\"part1\": \"E4\", \"part2\": \"B3\", \"part3\": \"F#3\", \"part4\": \"F#2\"}"}, {"feature_key": "highest_pitch_each_part", "feature_value": "{\"part1\": \"E5\", \"part2\": \"B4\", \"part3\": \"G#4\", \"part4\": \"B3\"}"}, {"feature_key": "average_melodic_interval", "feature_value": "2.25181598062954"}, {"feature_key": "direction_of_motion", "feature_value": "0.4730878186968839"}, {"feature_key": "most_common_note_quarter_length", "feature_value": "1.0"}, {"feature_key": "range_note_quarter_length", "feature_value": "2.5"}, {"feature_key": "initial_time_signature", "feature_value": "[3, 4]"}, {"feature_key": "composer", "feature_value": "https://dbpedia.org/resource/Johann_Sebastian_Bach"}], "sources": [], "files": [{"name": "score.xml", "url": "http://localhost:8000/media/corpora/all/composers/bach/chorals/bwv17.7/score.xml"}, {"name": "mei.xml", "url": "http://localhost:8000/media/corpora/all/composers/bach/chorals/bwv17.7/mei.xml"}, {"name": "summary.json", "url": "http://localhost:8000/media/corpora/all/composers/bach/chorals/bwv17.7/summary.json"}]}