<?xml version="1.0" encoding="UTF-8"?><!DOCTYPE score-partwise PUBLIC "-//Recordare//DTD MusicXML 1.1 Partwise//EN"                                "http://www.musicxml.org/dtds/partwise.dtd"><score-partwise version="1.1">  <identification>    <encoding>      <software>Finale 2008 for Macintosh</software>      <software>Dolet Light for Finale 2008</software>      <encoding-date>2008-11-22</encoding-date>    </encoding>  </identification>  <defaults>    <scaling>      <millimeters>6.7733</millimeters>      <tenths>40</tenths>    </scaling>    <page-layout>      <page-height>1650</page-height>      <page-width>1275</page-width>      <page-margins type="both">        <left-margin>75</left-margin>        <right-margin>75</right-margin>        <top-margin>75</top-margin>        <bottom-margin>75</bottom-margin>      </page-margins>    </page-layout>    <system-layout>      <system-margins>        <left-margin>84</left-margin>        <right-margin>0</right-margin>      </system-margins>      <system-distance>154</system-distance>      <top-system-distance>139</top-system-distance>    </system-layout>    <staff-layout>      <staff-distance>60</staff-distance>    </staff-layout>    <music-font font-family="Maestro" font-size="19.2"/>    <word-font font-family="Times" font-size="8"/>  </defaults>  <credit>    <credit-words default-x="635" default-y="1568" font-family="Garamond 3 SC" font-size="11.2" justify="center" valign="top">BWV 263</credit-words>  </credit>  <credit>    <credit-words default-x="960" default-y="1544" font-family="Helvetica" valign="top">PDF © 2004 Margaret Greentree
www.jsbchorales.net</credit-words>  </credit>  <part-list>    <part-group number="1" type="start">      <group-symbol default-x="-12">bracket</group-symbol>      <group-barline>yes</group-barline>    </part-group>    <score-part id="P1">      <part-name>Soprano</part-name>      <part-abbreviation>S.</part-abbreviation>      <score-instrument id="P1-I1">        <instrument-name>Instrument 1</instrument-name>      </score-instrument>      <midi-instrument id="P1-I1">        <midi-channel>1</midi-channel>        <midi-program>1</midi-program>      </midi-instrument>    </score-part>    <score-part id="P2">      <part-name>Alto</part-name>      <part-abbreviation>A.</part-abbreviation>      <score-instrument id="P2-I2">        <instrument-name>Instrument 2</instrument-name>      </score-instrument>      <midi-instrument id="P2-I2">        <midi-channel>2</midi-channel>        <midi-program>1</midi-program>      </midi-instrument>    </score-part>    <score-part id="P3">      <part-name>Tenor</part-name>      <part-abbreviation>T.</part-abbreviation>      <score-instrument id="P3-I3">        <instrument-name>Instrument 3</instrument-name>      </score-instrument>      <midi-instrument id="P3-I3">        <midi-channel>3</midi-channel>        <midi-program>1</midi-program>      </midi-instrument>    </score-part>    <score-part id="P4">      <part-name>Bass</part-name>      <part-abbreviation>B.</part-abbreviation>      <score-instrument id="P4-I4">        <instrument-name>Instrument 4</instrument-name>      </score-instrument>      <midi-instrument id="P4-I4">        <midi-channel>4</midi-channel>        <midi-program>1</midi-program>      </midi-instrument>    </score-part>    <part-group number="1" type="stop"/>  </part-list>  <!--=========================================================-->  <part id="P1">    <measure number="1" width="324">      <attributes>        <divisions>2</divisions>        <key>          <fifths>1</fifths>          <mode>major</mode>        </key>        <time symbol="common">          <beats>4</beats>          <beat-type>4</beat-type>        </time>        <clef>          <sign>G</sign>          <line>2</line>        </clef>      </attributes>      <sound tempo="92"/>      <note default-x="108">        <pitch>          <step>G</step>          <octave>4</octave>        </pitch>        <duration>2</duration>        <voice>1</voice>        <type>quarter</type>        <stem default-y="5.5">up</stem>      </note>      <note default-x="159">        <pitch>          <step>G</step>          <octave>4</octave>        </pitch>        <duration>2</duration>        <voice>1</voice>        <type>quarter</type>        <stem default-y="5.5">up</stem>      </note>      <note default-x="210">        <pitch>          <step>D</step>          <octave>5</octave>        </pitch>        <duration>2</duration>        <voice>1</voice>        <type>quarter</type>        <stem default-y="-45">down</stem>      </note>      <note default-x="266">        <pitch>          <step>D</step>          <octave>5</octave>        </pitch>        <duration>2</duration>        <voice>1</voice>        <type>quarter</type>        <stem default-y="-45">down</stem>      </note>    </measure>    <!--=======================================================-->    <measure number="2" width="214">      <note default-x="13">        <pitch>          <step>C</step>          <octave>5</octave>        </pitch>        <duration>2</duration>        <voice>1</voice>        <type>quarter</type>        <stem default-y="-50">down</stem>      </note>      <note default-x="59">        <pitch>          <step>D</step>          <octave>5</octave>        </pitch>        <duration>2</duration>        <voice>1</voice>        <type>quarter</type>        <stem default-y="-45">down</stem>      </note>      <note default-x="118">        <pitch>          <step>B</step>          <octave>4</octave>        </pitch>        <duration>2</duration>        <voice>1</voice>        <type>quarter</type>        <stem default-y="-55">down</stem>      </note>      <note default-x="166">        <pitch>          <step>G</step>          <octave>4</octave>        </pitch>        <duration>2</duration>        <voice>1</voice>        <type>quarter</type>        <stem default-y="5.5">up</stem>        <notations>          <fermata default-y="15" type="upright"/>        </notations>      </note>    </measure>    <!--=======================================================-->    <measure number="3" width="247">      <note default-x="12">        <pitch>          <step>B</step>          <octave>4</octave>        </pitch>        <duration>2</duration>        <voice>1</voice>        <type>quarter</type>        <stem default-y="-55">down</stem>      </note>      <note default-x="71">        <pitch>          <step>B</step>          <octave>4</octave>        </pitch>        <duration>2</duration>        <voice>1</voice>        <type>quarter</type>        <stem default-y="-55">down</stem>      </note>      <note default-x="130">        <pitch>          <step>A</step>          <octave>4</octave>        </pitch>        <duration>2</duration>        <voice>1</voice>        <type>quarter</type>        <stem default-y="11">up</stem>      </note>      <note default-x="188">        <pitch>          <step>A</step>          <octave>4</octave>        </pitch>        <duration>2</duration>        <voice>1</voice>        <type>quarter</type>        <stem default-y="11">up</stem>      </note>    </measure>    <!--=======================================================-->    <measure number="4" width="256">      <note default-x="13">        <pitch>          <step>G</step>          <octave>4</octave>        </pitch>        <duration>2</duration>        <voice>1</voice>        <type>quarter</type>        <stem default-y="5.5">up</stem>      </note>      <note default-x="85">        <pitch>          <step>A</step>          <octave>4</octave>        </pitch>        <duration>2</duration>        <voice>1</voice>        <type>quarter</type>        <stem default-y="11">up</stem>      </note>      <note default-x="150">        <pitch>          <step>F</step>          <alter>1</alter>          <octave>4</octave>        </pitch>        <duration>2</duration>        <voice>1</voice>        <type>quarter</type>        <stem default-y="0">up</stem>      </note>      <note default-x="203">        <pitch>          <step>D</step>          <octave>4</octave>        </pitch>        <duration>2</duration>        <voice>1</voice>        <type>quarter</type>        <stem default-y="-10">up</stem>        <notations>          <fermata default-y="15" type="upright"/>        </notations>      </note>    </measure>    <!--=======================================================-->    <measure number="5" width="313">      <print new-system="yes"/>      <note default-x="75">        <pitch>          <step>A</step>          <octave>4</octave>        </pitch>        <duration>2</duration>        <voice>1</voice>        <type>quarter</type>        <stem default-y="11">up</stem>      </note>      <note default-x="135">        <pitch>          <step>A</step>          <octave>4</octave>        </pitch>        <duration>2</duration>        <voice>1</voice>        <type>quarter</type>        <stem default-y="11">up</stem>      </note>      <note default-x="194">        <pitch>          <step>B</step>          <octave>4</octave>        </pitch>        <duration>1</duration>        <voice>1</voice>        <type>eighth</type>        <stem default-y="15">up</stem>        <beam number="1">begin</beam>      </note>      <note default-x="224">        <pitch>          <step>A</step>          <octave>4</octave>        </pitch>        <duration>1</duration>        <voice>1</voice>        <type>eighth</type>        <stem default-y="10">up</stem>        <beam number="1">end</beam>      </note>      <note default-x="253">        <pitch>          <step>G</step>          <octave>4</octave>        </pitch>        <duration>1</duration>        <voice>1</voice>        <type>eighth</type>        <stem default-y="5">up</stem>        <beam number="1">begin</beam>      </note>      <note default-x="283">        <pitch>          <step>F</step>          <alter>1</alter>          <octave>4</octave>        </pitch>        <duration>1</duration>        <voice>1</voice>        <type>eighth</type>        <stem default-y="0">up</stem>        <beam number="1">end</beam>      </note>    </measure>    <!--=======================================================-->    <measure number="6" width="209">      <note default-x="10">        <pitch>          <step>E</step>          <octave>4</octave>        </pitch>        <duration>3</duration>        <voice>1</voice>        <type>quarter</type>        <dot/>        <stem default-y="-4.5">up</stem>      </note>      <note default-x="103">        <pitch>          <step>D</step>          <octave>4</octave>        </pitch>        <duration>1</duration>        <voice>1</voice>        <type>eighth</type>        <stem default-y="-10">up</stem>      </note>      <note default-x="166">        <pitch>          <step>D</step>          <octave>4</octave>        </pitch>        <duration>4</duration>        <voice>1</voice>        <type>half</type>        <stem default-y="-10">up</stem>        <notations>          <fermata default-y="15" type="upright"/>        </notations>      </note>    </measure>    <!--=======================================================-->    <measure number="7" width="255">      <note default-x="13">        <pitch>          <step>D</step>          <octave>5</octave>        </pitch>        <duration>2</duration>        <voice>1</voice>        <type>quarter</type>        <stem default-y="-45">down</stem>      </note>      <note default-x="70">        <pitch>          <step>D</step>          <octave>5</octave>        </pitch>        <duration>2</duration>        <voice>1</voice>        <type>quarter</type>        <stem default-y="-45">down</stem>      </note>      <note default-x="128">        <pitch>          <step>D</step>          <octave>5</octave>        </pitch>        <duration>2</duration>        <voice>1</voice>        <type>quarter</type>        <stem default-y="-45">down</stem>      </note>      <note default-x="191">        <pitch>          <step>E</step>          <octave>5</octave>        </pitch>        <duration>2</duration>        <voice>1</voice>        <type>quarter</type>        <stem default-y="-40.5">down</stem>      </note>    </measure>    <!--=======================================================-->    <measure number="8" width="264">      <note default-x="13">        <pitch>          <step>C</step>          <octave>5</octave>        </pitch>        <duration>2</duration>        <voice>1</voice>        <type>quarter</type>        <stem default-y="-50">down</stem>      </note>      <note default-x="100">        <pitch>          <step>D</step>          <octave>5</octave>        </pitch>        <duration>2</duration>        <voice>1</voice>        <type>quarter</type>        <stem default-y="-45">down</stem>      </note>      <note default-x="162">        <pitch>          <step>B</step>          <octave>4</octave>        </pitch>        <duration>2</duration>        <voice>1</voice>        <type>quarter</type>        <stem default-y="-55">down</stem>      </note>      <note default-x="213">        <pitch>          <step>G</step>          <octave>4</octave>        </pitch>        <duration>2</duration>        <voice>1</voice>        <type>quarter</type>        <stem default-y="5.5">up</stem>        <notations>          <fermata default-y="13" type="upright"/>        </notations>      </note>    </measure>    <!--=======================================================-->    <measure number="9" width="340">      <print new-system="yes"/>      <note default-x="78">        <pitch>          <step>B</step>          <octave>4</octave>        </pitch>        <duration>2</duration>        <voice>1</voice>        <type>quarter</type>        <stem default-y="-55">down</stem>      </note>      <note default-x="143">        <pitch>          <step>B</step>          <octave>4</octave>        </pitch>        <duration>2</duration>        <voice>1</voice>        <type>quarter</type>        <stem default-y="-55">down</stem>      </note>      <note default-x="209">        <pitch>          <step>A</step>          <octave>4</octave>        </pitch>        <duration>2</duration>        <voice>1</voice>        <type>quarter</type>        <stem default-y="11">up</stem>      </note>      <note default-x="275">        <pitch>          <step>A</step>          <octave>4</octave>        </pitch>        <duration>2</duration>        <voice>1</voice>        <type>quarter</type>        <stem default-y="11">up</stem>      </note>    </measure>    <!--=======================================================-->    <measure number="10" width="279">      <note default-x="13">        <pitch>          <step>G</step>          <octave>4</octave>        </pitch>        <duration>2</duration>        <voice>1</voice>        <type>quarter</type>        <stem default-y="5.5">up</stem>      </note>      <note default-x="92">        <pitch>          <step>A</step>          <octave>4</octave>        </pitch>        <duration>2</duration>        <voice>1</voice>        <type>quarter</type>        <stem default-y="11">up</stem>      </note>      <note default-x="163">        <pitch>          <step>F</step>          <alter>1</alter>          <octave>4</octave>        </pitch>        <duration>2</duration>        <voice>1</voice>        <type>quarter</type>        <stem default-y="0">up</stem>      </note>      <note default-x="220">        <pitch>          <step>D</step>          <octave>4</octave>        </pitch>        <duration>2</duration>        <voice>1</voice>        <type>quarter</type>        <stem default-y="-10">up</stem>        <notations>          <fermata default-y="15" type="upright"/>        </notations>      </note>    </measure>    <!--=======================================================-->    <measure number="11" width="247">      <note default-x="10">        <pitch>          <step>G</step>          <octave>4</octave>        </pitch>        <duration>2</duration>        <voice>1</voice>        <type>quarter</type>        <stem default-y="5.5">up</stem>      </note>      <note default-x="69">        <pitch>          <step>A</step>          <octave>4</octave>        </pitch>        <duration>2</duration>        <voice>1</voice>        <type>quarter</type>        <stem default-y="11">up</stem>      </note>      <note default-x="128">        <pitch>          <step>B</step>          <octave>4</octave>        </pitch>        <duration>1</duration>        <voice>1</voice>        <type>eighth</type>        <stem default-y="-55">down</stem>        <beam number="1">begin</beam>      </note>      <note default-x="158">        <pitch>          <step>C</step>          <octave>5</octave>        </pitch>        <duration>1</duration>        <voice>1</voice>        <type>eighth</type>        <stem default-y="-50">down</stem>        <beam number="1">end</beam>      </note>      <note default-x="187">        <pitch>          <step>D</step>          <octave>5</octave>        </pitch>        <duration>1</duration>        <voice>1</voice>        <type>eighth</type>        <stem default-y="-45">down</stem>        <beam number="1">begin</beam>      </note>      <note default-x="217">        <pitch>          <step>C</step>          <octave>5</octave>        </pitch>        <duration>1</duration>        <voice>1</voice>        <type>eighth</type>        <stem default-y="-50">down</stem>        <beam number="1">end</beam>      </note>    </measure>    <!--=======================================================-->    <measure number="12" width="175">      <note default-x="12">        <pitch>          <step>B</step>          <octave>4</octave>        </pitch>        <duration>2</duration>        <voice>1</voice>        <type>quarter</type>        <stem default-y="-55">down</stem>      </note>      <note default-x="51">        <pitch>          <step>A</step>          <octave>4</octave>        </pitch>        <duration>1</duration>        <voice>1</voice>        <type>eighth</type>        <stem default-y="10">up</stem>        <beam number="1">begin</beam>      </note>      <note default-x="81">        <pitch>          <step>G</step>          <octave>4</octave>        </pitch>        <duration>1</duration>        <voice>1</voice>        <type>eighth</type>        <stem default-y="5">up</stem>        <beam number="1">end</beam>      </note>      <note default-x="128">        <pitch>          <step>G</step>          <octave>4</octave>        </pitch>        <duration>4</duration>        <voice>1</voice>        <type>half</type>        <stem default-y="5.5">up</stem>        <notations>          <fermata default-y="13" type="upright"/>        </notations>      </note>      <barline location="right">        <bar-style>light-heavy</bar-style>      </barline>    </measure>  </part>  <!--=========================================================-->  <part id="P2">    <measure number="1" width="324">      <attributes>        <divisions>4</divisions>        <key>          <fifths>1</fifths>          <mode>major</mode>        </key>        <time symbol="common">          <beats>4</beats>          <beat-type>4</beat-type>        </time>        <clef>          <sign>G</sign>          <line>2</line>        </clef>      </attributes>      <sound tempo="92"/>      <note default-x="108">        <pitch>          <step>D</step>          <octave>4</octave>        </pitch>        <duration>4</duration>        <voice>1</voice>        <type>quarter</type>        <stem default-y="-10">up</stem>      </note>      <note default-x="159">        <pitch>          <step>D</step>          <octave>4</octave>        </pitch>        <duration>4</duration>        <voice>1</voice>        <type>quarter</type>        <stem default-y="-10">up</stem>      </note>      <note default-x="210">        <pitch>          <step>D</step>          <octave>4</octave>        </pitch>        <duration>2</duration>        <voice>1</voice>        <type>eighth</type>        <stem default-y="-10">up</stem>      </note>      <note default-x="241">        <pitch>          <step>A</step>          <octave>4</octave>        </pitch>        <duration>4</duration>        <voice>1</voice>        <type>quarter</type>        <stem default-y="11">up</stem>      </note>      <note default-x="292">        <pitch>          <step>G</step>          <octave>4</octave>        </pitch>        <duration>2</duration>        <voice>1</voice>        <type>eighth</type>        <stem default-y="5.5">up</stem>      </note>    </measure>    <!--=======================================================-->    <measure number="2" width="214">      <note default-x="13">        <pitch>          <step>A</step>          <octave>4</octave>        </pitch>        <duration>4</duration>        <voice>1</voice>        <type>quarter</type>        <stem default-y="11">up</stem>      </note>      <note default-x="59">        <pitch>          <step>A</step>          <octave>4</octave>        </pitch>        <duration>2</duration>        <voice>1</voice>        <type>eighth</type>        <stem default-y="10">up</stem>        <beam number="1">begin</beam>      </note>      <note default-x="89">        <pitch>          <step>F</step>          <alter>1</alter>          <octave>4</octave>        </pitch>        <duration>2</duration>        <voice>1</voice>        <type>eighth</type>        <stem default-y="0">up</stem>        <beam number="1">end</beam>      </note>      <note default-x="118">        <pitch>          <step>G</step>          <octave>4</octave>        </pitch>        <duration>4</duration>        <voice>1</voice>        <type>quarter</type>        <stem default-y="5.5">up</stem>      </note>      <note default-x="166">        <pitch>          <step>D</step>          <octave>4</octave>        </pitch>        <duration>4</duration>        <voice>1</voice>        <type>quarter</type>        <stem default-y="-10">up</stem>      </note>    </measure>    <!--=======================================================-->    <measure number="3" width="247">      <note default-x="12">        <pitch>          <step>G</step>          <octave>4</octave>        </pitch>        <duration>4</duration>        <voice>1</voice>        <type>quarter</type>        <stem default-y="5.5">up</stem>      </note>      <note default-x="71">        <pitch>          <step>G</step>          <octave>4</octave>        </pitch>        <duration>4</duration>        <voice>1</voice>        <type>quarter</type>        <stem default-y="5.5">up</stem>      </note>      <note default-x="130">        <pitch>          <step>G</step>          <octave>4</octave>        </pitch>        <duration>4</duration>        <voice>1</voice>        <type>quarter</type>        <stem default-y="5.5">up</stem>      </note>      <note default-x="188">        <pitch>          <step>F</step>          <alter>1</alter>          <octave>4</octave>        </pitch>        <duration>4</duration>        <tie type="start"/>        <voice>1</voice>        <type>quarter</type>        <stem default-y="0">up</stem>        <notations>          <tied type="start"/>        </notations>      </note>    </measure>    <!--=======================================================-->    <measure number="4" width="256">      <note default-x="13">        <pitch>          <step>F</step>          <alter>1</alter>          <octave>4</octave>        </pitch>        <duration>2</duration>        <tie type="stop"/>        <voice>1</voice>        <type>eighth</type>        <stem default-y="0">up</stem>        <beam number="1">begin</beam>        <notations>          <tied type="stop"/>        </notations>      </note>      <note default-x="45">        <pitch>          <step>E</step>          <octave>4</octave>        </pitch>        <duration>1</duration>        <voice>1</voice>        <type>16th</type>        <stem default-y="-6">up</stem>        <beam number="1">continue</beam>        <beam number="2">begin</beam>      </note>      <note default-x="65">        <pitch>          <step>D</step>          <octave>4</octave>        </pitch>        <duration>1</duration>        <voice>1</voice>        <type>16th</type>        <stem default-y="-10">up</stem>        <beam number="1">end</beam>        <beam number="2">end</beam>      </note>      <note default-x="85">        <pitch>          <step>E</step>          <octave>4</octave>        </pitch>        <duration>2</duration>        <voice>1</voice>        <type>eighth</type>        <stem default-y="-5">up</stem>        <beam number="1">begin</beam>      </note>      <note default-x="117">        <pitch>          <step>C</step>          <alter>1</alter>          <octave>4</octave>        </pitch>        <duration>2</duration>        <voice>1</voice>        <type>eighth</type>        <accidental>sharp</accidental>        <stem default-y="-15">up</stem>        <beam number="1">end</beam>      </note>      <note default-x="150">        <pitch>          <step>D</step>          <octave>4</octave>        </pitch>        <duration>4</duration>        <voice>1</voice>        <type>quarter</type>        <stem default-y="-10">up</stem>      </note>      <note default-x="203">        <pitch>          <step>A</step>          <octave>3</octave>        </pitch>        <duration>4</duration>        <voice>1</voice>        <type>quarter</type>        <stem default-y="-19.5">up</stem>      </note>    </measure>    <!--=======================================================-->    <measure number="5" width="313">      <print new-system="yes"/>      <note default-x="75">        <pitch>          <step>D</step>          <octave>4</octave>        </pitch>        <duration>4</duration>        <voice>1</voice>        <type>quarter</type>        <stem default-y="-10">up</stem>      </note>      <note default-x="135">        <pitch>          <step>D</step>          <octave>4</octave>        </pitch>        <duration>4</duration>        <voice>1</voice>        <type>quarter</type>        <stem default-y="-10">up</stem>      </note>      <note default-x="194">        <pitch>          <step>D</step>          <octave>4</octave>        </pitch>        <duration>4</duration>        <voice>1</voice>        <type>quarter</type>        <stem default-y="-10">up</stem>      </note>      <note default-x="253">        <pitch>          <step>D</step>          <octave>4</octave>        </pitch>        <duration>4</duration>        <tie type="start"/>        <voice>1</voice>        <type>quarter</type>        <stem default-y="-10">up</stem>        <notations>          <tied type="start"/>        </notations>      </note>    </measure>    <!--=======================================================-->    <measure number="6" width="209">      <note default-x="10">        <pitch>          <step>D</step>          <octave>4</octave>        </pitch>        <duration>2</duration>        <tie type="stop"/>        <voice>1</voice>        <type>eighth</type>        <stem default-y="-10">up</stem>        <beam number="1">begin</beam>        <notations>          <tied type="stop"/>        </notations>      </note>      <note default-x="44">        <pitch>          <step>B</step>          <octave>3</octave>        </pitch>        <duration>2</duration>        <voice>1</voice>        <type>eighth</type>        <stem default-y="-20">up</stem>        <beam number="1">end</beam>      </note>      <note default-x="76">        <pitch>          <step>C</step>          <alter>1</alter>          <octave>4</octave>        </pitch>        <duration>4</duration>        <voice>1</voice>        <type>quarter</type>        <accidental>sharp</accidental>        <stem default-y="-14">up</stem>      </note>      <note default-x="166">        <pitch>          <step>A</step>          <octave>3</octave>        </pitch>        <duration>8</duration>        <voice>1</voice>        <type>half</type>        <stem default-y="-19.5">up</stem>      </note>    </measure>    <!--=======================================================-->    <measure number="7" width="255">      <note default-x="13">        <pitch>          <step>A</step>          <octave>4</octave>        </pitch>        <duration>4</duration>        <voice>1</voice>        <type>quarter</type>        <stem default-y="11">up</stem>      </note>      <note default-x="70">        <pitch>          <step>A</step>          <octave>4</octave>        </pitch>        <duration>4</duration>        <voice>1</voice>        <type>quarter</type>        <stem default-y="11">up</stem>      </note>      <note default-x="128">        <pitch>          <step>G</step>          <alter>1</alter>          <octave>4</octave>        </pitch>        <duration>2</duration>        <voice>1</voice>        <type>eighth</type>        <accidental>sharp</accidental>        <stem default-y="5">up</stem>        <beam number="1">begin</beam>      </note>      <note default-x="159">        <pitch>          <step>A</step>          <octave>4</octave>        </pitch>        <duration>2</duration>        <voice>1</voice>        <type>eighth</type>        <stem default-y="10">up</stem>        <beam number="1">end</beam>      </note>      <note default-x="191">        <pitch>          <step>B</step>          <octave>4</octave>        </pitch>        <duration>4</duration>        <tie type="start"/>        <voice>1</voice>        <type>quarter</type>        <stem default-y="-55">down</stem>        <notations>          <tied type="start"/>        </notations>      </note>    </measure>    <!--=======================================================-->    <measure number="8" width="264">      <note default-x="13">        <pitch>          <step>B</step>          <octave>4</octave>        </pitch>        <duration>2</duration>        <tie type="stop"/>        <voice>1</voice>        <type>eighth</type>        <stem default-y="15">up</stem>        <beam number="1">begin</beam>        <notations>          <tied type="stop"/>        </notations>      </note>      <note default-x="49">        <pitch>          <step>A</step>          <octave>4</octave>        </pitch>        <duration>1</duration>        <voice>1</voice>        <type>16th</type>        <stem default-y="9.5">up</stem>        <beam number="1">continue</beam>        <beam number="2">begin</beam>      </note>      <note default-x="78">        <pitch>          <step>G</step>          <octave>4</octave>        </pitch>        <duration>1</duration>        <voice>1</voice>        <type>16th</type>        <accidental>natural</accidental>        <stem default-y="5">up</stem>        <beam number="1">end</beam>        <beam number="2">end</beam>      </note>      <note default-x="100">        <pitch>          <step>A</step>          <octave>4</octave>        </pitch>        <duration>4</duration>        <voice>1</voice>        <type>quarter</type>        <stem default-y="11">up</stem>      </note>      <note default-x="162">        <pitch>          <step>G</step>          <octave>4</octave>        </pitch>        <duration>4</duration>        <voice>1</voice>        <type>quarter</type>        <stem default-y="5.5">up</stem>      </note>      <note default-x="213">        <pitch>          <step>D</step>          <octave>4</octave>        </pitch>        <duration>4</duration>        <voice>1</voice>        <type>quarter</type>        <stem default-y="-10">up</stem>      </note>    </measure>    <!--=======================================================-->    <measure number="9" width="340">      <print new-system="yes"/>      <note default-x="78">        <pitch>          <step>G</step>          <octave>4</octave>        </pitch>        <duration>4</duration>        <voice>1</voice>        <type>quarter</type>        <stem default-y="5.5">up</stem>      </note>      <note default-x="143">        <pitch>          <step>G</step>          <octave>4</octave>        </pitch>        <duration>2</duration>        <voice>1</voice>        <type>eighth</type>        <stem default-y="5">up</stem>        <beam number="1">begin</beam>      </note>      <note default-x="175">        <pitch>          <step>F</step>          <alter>1</alter>          <octave>4</octave>        </pitch>        <duration>2</duration>        <voice>1</voice>        <type>eighth</type>        <stem default-y="0">up</stem>        <beam number="1">end</beam>      </note>      <note default-x="209">        <pitch>          <step>E</step>          <octave>4</octave>        </pitch>        <duration>2</duration>        <voice>1</voice>        <type>eighth</type>        <stem default-y="-5">up</stem>        <beam number="1">begin</beam>      </note>      <note default-x="242">        <pitch>          <step>C</step>          <alter>1</alter>          <octave>4</octave>        </pitch>        <duration>2</duration>        <voice>1</voice>        <type>eighth</type>        <accidental>sharp</accidental>        <stem default-y="-15">up</stem>        <beam number="1">end</beam>      </note>      <note default-x="275">        <pitch>          <step>F</step>          <alter>1</alter>          <octave>4</octave>        </pitch>        <duration>4</duration>        <tie type="start"/>        <voice>1</voice>        <type>quarter</type>        <stem default-y="0">up</stem>        <notations>          <tied type="start"/>        </notations>      </note>    </measure>    <!--=======================================================-->    <measure number="10" width="279">      <note default-x="13">        <pitch>          <step>F</step>          <alter>1</alter>          <octave>4</octave>        </pitch>        <duration>2</duration>        <tie type="stop"/>        <voice>1</voice>        <type>eighth</type>        <stem default-y="0">up</stem>        <beam number="1">begin</beam>        <notations>          <tied type="stop"/>        </notations>      </note>      <note default-x="48">        <pitch>          <step>E</step>          <octave>4</octave>        </pitch>        <duration>1</duration>        <voice>1</voice>        <type>16th</type>        <stem default-y="-6">up</stem>        <beam number="1">continue</beam>        <beam number="2">begin</beam>      </note>      <note default-x="70">        <pitch>          <step>D</step>          <octave>4</octave>        </pitch>        <duration>1</duration>        <voice>1</voice>        <type>16th</type>        <stem default-y="-10">up</stem>        <beam number="1">end</beam>        <beam number="2">end</beam>      </note>      <note default-x="92">        <pitch>          <step>E</step>          <octave>4</octave>        </pitch>        <duration>2</duration>        <voice>1</voice>        <type>eighth</type>        <stem default-y="-5">up</stem>        <beam number="1">begin</beam>      </note>      <note default-x="128">        <pitch>          <step>C</step>          <alter>1</alter>          <octave>4</octave>        </pitch>        <duration>2</duration>        <voice>1</voice>        <type>eighth</type>        <accidental>sharp</accidental>        <stem default-y="-15">up</stem>        <beam number="1">end</beam>      </note>      <note default-x="163">        <pitch>          <step>D</step>          <octave>4</octave>        </pitch>        <duration>4</duration>        <voice>1</voice>        <type>quarter</type>        <stem default-y="-10">up</stem>      </note>      <note default-x="220">        <pitch>          <step>A</step>          <octave>3</octave>        </pitch>        <duration>4</duration>        <voice>1</voice>        <type>quarter</type>        <stem default-y="-19.5">up</stem>      </note>    </measure>    <!--=======================================================-->    <measure number="11" width="247">      <note default-x="10">        <pitch>          <step>D</step>          <octave>4</octave>        </pitch>        <duration>2</duration>        <voice>1</voice>        <type>eighth</type>        <stem default-y="-10">up</stem>        <beam number="1">begin</beam>      </note>      <note default-x="39">        <pitch>          <step>B</step>          <octave>3</octave>        </pitch>        <duration>2</duration>        <voice>1</voice>        <type>eighth</type>        <stem default-y="-20">up</stem>        <beam number="1">end</beam>      </note>      <note default-x="69">        <pitch>          <step>F</step>          <alter>1</alter>          <octave>4</octave>        </pitch>        <duration>4</duration>        <voice>1</voice>        <type>quarter</type>        <stem default-y="0">up</stem>      </note>      <note default-x="128">        <pitch>          <step>G</step>          <octave>4</octave>        </pitch>        <duration>2</duration>        <voice>1</voice>        <type>eighth</type>        <stem default-y="5">up</stem>        <beam number="1">begin</beam>      </note>      <note default-x="158">        <pitch>          <step>F</step>          <alter>1</alter>          <octave>4</octave>        </pitch>        <duration>2</duration>        <voice>1</voice>        <type>eighth</type>        <stem default-y="0">up</stem>        <beam number="1">end</beam>      </note>      <note default-x="187">        <pitch>          <step>G</step>          <octave>4</octave>        </pitch>        <duration>4</duration>        <tie type="start"/>        <voice>1</voice>        <type>quarter</type>        <stem default-y="5.5">up</stem>        <notations>          <tied type="start"/>        </notations>      </note>    </measure>    <!--=======================================================-->    <measure number="12" width="175">      <note default-x="12">        <pitch>          <step>G</step>          <octave>4</octave>        </pitch>        <duration>4</duration>        <tie type="stop"/>        <voice>1</voice>        <type>quarter</type>        <stem default-y="5.5">up</stem>        <notations>          <tied type="stop"/>        </notations>      </note>      <note default-x="51">        <pitch>          <step>F</step>          <alter>1</alter>          <octave>4</octave>        </pitch>        <duration>4</duration>        <voice>1</voice>        <type>quarter</type>        <stem default-y="0">up</stem>      </note>      <note default-x="128">        <pitch>          <step>D</step>          <octave>4</octave>        </pitch>        <duration>8</duration>        <voice>1</voice>        <type>half</type>        <stem default-y="-10">up</stem>      </note>      <barline location="right">        <bar-style>light-heavy</bar-style>      </barline>    </measure>  </part>  <!--=========================================================-->  <part id="P3">    <measure number="1" width="324">      <attributes>        <divisions>4</divisions>        <key>          <fifths>1</fifths>          <mode>major</mode>        </key>        <time symbol="common">          <beats>4</beats>          <beat-type>4</beat-type>        </time>        <clef>          <sign>F</sign>          <line>4</line>        </clef>      </attributes>      <sound tempo="92"/>      <note default-x="108">        <pitch>          <step>B</step>          <octave>3</octave>        </pitch>        <duration>4</duration>        <voice>1</voice>        <type>quarter</type>        <stem default-y="-30">down</stem>      </note>      <note default-x="159">        <pitch>          <step>B</step>          <octave>3</octave>        </pitch>        <duration>4</duration>        <voice>1</voice>        <type>quarter</type>        <stem default-y="-30">down</stem>      </note>      <note default-x="210">        <pitch>          <step>A</step>          <octave>3</octave>        </pitch>        <duration>4</duration>        <voice>1</voice>        <type>quarter</type>        <stem default-y="-35">down</stem>      </note>      <note default-x="266">        <pitch>          <step>B</step>          <octave>3</octave>        </pitch>        <duration>4</duration>        <voice>1</voice>        <type>quarter</type>        <stem default-y="-30">down</stem>      </note>    </measure>    <!--=======================================================-->    <measure number="2" width="214">      <note default-x="13">        <pitch>          <step>E</step>          <octave>4</octave>        </pitch>        <duration>4</duration>        <voice>1</voice>        <type>quarter</type>        <stem default-y="-20">down</stem>      </note>      <note default-x="59">        <pitch>          <step>D</step>          <octave>4</octave>        </pitch>        <duration>4</duration>        <voice>1</voice>        <type>quarter</type>        <stem default-y="-20">down</stem>      </note>      <note default-x="118">        <pitch>          <step>D</step>          <octave>4</octave>        </pitch>        <duration>4</duration>        <voice>1</voice>        <type>quarter</type>        <stem default-y="-20">down</stem>      </note>      <note default-x="166">        <pitch>          <step>B</step>          <octave>3</octave>        </pitch>        <duration>4</duration>        <voice>1</voice>        <type>quarter</type>        <stem default-y="-30">down</stem>      </note>    </measure>    <!--=======================================================-->    <measure number="3" width="247">      <note default-x="12">        <pitch>          <step>D</step>          <octave>4</octave>        </pitch>        <duration>4</duration>        <voice>1</voice>        <type>quarter</type>        <stem default-y="-20">down</stem>      </note>      <note default-x="71">        <pitch>          <step>D</step>          <octave>4</octave>        </pitch>        <duration>4</duration>        <voice>1</voice>        <type>quarter</type>        <stem default-y="-20">down</stem>      </note>      <note default-x="130">        <pitch>          <step>D</step>          <octave>4</octave>        </pitch>        <duration>4</duration>        <voice>1</voice>        <type>quarter</type>        <stem default-y="-20">down</stem>      </note>      <note default-x="188">        <pitch>          <step>D</step>          <octave>4</octave>        </pitch>        <duration>4</duration>        <voice>1</voice>        <type>quarter</type>        <stem default-y="-20">down</stem>      </note>    </measure>    <!--=======================================================-->    <measure number="4" width="256">      <note default-x="13">        <pitch>          <step>D</step>          <octave>4</octave>        </pitch>        <duration>2</duration>        <voice>1</voice>        <type>eighth</type>        <stem default-y="-20">down</stem>        <beam number="1">begin</beam>      </note>      <note default-x="45">        <pitch>          <step>B</step>          <octave>3</octave>        </pitch>        <duration>2</duration>        <voice>1</voice>        <type>eighth</type>        <stem default-y="-30">down</stem>        <beam number="1">end</beam>      </note>      <note default-x="85">        <pitch>          <step>A</step>          <octave>3</octave>        </pitch>        <duration>4</duration>        <voice>1</voice>        <type>quarter</type>        <stem default-y="-35">down</stem>      </note>      <note default-x="150">        <pitch>          <step>A</step>          <octave>3</octave>        </pitch>        <duration>4</duration>        <voice>1</voice>        <type>quarter</type>        <stem default-y="-35">down</stem>      </note>      <note default-x="203">        <pitch>          <step>F</step>          <alter>1</alter>          <octave>3</octave>        </pitch>        <duration>4</duration>        <voice>1</voice>        <type>quarter</type>        <stem default-y="-45">down</stem>      </note>    </measure>    <!--=======================================================-->    <measure number="5" width="313">      <print new-system="yes"/>      <note default-x="75">        <pitch>          <step>F</step>          <alter>1</alter>          <octave>3</octave>        </pitch>        <duration>2</duration>        <voice>1</voice>        <type>eighth</type>        <stem default-y="-45">down</stem>        <beam number="1">begin</beam>      </note>      <note default-x="105">        <pitch>          <step>G</step>          <octave>3</octave>        </pitch>        <duration>2</duration>        <voice>1</voice>        <type>eighth</type>        <stem default-y="-40">down</stem>        <beam number="1">end</beam>      </note>      <note default-x="135">        <pitch>          <step>A</step>          <octave>3</octave>        </pitch>        <duration>2</duration>        <voice>1</voice>        <type>eighth</type>        <stem default-y="-35">down</stem>        <beam number="1">begin</beam>      </note>      <note default-x="164">        <pitch>          <step>F</step>          <alter>1</alter>          <octave>3</octave>        </pitch>        <duration>2</duration>        <voice>1</voice>        <type>eighth</type>        <stem default-y="-45">down</stem>        <beam number="1">end</beam>      </note>      <note default-x="194">        <pitch>          <step>G</step>          <octave>3</octave>        </pitch>        <duration>4</duration>        <voice>1</voice>        <type>quarter</type>        <stem default-y="-40.5">down</stem>      </note>      <note default-x="253">        <pitch>          <step>A</step>          <octave>3</octave>        </pitch>        <duration>4</duration>        <voice>1</voice>        <type>quarter</type>        <stem default-y="-35">down</stem>      </note>    </measure>    <!--=======================================================-->    <measure number="6" width="209">      <note default-x="10">        <pitch>          <step>A</step>          <octave>3</octave>        </pitch>        <duration>6</duration>        <voice>1</voice>        <type>quarter</type>        <dot/>        <stem default-y="-35">down</stem>      </note>      <note default-x="103">        <pitch>          <step>G</step>          <octave>3</octave>        </pitch>        <duration>1</duration>        <voice>1</voice>        <type>16th</type>        <stem default-y="-40">down</stem>        <beam number="1">begin</beam>        <beam number="2">begin</beam>      </note>      <note default-x="131">        <pitch>          <step>F</step>          <alter>1</alter>          <octave>3</octave>        </pitch>        <duration>1</duration>        <voice>1</voice>        <type>16th</type>        <stem default-y="-45">down</stem>        <beam number="1">end</beam>        <beam number="2">end</beam>      </note>      <note default-x="166">        <pitch>          <step>F</step>          <alter>1</alter>          <octave>3</octave>        </pitch>        <duration>8</duration>        <voice>1</voice>        <type>half</type>        <stem default-y="-45">down</stem>      </note>    </measure>    <!--=======================================================-->    <measure number="7" width="255">      <note default-x="13">        <pitch>          <step>F</step>          <alter>1</alter>          <octave>4</octave>        </pitch>        <duration>4</duration>        <voice>1</voice>        <type>quarter</type>        <stem default-y="-20">down</stem>      </note>      <note default-x="70">        <pitch>          <step>F</step>          <alter>1</alter>          <octave>4</octave>        </pitch>        <duration>4</duration>        <voice>1</voice>        <type>quarter</type>        <stem default-y="-20">down</stem>      </note>      <note default-x="128">        <pitch>          <step>F</step>          <octave>4</octave>        </pitch>        <duration>4</duration>        <voice>1</voice>        <type>quarter</type>        <accidental>natural</accidental>        <stem default-y="-20">down</stem>      </note>      <note default-x="191">        <pitch>          <step>E</step>          <octave>4</octave>        </pitch>        <duration>4</duration>        <voice>1</voice>        <type>quarter</type>        <stem default-y="-20">down</stem>      </note>    </measure>    <!--=======================================================-->    <measure number="8" width="264">      <note default-x="13">        <pitch>          <step>E</step>          <octave>4</octave>        </pitch>        <duration>4</duration>        <voice>1</voice>        <type>quarter</type>        <stem default-y="-20">down</stem>      </note>      <note default-x="100">        <pitch>          <step>D</step>          <octave>4</octave>        </pitch>        <duration>4</duration>        <voice>1</voice>        <type>quarter</type>        <stem default-y="-20">down</stem>      </note>      <note default-x="162">        <pitch>          <step>D</step>          <octave>4</octave>        </pitch>        <duration>4</duration>        <voice>1</voice>        <type>quarter</type>        <stem default-y="-20">down</stem>      </note>      <note default-x="213">        <pitch>          <step>B</step>          <octave>3</octave>        </pitch>        <duration>4</duration>        <voice>1</voice>        <type>quarter</type>        <stem default-y="-30">down</stem>      </note>    </measure>    <!--=======================================================-->    <measure number="9" width="340">      <print new-system="yes"/>      <note default-x="76">        <pitch>          <step>D</step>          <octave>4</octave>        </pitch>        <duration>2</duration>        <voice>1</voice>        <type>eighth</type>        <stem default-y="-20">down</stem>        <beam number="1">begin</beam>      </note>      <note default-x="109">        <pitch>          <step>B</step>          <octave>3</octave>        </pitch>        <duration>2</duration>        <voice>1</voice>        <type>eighth</type>        <stem default-y="-30">down</stem>        <beam number="1">end</beam>      </note>      <note default-x="143">        <pitch>          <step>E</step>          <octave>4</octave>        </pitch>        <duration>2</duration>        <voice>1</voice>        <type>eighth</type>        <stem default-y="-15">down</stem>        <beam number="1">begin</beam>      </note>      <note default-x="175">        <pitch>          <step>D</step>          <octave>4</octave>        </pitch>        <duration>2</duration>        <voice>1</voice>        <type>eighth</type>        <stem default-y="-20">down</stem>        <beam number="1">end</beam>      </note>      <note default-x="209">        <pitch>          <step>C</step>          <alter>1</alter>          <octave>4</octave>        </pitch>        <duration>2</duration>        <voice>1</voice>        <type>eighth</type>        <accidental>sharp</accidental>        <stem default-y="-25">down</stem>        <beam number="1">begin</beam>      </note>      <note default-x="242">        <pitch>          <step>A</step>          <octave>3</octave>        </pitch>        <duration>2</duration>        <voice>1</voice>        <type>eighth</type>        <stem default-y="-35">down</stem>        <beam number="1">end</beam>      </note>      <note default-x="275">        <pitch>          <step>D</step>          <octave>4</octave>        </pitch>        <duration>4</duration>        <voice>1</voice>        <type>quarter</type>        <stem default-y="-20">down</stem>      </note>    </measure>    <!--=======================================================-->    <measure number="10" width="279">      <note default-x="13">        <pitch>          <step>D</step>          <octave>4</octave>        </pitch>        <duration>2</duration>        <voice>1</voice>        <type>eighth</type>        <stem default-y="-20">down</stem>        <beam number="1">begin</beam>      </note>      <note default-x="48">        <pitch>          <step>B</step>          <octave>3</octave>        </pitch>        <duration>2</duration>        <voice>1</voice>        <type>eighth</type>        <stem default-y="-30">down</stem>        <beam number="1">end</beam>      </note>      <note default-x="92">        <pitch>          <step>A</step>          <octave>3</octave>        </pitch>        <duration>4</duration>        <voice>1</voice>        <type>quarter</type>        <stem default-y="-35">down</stem>      </note>      <note default-x="163">        <pitch>          <step>A</step>          <octave>3</octave>        </pitch>        <duration>4</duration>        <voice>1</voice>        <type>quarter</type>        <stem default-y="-35">down</stem>      </note>      <note default-x="220">        <pitch>          <step>F</step>          <alter>1</alter>          <octave>3</octave>        </pitch>        <duration>4</duration>        <voice>1</voice>        <type>quarter</type>        <stem default-y="-45">down</stem>      </note>    </measure>    <!--=======================================================-->    <measure number="11" width="247">      <note default-x="10">        <pitch>          <step>G</step>          <octave>3</octave>        </pitch>        <duration>4</duration>        <voice>1</voice>        <type>quarter</type>        <stem default-y="-40.5">down</stem>      </note>      <note default-x="69">        <pitch>          <step>D</step>          <octave>4</octave>        </pitch>        <duration>4</duration>        <voice>1</voice>        <type>quarter</type>        <stem default-y="-20">down</stem>      </note>      <note default-x="128">        <pitch>          <step>D</step>          <octave>4</octave>        </pitch>        <duration>2</duration>        <voice>1</voice>        <type>eighth</type>        <stem default-y="-20">down</stem>        <beam number="1">begin</beam>      </note>      <note default-x="158">        <pitch>          <step>C</step>          <octave>4</octave>        </pitch>        <duration>2</duration>        <voice>1</voice>        <type>eighth</type>        <stem default-y="-25">down</stem>        <beam number="1">end</beam>      </note>      <note default-x="187">        <pitch>          <step>B</step>          <octave>3</octave>        </pitch>        <duration>2</duration>        <voice>1</voice>        <type>eighth</type>        <stem default-y="-30">down</stem>        <beam number="1">begin</beam>      </note>      <note default-x="217">        <pitch>          <step>C</step>          <octave>4</octave>        </pitch>        <duration>2</duration>        <voice>1</voice>        <type>eighth</type>        <stem default-y="-25">down</stem>        <beam number="1">end</beam>      </note>    </measure>    <!--=======================================================-->    <measure number="12" width="175">      <note default-x="12">        <pitch>          <step>D</step>          <octave>4</octave>        </pitch>        <duration>4</duration>        <voice>1</voice>        <type>quarter</type>        <stem default-y="-20">down</stem>      </note>      <note default-x="51">        <pitch>          <step>D</step>          <octave>4</octave>        </pitch>        <duration>3</duration>        <voice>1</voice>        <type>eighth</type>        <dot/>        <stem default-y="-20">down</stem>        <beam number="1">begin</beam>      </note>      <note default-x="100">        <pitch>          <step>C</step>          <octave>4</octave>        </pitch>        <duration>1</duration>        <voice>1</voice>        <type>16th</type>        <stem default-y="-25">down</stem>        <beam number="1">end</beam>        <beam number="2">backward hook</beam>      </note>      <note default-x="128">        <pitch>          <step>B</step>          <octave>3</octave>        </pitch>        <duration>8</duration>        <voice>1</voice>        <type>half</type>        <stem default-y="-30">down</stem>      </note>      <barline location="right">        <bar-style>light-heavy</bar-style>      </barline>    </measure>  </part>  <!--=========================================================-->  <part id="P4">    <measure number="1" width="324">      <attributes>        <divisions>2</divisions>        <key>          <fifths>1</fifths>          <mode>major</mode>        </key>        <time symbol="common">          <beats>4</beats>          <beat-type>4</beat-type>        </time>        <clef>          <sign>F</sign>          <line>4</line>        </clef>      </attributes>      <sound tempo="92"/>      <note default-x="108">        <pitch>          <step>G</step>          <octave>3</octave>        </pitch>        <duration>2</duration>        <voice>1</voice>        <type>quarter</type>        <stem default-y="-40.5">down</stem>      </note>      <note default-x="159">        <pitch>          <step>G</step>          <octave>3</octave>        </pitch>        <duration>2</duration>        <voice>1</voice>        <type>quarter</type>        <stem default-y="-40.5">down</stem>      </note>      <note default-x="210">        <pitch>          <step>F</step>          <alter>1</alter>          <octave>3</octave>        </pitch>        <duration>2</duration>        <voice>1</voice>        <type>quarter</type>        <stem default-y="-45">down</stem>      </note>      <note default-x="266">        <pitch>          <step>G</step>          <octave>3</octave>        </pitch>        <duration>2</duration>        <tie type="start"/>        <voice>1</voice>        <type>quarter</type>        <stem default-y="-40.5">down</stem>        <notations>          <tied type="start"/>        </notations>      </note>    </measure>    <!--=======================================================-->    <measure number="2" width="214">      <note default-x="13">        <pitch>          <step>G</step>          <octave>3</octave>        </pitch>        <duration>2</duration>        <tie type="stop"/>        <voice>1</voice>        <type>quarter</type>        <stem default-y="-40.5">down</stem>        <notations>          <tied type="stop"/>        </notations>      </note>      <note default-x="59">        <pitch>          <step>F</step>          <alter>1</alter>          <octave>3</octave>        </pitch>        <duration>1</duration>        <voice>1</voice>        <type>eighth</type>        <stem default-y="-45">down</stem>        <beam number="1">begin</beam>      </note>      <note default-x="89">        <pitch>          <step>D</step>          <octave>3</octave>        </pitch>        <duration>1</duration>        <voice>1</voice>        <type>eighth</type>        <stem default-y="-55">down</stem>        <beam number="1">end</beam>      </note>      <note default-x="118">        <pitch>          <step>G</step>          <octave>3</octave>        </pitch>        <duration>2</duration>        <voice>1</voice>        <type>quarter</type>        <stem default-y="-40.5">down</stem>      </note>      <note default-x="166">        <pitch>          <step>G</step>          <octave>2</octave>        </pitch>        <duration>2</duration>        <voice>1</voice>        <type>quarter</type>        <stem default-y="-4.5">up</stem>      </note>    </measure>    <!--=======================================================-->    <measure number="3" width="247">      <note default-x="12">        <pitch>          <step>G</step>          <octave>2</octave>        </pitch>        <duration>1</duration>        <voice>1</voice>        <type>eighth</type>        <stem default-y="-5">up</stem>        <beam number="1">begin</beam>      </note>      <note default-x="42">        <pitch>          <step>A</step>          <octave>2</octave>        </pitch>        <duration>1</duration>        <voice>1</voice>        <type>eighth</type>        <stem default-y="0">up</stem>        <beam number="1">end</beam>      </note>      <note default-x="71">        <pitch>          <step>B</step>          <octave>2</octave>        </pitch>        <duration>1</duration>        <voice>1</voice>        <type>eighth</type>        <stem default-y="5">up</stem>        <beam number="1">begin</beam>      </note>      <note default-x="100">        <pitch>          <step>C</step>          <octave>3</octave>        </pitch>        <duration>1</duration>        <voice>1</voice>        <type>eighth</type>        <stem default-y="10">up</stem>        <beam number="1">end</beam>      </note>      <note default-x="130">        <pitch>          <step>D</step>          <octave>3</octave>        </pitch>        <duration>1</duration>        <voice>1</voice>        <type>eighth</type>        <stem default-y="-55">down</stem>        <beam number="1">begin</beam>      </note>      <note default-x="159">        <pitch>          <step>E</step>          <octave>3</octave>        </pitch>        <duration>1</duration>        <voice>1</voice>        <type>eighth</type>        <stem default-y="-50">down</stem>        <beam number="1">end</beam>      </note>      <note default-x="188">        <pitch>          <step>F</step>          <alter>1</alter>          <octave>3</octave>        </pitch>        <duration>1</duration>        <voice>1</voice>        <type>eighth</type>        <stem default-y="-45">down</stem>        <beam number="1">begin</beam>      </note>      <note default-x="217">        <pitch>          <step>D</step>          <octave>3</octave>        </pitch>        <duration>1</duration>        <voice>1</voice>        <type>eighth</type>        <stem default-y="-55">down</stem>        <beam number="1">end</beam>      </note>    </measure>    <!--=======================================================-->    <measure number="4" width="256">      <note default-x="13">        <pitch>          <step>B</step>          <octave>2</octave>        </pitch>        <duration>1</duration>        <voice>1</voice>        <type>eighth</type>        <stem default-y="10">up</stem>        <beam number="1">begin</beam>      </note>      <note default-x="45">        <pitch>          <step>E</step>          <octave>3</octave>        </pitch>        <duration>1</duration>        <voice>1</voice>        <type>eighth</type>        <stem default-y="20">up</stem>        <beam number="1">end</beam>      </note>      <note default-x="85">        <pitch>          <step>C</step>          <alter>1</alter>          <octave>3</octave>        </pitch>        <duration>1</duration>        <voice>1</voice>        <type>eighth</type>        <accidental>sharp</accidental>        <stem default-y="10">up</stem>        <beam number="1">begin</beam>      </note>      <note default-x="117">        <pitch>          <step>A</step>          <octave>2</octave>        </pitch>        <duration>1</duration>        <voice>1</voice>        <type>eighth</type>        <stem default-y="0">up</stem>        <beam number="1">end</beam>      </note>      <note default-x="150">        <pitch>          <step>D</step>          <octave>3</octave>        </pitch>        <duration>2</duration>        <voice>1</voice>        <type>quarter</type>        <stem default-y="-55">down</stem>      </note>      <note default-x="203">        <pitch>          <step>D</step>          <octave>2</octave>        </pitch>        <duration>2</duration>        <voice>1</voice>        <type>quarter</type>        <stem default-y="-19.5">up</stem>      </note>    </measure>    <!--=======================================================-->    <measure number="5" width="313">      <print new-system="yes"/>      <note default-x="75">        <pitch>          <step>D</step>          <octave>3</octave>        </pitch>        <duration>1</duration>        <voice>1</voice>        <type>eighth</type>        <stem default-y="-55">down</stem>        <beam number="1">begin</beam>      </note>      <note default-x="105">        <pitch>          <step>E</step>          <octave>3</octave>        </pitch>        <duration>1</duration>        <voice>1</voice>        <type>eighth</type>        <stem default-y="-50">down</stem>        <beam number="1">end</beam>      </note>      <note default-x="135">        <pitch>          <step>F</step>          <alter>1</alter>          <octave>3</octave>        </pitch>        <duration>1</duration>        <voice>1</voice>        <type>eighth</type>        <stem default-y="-45">down</stem>        <beam number="1">begin</beam>      </note>      <note default-x="164">        <pitch>          <step>D</step>          <octave>3</octave>        </pitch>        <duration>1</duration>        <voice>1</voice>        <type>eighth</type>        <stem default-y="-55">down</stem>        <beam number="1">end</beam>      </note>      <note default-x="194">        <pitch>          <step>G</step>          <octave>3</octave>        </pitch>        <duration>2</duration>        <voice>1</voice>        <type>quarter</type>        <stem default-y="-40.5">down</stem>      </note>      <note default-x="253">        <pitch>          <step>D</step>          <octave>3</octave>        </pitch>        <duration>2</duration>        <voice>1</voice>        <type>quarter</type>        <stem default-y="-55">down</stem>      </note>    </measure>    <!--=======================================================-->    <measure number="6" width="209">      <note default-x="10">        <pitch>          <step>A</step>          <octave>3</octave>        </pitch>        <duration>2</duration>        <voice>1</voice>        <type>quarter</type>        <stem default-y="-35">down</stem>      </note>      <note default-x="76">        <pitch>          <step>A</step>          <octave>2</octave>        </pitch>        <duration>2</duration>        <voice>1</voice>        <type>quarter</type>        <stem default-y="0">up</stem>      </note>      <note default-x="166">        <pitch>          <step>D</step>          <octave>3</octave>        </pitch>        <duration>4</duration>        <voice>1</voice>        <type>half</type>        <stem default-y="-55">down</stem>      </note>    </measure>    <!--=======================================================-->    <measure number="7" width="255">      <note default-x="13">        <pitch>          <step>D</step>          <octave>3</octave>        </pitch>        <duration>1</duration>        <voice>1</voice>        <type>eighth</type>        <stem default-y="-55">down</stem>      </note>      <note default-x="45">        <pitch>          <step>D</step>          <octave>4</octave>        </pitch>        <duration>2</duration>        <voice>1</voice>        <type>quarter</type>        <stem default-y="-20">down</stem>      </note>      <note default-x="96">        <pitch>          <step>C</step>          <octave>4</octave>        </pitch>        <duration>1</duration>        <voice>1</voice>        <type>eighth</type>        <accidental>natural</accidental>        <stem default-y="-25">down</stem>      </note>      <note default-x="128">        <pitch>          <step>B</step>          <octave>3</octave>        </pitch>        <duration>1</duration>        <voice>1</voice>        <type>eighth</type>        <stem default-y="-30">down</stem>        <beam number="1">begin</beam>      </note>      <note default-x="159">        <pitch>          <step>A</step>          <octave>3</octave>        </pitch>        <duration>1</duration>        <voice>1</voice>        <type>eighth</type>        <stem default-y="-35">down</stem>        <beam number="1">end</beam>      </note>      <note default-x="191">        <pitch>          <step>G</step>          <alter>1</alter>          <octave>3</octave>        </pitch>        <duration>1</duration>        <voice>1</voice>        <type>eighth</type>        <accidental>sharp</accidental>        <stem default-y="-40">down</stem>        <beam number="1">begin</beam>      </note>      <note default-x="223">        <pitch>          <step>E</step>          <octave>3</octave>        </pitch>        <duration>1</duration>        <voice>1</voice>        <type>eighth</type>        <stem default-y="-50">down</stem>        <beam number="1">end</beam>      </note>    </measure>    <!--=======================================================-->    <measure number="8" width="264">      <note default-x="13">        <pitch>          <step>A</step>          <octave>3</octave>        </pitch>        <duration>1</duration>        <voice>1</voice>        <type>eighth</type>        <stem default-y="-35">down</stem>        <beam number="1">begin</beam>      </note>      <note default-x="49">        <pitch>          <step>G</step>          <octave>3</octave>        </pitch>        <duration>1</duration>        <voice>1</voice>        <type>eighth</type>        <accidental>natural</accidental>        <stem default-y="-40">down</stem>        <beam number="1">end</beam>      </note>      <note default-x="100">        <pitch>          <step>F</step>          <alter>1</alter>          <octave>3</octave>        </pitch>        <duration>1</duration>        <voice>1</voice>        <type>eighth</type>        <stem default-y="-45">down</stem>        <beam number="1">begin</beam>      </note>      <note default-x="132">        <pitch>          <step>D</step>          <octave>3</octave>        </pitch>        <duration>1</duration>        <voice>1</voice>        <type>eighth</type>        <stem default-y="-55">down</stem>        <beam number="1">end</beam>      </note>      <note default-x="162">        <pitch>          <step>G</step>          <octave>3</octave>        </pitch>        <duration>2</duration>        <voice>1</voice>        <type>quarter</type>        <stem default-y="-40.5">down</stem>      </note>      <note default-x="213">        <pitch>          <step>G</step>          <octave>2</octave>        </pitch>        <duration>2</duration>        <voice>1</voice>        <type>quarter</type>        <stem default-y="-4.5">up</stem>      </note>    </measure>    <!--=======================================================-->    <measure number="9" width="340">      <print new-system="yes"/>      <note default-x="78">        <pitch>          <step>G</step>          <octave>3</octave>        </pitch>        <duration>2</duration>        <voice>1</voice>        <type>quarter</type>        <stem default-y="-40.5">down</stem>      </note>      <note default-x="143">        <pitch>          <step>G</step>          <octave>3</octave>        </pitch>        <duration>2</duration>        <voice>1</voice>        <type>quarter</type>        <stem default-y="-40.5">down</stem>      </note>      <note default-x="209">        <pitch>          <step>G</step>          <octave>3</octave>        </pitch>        <duration>2</duration>        <voice>1</voice>        <type>quarter</type>        <stem default-y="-40.5">down</stem>      </note>      <note default-x="275">        <pitch>          <step>F</step>          <alter>1</alter>          <octave>3</octave>        </pitch>        <duration>1</duration>        <voice>1</voice>        <type>eighth</type>        <stem default-y="-45">down</stem>        <beam number="1">begin</beam>      </note>      <note default-x="307">        <pitch>          <step>D</step>          <octave>3</octave>        </pitch>        <duration>1</duration>        <voice>1</voice>        <type>eighth</type>        <stem default-y="-55">down</stem>        <beam number="1">end</beam>      </note>    </measure>    <!--=======================================================-->    <measure number="10" width="279">      <note default-x="13">        <pitch>          <step>B</step>          <octave>2</octave>        </pitch>        <duration>1</duration>        <voice>1</voice>        <type>eighth</type>        <stem default-y="10">up</stem>        <beam number="1">begin</beam>      </note>      <note default-x="48">        <pitch>          <step>E</step>          <octave>3</octave>        </pitch>        <duration>1</duration>        <voice>1</voice>        <type>eighth</type>        <stem default-y="20">up</stem>        <beam number="1">end</beam>      </note>      <note default-x="92">        <pitch>          <step>C</step>          <alter>1</alter>          <octave>3</octave>        </pitch>        <duration>1</duration>        <voice>1</voice>        <type>eighth</type>        <accidental>sharp</accidental>        <stem default-y="10">up</stem>        <beam number="1">begin</beam>      </note>      <note default-x="128">        <pitch>          <step>A</step>          <octave>2</octave>        </pitch>        <duration>1</duration>        <voice>1</voice>        <type>eighth</type>        <stem default-y="0">up</stem>        <beam number="1">end</beam>      </note>      <note default-x="163">        <pitch>          <step>D</step>          <octave>3</octave>        </pitch>        <duration>2</duration>        <voice>1</voice>        <type>quarter</type>        <stem default-y="-55">down</stem>      </note>      <note default-x="220">        <pitch>          <step>D</step>          <octave>2</octave>        </pitch>        <duration>2</duration>        <voice>1</voice>        <type>quarter</type>        <stem default-y="-19.5">up</stem>      </note>    </measure>    <!--=======================================================-->    <measure number="11" width="247">      <note default-x="10">        <pitch>          <step>B</step>          <octave>2</octave>        </pitch>        <duration>1</duration>        <voice>1</voice>        <type>eighth</type>        <stem default-y="10">up</stem>        <beam number="1">begin</beam>      </note>      <note default-x="39">        <pitch>          <step>E</step>          <octave>3</octave>        </pitch>        <duration>1</duration>        <voice>1</voice>        <type>eighth</type>        <stem default-y="20">up</stem>        <beam number="1">end</beam>      </note>      <note default-x="69">        <pitch>          <step>D</step>          <octave>3</octave>        </pitch>        <duration>1</duration>        <voice>1</voice>        <type>eighth</type>        <stem default-y="15">up</stem>        <beam number="1">begin</beam>      </note>      <note default-x="98">        <pitch>          <step>C</step>          <octave>3</octave>        </pitch>        <duration>1</duration>        <voice>1</voice>        <type>eighth</type>        <stem default-y="10">up</stem>        <beam number="1">end</beam>      </note>      <note default-x="128">        <pitch>          <step>B</step>          <octave>2</octave>        </pitch>        <duration>1</duration>        <voice>1</voice>        <type>eighth</type>        <stem default-y="5">up</stem>        <beam number="1">begin</beam>      </note>      <note default-x="158">        <pitch>          <step>A</step>          <octave>2</octave>        </pitch>        <duration>1</duration>        <voice>1</voice>        <type>eighth</type>        <stem default-y="0">up</stem>        <beam number="1">end</beam>      </note>      <note default-x="187">        <pitch>          <step>G</step>          <octave>2</octave>        </pitch>        <duration>1</duration>        <voice>1</voice>        <type>eighth</type>        <stem default-y="10">up</stem>        <beam number="1">begin</beam>      </note>      <note default-x="217">        <pitch>          <step>E</step>          <octave>3</octave>        </pitch>        <duration>1</duration>        <voice>1</voice>        <type>eighth</type>        <stem default-y="20">up</stem>        <beam number="1">end</beam>      </note>    </measure>    <!--=======================================================-->    <measure number="12" width="175">      <note default-x="12">        <pitch>          <step>D</step>          <octave>3</octave>        </pitch>        <duration>2</duration>        <voice>1</voice>        <type>quarter</type>        <stem default-y="-55">down</stem>      </note>      <note default-x="51">        <pitch>          <step>D</step>          <octave>2</octave>        </pitch>        <duration>2</duration>        <voice>1</voice>        <type>quarter</type>        <stem default-y="-19.5">up</stem>      </note>      <note default-x="128">        <pitch>          <step>G</step>          <octave>2</octave>        </pitch>        <duration>4</duration>        <voice>1</voice>        <type>half</type>        <stem default-y="-4.5">up</stem>      </note>      <barline location="right">        <bar-style>light-heavy</bar-style>      </barline>    </measure>  </part>  <!--=========================================================--></score-partwise>