{"ref": "all:composers:bach:chorals:bwv227.3", "title": "Jesu, meine Freude", "composer": "", "features": [{"feature_key": "key_tonic_name", "feature_value": "E"}, {"feature_key": "key_mode", "feature_value": "minor"}, {"feature_key": "num_of_parts", "feature_value": "5"}, {"feature_key": "num_of_measures", "feature_value": "100"}, {"feature_key": "instruments", "feature_value": "['Soprano 1', 'Soprano 2', 'Alto', 'Tenor', 'Bass']"}, {"feature_key": "lowest_pitch_each_part", "feature_value": "{\"part1\": \"E4\", \"part2\": \"D4\", \"part3\": \"B3\", \"part4\": \"E3\", \"part5\": \"G2\"}"}, {"feature_key": "highest_pitch_each_part", "feature_value": "{\"part1\": \"G5\", \"part2\": \"E5\", \"part3\": \"C5\", \"part4\": \"F#4\", \"part5\": \"B3\"}"}, {"feature_key": "average_melodic_interval", "feature_value": "2.4642857142857144"}, {"feature_key": "direction_of_motion", "feature_value": "0.46474358974358976"}, {"feature_key": "most_common_note_quarter_length", "feature_value": "0.5"}, {"feature_key": "range_note_quarter_length", "feature_value": "3.75"}, {"feature_key": "initial_time_signature", "feature_value": "[4, 4]"}, {"feature_key": "composer", "feature_value": "https://dbpedia.org/resource/Johann_Sebastian_Bach"}], "sources": [], "files": [{"name": "score.xml", "url": "http://localhost:8000/media/corpora/all/composers/bach/chorals/bwv227.3/score.xml"}, {"name": "mei.xml", "url": "http://localhost:8000/media/corpora/all/composers/bach/chorals/bwv227.3/mei.xml"}, {"name": "summary.json", "url": "http://localhost:8000/media/corpora/all/composers/bach/chorals/bwv227.3/summary.json"}]}