{"ref": "bwv248.42-4", "title": "score.xml", "composer": "", "features": [{"feature_key": "key_tonic_name", "feature_value": "F"}, {"feature_key": "key_mode", "feature_value": "major"}, {"feature_key": "num_of_parts", "feature_value": "12"}, {"feature_key": "num_of_measures", "feature_value": "648"}, {"feature_key": "instruments", "feature_value": "['Horn 1', 'Horn 2', 'Oboe 1', 'Oboe 2', 'Violin 1', 'Violin 2', 'Viola', 'Soprano', 'Alto', 'Tenor', 'Bass', 'Organ']"}, {"feature_key": "lowest_pitch_each_part", "feature_value": "{\"part1\": \"F3\", \"part2\": \"F3\", \"part3\": \"E4\", \"part4\": \"E4\", \"part5\": \"A3\", \"part6\": \"A3\", \"part7\": \"F3\", \"part8\": \"F4\", \"part9\": \"B-3\", \"part10\": \"F3\", \"part11\": \"F2\", \"part12\": \"C2\"}"}, {"feature_key": "highest_pitch_each_part", "feature_value": "{\"part1\": \"F5\", \"part2\": \"C5\", \"part3\": \"B-5\", \"part4\": \"A5\", \"part5\": \"D6\", \"part6\": \"F5\", \"part7\": \"D5\", \"part8\": \"G5\", \"part9\": \"B-4\", \"part10\": \"F4\", \"part11\": \"B-3\", \"part12\": \"D4\"}"}, {"feature_key": "average_melodic_interval", "feature_value": "2.6489419424850786"}, {"feature_key": "direction_of_motion", "feature_value": "0.4618556701030928"}, {"feature_key": "most_common_note_quarter_length", "feature_value": "0.5"}, {"feature_key": "range_note_quarter_length", "feature_value": "2.75"}, {"feature_key": "initial_time_signature", "feature_value": "[3, 4]"}, {"feature_key": "composer", "feature_value": "https://dbpedia.org/resource/Johann_Sebastian_Bach"}], "sources": [], "files": [{"name": "score.xml", "url": "http://localhost:8000/media/corpora/all/composers/bach/chorals/bwv248.42-4/score.xml"}, {"name": "mei.xml", "url": "http://localhost:8000/media/corpora/all/composers/bach/chorals/bwv248.42-4/mei.xml"}, {"name": "summary.json", "url": "http://localhost:8000/media/corpora/all/composers/bach/chorals/bwv248.42-4/summary.json"}]}