{"ref": "all:composers:bach:chorals:bwv20.11", "title": "O Ewigkeit, du Donnerwort", "composer": "", "features": [{"feature_key": "key_tonic_name", "feature_value": "F"}, {"feature_key": "key_mode", "feature_value": "major"}, {"feature_key": "num_of_parts", "feature_value": "4"}, {"feature_key": "num_of_measures", "feature_value": "72"}, {"feature_key": "instruments", "feature_value": "['Soprano', 'Alto', 'Tenor', 'Bass']"}, {"feature_key": "lowest_pitch_each_part", "feature_value": "{\"part1\": \"F4\", \"part2\": \"C4\", \"part3\": \"F3\", \"part4\": \"F2\"}"}, {"feature_key": "highest_pitch_each_part", "feature_value": "{\"part1\": \"F5\", \"part2\": \"C5\", \"part3\": \"F4\", \"part4\": \"C4\"}"}, {"feature_key": "average_melodic_interval", "feature_value": "2.2291666666666665"}, {"feature_key": "direction_of_motion", "feature_value": "0.5165289256198347"}, {"feature_key": "most_common_note_quarter_length", "feature_value": "1.0"}, {"feature_key": "range_note_quarter_length", "feature_value": "1.5"}, {"feature_key": "initial_time_signature", "feature_value": "[4, 4]"}, {"feature_key": "composer", "feature_value": "https://dbpedia.org/resource/Johann_Sebastian_Bach"}], "sources": [], "files": [{"name": "score.xml", "url": "http://localhost:8000/media/corpora/all/composers/bach/chorals/bwv20.11/score.xml"}, {"name": "mei.xml", "url": "http://localhost:8000/media/corpora/all/composers/bach/chorals/bwv20.11/mei.xml"}, {"name": "summary.json", "url": "http://localhost:8000/media/corpora/all/composers/bach/chorals/bwv20.11/summary.json"}]}