{"ref": "all:composers:bach:chorals:bwv250", "title": "Was Gott tut das ist wohlgetan", "composer": "", "features": [{"feature_key": "key_tonic_name", "feature_value": "G"}, {"feature_key": "key_mode", "feature_value": "major"}, {"feature_key": "num_of_parts", "feature_value": "6"}, {"feature_key": "num_of_measures", "feature_value": "96"}, {"feature_key": "instruments", "feature_value": "['Horn 1', 'Horn 2', 'Soprano', 'Alto', 'Tenor', 'Bass']"}, {"feature_key": "lowest_pitch_each_part", "feature_value": "{\"part1\": \"D4\", \"part2\": \"G3\", \"part3\": \"D4\", \"part4\": \"G3\", \"part5\": \"F#3\", \"part6\": \"G2\"}"}, {"feature_key": "highest_pitch_each_part", "feature_value": "{\"part1\": \"E5\", \"part2\": \"B4\", \"part3\": \"E5\", \"part4\": \"A4\", \"part5\": \"F#4\", \"part6\": \"B3\"}"}, {"feature_key": "average_melodic_interval", "feature_value": "2.5199004975124377"}, {"feature_key": "direction_of_motion", "feature_value": "0.46938775510204084"}, {"feature_key": "most_common_note_quarter_length", "feature_value": "1.0"}, {"feature_key": "range_note_quarter_length", "feature_value": "1.75"}, {"feature_key": "initial_time_signature", "feature_value": "[4, 4]"}, {"feature_key": "composer", "feature_value": "https://dbpedia.org/resource/Johann_Sebastian_Bach"}], "sources": [], "files": [{"name": "score.xml", "url": "http://localhost:8000/media/corpora/all/composers/bach/chorals/bwv250/score.xml"}, {"name": "mei.xml", "url": "http://localhost:8000/media/corpora/all/composers/bach/chorals/bwv250/mei.xml"}, {"name": "summary.json", "url": "http://localhost:8000/media/corpora/all/composers/bach/chorals/bwv250/summary.json"}]}