{"ref": "all:composers:bach:chorals:bwv248.23-2", "title": "score.xml", "composer": "", "features": [{"feature_key": "key_tonic_name", "feature_value": "G"}, {"feature_key": "key_mode", "feature_value": "major"}, {"feature_key": "num_of_parts", "feature_value": "8"}, {"feature_key": "num_of_measures", "feature_value": "128"}, {"feature_key": "instruments", "feature_value": "['Flutes', \"Oboe d'amore\", 'Oboe da caccia', 'Soprano', 'Alto', 'Tenor', 'Bass', 'Organ']"}, {"feature_key": "lowest_pitch_each_part", "feature_value": "{\"part1\": \"C#5\", \"part2\": \"C4\", \"part3\": \"G3\", \"part4\": \"G4\", \"part5\": \"D4\", \"part6\": \"G3\", \"part7\": \"G2\", \"part8\": \"D2\"}"}, {"feature_key": "highest_pitch_each_part", "feature_value": "{\"part1\": \"E6\", \"part2\": \"A5\", \"part3\": \"D5\", \"part4\": \"G5\", \"part5\": \"C5\", \"part6\": \"G4\", \"part7\": \"D4\", \"part8\": \"D4\"}"}, {"feature_key": "average_melodic_interval", "feature_value": "2.838709677419355"}, {"feature_key": "direction_of_motion", "feature_value": "0.45346062052505964"}, {"feature_key": "most_common_note_quarter_length", "feature_value": "0.5"}, {"feature_key": "range_note_quarter_length", "feature_value": "11.75"}, {"feature_key": "initial_time_signature", "feature_value": "[12, 8]"}, {"feature_key": "composer", "feature_value": "https://dbpedia.org/resource/Johann_Sebastian_Bach"}], "sources": [], "files": [{"name": "score.xml", "url": "http://localhost:8000/media/corpora/all/composers/bach/chorals/bwv248.23-2/score.xml"}, {"name": "mei.xml", "url": "http://localhost:8000/media/corpora/all/composers/bach/chorals/bwv248.23-2/mei.xml"}, {"name": "summary.json", "url": "http://localhost:8000/media/corpora/all/composers/bach/chorals/bwv248.23-2/summary.json"}]}