{"ref": "bwv244.10", "title": "O Welt, ich mu\u00df dich lassen", "composer": "", "features": [{"feature_key": "key_tonic_name", "feature_value": "A-"}, {"feature_key": "key_mode", "feature_value": "major"}, {"feature_key": "num_of_parts", "feature_value": "4"}, {"feature_key": "num_of_measures", "feature_value": "56"}, {"feature_key": "instruments", "feature_value": "['Soprano', 'Alto', 'Tenor', 'Bass']"}, {"feature_key": "lowest_pitch_each_part", "feature_value": "{\"part1\": \"E-4\", \"part2\": \"B-3\", \"part3\": \"E-3\", \"part4\": \"A-2\"}"}, {"feature_key": "highest_pitch_each_part", "feature_value": "{\"part1\": \"E-5\", \"part2\": \"C5\", \"part3\": \"F4\", \"part4\": \"D-4\"}"}, {"feature_key": "average_melodic_interval", "feature_value": "2.0184331797235022"}, {"feature_key": "direction_of_motion", "feature_value": "0.5052631578947369"}, {"feature_key": "most_common_note_quarter_length", "feature_value": "1.0"}, {"feature_key": "range_note_quarter_length", "feature_value": "2.75"}, {"feature_key": "initial_time_signature", "feature_value": "[4, 4]"}, {"feature_key": "composer", "feature_value": "https://dbpedia.org/resource/Johann_Sebastian_Bach"}], "sources": [], "files": [{"name": "score.xml", "url": "http://localhost:8000/media/corpora/all/composers/bach/chorals/bwv244.10/score.xml"}, {"name": "mei.xml", "url": "http://localhost:8000/media/corpora/all/composers/bach/chorals/bwv244.10/mei.xml"}, {"name": "summary.json", "url": "http://localhost:8000/media/corpora/all/composers/bach/chorals/bwv244.10/summary.json"}]}