{"ref": "bwv251", "title": "Es ist das Heil uns kommen Her", "composer": "", "features": [{"feature_key": "key_tonic_name", "feature_value": "G"}, {"feature_key": "key_mode", "feature_value": "major"}, {"feature_key": "num_of_parts", "feature_value": "6"}, {"feature_key": "num_of_measures", "feature_value": "94"}, {"feature_key": "instruments", "feature_value": "['Soprano', 'Alto', 'Tenor', 'Bass']"}, {"feature_key": "lowest_pitch_each_part", "feature_value": "{\"part1\": \"G4\", \"part2\": \"G3\", \"part3\": \"E4\", \"part4\": \"B3\", \"part5\": \"G3\", \"part6\": \"G2\"}"}, {"feature_key": "highest_pitch_each_part", "feature_value": "{\"part1\": \"G5\", \"part2\": \"E5\", \"part3\": \"G5\", \"part4\": \"D5\", \"part5\": \"A4\", \"part6\": \"D4\"}"}, {"feature_key": "average_melodic_interval", "feature_value": "2.425389755011136"}, {"feature_key": "direction_of_motion", "feature_value": "0.5061425061425061"}, {"feature_key": "most_common_note_quarter_length", "feature_value": "0.5"}, {"feature_key": "range_note_quarter_length", "feature_value": "1.375"}, {"feature_key": "initial_time_signature", "feature_value": "[4, 4]"}, {"feature_key": "composer", "feature_value": "https://dbpedia.org/resource/Johann_Sebastian_Bach"}], "sources": [], "files": [{"name": "score.xml", "url": "http://localhost:8000/media/corpora/all/composers/bach/chorals/bwv251/score.xml"}, {"name": "mei.xml", "url": "http://localhost:8000/media/corpora/all/composers/bach/chorals/bwv251/mei.xml"}, {"name": "summary.json", "url": "http://localhost:8000/media/corpora/all/composers/bach/chorals/bwv251/summary.json"}]}