{"ref": "all:composers:bach:chorals:bwv244.29-a", "title": "score.xml", "composer": "", "features": [{"feature_key": "key_tonic_name", "feature_value": "E"}, {"feature_key": "key_mode", "feature_value": "major"}, {"feature_key": "num_of_parts", "feature_value": "4"}, {"feature_key": "num_of_measures", "feature_value": "56"}, {"feature_key": "instruments", "feature_value": "['Soprano', 'Alto', 'Tenor', 'Bass']"}, {"feature_key": "lowest_pitch_each_part", "feature_value": "{\"part1\": \"E4\", \"part2\": \"B3\", \"part3\": \"F#3\", \"part4\": \"B2\"}"}, {"feature_key": "highest_pitch_each_part", "feature_value": "{\"part1\": \"F#5\", \"part2\": \"C#5\", \"part3\": \"A4\", \"part4\": \"E4\"}"}, {"feature_key": "average_melodic_interval", "feature_value": "2.1992337164750957"}, {"feature_key": "direction_of_motion", "feature_value": "0.47058823529411764"}, {"feature_key": "most_common_note_quarter_length", "feature_value": "0.5"}, {"feature_key": "range_note_quarter_length", "feature_value": "1.75"}, {"feature_key": "initial_time_signature", "feature_value": "[4, 4]"}, {"feature_key": "composer", "feature_value": "https://dbpedia.org/resource/Johann_Sebastian_Bach"}], "sources": [], "files": [{"name": "score.xml", "url": "http://localhost:8000/media/corpora/all/composers/bach/chorals/bwv244.29-a/score.xml"}, {"name": "mei.xml", "url": "http://localhost:8000/media/corpora/all/composers/bach/chorals/bwv244.29-a/mei.xml"}, {"name": "summary.json", "url": "http://localhost:8000/media/corpora/all/composers/bach/chorals/bwv244.29-a/summary.json"}]}