{"ref": "all:composers:bach:chorals:bwv29.8", "title": "Nun lob, mein Seel, den Herren", "composer": "", "features": [{"feature_key": "key_tonic_name", "feature_value": "D"}, {"feature_key": "key_mode", "feature_value": "major"}, {"feature_key": "num_of_parts", "feature_value": "8"}, {"feature_key": "num_of_measures", "feature_value": "368"}, {"feature_key": "instruments", "feature_value": "['Trumpet 1', 'Trumpet 2', 'Trumpet 3', 'Soprano', 'Alto', 'Tenor', 'Bass', 'Timpani']"}, {"feature_key": "lowest_pitch_each_part", "feature_value": "{\"part1\": \"D5\", \"part2\": \"D5\", \"part3\": \"D4\", \"part4\": \"A4\", \"part5\": \"C#4\", \"part6\": \"G3\", \"part7\": \"G2\", \"part8\": \"A2\"}"}, {"feature_key": "highest_pitch_each_part", "feature_value": "{\"part1\": \"B5\", \"part2\": \"A5\", \"part3\": \"A5\", \"part4\": \"A5\", \"part5\": \"C#5\", \"part6\": \"G4\", \"part7\": \"D4\", \"part8\": \"D3\"}"}, {"feature_key": "average_melodic_interval", "feature_value": "2.4085850556438793"}, {"feature_key": "direction_of_motion", "feature_value": "0.4376163873370577"}, {"feature_key": "most_common_note_quarter_length", "feature_value": "1.0"}, {"feature_key": "range_note_quarter_length", "feature_value": "3.5"}, {"feature_key": "initial_time_signature", "feature_value": "[3, 4]"}, {"feature_key": "composer", "feature_value": "https://dbpedia.org/resource/Johann_Sebastian_Bach"}], "sources": [], "files": [{"name": "score.xml", "url": "http://localhost:8000/media/corpora/all/composers/bach/chorals/bwv29.8/score.xml"}, {"name": "mei.xml", "url": "http://localhost:8000/media/corpora/all/composers/bach/chorals/bwv29.8/mei.xml"}, {"name": "summary.json", "url": "http://localhost:8000/media/corpora/all/composers/bach/chorals/bwv29.8/summary.json"}]}