<?xml version="1.0" encoding="UTF-8"?><!DOCTYPE score-partwise PUBLIC "-//Recordare//DTD MusicXML 1.1 Partwise//EN"                                "http://www.musicxml.org/dtds/partwise.dtd"><score-partwise version="1.1">  <identification>    <encoding>      <software>Finale 2008 for Macintosh</software>      <software>Dolet Light for Finale 2008</software>      <encoding-date>2008-12-28</encoding-date>    </encoding>  </identification>  <defaults>    <scaling>      <millimeters>6.7733</millimeters>      <tenths>40</tenths>    </scaling>    <page-layout>      <page-height>1650</page-height>      <page-width>1275</page-width>      <page-margins type="both">        <left-margin>75</left-margin>        <right-margin>75</right-margin>        <top-margin>75</top-margin>        <bottom-margin>75</bottom-margin>      </page-margins>    </page-layout>    <system-layout>      <system-margins>        <left-margin>0</left-margin>        <right-margin>0</right-margin>      </system-margins>      <system-distance>137</system-distance>      <top-system-distance>93</top-system-distance>    </system-layout>    <staff-layout>      <staff-distance>60</staff-distance>    </staff-layout>    <music-font font-family="Maestro" font-size="19.2"/>    <word-font font-family="Times" font-size="8"/>  </defaults>  <credit>    <credit-words default-x="672" default-y="1530" font-family="Garamond 3 SC" font-size="11.2" justify="center" valign="top">BWV 281</credit-words>  </credit>  <credit>    <credit-words default-x="935" default-y="1531" font-family="Helvetica" valign="top">PDF © 2003 Margaret Greentree
www.jsbchorales.net</credit-words>  </credit>  <part-list>    <part-group number="1" type="start">      <group-symbol default-x="-12">bracket</group-symbol>      <group-barline>yes</group-barline>    </part-group>    <score-part id="P1">      <part-name>Soprano</part-name>      <part-abbreviation>S.</part-abbreviation>      <score-instrument id="P1-I1">        <instrument-name>Instrument 1</instrument-name>      </score-instrument>      <midi-instrument id="P1-I1">        <midi-channel>1</midi-channel>        <midi-program>1</midi-program>      </midi-instrument>    </score-part>    <score-part id="P2">      <part-name>Alto</part-name>      <part-abbreviation>A.</part-abbreviation>      <score-instrument id="P2-I2">        <instrument-name>Instrument 2</instrument-name>      </score-instrument>      <midi-instrument id="P2-I2">        <midi-channel>2</midi-channel>        <midi-program>1</midi-program>      </midi-instrument>    </score-part>    <score-part id="P3">      <part-name>Tenor</part-name>      <part-abbreviation>T.</part-abbreviation>      <score-instrument id="P3-I3">        <instrument-name>Instrument 3</instrument-name>      </score-instrument>      <midi-instrument id="P3-I3">        <midi-channel>3</midi-channel>        <midi-program>1</midi-program>      </midi-instrument>    </score-part>    <score-part id="P4">      <part-name>Bass</part-name>      <part-abbreviation>B.</part-abbreviation>      <score-instrument id="P4-I4">        <instrument-name>Instrument 4</instrument-name>      </score-instrument>      <midi-instrument id="P4-I4">        <midi-channel>4</midi-channel>        <midi-program>1</midi-program>      </midi-instrument>    </score-part>    <part-group number="1" type="stop"/>  </part-list>  <!--=========================================================-->  <part id="P1">    <measure implicit="yes" number="0" width="249">      <print>        <system-layout>          <system-margins>            <left-margin>135</left-margin>            <right-margin>21</right-margin>          </system-margins>          <top-system-distance>153</top-system-distance>        </system-layout>      </print>      <attributes>        <divisions>1</divisions>        <key>          <fifths>-1</fifths>          <mode>major</mode>        </key>        <time symbol="common">          <beats>4</beats>          <beat-type>4</beat-type>        </time>        <clef>          <sign>G</sign>          <line>2</line>        </clef>      </attributes>      <sound tempo="90"/>      <note default-x="190">        <pitch>          <step>F</step>          <octave>4</octave>        </pitch>        <duration>1</duration>        <voice>1</voice>        <type>quarter</type>        <stem default-y="0.5">up</stem>      </note>    </measure>    <!--=======================================================-->    <measure number="1" width="343">      <note default-x="19">        <pitch>          <step>A</step>          <octave>4</octave>        </pitch>        <duration>1</duration>        <voice>1</voice>        <type>quarter</type>        <stem default-y="10">up</stem>      </note>      <note default-x="104">        <pitch>          <step>G</step>          <octave>4</octave>        </pitch>        <duration>1</duration>        <voice>1</voice>        <type>quarter</type>        <stem default-y="6">up</stem>      </note>      <note default-x="183">        <pitch>          <step>A</step>          <octave>4</octave>        </pitch>        <duration>1</duration>        <voice>1</voice>        <type>quarter</type>        <stem default-y="10">up</stem>      </note>      <note default-x="266">        <pitch>          <step>B</step>          <alter>-1</alter>          <octave>4</octave>        </pitch>        <duration>1</duration>        <voice>1</voice>        <type>quarter</type>        <stem default-y="-55">down</stem>      </note>    </measure>    <!--=======================================================-->    <measure number="2" width="377">      <note default-x="10">        <pitch>          <step>C</step>          <octave>5</octave>        </pitch>        <duration>2</duration>        <voice>1</voice>        <type>half</type>        <stem default-y="-50">down</stem>      </note>      <note default-x="213">        <pitch>          <step>A</step>          <octave>4</octave>        </pitch>        <duration>1</duration>        <voice>1</voice>        <type>quarter</type>        <stem default-y="10">up</stem>        <notations>          <fermata default-y="20" type="upright"/>        </notations>      </note>      <note default-x="294">        <pitch>          <step>D</step>          <octave>5</octave>        </pitch>        <duration>1</duration>        <voice>1</voice>        <type>quarter</type>        <stem default-y="-45.5">down</stem>      </note>    </measure>    <!--=======================================================-->    <measure number="3" width="365">      <print new-system="yes">        <system-layout>          <system-margins>            <left-margin>135</left-margin>            <right-margin>21</right-margin>          </system-margins>          <system-distance>153</system-distance>        </system-layout>      </print>      <note default-x="77">        <pitch>          <step>C</step>          <octave>5</octave>        </pitch>        <duration>1</duration>        <voice>1</voice>        <type>quarter</type>        <stem default-y="-50.5">down</stem>      </note>      <note default-x="139">        <pitch>          <step>B</step>          <alter>-1</alter>          <octave>4</octave>        </pitch>        <duration>1</duration>        <voice>1</voice>        <type>quarter</type>        <stem default-y="-55">down</stem>      </note>      <note default-x="217">        <pitch>          <step>A</step>          <octave>4</octave>        </pitch>        <duration>1</duration>        <voice>1</voice>        <type>quarter</type>        <stem default-y="10.5">up</stem>      </note>      <note default-x="295">        <pitch>          <step>G</step>          <octave>4</octave>        </pitch>        <duration>1</duration>        <voice>1</voice>        <type>quarter</type>        <stem default-y="5">up</stem>      </note>    </measure>    <!--=======================================================-->    <measure number="4" width="244">      <note default-x="10">        <pitch>          <step>A</step>          <octave>4</octave>        </pitch>        <duration>2</duration>        <voice>1</voice>        <type>half</type>        <stem default-y="10.5">up</stem>        <notations>          <fermata default-y="20" type="upright"/>        </notations>      </note>      <note default-x="115">        <rest/>        <duration>1</duration>        <voice>1</voice>        <type>quarter</type>      </note>      <note default-x="179">        <pitch>          <step>C</step>          <octave>5</octave>        </pitch>        <duration>1</duration>        <voice>1</voice>        <type>quarter</type>        <stem default-y="-50.5">down</stem>      </note>    </measure>    <!--=======================================================-->    <measure number="5" width="360">      <note default-x="21">        <pitch>          <step>D</step>          <octave>5</octave>        </pitch>        <duration>1</duration>        <voice>1</voice>        <type>quarter</type>        <stem default-y="-45">down</stem>      </note>      <note default-x="103">        <pitch>          <step>E</step>          <octave>5</octave>        </pitch>        <duration>1</duration>        <voice>1</voice>        <type>quarter</type>        <stem default-y="-40">down</stem>      </note>      <note default-x="195">        <pitch>          <step>F</step>          <octave>5</octave>        </pitch>        <duration>1</duration>        <voice>1</voice>        <type>quarter</type>        <stem default-y="-35">down</stem>      </note>      <note default-x="277">        <pitch>          <step>E</step>          <octave>5</octave>        </pitch>        <duration>1</duration>        <voice>1</voice>        <type>quarter</type>        <stem default-y="-40">down</stem>      </note>    </measure>    <!--=======================================================-->    <measure number="6" width="354">      <print new-system="yes">        <system-layout>          <system-margins>            <left-margin>135</left-margin>            <right-margin>21</right-margin>          </system-margins>          <system-distance>153</system-distance>        </system-layout>      </print>      <note default-x="74">        <pitch>          <step>D</step>          <octave>5</octave>        </pitch>        <duration>2</duration>        <voice>1</voice>        <type>half</type>        <stem default-y="-45">down</stem>      </note>      <note default-x="221">        <pitch>          <step>C</step>          <octave>5</octave>        </pitch>        <duration>1</duration>        <voice>1</voice>        <type>quarter</type>        <stem default-y="-50">down</stem>        <notations>          <fermata default-y="17" type="upright"/>        </notations>      </note>      <note default-x="287">        <pitch>          <step>A</step>          <octave>4</octave>        </pitch>        <duration>1</duration>        <voice>1</voice>        <type>quarter</type>        <stem default-y="10">up</stem>      </note>    </measure>    <!--=======================================================-->    <measure number="7" width="332">      <note default-x="22">        <pitch>          <step>B</step>          <alter>-1</alter>          <octave>4</octave>        </pitch>        <duration>1</duration>        <voice>1</voice>        <type>quarter</type>        <stem default-y="-55.5">down</stem>      </note>      <note default-x="108">        <pitch>          <step>A</step>          <octave>4</octave>        </pitch>        <duration>1</duration>        <voice>1</voice>        <type>quarter</type>        <stem default-y="10">up</stem>      </note>      <note default-x="178">        <pitch>          <step>G</step>          <octave>4</octave>        </pitch>        <duration>1</duration>        <voice>1</voice>        <type>quarter</type>        <stem default-y="5.5">up</stem>      </note>      <note default-x="248">        <pitch>          <step>G</step>          <octave>4</octave>        </pitch>        <duration>1</duration>        <voice>1</voice>        <type>quarter</type>        <stem default-y="5.5">up</stem>      </note>    </measure>    <!--=======================================================-->    <measure number="8" width="283">      <note default-x="80">        <pitch>          <step>F</step>          <octave>4</octave>        </pitch>        <duration>3</duration>        <voice>1</voice>        <type>half</type>        <dot/>        <stem default-y="0">up</stem>        <notations>          <fermata default-y="17" type="upright"/>        </notations>      </note>      <barline location="right">        <bar-style>light-heavy</bar-style>      </barline>    </measure>  </part>  <!--=========================================================-->  <part id="P2">    <measure implicit="yes" number="0" width="249">      <attributes>        <divisions>4</divisions>        <key>          <fifths>-1</fifths>          <mode>major</mode>        </key>        <time symbol="common">          <beats>4</beats>          <beat-type>4</beat-type>        </time>        <clef>          <sign>G</sign>          <line>2</line>        </clef>      </attributes>      <sound tempo="90"/>      <note default-x="190">        <pitch>          <step>C</step>          <octave>4</octave>        </pitch>        <duration>4</duration>        <voice>1</voice>        <type>quarter</type>        <stem default-y="-15">up</stem>      </note>    </measure>    <!--=======================================================-->    <measure number="1" width="343">      <note default-x="19">        <pitch>          <step>F</step>          <octave>4</octave>        </pitch>        <duration>4</duration>        <voice>1</voice>        <type>quarter</type>        <stem default-y="0.5">up</stem>      </note>      <note default-x="104">        <pitch>          <step>G</step>          <octave>4</octave>        </pitch>        <duration>4</duration>        <voice>1</voice>        <type>quarter</type>        <stem default-y="6">up</stem>      </note>      <note default-x="183">        <pitch>          <step>F</step>          <octave>4</octave>        </pitch>        <duration>4</duration>        <voice>1</voice>        <type>quarter</type>        <stem default-y="0.5">up</stem>      </note>      <note default-x="266">        <pitch>          <step>F</step>          <octave>4</octave>        </pitch>        <duration>4</duration>        <voice>1</voice>        <type>quarter</type>        <stem default-y="0.5">up</stem>      </note>    </measure>    <!--=======================================================-->    <measure number="2" width="377">      <note default-x="10">        <pitch>          <step>E</step>          <octave>4</octave>        </pitch>        <duration>2</duration>        <voice>1</voice>        <type>eighth</type>        <stem default-y="-5">up</stem>        <beam number="1">begin</beam>      </note>      <note default-x="61">        <pitch>          <step>F</step>          <octave>4</octave>        </pitch>        <duration>2</duration>        <voice>1</voice>        <type>eighth</type>        <stem default-y="0">up</stem>        <beam number="1">end</beam>      </note>      <note default-x="111">        <pitch>          <step>G</step>          <octave>4</octave>        </pitch>        <duration>2</duration>        <voice>1</voice>        <type>eighth</type>        <stem default-y="5">up</stem>        <beam number="1">begin</beam>      </note>      <note default-x="162">        <pitch>          <step>E</step>          <octave>4</octave>        </pitch>        <duration>2</duration>        <voice>1</voice>        <type>eighth</type>        <stem default-y="-5">up</stem>        <beam number="1">end</beam>      </note>      <note default-x="213">        <pitch>          <step>F</step>          <octave>4</octave>        </pitch>        <duration>4</duration>        <voice>1</voice>        <type>quarter</type>        <stem default-y="0.5">up</stem>      </note>      <note default-x="294">        <pitch>          <step>F</step>          <octave>4</octave>        </pitch>        <duration>4</duration>        <voice>1</voice>        <type>quarter</type>        <stem default-y="0.5">up</stem>      </note>    </measure>    <!--=======================================================-->    <measure number="3" width="365">      <print new-system="yes"/>      <note default-x="77">        <pitch>          <step>F</step>          <octave>4</octave>        </pitch>        <duration>6</duration>        <voice>1</voice>        <type>quarter</type>        <dot/>        <stem default-y="1">up</stem>      </note>      <note default-x="179">        <pitch>          <step>E</step>          <octave>4</octave>        </pitch>        <duration>2</duration>        <voice>1</voice>        <type>eighth</type>        <stem default-y="-4.5">up</stem>      </note>      <note default-x="217">        <pitch>          <step>F</step>          <octave>4</octave>        </pitch>        <duration>6</duration>        <voice>1</voice>        <type>quarter</type>        <dot/>        <stem default-y="1">up</stem>      </note>      <note default-x="326">        <pitch>          <step>E</step>          <octave>4</octave>        </pitch>        <duration>2</duration>        <voice>1</voice>        <type>eighth</type>        <stem default-y="-4.5">up</stem>      </note>    </measure>    <!--=======================================================-->    <measure number="4" width="244">      <note default-x="10">        <pitch>          <step>F</step>          <octave>4</octave>        </pitch>        <duration>8</duration>        <voice>1</voice>        <type>half</type>        <stem default-y="1">up</stem>      </note>      <note default-x="115">        <rest/>        <duration>4</duration>        <voice>1</voice>        <type>quarter</type>      </note>      <note default-x="179">        <pitch>          <step>A</step>          <octave>4</octave>        </pitch>        <duration>4</duration>        <tie type="start"/>        <voice>1</voice>        <type>quarter</type>        <stem default-y="10.5">up</stem>        <notations>          <tied type="start"/>        </notations>      </note>    </measure>    <!--=======================================================-->    <measure number="5" width="360">      <note default-x="21">        <pitch>          <step>A</step>          <octave>4</octave>        </pitch>        <duration>2</duration>        <tie type="stop"/>        <voice>1</voice>        <type>eighth</type>        <stem default-y="10">up</stem>        <beam number="1">begin</beam>        <notations>          <tied type="stop"/>        </notations>      </note>      <note default-x="62">        <pitch>          <step>G</step>          <octave>4</octave>        </pitch>        <duration>2</duration>        <tie type="start"/>        <voice>1</voice>        <type>eighth</type>        <stem default-y="5">up</stem>        <beam number="1">end</beam>        <notations>          <tied type="start"/>        </notations>      </note>      <note default-x="103">        <pitch>          <step>G</step>          <octave>4</octave>        </pitch>        <duration>2</duration>        <tie type="stop"/>        <voice>1</voice>        <type>eighth</type>        <stem default-y="14">up</stem>        <beam number="1">begin</beam>        <notations>          <tied type="stop"/>        </notations>      </note>      <note default-x="144">        <pitch>          <step>C</step>          <octave>5</octave>        </pitch>        <duration>1</duration>        <voice>1</voice>        <type>16th</type>        <stem default-y="20">up</stem>        <beam number="1">continue</beam>        <beam number="2">begin</beam>      </note>      <note default-x="170">        <pitch>          <step>B</step>          <alter>-1</alter>          <octave>4</octave>        </pitch>        <duration>1</duration>        <voice>1</voice>        <type>16th</type>        <stem default-y="24">up</stem>        <beam number="1">end</beam>        <beam number="2">end</beam>      </note>      <note default-x="195">        <pitch>          <step>A</step>          <octave>4</octave>        </pitch>        <duration>4</duration>        <voice>1</voice>        <type>quarter</type>        <stem default-y="10.5">up</stem>      </note>      <note default-x="277">        <pitch>          <step>A</step>          <octave>4</octave>        </pitch>        <duration>4</duration>        <voice>1</voice>        <type>quarter</type>        <stem default-y="10.5">up</stem>      </note>    </measure>    <!--=======================================================-->    <measure number="6" width="354">      <print new-system="yes"/>      <note default-x="74">        <pitch>          <step>A</step>          <octave>4</octave>        </pitch>        <duration>4</duration>        <voice>1</voice>        <type>quarter</type>        <stem default-y="10">up</stem>      </note>      <note default-x="156">        <pitch>          <step>G</step>          <octave>4</octave>        </pitch>        <duration>4</duration>        <voice>1</voice>        <type>quarter</type>        <stem default-y="5.5">up</stem>      </note>      <note default-x="221">        <pitch>          <step>G</step>          <octave>4</octave>        </pitch>        <duration>4</duration>        <voice>1</voice>        <type>quarter</type>        <stem default-y="5.5">up</stem>      </note>      <note default-x="287">        <pitch>          <step>F</step>          <octave>4</octave>        </pitch>        <duration>4</duration>        <tie type="start"/>        <voice>1</voice>        <type>quarter</type>        <stem default-y="0">up</stem>        <notations>          <tied type="start"/>        </notations>      </note>    </measure>    <!--=======================================================-->    <measure number="7" width="332">      <note default-x="22">        <pitch>          <step>F</step>          <octave>4</octave>        </pitch>        <duration>2</duration>        <tie type="stop"/>        <voice>1</voice>        <type>eighth</type>        <stem default-y="0">up</stem>        <beam number="1">begin</beam>        <notations>          <tied type="stop"/>        </notations>      </note>      <note default-x="65">        <pitch>          <step>E</step>          <octave>4</octave>        </pitch>        <duration>2</duration>        <voice>1</voice>        <type>eighth</type>        <stem default-y="-5">up</stem>        <beam number="1">end</beam>      </note>      <note default-x="108">        <pitch>          <step>F</step>          <octave>4</octave>        </pitch>        <duration>4</duration>        <voice>1</voice>        <type>quarter</type>        <stem default-y="0">up</stem>      </note>      <note default-x="178">        <pitch>          <step>F</step>          <octave>4</octave>        </pitch>        <duration>4</duration>        <voice>1</voice>        <type>quarter</type>        <stem default-y="0">up</stem>      </note>      <note default-x="248">        <pitch>          <step>E</step>          <octave>4</octave>        </pitch>        <duration>4</duration>        <voice>1</voice>        <type>quarter</type>        <stem default-y="-4">up</stem>      </note>    </measure>    <!--=======================================================-->    <measure number="8" width="283">      <note default-x="80">        <pitch>          <step>C</step>          <octave>4</octave>        </pitch>        <duration>12</duration>        <voice>1</voice>        <type>half</type>        <dot/>        <stem default-y="-15">up</stem>      </note>      <barline location="right">        <bar-style>light-heavy</bar-style>      </barline>    </measure>  </part>  <!--=========================================================-->  <part id="P3">    <measure implicit="yes" number="0" width="249">      <attributes>        <divisions>4</divisions>        <key>          <fifths>-1</fifths>          <mode>major</mode>        </key>        <time symbol="common">          <beats>4</beats>          <beat-type>4</beat-type>        </time>        <clef>          <sign>F</sign>          <line>4</line>        </clef>      </attributes>      <sound tempo="90"/>      <note default-x="190">        <pitch>          <step>A</step>          <octave>3</octave>        </pitch>        <duration>4</duration>        <voice>1</voice>        <type>quarter</type>        <stem default-y="-35">down</stem>      </note>    </measure>    <!--=======================================================-->    <measure number="1" width="343">      <note default-x="19">        <pitch>          <step>C</step>          <octave>4</octave>        </pitch>        <duration>4</duration>        <voice>1</voice>        <type>quarter</type>        <stem default-y="-25">down</stem>      </note>      <note default-x="104">        <pitch>          <step>C</step>          <octave>4</octave>        </pitch>        <duration>4</duration>        <voice>1</voice>        <type>quarter</type>        <stem default-y="-25">down</stem>      </note>      <note default-x="183">        <pitch>          <step>C</step>          <octave>4</octave>        </pitch>        <duration>4</duration>        <voice>1</voice>        <type>quarter</type>        <stem default-y="-25">down</stem>      </note>      <note default-x="266">        <pitch>          <step>D</step>          <octave>4</octave>        </pitch>        <duration>4</duration>        <voice>1</voice>        <type>quarter</type>        <stem default-y="-20.5">down</stem>      </note>    </measure>    <!--=======================================================-->    <measure number="2" width="377">      <note default-x="10">        <pitch>          <step>G</step>          <octave>3</octave>        </pitch>        <duration>4</duration>        <voice>1</voice>        <type>quarter</type>        <stem default-y="-40">down</stem>      </note>      <note default-x="111">        <pitch>          <step>C</step>          <octave>4</octave>        </pitch>        <duration>4</duration>        <voice>1</voice>        <type>quarter</type>        <stem default-y="-25">down</stem>      </note>      <note default-x="213">        <pitch>          <step>C</step>          <octave>4</octave>        </pitch>        <duration>4</duration>        <voice>1</voice>        <type>quarter</type>        <stem default-y="-25">down</stem>      </note>      <note default-x="294">        <pitch>          <step>B</step>          <alter>-1</alter>          <octave>3</octave>        </pitch>        <duration>4</duration>        <voice>1</voice>        <type>quarter</type>        <stem default-y="-30">down</stem>      </note>    </measure>    <!--=======================================================-->    <measure number="3" width="365">      <print new-system="yes"/>      <note default-x="77">        <pitch>          <step>C</step>          <octave>4</octave>        </pitch>        <duration>4</duration>        <voice>1</voice>        <type>quarter</type>        <stem default-y="-25.5">down</stem>      </note>      <note default-x="139">        <pitch>          <step>D</step>          <octave>4</octave>        </pitch>        <duration>2</duration>        <voice>1</voice>        <type>eighth</type>        <stem default-y="-20">down</stem>        <beam number="1">begin</beam>      </note>      <note default-x="179">        <pitch>          <step>B</step>          <alter>-1</alter>          <octave>3</octave>        </pitch>        <duration>2</duration>        <voice>1</voice>        <type>eighth</type>        <stem default-y="-30">down</stem>        <beam number="1">end</beam>      </note>      <note default-x="217">        <pitch>          <step>C</step>          <octave>4</octave>        </pitch>        <duration>4</duration>        <voice>1</voice>        <type>quarter</type>        <stem default-y="-25.5">down</stem>      </note>      <note default-x="295">        <pitch>          <step>C</step>          <octave>4</octave>        </pitch>        <duration>4</duration>        <voice>1</voice>        <type>quarter</type>        <stem default-y="-25.5">down</stem>      </note>    </measure>    <!--=======================================================-->    <measure number="4" width="244">      <note default-x="10">        <pitch>          <step>C</step>          <octave>4</octave>        </pitch>        <duration>8</duration>        <voice>1</voice>        <type>half</type>        <stem default-y="-25.5">down</stem>      </note>      <note default-x="115">        <rest/>        <duration>4</duration>        <voice>1</voice>        <type>quarter</type>      </note>      <note default-x="179">        <pitch>          <step>F</step>          <octave>4</octave>        </pitch>        <duration>4</duration>        <voice>1</voice>        <type>quarter</type>        <stem default-y="-20">down</stem>      </note>    </measure>    <!--=======================================================-->    <measure number="5" width="360">      <note default-x="21">        <pitch>          <step>F</step>          <octave>4</octave>        </pitch>        <duration>4</duration>        <voice>1</voice>        <type>quarter</type>        <stem default-y="-20">down</stem>      </note>      <note default-x="103">        <pitch>          <step>E</step>          <octave>4</octave>        </pitch>        <duration>4</duration>        <tie type="start"/>        <voice>1</voice>        <type>quarter</type>        <stem default-y="-20">down</stem>        <notations>          <tied type="start"/>        </notations>      </note>      <note default-x="195">        <pitch>          <step>E</step>          <octave>4</octave>        </pitch>        <duration>2</duration>        <tie type="stop"/>        <voice>1</voice>        <type>eighth</type>        <stem default-y="-15">down</stem>        <beam number="1">begin</beam>        <notations>          <tied type="stop"/>        </notations>      </note>      <note default-x="236">        <pitch>          <step>D</step>          <octave>4</octave>        </pitch>        <duration>2</duration>        <voice>1</voice>        <type>eighth</type>        <stem default-y="-20">down</stem>        <beam number="1">end</beam>      </note>      <note default-x="277">        <pitch>          <step>C</step>          <octave>4</octave>        </pitch>        <duration>4</duration>        <tie type="start"/>        <voice>1</voice>        <type>quarter</type>        <stem default-y="-25.5">down</stem>        <notations>          <tied type="start"/>        </notations>      </note>    </measure>    <!--=======================================================-->    <measure number="6" width="354">      <print new-system="yes"/>      <note default-x="74">        <pitch>          <step>C</step>          <octave>4</octave>        </pitch>        <duration>4</duration>        <tie type="stop"/>        <voice>1</voice>        <type>quarter</type>        <stem default-y="-25">down</stem>        <notations>          <tied type="stop"/>        </notations>      </note>      <note default-x="156">        <pitch>          <step>B</step>          <octave>3</octave>        </pitch>        <duration>4</duration>        <voice>1</voice>        <type>quarter</type>        <accidental>natural</accidental>        <stem default-y="-30.5">down</stem>      </note>      <note default-x="221">        <pitch>          <step>E</step>          <octave>4</octave>        </pitch>        <duration>4</duration>        <voice>1</voice>        <type>quarter</type>        <stem default-y="-20">down</stem>      </note>      <note default-x="287">        <pitch>          <step>C</step>          <octave>4</octave>        </pitch>        <duration>4</duration>        <voice>1</voice>        <type>quarter</type>        <stem default-y="-25">down</stem>      </note>    </measure>    <!--=======================================================-->    <measure number="7" width="332">      <note default-x="22">        <pitch>          <step>B</step>          <alter>-1</alter>          <octave>3</octave>        </pitch>        <duration>4</duration>        <voice>1</voice>        <type>quarter</type>        <accidental>flat</accidental>        <stem default-y="-30.5">down</stem>      </note>      <note default-x="108">        <pitch>          <step>C</step>          <octave>4</octave>        </pitch>        <duration>4</duration>        <voice>1</voice>        <type>quarter</type>        <stem default-y="-25">down</stem>      </note>      <note default-x="178">        <pitch>          <step>D</step>          <octave>4</octave>        </pitch>        <duration>4</duration>        <voice>1</voice>        <type>quarter</type>        <stem default-y="-20">down</stem>      </note>      <note default-x="248">        <pitch>          <step>C</step>          <octave>4</octave>        </pitch>        <duration>3</duration>        <voice>1</voice>        <type>eighth</type>        <dot/>        <stem default-y="-25">down</stem>        <beam number="1">begin</beam>      </note>      <note default-x="305">        <pitch>          <step>B</step>          <alter>-1</alter>          <octave>3</octave>        </pitch>        <duration>1</duration>        <voice>1</voice>        <type>16th</type>        <stem default-y="-30">down</stem>        <beam number="1">end</beam>        <beam number="2">backward hook</beam>      </note>    </measure>    <!--=======================================================-->    <measure number="8" width="283">      <note default-x="80">        <pitch>          <step>A</step>          <octave>3</octave>        </pitch>        <duration>12</duration>        <voice>1</voice>        <type>half</type>        <dot/>        <stem default-y="-35">down</stem>      </note>      <barline location="right">        <bar-style>light-heavy</bar-style>      </barline>    </measure>  </part>  <!--=========================================================-->  <part id="P4">    <measure implicit="yes" number="0" width="249">      <attributes>        <divisions>2</divisions>        <key>          <fifths>-1</fifths>          <mode>major</mode>        </key>        <time symbol="common">          <beats>4</beats>          <beat-type>4</beat-type>        </time>        <clef>          <sign>F</sign>          <line>4</line>        </clef>      </attributes>      <sound tempo="90"/>      <note default-x="190">        <pitch>          <step>F</step>          <octave>2</octave>        </pitch>        <duration>2</duration>        <voice>1</voice>        <type>quarter</type>        <stem default-y="-9.5">up</stem>      </note>    </measure>    <!--=======================================================-->    <measure number="1" width="343">      <note default-x="19">        <pitch>          <step>F</step>          <octave>3</octave>        </pitch>        <duration>2</duration>        <voice>1</voice>        <type>quarter</type>        <stem default-y="-45.5">down</stem>      </note>      <note default-x="104">        <pitch>          <step>E</step>          <octave>3</octave>        </pitch>        <duration>2</duration>        <voice>1</voice>        <type>quarter</type>        <stem default-y="-50">down</stem>      </note>      <note default-x="183">        <pitch>          <step>E</step>          <alter>-1</alter>          <octave>3</octave>        </pitch>        <duration>2</duration>        <voice>1</voice>        <type>quarter</type>        <accidental>flat</accidental>        <stem default-y="-50">down</stem>      </note>      <note default-x="266">        <pitch>          <step>D</step>          <octave>3</octave>        </pitch>        <duration>2</duration>        <voice>1</voice>        <type>quarter</type>        <stem default-y="-55">down</stem>      </note>    </measure>    <!--=======================================================-->    <measure number="2" width="377">      <note default-x="10">        <pitch>          <step>C</step>          <octave>3</octave>        </pitch>        <duration>1</duration>        <voice>1</voice>        <type>eighth</type>        <stem default-y="10">up</stem>        <beam number="1">begin</beam>      </note>      <note default-x="61">        <pitch>          <step>D</step>          <octave>3</octave>        </pitch>        <duration>1</duration>        <voice>1</voice>        <type>eighth</type>        <stem default-y="15">up</stem>        <beam number="1">end</beam>      </note>      <note default-x="111">        <pitch>          <step>E</step>          <octave>3</octave>        </pitch>        <duration>1</duration>        <voice>1</voice>        <type>eighth</type>        <stem default-y="-50">down</stem>        <beam number="1">begin</beam>      </note>      <note default-x="162">        <pitch>          <step>C</step>          <octave>3</octave>        </pitch>        <duration>1</duration>        <voice>1</voice>        <type>eighth</type>        <stem default-y="-60">down</stem>        <beam number="1">end</beam>      </note>      <note default-x="213">        <pitch>          <step>F</step>          <octave>3</octave>        </pitch>        <duration>2</duration>        <voice>1</voice>        <type>quarter</type>        <stem default-y="-45.5">down</stem>      </note>      <note default-x="294">        <pitch>          <step>B</step>          <alter>-1</alter>          <octave>2</octave>        </pitch>        <duration>2</duration>        <voice>1</voice>        <type>quarter</type>        <stem default-y="6">up</stem>      </note>    </measure>    <!--=======================================================-->    <measure number="3" width="365">      <print new-system="yes"/>      <note default-x="77">        <pitch>          <step>A</step>          <octave>2</octave>        </pitch>        <duration>2</duration>        <voice>1</voice>        <type>quarter</type>        <stem default-y="1">up</stem>      </note>      <note default-x="139">        <pitch>          <step>G</step>          <octave>2</octave>        </pitch>        <duration>2</duration>        <voice>1</voice>        <type>quarter</type>        <stem default-y="-4.5">up</stem>      </note>      <note default-x="217">        <pitch>          <step>F</step>          <octave>2</octave>        </pitch>        <duration>1</duration>        <voice>1</voice>        <type>eighth</type>        <stem default-y="-10">up</stem>        <beam number="1">begin</beam>      </note>      <note default-x="256">        <pitch>          <step>A</step>          <octave>2</octave>        </pitch>        <duration>1</duration>        <voice>1</voice>        <type>eighth</type>        <stem default-y="0">up</stem>        <beam number="1">end</beam>      </note>      <note default-x="295">        <pitch>          <step>C</step>          <octave>3</octave>        </pitch>        <duration>2</duration>        <voice>1</voice>        <type>quarter</type>        <stem default-y="10.5">up</stem>      </note>    </measure>    <!--=======================================================-->    <measure number="4" width="244">      <note default-x="10">        <pitch>          <step>F</step>          <octave>2</octave>        </pitch>        <duration>4</duration>        <voice>1</voice>        <type>half</type>        <stem default-y="-10">up</stem>      </note>      <note default-x="115">        <rest/>        <duration>2</duration>        <voice>1</voice>        <type>quarter</type>      </note>      <note default-x="179">        <pitch>          <step>A</step>          <octave>3</octave>        </pitch>        <duration>2</duration>        <voice>1</voice>        <type>quarter</type>        <stem default-y="-35">down</stem>      </note>    </measure>    <!--=======================================================-->    <measure number="5" width="360">      <note default-x="21">        <pitch>          <step>B</step>          <octave>2</octave>        </pitch>        <duration>2</duration>        <voice>1</voice>        <type>quarter</type>        <accidental>natural</accidental>        <stem default-y="5">up</stem>      </note>      <note default-x="103">        <pitch>          <step>C</step>          <octave>3</octave>        </pitch>        <duration>2</duration>        <voice>1</voice>        <type>quarter</type>        <stem default-y="10.5">up</stem>      </note>      <note default-x="195">        <pitch>          <step>D</step>          <octave>3</octave>        </pitch>        <duration>1</duration>        <voice>1</voice>        <type>eighth</type>        <stem default-y="-55">down</stem>        <beam number="1">begin</beam>      </note>      <note default-x="236">        <pitch>          <step>F</step>          <octave>3</octave>        </pitch>        <duration>1</duration>        <voice>1</voice>        <type>eighth</type>        <stem default-y="-45">down</stem>        <beam number="1">end</beam>      </note>      <note default-x="277">        <pitch>          <step>A</step>          <octave>3</octave>        </pitch>        <duration>1</duration>        <voice>1</voice>        <type>eighth</type>        <stem default-y="-35">down</stem>        <beam number="1">begin</beam>      </note>      <note default-x="318">        <pitch>          <step>G</step>          <octave>3</octave>        </pitch>        <duration>1</duration>        <voice>1</voice>        <type>eighth</type>        <stem default-y="-40">down</stem>        <beam number="1">end</beam>      </note>    </measure>    <!--=======================================================-->    <measure number="6" width="354">      <print new-system="yes"/>      <note default-x="74">        <pitch>          <step>F</step>          <octave>3</octave>        </pitch>        <duration>1</duration>        <voice>1</voice>        <type>eighth</type>        <stem default-y="-45">down</stem>        <beam number="1">begin</beam>      </note>      <note default-x="115">        <pitch>          <step>D</step>          <octave>3</octave>        </pitch>        <duration>1</duration>        <voice>1</voice>        <type>eighth</type>        <stem default-y="-55">down</stem>        <beam number="1">end</beam>      </note>      <note default-x="156">        <pitch>          <step>G</step>          <octave>3</octave>        </pitch>        <duration>2</duration>        <voice>1</voice>        <type>quarter</type>        <stem default-y="-40">down</stem>      </note>      <note default-x="221">        <pitch>          <step>C</step>          <octave>3</octave>        </pitch>        <duration>2</duration>        <voice>1</voice>        <type>quarter</type>        <stem default-y="10">up</stem>      </note>      <note default-x="287">        <pitch>          <step>F</step>          <octave>2</octave>        </pitch>        <duration>2</duration>        <voice>1</voice>        <type>quarter</type>        <stem default-y="-9.5">up</stem>      </note>    </measure>    <!--=======================================================-->    <measure number="7" width="332">      <note default-x="22">        <pitch>          <step>G</step>          <octave>2</octave>        </pitch>        <duration>2</duration>        <voice>1</voice>        <type>quarter</type>        <stem default-y="-4">up</stem>      </note>      <note default-x="108">        <pitch>          <step>A</step>          <octave>2</octave>        </pitch>        <duration>2</duration>        <voice>1</voice>        <type>quarter</type>        <stem default-y="0">up</stem>      </note>      <note default-x="178">        <pitch>          <step>B</step>          <alter>-1</alter>          <octave>2</octave>        </pitch>        <duration>2</duration>        <voice>1</voice>        <type>quarter</type>        <stem default-y="5.5">up</stem>      </note>      <note default-x="248">        <pitch>          <step>C</step>          <octave>3</octave>        </pitch>        <duration>2</duration>        <voice>1</voice>        <type>quarter</type>        <stem default-y="10">up</stem>      </note>    </measure>    <!--=======================================================-->    <measure number="8" width="283">      <note default-x="80">        <pitch>          <step>F</step>          <octave>2</octave>        </pitch>        <duration>6</duration>        <voice>1</voice>        <type>half</type>        <dot/>        <stem default-y="-9.5">up</stem>      </note>      <barline location="right">        <bar-style>light-heavy</bar-style>      </barline>    </measure>  </part>  <!--=========================================================--></score-partwise>