{"ref": "bwv244.37", "title": "O Welt, ich mu\u00df dich lassen", "composer": "", "lyricist": "", "corpus": "all:composers:bach:chorals", "meta_fields": [], "sources": [], "files": {"score.xml": {"url": "http://localhost:8000/media/corpora/all/composers/bach/chorals/bwv244.37/score.xml"}, "mei.xml": {"url": "http://localhost:8000/media/corpora/all/composers/bach/chorals/bwv244.37/mei.xml"}, "summary.json": {"url": "http://localhost:8000/media/corpora/all/composers/bach/chorals/bwv244.37/summary.json"}}}