{"ref": "bwv248.64-6", "title": "score.xml", "composer": "", "features": [{"feature_key": "key_tonic_name", "feature_value": "D"}, {"feature_key": "key_mode", "feature_value": "major"}, {"feature_key": "num_of_parts", "feature_value": "14"}, {"feature_key": "num_of_measures", "feature_value": "979"}, {"feature_key": "instruments", "feature_value": "['Trumpet 1', 'Trumpet 2', 'Trumpet 3', 'Timpani', 'Oboe 1', 'Oboe 2', 'Violin 1', 'Violin 2', 'Viola', 'Soprano', 'Alto', 'Tenor', 'Bass']"}, {"feature_key": "lowest_pitch_each_part", "feature_value": "{\"part1\": \"D4\", \"part2\": \"F#4\", \"part3\": \"D4\", \"part4\": \"A2\", \"part5\": \"E4\", \"part6\": \"D4\", \"part7\": \"A3\", \"part8\": \"A3\", \"part9\": \"D3\", \"part10\": \"E4\", \"part11\": \"B3\", \"part12\": \"E3\", \"part13\": \"A2\", \"part14\": \"C2\"}"}, {"feature_key": "highest_pitch_each_part", "feature_value": "{\"part1\": \"D6\", \"part2\": \"C#6\", \"part3\": \"G5\", \"part4\": \"D3\", \"part5\": \"D6\", \"part6\": \"D6\", \"part7\": \"D6\", \"part8\": \"B5\", \"part9\": \"D5\", \"part10\": \"E5\", \"part11\": \"B4\", \"part12\": \"G4\", \"part13\": \"B3\", \"part14\": \"D4\"}"}, {"feature_key": "average_melodic_interval", "feature_value": "3.0934508816120907"}, {"feature_key": "direction_of_motion", "feature_value": "0.4498063747393506"}, {"feature_key": "most_common_note_quarter_length", "feature_value": "0.5"}, {"feature_key": "range_note_quarter_length", "feature_value": "6.875"}, {"feature_key": "initial_time_signature", "feature_value": "[4, 4]"}, {"feature_key": "composer", "feature_value": "https://dbpedia.org/resource/Johann_Sebastian_Bach"}], "sources": [], "files": [{"name": "score.xml", "url": "http://localhost:8000/media/corpora/all/composers/bach/chorals/bwv248.64-6/score.xml"}, {"name": "mei.xml", "url": "http://localhost:8000/media/corpora/all/composers/bach/chorals/bwv248.64-6/mei.xml"}, {"name": "summary.json", "url": "http://localhost:8000/media/corpora/all/composers/bach/chorals/bwv248.64-6/summary.json"}]}