{"ref": "all:composers:bach:chorals:bwv248.9-1", "title": "score.xml", "composer": "", "features": [{"feature_key": "key_tonic_name", "feature_value": "D"}, {"feature_key": "key_mode", "feature_value": "major"}, {"feature_key": "num_of_parts", "feature_value": "8"}, {"feature_key": "num_of_measures", "feature_value": "135"}, {"feature_key": "instruments", "feature_value": "['Trumpet 1,2', 'Trumpet 3', 'Timpani', 'Soprano', 'Alto', 'Tenor', 'Bass']"}, {"feature_key": "lowest_pitch_each_part", "feature_value": "{\"part1\": \"D4\", \"part2\": \"D4\", \"part3\": \"A2\", \"part4\": \"D4\", \"part5\": \"A3\", \"part6\": \"D3\", \"part7\": \"A2\", \"part8\": \"D2\"}"}, {"feature_key": "highest_pitch_each_part", "feature_value": "{\"part1\": \"D6\", \"part2\": \"A5\", \"part3\": \"D3\", \"part4\": \"D5\", \"part5\": \"A4\", \"part6\": \"F#4\", \"part7\": \"B3\", \"part8\": \"D4\"}"}, {"feature_key": "average_melodic_interval", "feature_value": "3.1025641025641026"}, {"feature_key": "direction_of_motion", "feature_value": "0.44722222222222224"}, {"feature_key": "most_common_note_quarter_length", "feature_value": "0.5"}, {"feature_key": "range_note_quarter_length", "feature_value": "1.25"}, {"feature_key": "initial_time_signature", "feature_value": "[4, 4]"}, {"feature_key": "composer", "feature_value": "https://dbpedia.org/resource/Johann_Sebastian_Bach"}], "sources": [], "files": [{"name": "score.xml", "url": "http://localhost:8000/media/corpora/all/composers/bach/chorals/bwv248.9-1/score.xml"}, {"name": "mei.xml", "url": "http://localhost:8000/media/corpora/all/composers/bach/chorals/bwv248.9-1/mei.xml"}, {"name": "summary.json", "url": "http://localhost:8000/media/corpora/all/composers/bach/chorals/bwv248.9-1/summary.json"}]}