{"ref": "bwv26.6", "title": "Ach wie nichtig, ach wie fl\u00fcchtig", "composer": "", "lyricist": "", "corpus": "all:composers:bach:chorals", "meta_fields": [], "sources": [], "files": {"score.xml": {"url": "http://localhost:8000/media/corpora/all/composers/bach/chorals/bwv26.6/score.xml"}, "mei.xml": {"url": "http://localhost:8000/media/corpora/all/composers/bach/chorals/bwv26.6/mei.xml"}, "summary.json": {"url": "http://localhost:8000/media/corpora/all/composers/bach/chorals/bwv26.6/summary.json"}}}