{"ref": "bwv27.6", "title": "Welt, ade! ich bin dein m\u00fcde", "composer": "", "features": [{"feature_key": "key_tonic_name", "feature_value": "B-"}, {"feature_key": "key_mode", "feature_value": "major"}, {"feature_key": "num_of_parts", "feature_value": "5"}, {"feature_key": "num_of_measures", "feature_value": "115"}, {"feature_key": "instruments", "feature_value": "['Soprano 1', 'Soprano 2', 'Alto', 'Tenor', 'Bass']"}, {"feature_key": "lowest_pitch_each_part", "feature_value": "{\"part1\": \"G4\", \"part2\": \"F4\", \"part3\": \"B-3\", \"part4\": \"D3\", \"part5\": \"F2\"}"}, {"feature_key": "highest_pitch_each_part", "feature_value": "{\"part1\": \"F5\", \"part2\": \"D5\", \"part3\": \"G4\", \"part4\": \"F4\", \"part5\": \"B-3\"}"}, {"feature_key": "average_melodic_interval", "feature_value": "1.9166666666666667"}, {"feature_key": "direction_of_motion", "feature_value": "0.4869109947643979"}, {"feature_key": "most_common_note_quarter_length", "feature_value": "1.0"}, {"feature_key": "range_note_quarter_length", "feature_value": "11.5"}, {"feature_key": "initial_time_signature", "feature_value": "[4, 4]"}, {"feature_key": "composer", "feature_value": "https://dbpedia.org/resource/Johann_Sebastian_Bach"}], "sources": [], "files": [{"name": "score.xml", "url": "http://localhost:8000/media/corpora/all/composers/bach/chorals/bwv27.6/score.xml"}, {"name": "mei.xml", "url": "http://localhost:8000/media/corpora/all/composers/bach/chorals/bwv27.6/mei.xml"}, {"name": "summary.json", "url": "http://localhost:8000/media/corpora/all/composers/bach/chorals/bwv27.6/summary.json"}]}