{"ref": "bwv31.9", "title": "Wenn mein St\u00fcndlein vorhanden ist 1", "composer": "", "features": [{"feature_key": "key_tonic_name", "feature_value": "C"}, {"feature_key": "key_mode", "feature_value": "major"}, {"feature_key": "num_of_parts", "feature_value": "5"}, {"feature_key": "num_of_measures", "feature_value": "85"}, {"feature_key": "instruments", "feature_value": "['Violin', 'Soprano', 'Alto', 'Tenor', 'Bass']"}, {"feature_key": "lowest_pitch_each_part", "feature_value": "{\"part1\": \"C5\", \"part2\": \"G4\", \"part3\": \"A3\", \"part4\": \"C3\", \"part5\": \"F2\"}"}, {"feature_key": "highest_pitch_each_part", "feature_value": "{\"part1\": \"E6\", \"part2\": \"G5\", \"part3\": \"B-4\", \"part4\": \"G4\", \"part5\": \"C4\"}"}, {"feature_key": "average_melodic_interval", "feature_value": "2.6045845272206303"}, {"feature_key": "direction_of_motion", "feature_value": "0.49050632911392406"}, {"feature_key": "most_common_note_quarter_length", "feature_value": "1.0"}, {"feature_key": "range_note_quarter_length", "feature_value": "4.75"}, {"feature_key": "initial_time_signature", "feature_value": "[4, 4]"}, {"feature_key": "composer", "feature_value": "https://dbpedia.org/resource/Johann_Sebastian_Bach"}], "sources": [], "files": [{"name": "score.xml", "url": "http://localhost:8000/media/corpora/all/composers/bach/chorals/bwv31.9/score.xml"}, {"name": "mei.xml", "url": "http://localhost:8000/media/corpora/all/composers/bach/chorals/bwv31.9/mei.xml"}, {"name": "summary.json", "url": "http://localhost:8000/media/corpora/all/composers/bach/chorals/bwv31.9/summary.json"}]}