{"ref": "bwv345", "title": "Ich bin ja, Herr, in deiner Macht", "composer": "", "features": [{"feature_key": "key_tonic_name", "feature_value": "G"}, {"feature_key": "key_mode", "feature_value": "minor"}, {"feature_key": "num_of_parts", "feature_value": "4"}, {"feature_key": "num_of_measures", "feature_value": "72"}, {"feature_key": "instruments", "feature_value": "['Soprano', 'Alto', 'Tenor', 'Bass']"}, {"feature_key": "lowest_pitch_each_part", "feature_value": "{\"part1\": \"F#4\", \"part2\": \"D4\", \"part3\": \"G3\", \"part4\": \"G2\"}"}, {"feature_key": "highest_pitch_each_part", "feature_value": "{\"part1\": \"G5\", \"part2\": \"C5\", \"part3\": \"D4\", \"part4\": \"C4\"}"}, {"feature_key": "average_melodic_interval", "feature_value": "2.24375"}, {"feature_key": "direction_of_motion", "feature_value": "0.4620938628158845"}, {"feature_key": "most_common_note_quarter_length", "feature_value": "1.0"}, {"feature_key": "range_note_quarter_length", "feature_value": "1.75"}, {"feature_key": "initial_time_signature", "feature_value": "[4, 4]"}, {"feature_key": "composer", "feature_value": "https://dbpedia.org/resource/Johann_Sebastian_Bach"}], "sources": [], "files": [{"name": "score.xml", "url": "http://localhost:8000/media/corpora/all/composers/bach/chorals/bwv345/score.xml"}, {"name": "mei.xml", "url": "http://localhost:8000/media/corpora/all/composers/bach/chorals/bwv345/mei.xml"}, {"name": "summary.json", "url": "http://localhost:8000/media/corpora/all/composers/bach/chorals/bwv345/summary.json"}]}