{"ref": "all:composers:bach:chorals:bwv326", "title": "Ihr Knecht des Herren allzugleich", "composer": "", "features": [{"feature_key": "key_tonic_name", "feature_value": "B-"}, {"feature_key": "key_mode", "feature_value": "major"}, {"feature_key": "num_of_parts", "feature_value": "4"}, {"feature_key": "num_of_measures", "feature_value": "72"}, {"feature_key": "instruments", "feature_value": "['Soprano', 'Alto', 'Tenor', 'Bass']"}, {"feature_key": "lowest_pitch_each_part", "feature_value": "{\"part1\": \"F4\", \"part2\": \"D4\", \"part3\": \"F3\", \"part4\": \"D2\"}"}, {"feature_key": "highest_pitch_each_part", "feature_value": "{\"part1\": \"F5\", \"part2\": \"B-4\", \"part3\": \"E-4\", \"part4\": \"C4\"}"}, {"feature_key": "average_melodic_interval", "feature_value": "2.118918918918919"}, {"feature_key": "direction_of_motion", "feature_value": "0.4585987261146497"}, {"feature_key": "most_common_note_quarter_length", "feature_value": "0.5"}, {"feature_key": "range_note_quarter_length", "feature_value": "1.5"}, {"feature_key": "initial_time_signature", "feature_value": "[3, 4]"}, {"feature_key": "composer", "feature_value": "https://dbpedia.org/resource/Johann_Sebastian_Bach"}], "sources": [], "files": [{"name": "score.xml", "url": "http://localhost:8000/media/corpora/all/composers/bach/chorals/bwv326/score.xml"}, {"name": "mei.xml", "url": "http://localhost:8000/media/corpora/all/composers/bach/chorals/bwv326/mei.xml"}, {"name": "summary.json", "url": "http://localhost:8000/media/corpora/all/composers/bach/chorals/bwv326/summary.json"}]}