{"ref": "bwv322", "title": "Gott sei gelobet und gebenedeiet", "composer": "", "features": [{"feature_key": "key_tonic_name", "feature_value": "G"}, {"feature_key": "key_mode", "feature_value": "major"}, {"feature_key": "num_of_parts", "feature_value": "4"}, {"feature_key": "num_of_measures", "feature_value": "112"}, {"feature_key": "instruments", "feature_value": "['Soprano', 'Alto', 'Tenor', 'Bass']"}, {"feature_key": "lowest_pitch_each_part", "feature_value": "{\"part1\": \"C4\", \"part2\": \"G3\", \"part3\": \"C3\", \"part4\": \"C2\"}"}, {"feature_key": "highest_pitch_each_part", "feature_value": "{\"part1\": \"D5\", \"part2\": \"G4\", \"part3\": \"F4\", \"part4\": \"G3\"}"}, {"feature_key": "average_melodic_interval", "feature_value": "2.408256880733945"}, {"feature_key": "direction_of_motion", "feature_value": "0.44611528822055135"}, {"feature_key": "most_common_note_quarter_length", "feature_value": "1.0"}, {"feature_key": "range_note_quarter_length", "feature_value": "2.75"}, {"feature_key": "initial_time_signature", "feature_value": "[4, 4]"}, {"feature_key": "composer", "feature_value": "https://dbpedia.org/resource/Johann_Sebastian_Bach"}], "sources": [], "files": [{"name": "score.xml", "url": "http://localhost:8000/media/corpora/all/composers/bach/chorals/bwv322/score.xml"}, {"name": "mei.xml", "url": "http://localhost:8000/media/corpora/all/composers/bach/chorals/bwv322/mei.xml"}, {"name": "summary.json", "url": "http://localhost:8000/media/corpora/all/composers/bach/chorals/bwv322/summary.json"}]}