{"ref": "bwv344", "title": "Hilf, Herr Jesu, la\u00df gelingen 1", "composer": "", "lyricist": "", "corpus": "all:composers:bach:chorals", "meta_fields": [], "sources": [], "files": {"score.xml": {"url": "http://localhost:8000/media/corpora/all/composers/bach/chorals/bwv344/score.xml"}, "mei.xml": {"url": "http://localhost:8000/media/corpora/all/composers/bach/chorals/bwv344/mei.xml"}, "summary.json": {"url": "http://localhost:8000/media/corpora/all/composers/bach/chorals/bwv344/summary.json"}}}