<?xml version="1.0" encoding="UTF-8"?><!DOCTYPE score-partwise PUBLIC "-//Recordare//DTD MusicXML 1.1 Partwise//EN"                                "http://www.musicxml.org/dtds/partwise.dtd"><score-partwise version="1.1">  <identification>    <encoding>      <software>Finale 2008 for Macintosh</software>      <software>Dolet Light for Finale 2008</software>      <encoding-date>2009-05-17</encoding-date>    </encoding>  </identification>  <defaults>    <scaling>      <millimeters>6.7733</millimeters>      <tenths>40</tenths>    </scaling>    <page-layout>      <page-height>1650</page-height>      <page-width>1275</page-width>      <page-margins type="both">        <left-margin>75</left-margin>        <right-margin>75</right-margin>        <top-margin>75</top-margin>        <bottom-margin>75</bottom-margin>      </page-margins>    </page-layout>    <system-layout>      <system-margins>        <left-margin>96</left-margin>        <right-margin>0</right-margin>      </system-margins>      <system-distance>153</system-distance>      <top-system-distance>137</top-system-distance>    </system-layout>    <staff-layout>      <staff-distance>60</staff-distance>    </staff-layout>    <music-font font-family="Maestro" font-size="19.2"/>    <word-font font-family="Times" font-size="8"/>  </defaults>  <credit>    <credit-words default-x="635" default-y="1568" font-family="Garamond 3 SC" font-size="11.2" justify="center" valign="top">BWV 319</credit-words>  </credit>  <credit>    <credit-words default-x="945" default-y="1535" font-family="Helvetica" valign="top">PDF © 2004 Margaret Greentree
www.jsbchorales.net</credit-words>  </credit>  <part-list>    <part-group number="1" type="start">      <group-symbol default-x="-12">bracket</group-symbol>      <group-barline>yes</group-barline>    </part-group>    <score-part id="P1">      <part-name>Soprano</part-name>      <part-abbreviation>S.</part-abbreviation>      <score-instrument id="P1-I1">        <instrument-name>Instrument 1</instrument-name>      </score-instrument>      <midi-instrument id="P1-I1">        <midi-channel>1</midi-channel>        <midi-program>1</midi-program>      </midi-instrument>    </score-part>    <score-part id="P2">      <part-name>Alto</part-name>      <part-abbreviation>A.</part-abbreviation>      <score-instrument id="P2-I2">        <instrument-name>Instrument 2</instrument-name>      </score-instrument>      <midi-instrument id="P2-I2">        <midi-channel>2</midi-channel>        <midi-program>1</midi-program>      </midi-instrument>    </score-part>    <score-part id="P3">      <part-name>Tenor</part-name>      <part-abbreviation>T.</part-abbreviation>      <score-instrument id="P3-I3">        <instrument-name>Instrument 3</instrument-name>      </score-instrument>      <midi-instrument id="P3-I3">        <midi-channel>3</midi-channel>        <midi-program>1</midi-program>      </midi-instrument>    </score-part>    <score-part id="P4">      <part-name>Bass</part-name>      <part-abbreviation>B.</part-abbreviation>      <score-instrument id="P4-I4">        <instrument-name>Instrument 4</instrument-name>      </score-instrument>      <midi-instrument id="P4-I4">        <midi-channel>4</midi-channel>        <midi-program>1</midi-program>      </midi-instrument>    </score-part>    <part-group number="1" type="stop"/>  </part-list>  <!--=========================================================-->  <part id="P1">    <measure implicit="yes" number="0" width="160">      <attributes>        <divisions>2</divisions>        <key>          <fifths>1</fifths>          <mode>minor</mode>        </key>        <time symbol="common">          <beats>4</beats>          <beat-type>4</beat-type>        </time>        <clef>          <sign>G</sign>          <line>2</line>        </clef>      </attributes>      <sound tempo="82"/>      <note default-x="110">        <pitch>          <step>B</step>          <octave>4</octave>        </pitch>        <duration>2</duration>        <voice>1</voice>        <type>quarter</type>        <stem default-y="-55.5">down</stem>      </note>    </measure>    <!--=======================================================-->    <measure number="1" width="267">      <note default-x="23">        <pitch>          <step>B</step>          <octave>4</octave>        </pitch>        <duration>2</duration>        <voice>1</voice>        <type>quarter</type>        <stem default-y="-55.5">down</stem>      </note>      <note default-x="73">        <pitch>          <step>B</step>          <octave>4</octave>        </pitch>        <duration>1</duration>        <voice>1</voice>        <type>eighth</type>        <stem default-y="-55">down</stem>        <beam number="1">begin</beam>      </note>      <note default-x="104">        <pitch>          <step>C</step>          <octave>5</octave>        </pitch>        <duration>1</duration>        <voice>1</voice>        <type>eighth</type>        <stem default-y="-50">down</stem>        <beam number="1">end</beam>      </note>      <note default-x="134">        <pitch>          <step>D</step>          <octave>5</octave>        </pitch>        <duration>1</duration>        <voice>1</voice>        <type>eighth</type>        <stem default-y="-45">down</stem>        <beam number="1">begin</beam>      </note>      <note default-x="166">        <pitch>          <step>C</step>          <octave>5</octave>        </pitch>        <duration>1</duration>        <voice>1</voice>        <type>eighth</type>        <stem default-y="-50">down</stem>        <beam number="1">end</beam>      </note>      <note default-x="196">        <pitch>          <step>B</step>          <octave>4</octave>        </pitch>        <duration>2</duration>        <voice>1</voice>        <type>quarter</type>        <stem default-y="-55.5">down</stem>      </note>    </measure>    <!--=======================================================-->    <measure number="2" width="307">      <note default-x="13">        <pitch>          <step>A</step>          <octave>4</octave>        </pitch>        <duration>2</duration>        <voice>1</voice>        <type>quarter</type>        <stem default-y="10">up</stem>      </note>      <note default-x="96">        <pitch>          <step>B</step>          <octave>4</octave>        </pitch>        <duration>1</duration>        <voice>1</voice>        <type>eighth</type>        <stem default-y="15">up</stem>        <beam number="1">begin</beam>      </note>      <note default-x="134">        <pitch>          <step>A</step>          <octave>4</octave>        </pitch>        <duration>1</duration>        <voice>1</voice>        <type>eighth</type>        <stem default-y="10">up</stem>        <beam number="1">end</beam>      </note>      <note default-x="171">        <pitch>          <step>G</step>          <octave>4</octave>        </pitch>        <duration>2</duration>        <voice>1</voice>        <type>quarter</type>        <stem default-y="5.5">up</stem>        <notations>          <fermata default-y="12" type="upright"/>        </notations>      </note>      <note default-x="232">        <pitch>          <step>B</step>          <octave>4</octave>        </pitch>        <duration>2</duration>        <voice>1</voice>        <type>quarter</type>        <stem default-y="-55.5">down</stem>      </note>    </measure>    <!--=======================================================-->    <measure number="3" width="295">      <note default-x="23">        <pitch>          <step>B</step>          <octave>4</octave>        </pitch>        <duration>2</duration>        <voice>1</voice>        <type>quarter</type>        <stem default-y="-55.5">down</stem>      </note>      <note default-x="81">        <pitch>          <step>B</step>          <octave>4</octave>        </pitch>        <duration>1</duration>        <voice>1</voice>        <type>eighth</type>        <stem default-y="-55">down</stem>        <beam number="1">begin</beam>      </note>      <note default-x="116">        <pitch>          <step>C</step>          <octave>5</octave>        </pitch>        <duration>1</duration>        <voice>1</voice>        <type>eighth</type>        <stem default-y="-50">down</stem>        <beam number="1">end</beam>      </note>      <note default-x="152">        <pitch>          <step>D</step>          <octave>5</octave>        </pitch>        <duration>1</duration>        <voice>1</voice>        <type>eighth</type>        <stem default-y="-45">down</stem>        <beam number="1">begin</beam>      </note>      <note default-x="187">        <pitch>          <step>C</step>          <octave>5</octave>        </pitch>        <duration>1</duration>        <voice>1</voice>        <type>eighth</type>        <stem default-y="-50">down</stem>        <beam number="1">end</beam>      </note>      <note default-x="223">        <pitch>          <step>B</step>          <octave>4</octave>        </pitch>        <duration>2</duration>        <voice>1</voice>        <type>quarter</type>        <stem default-y="-55.5">down</stem>      </note>    </measure>    <!--=======================================================-->    <measure number="4" width="255">      <print new-system="yes"/>      <note default-x="89">        <pitch>          <step>A</step>          <octave>4</octave>        </pitch>        <duration>2</duration>        <voice>1</voice>        <type>quarter</type>        <stem default-y="10">up</stem>      </note>      <note default-x="130">        <pitch>          <step>B</step>          <octave>4</octave>        </pitch>        <duration>2</duration>        <voice>1</voice>        <type>quarter</type>        <stem default-y="-55">down</stem>      </note>      <note default-x="172">        <pitch>          <step>G</step>          <octave>4</octave>        </pitch>        <duration>2</duration>        <voice>1</voice>        <type>quarter</type>        <stem default-y="6">up</stem>        <notations>          <fermata default-y="12" type="upright"/>        </notations>      </note>      <note default-x="213">        <pitch>          <step>B</step>          <octave>4</octave>        </pitch>        <duration>2</duration>        <voice>1</voice>        <type>quarter</type>        <stem default-y="-55">down</stem>      </note>    </measure>    <!--=======================================================-->    <measure number="5" width="283">      <note default-x="12">        <pitch>          <step>C</step>          <octave>5</octave>        </pitch>        <duration>2</duration>        <voice>1</voice>        <type>quarter</type>        <stem default-y="-50">down</stem>      </note>      <note default-x="80">        <pitch>          <step>B</step>          <octave>4</octave>        </pitch>        <duration>2</duration>        <voice>1</voice>        <type>quarter</type>        <stem default-y="-55">down</stem>      </note>      <note default-x="148">        <pitch>          <step>A</step>          <octave>4</octave>        </pitch>        <duration>2</duration>        <voice>1</voice>        <type>quarter</type>        <stem default-y="10">up</stem>      </note>      <note default-x="215">        <pitch>          <step>G</step>          <octave>4</octave>        </pitch>        <duration>1</duration>        <voice>1</voice>        <type>eighth</type>        <stem default-y="5">up</stem>        <beam number="1">begin</beam>      </note>      <note default-x="249">        <pitch>          <step>A</step>          <octave>4</octave>        </pitch>        <duration>1</duration>        <voice>1</voice>        <type>eighth</type>        <stem default-y="10">up</stem>        <beam number="1">end</beam>      </note>    </measure>    <!--=======================================================-->    <measure number="6" width="255">      <note default-x="10">        <pitch>          <step>B</step>          <octave>4</octave>        </pitch>        <duration>2</duration>        <voice>1</voice>        <type>quarter</type>        <stem default-y="-55">down</stem>      </note>      <note default-x="101">        <pitch>          <step>F</step>          <alter>1</alter>          <octave>4</octave>        </pitch>        <duration>2</duration>        <voice>1</voice>        <type>quarter</type>        <stem default-y="0.5">up</stem>      </note>      <note default-x="160">        <pitch>          <step>E</step>          <octave>4</octave>        </pitch>        <duration>2</duration>        <voice>1</voice>        <type>quarter</type>        <stem default-y="-5">up</stem>        <notations>          <fermata default-y="8" type="upright"/>        </notations>      </note>      <note default-x="207">        <pitch>          <step>B</step>          <octave>4</octave>        </pitch>        <duration>2</duration>        <voice>1</voice>        <type>quarter</type>        <stem default-y="-55">down</stem>      </note>    </measure>    <!--=======================================================-->    <measure number="7" width="235">      <note default-x="13">        <pitch>          <step>C</step>          <octave>5</octave>        </pitch>        <duration>2</duration>        <voice>1</voice>        <type>quarter</type>        <stem default-y="-50">down</stem>      </note>      <note default-x="68">        <pitch>          <step>B</step>          <octave>4</octave>        </pitch>        <duration>2</duration>        <voice>1</voice>        <type>quarter</type>        <stem default-y="-55">down</stem>      </note>      <note default-x="124">        <pitch>          <step>A</step>          <octave>4</octave>        </pitch>        <duration>2</duration>        <voice>1</voice>        <type>quarter</type>        <stem default-y="10">up</stem>      </note>      <note default-x="179">        <pitch>          <step>G</step>          <octave>4</octave>        </pitch>        <duration>1</duration>        <voice>1</voice>        <type>eighth</type>        <stem default-y="5">up</stem>        <beam number="1">begin</beam>      </note>      <note default-x="206">        <pitch>          <step>A</step>          <octave>4</octave>        </pitch>        <duration>1</duration>        <voice>1</voice>        <type>eighth</type>        <stem default-y="10">up</stem>        <beam number="1">end</beam>      </note>    </measure>    <!--=======================================================-->    <measure number="8" width="308">      <print new-system="yes"/>      <note default-x="76">        <pitch>          <step>B</step>          <octave>4</octave>        </pitch>        <duration>2</duration>        <voice>1</voice>        <type>quarter</type>        <stem default-y="-55">down</stem>      </note>      <note default-x="141">        <pitch>          <step>F</step>          <alter>1</alter>          <octave>4</octave>        </pitch>        <duration>2</duration>        <voice>1</voice>        <type>quarter</type>        <stem default-y="0.5">up</stem>      </note>      <note default-x="201">        <pitch>          <step>E</step>          <octave>4</octave>        </pitch>        <duration>2</duration>        <voice>1</voice>        <type>quarter</type>        <stem default-y="-5">up</stem>        <notations>          <fermata default-y="9" type="upright"/>        </notations>      </note>      <note default-x="254">        <pitch>          <step>B</step>          <octave>4</octave>        </pitch>        <duration>2</duration>        <voice>1</voice>        <type>quarter</type>        <stem default-y="-55">down</stem>      </note>    </measure>    <!--=======================================================-->    <measure number="9" width="305">      <note default-x="23">        <pitch>          <step>B</step>          <octave>4</octave>        </pitch>        <duration>2</duration>        <voice>1</voice>        <type>quarter</type>        <stem default-y="-55">down</stem>      </note>      <note default-x="93">        <pitch>          <step>A</step>          <octave>4</octave>        </pitch>        <duration>2</duration>        <voice>1</voice>        <type>quarter</type>        <stem default-y="10.5">up</stem>      </note>      <note default-x="164">        <pitch>          <step>G</step>          <octave>4</octave>        </pitch>        <duration>1</duration>        <voice>1</voice>        <type>eighth</type>        <stem default-y="5">up</stem>        <beam number="1">begin</beam>      </note>      <note default-x="198">        <pitch>          <step>F</step>          <alter>1</alter>          <octave>4</octave>        </pitch>        <duration>1</duration>        <voice>1</voice>        <type>eighth</type>        <stem default-y="0">up</stem>        <beam number="1">end</beam>      </note>      <note default-x="234">        <pitch>          <step>E</step>          <octave>4</octave>        </pitch>        <duration>1</duration>        <voice>1</voice>        <type>eighth</type>        <stem default-y="-5">up</stem>        <beam number="1">begin</beam>      </note>      <note default-x="269">        <pitch>          <step>F</step>          <alter>1</alter>          <octave>4</octave>        </pitch>        <duration>1</duration>        <voice>1</voice>        <type>eighth</type>        <stem default-y="0">up</stem>        <beam number="1">end</beam>      </note>    </measure>    <!--=======================================================-->    <measure number="10" width="289">      <note default-x="10">        <pitch>          <step>G</step>          <octave>4</octave>        </pitch>        <duration>2</duration>        <voice>1</voice>        <type>quarter</type>        <stem default-y="5">up</stem>      </note>      <note default-x="80">        <pitch>          <step>G</step>          <octave>4</octave>        </pitch>        <duration>2</duration>        <voice>1</voice>        <type>quarter</type>        <stem default-y="5">up</stem>      </note>      <note default-x="149">        <pitch>          <step>A</step>          <octave>4</octave>        </pitch>        <duration>2</duration>        <voice>1</voice>        <type>quarter</type>        <stem default-y="10.5">up</stem>      </note>      <note default-x="218">        <pitch>          <step>A</step>          <octave>4</octave>        </pitch>        <duration>2</duration>        <voice>1</voice>        <type>quarter</type>        <stem default-y="10.5">up</stem>      </note>    </measure>    <!--=======================================================-->    <measure number="11" width="128">      <note default-x="35">        <pitch>          <step>B</step>          <octave>4</octave>        </pitch>        <duration>6</duration>        <voice>1</voice>        <type>half</type>        <dot/>        <stem default-y="-55">down</stem>        <notations>          <fermata default-y="16" type="upright"/>        </notations>      </note>      <forward>        <duration>2</duration>        <voice>1</voice>      </forward>      <barline location="right">        <bar-style>light-heavy</bar-style>      </barline>    </measure>  </part>  <!--=========================================================-->  <part id="P2">    <measure implicit="yes" number="0" width="160">      <attributes>        <divisions>4</divisions>        <key>          <fifths>1</fifths>          <mode>minor</mode>        </key>        <time symbol="common">          <beats>4</beats>          <beat-type>4</beat-type>        </time>        <clef>          <sign>G</sign>          <line>2</line>        </clef>      </attributes>      <sound tempo="82"/>      <note default-x="110">        <pitch>          <step>G</step>          <octave>4</octave>        </pitch>        <duration>4</duration>        <voice>1</voice>        <type>quarter</type>        <stem default-y="5.5">up</stem>      </note>    </measure>    <!--=======================================================-->    <measure number="1" width="267">      <note default-x="23">        <pitch>          <step>F</step>          <alter>1</alter>          <octave>4</octave>        </pitch>        <duration>4</duration>        <voice>1</voice>        <type>quarter</type>        <stem default-y="0">up</stem>      </note>      <note default-x="73">        <pitch>          <step>G</step>          <octave>4</octave>        </pitch>        <duration>4</duration>        <voice>1</voice>        <type>quarter</type>        <stem default-y="5.5">up</stem>      </note>      <note default-x="134">        <pitch>          <step>A</step>          <octave>4</octave>        </pitch>        <duration>6</duration>        <voice>1</voice>        <type>quarter</type>        <dot/>        <stem default-y="10">up</stem>      </note>      <note default-x="221">        <pitch>          <step>G</step>          <octave>4</octave>        </pitch>        <duration>2</duration>        <tie type="start"/>        <voice>1</voice>        <type>eighth</type>        <stem default-y="5.5">up</stem>        <notations>          <tied type="start"/>        </notations>      </note>    </measure>    <!--=======================================================-->    <measure number="2" width="307">      <note default-x="13">        <pitch>          <step>G</step>          <octave>4</octave>        </pitch>        <duration>2</duration>        <tie type="stop"/>        <voice>1</voice>        <type>eighth</type>        <stem default-y="5">up</stem>        <beam number="1">begin</beam>        <notations>          <tied type="stop"/>        </notations>      </note>      <note default-x="50">        <pitch>          <step>F</step>          <alter>1</alter>          <octave>4</octave>        </pitch>        <duration>1</duration>        <voice>1</voice>        <type>16th</type>        <stem default-y="-1">up</stem>        <beam number="1">continue</beam>        <beam number="2">begin</beam>      </note>      <note default-x="73">        <pitch>          <step>E</step>          <octave>4</octave>        </pitch>        <duration>1</duration>        <voice>1</voice>        <type>16th</type>        <stem default-y="-5">up</stem>        <beam number="1">end</beam>        <beam number="2">end</beam>      </note>      <note default-x="96">        <pitch>          <step>F</step>          <alter>1</alter>          <octave>4</octave>        </pitch>        <duration>4</duration>        <voice>1</voice>        <type>quarter</type>        <stem default-y="0">up</stem>      </note>      <note default-x="171">        <pitch>          <step>D</step>          <octave>4</octave>        </pitch>        <duration>4</duration>        <voice>1</voice>        <type>quarter</type>        <stem default-y="-9.5">up</stem>      </note>      <note default-x="232">        <pitch>          <step>G</step>          <octave>4</octave>        </pitch>        <duration>4</duration>        <voice>1</voice>        <type>quarter</type>        <stem default-y="5.5">up</stem>      </note>    </measure>    <!--=======================================================-->    <measure number="3" width="295">      <note default-x="23">        <pitch>          <step>A</step>          <octave>4</octave>        </pitch>        <duration>4</duration>        <voice>1</voice>        <type>quarter</type>        <stem default-y="10">up</stem>      </note>      <note default-x="81">        <pitch>          <step>G</step>          <octave>4</octave>        </pitch>        <duration>4</duration>        <voice>1</voice>        <type>quarter</type>        <stem default-y="5.5">up</stem>      </note>      <note default-x="152">        <pitch>          <step>F</step>          <alter>1</alter>          <octave>4</octave>        </pitch>        <duration>4</duration>        <voice>1</voice>        <type>quarter</type>        <stem default-y="0">up</stem>      </note>      <note default-x="223">        <pitch>          <step>G</step>          <octave>4</octave>        </pitch>        <duration>4</duration>        <tie type="start"/>        <voice>1</voice>        <type>quarter</type>        <stem default-y="5.5">up</stem>        <notations>          <tied type="start"/>        </notations>      </note>    </measure>    <!--=======================================================-->    <measure number="4" width="255">      <print new-system="yes"/>      <note default-x="89">        <pitch>          <step>G</step>          <octave>4</octave>        </pitch>        <duration>4</duration>        <tie type="stop"/>        <voice>1</voice>        <type>quarter</type>        <stem default-y="6">up</stem>        <notations>          <tied type="stop"/>        </notations>      </note>      <note default-x="130">        <pitch>          <step>F</step>          <alter>1</alter>          <octave>4</octave>        </pitch>        <duration>4</duration>        <voice>1</voice>        <type>quarter</type>        <stem default-y="0.5">up</stem>      </note>      <note default-x="172">        <pitch>          <step>E</step>          <octave>4</octave>        </pitch>        <duration>4</duration>        <voice>1</voice>        <type>quarter</type>        <stem default-y="-5">up</stem>      </note>      <note default-x="213">        <pitch>          <step>G</step>          <octave>4</octave>        </pitch>        <duration>4</duration>        <tie type="start"/>        <voice>1</voice>        <type>quarter</type>        <stem default-y="6">up</stem>        <notations>          <tied type="start"/>        </notations>      </note>    </measure>    <!--=======================================================-->    <measure number="5" width="283">      <note default-x="12">        <pitch>          <step>G</step>          <octave>4</octave>        </pitch>        <duration>2</duration>        <tie type="stop"/>        <voice>1</voice>        <type>eighth</type>        <stem default-y="5">up</stem>        <beam number="1">begin</beam>        <notations>          <tied type="stop"/>        </notations>      </note>      <note default-x="46">        <pitch>          <step>A</step>          <octave>4</octave>        </pitch>        <duration>2</duration>        <tie type="start"/>        <voice>1</voice>        <type>eighth</type>        <stem default-y="10">up</stem>        <beam number="1">end</beam>        <notations>          <tied type="start"/>        </notations>      </note>      <note default-x="80">        <pitch>          <step>A</step>          <octave>4</octave>        </pitch>        <duration>2</duration>        <tie type="stop"/>        <voice>1</voice>        <type>eighth</type>        <stem default-y="10">up</stem>        <beam number="1">begin</beam>        <notations>          <tied type="stop"/>        </notations>      </note>      <note default-x="114">        <pitch>          <step>G</step>          <octave>4</octave>        </pitch>        <duration>2</duration>        <tie type="start"/>        <voice>1</voice>        <type>eighth</type>        <stem default-y="5">up</stem>        <beam number="1">end</beam>        <notations>          <tied type="start"/>        </notations>      </note>      <note default-x="148">        <pitch>          <step>G</step>          <octave>4</octave>        </pitch>        <duration>2</duration>        <tie type="stop"/>        <voice>1</voice>        <type>eighth</type>        <stem default-y="5">up</stem>        <beam number="1">begin</beam>        <notations>          <tied type="stop"/>        </notations>      </note>      <note default-x="181">        <pitch>          <step>F</step>          <alter>1</alter>          <octave>4</octave>        </pitch>        <duration>2</duration>        <voice>1</voice>        <type>eighth</type>        <stem default-y="0">up</stem>        <beam number="1">end</beam>      </note>      <note default-x="215">        <pitch>          <step>E</step>          <octave>4</octave>        </pitch>        <duration>4</duration>        <tie type="start"/>        <voice>1</voice>        <type>quarter</type>        <stem default-y="-5">up</stem>        <notations>          <tied type="start"/>        </notations>      </note>    </measure>    <!--=======================================================-->    <measure number="6" width="255">      <note default-x="10">        <pitch>          <step>E</step>          <octave>4</octave>        </pitch>        <duration>2</duration>        <tie type="stop"/>        <voice>1</voice>        <type>eighth</type>        <stem default-y="-5">up</stem>        <beam number="1">begin</beam>        <notations>          <tied type="stop"/>        </notations>      </note>      <note default-x="46">        <pitch>          <step>D</step>          <alter>1</alter>          <octave>4</octave>        </pitch>        <duration>1</duration>        <voice>1</voice>        <type>16th</type>        <accidental>sharp</accidental>        <stem default-y="-10.5">up</stem>        <beam number="1">continue</beam>        <beam number="2">begin</beam>      </note>      <note default-x="77">        <pitch>          <step>C</step>          <alter>1</alter>          <octave>4</octave>        </pitch>        <duration>1</duration>        <voice>1</voice>        <type>16th</type>        <accidental>sharp</accidental>        <stem default-y="-15">up</stem>        <beam number="1">end</beam>        <beam number="2">end</beam>      </note>      <note default-x="101">        <pitch>          <step>D</step>          <alter>1</alter>          <octave>4</octave>        </pitch>        <duration>4</duration>        <voice>1</voice>        <type>quarter</type>        <stem default-y="-9.5">up</stem>      </note>      <note default-x="160">        <pitch>          <step>E</step>          <octave>4</octave>        </pitch>        <duration>4</duration>        <voice>1</voice>        <type>quarter</type>        <stem default-y="-5">up</stem>      </note>      <note default-x="207">        <pitch>          <step>G</step>          <alter>1</alter>          <octave>4</octave>        </pitch>        <duration>4</duration>        <voice>1</voice>        <type>quarter</type>        <accidental>sharp</accidental>        <stem default-y="6">up</stem>      </note>    </measure>    <!--=======================================================-->    <measure number="7" width="235">      <note default-x="13">        <pitch>          <step>A</step>          <octave>4</octave>        </pitch>        <duration>4</duration>        <voice>1</voice>        <type>quarter</type>        <stem default-y="10">up</stem>      </note>      <note default-x="68">        <pitch>          <step>D</step>          <octave>4</octave>        </pitch>        <duration>2</duration>        <voice>1</voice>        <type>eighth</type>        <stem default-y="-10">up</stem>        <beam number="1">begin</beam>      </note>      <note default-x="96">        <pitch>          <step>E</step>          <octave>4</octave>        </pitch>        <duration>2</duration>        <voice>1</voice>        <type>eighth</type>        <stem default-y="-5">up</stem>        <beam number="1">end</beam>      </note>      <note default-x="124">        <pitch>          <step>F</step>          <alter>1</alter>          <octave>4</octave>        </pitch>        <duration>4</duration>        <voice>1</voice>        <type>quarter</type>        <stem default-y="0.5">up</stem>      </note>      <note default-x="179">        <pitch>          <step>E</step>          <octave>4</octave>        </pitch>        <duration>4</duration>        <voice>1</voice>        <type>quarter</type>        <stem default-y="-5">up</stem>      </note>    </measure>    <!--=======================================================-->    <measure number="8" width="308">      <print new-system="yes"/>      <note default-x="76">        <pitch>          <step>E</step>          <octave>4</octave>        </pitch>        <duration>4</duration>        <voice>1</voice>        <type>quarter</type>        <stem default-y="-5">up</stem>      </note>      <note default-x="141">        <pitch>          <step>D</step>          <alter>1</alter>          <octave>4</octave>        </pitch>        <duration>4</duration>        <voice>1</voice>        <type>quarter</type>        <accidental>sharp</accidental>        <stem default-y="-9">up</stem>      </note>      <note default-x="201">        <pitch>          <step>E</step>          <octave>4</octave>        </pitch>        <duration>4</duration>        <voice>1</voice>        <type>quarter</type>        <stem default-y="-5">up</stem>      </note>      <note default-x="254">        <pitch>          <step>G</step>          <octave>4</octave>        </pitch>        <duration>4</duration>        <voice>1</voice>        <type>quarter</type>        <stem default-y="5">up</stem>      </note>    </measure>    <!--=======================================================-->    <measure number="9" width="305">      <note default-x="23">        <pitch>          <step>F</step>          <alter>1</alter>          <octave>4</octave>        </pitch>        <duration>2</duration>        <voice>1</voice>        <type>eighth</type>        <stem default-y="0">up</stem>        <beam number="1">begin</beam>      </note>      <note default-x="58">        <pitch>          <step>E</step>          <octave>4</octave>        </pitch>        <duration>2</duration>        <voice>1</voice>        <type>eighth</type>        <stem default-y="-5">up</stem>        <beam number="1">end</beam>      </note>      <note default-x="93">        <pitch>          <step>F</step>          <alter>1</alter>          <octave>4</octave>        </pitch>        <duration>2</duration>        <voice>1</voice>        <type>eighth</type>        <stem default-y="0">up</stem>        <beam number="1">begin</beam>      </note>      <note default-x="129">        <pitch>          <step>D</step>          <alter>1</alter>          <octave>4</octave>        </pitch>        <duration>2</duration>        <voice>1</voice>        <type>eighth</type>        <accidental>sharp</accidental>        <stem default-y="-10">up</stem>        <beam number="1">end</beam>      </note>      <note default-x="164">        <pitch>          <step>B</step>          <octave>3</octave>        </pitch>        <duration>8</duration>        <voice>1</voice>        <type>half</type>        <stem default-y="-20">up</stem>      </note>    </measure>    <!--=======================================================-->    <measure number="10" width="289">      <note default-x="10">        <pitch>          <step>E</step>          <octave>4</octave>        </pitch>        <duration>4</duration>        <voice>1</voice>        <type>quarter</type>        <stem default-y="-5">up</stem>      </note>      <note default-x="80">        <pitch>          <step>E</step>          <octave>4</octave>        </pitch>        <duration>4</duration>        <voice>1</voice>        <type>quarter</type>        <stem default-y="-5">up</stem>      </note>      <note default-x="149">        <pitch>          <step>E</step>          <octave>4</octave>        </pitch>        <duration>2</duration>        <voice>1</voice>        <type>eighth</type>        <stem default-y="-5">up</stem>        <beam number="1">begin</beam>      </note>      <note default-x="184">        <pitch>          <step>G</step>          <octave>4</octave>        </pitch>        <duration>2</duration>        <voice>1</voice>        <type>eighth</type>        <stem default-y="5">up</stem>        <beam number="1">end</beam>      </note>      <note default-x="218">        <pitch>          <step>F</step>          <alter>1</alter>          <octave>4</octave>        </pitch>        <duration>2</duration>        <voice>1</voice>        <type>eighth</type>        <stem default-y="0">up</stem>        <beam number="1">begin</beam>      </note>      <note default-x="253">        <pitch>          <step>E</step>          <octave>4</octave>        </pitch>        <duration>2</duration>        <voice>1</voice>        <type>eighth</type>        <stem default-y="-5">up</stem>        <beam number="1">end</beam>      </note>    </measure>    <!--=======================================================-->    <measure number="11" width="128">      <note default-x="35">        <pitch>          <step>F</step>          <alter>1</alter>          <octave>4</octave>        </pitch>        <duration>12</duration>        <voice>1</voice>        <type>half</type>        <dot/>        <stem default-y="0.5">up</stem>      </note>      <forward>        <duration>4</duration>        <voice>1</voice>      </forward>      <barline location="right">        <bar-style>light-heavy</bar-style>      </barline>    </measure>  </part>  <!--=========================================================-->  <part id="P3">    <measure implicit="yes" number="0" width="160">      <attributes>        <divisions>2</divisions>        <key>          <fifths>1</fifths>          <mode>minor</mode>        </key>        <time symbol="common">          <beats>4</beats>          <beat-type>4</beat-type>        </time>        <clef>          <sign>F</sign>          <line>4</line>        </clef>      </attributes>      <sound tempo="82"/>      <note default-x="110">        <pitch>          <step>E</step>          <octave>4</octave>        </pitch>        <duration>2</duration>        <voice>1</voice>        <type>quarter</type>        <stem default-y="-20">down</stem>      </note>    </measure>    <!--=======================================================-->    <measure number="1" width="267">      <note default-x="23">        <pitch>          <step>B</step>          <octave>3</octave>        </pitch>        <duration>2</duration>        <voice>1</voice>        <type>quarter</type>        <stem default-y="-30.5">down</stem>      </note>      <note default-x="73">        <pitch>          <step>E</step>          <octave>4</octave>        </pitch>        <duration>2</duration>        <voice>1</voice>        <type>quarter</type>        <stem default-y="-20">down</stem>      </note>      <note default-x="134">        <pitch>          <step>D</step>          <octave>4</octave>        </pitch>        <duration>2</duration>        <voice>1</voice>        <type>quarter</type>        <stem default-y="-20">down</stem>      </note>      <note default-x="196">        <pitch>          <step>D</step>          <octave>4</octave>        </pitch>        <duration>2</duration>        <voice>1</voice>        <type>quarter</type>        <stem default-y="-20">down</stem>      </note>    </measure>    <!--=======================================================-->    <measure number="2" width="307">      <note default-x="13">        <pitch>          <step>E</step>          <octave>4</octave>        </pitch>        <duration>2</duration>        <voice>1</voice>        <type>quarter</type>        <stem default-y="-20">down</stem>      </note>      <note default-x="96">        <pitch>          <step>D</step>          <octave>4</octave>        </pitch>        <duration>1</duration>        <voice>1</voice>        <type>eighth</type>        <stem default-y="-20">down</stem>        <beam number="1">begin</beam>      </note>      <note default-x="134">        <pitch>          <step>C</step>          <octave>4</octave>        </pitch>        <duration>1</duration>        <voice>1</voice>        <type>eighth</type>        <stem default-y="-25">down</stem>        <beam number="1">end</beam>      </note>      <note default-x="171">        <pitch>          <step>B</step>          <octave>3</octave>        </pitch>        <duration>2</duration>        <voice>1</voice>        <type>quarter</type>        <stem default-y="-30.5">down</stem>      </note>      <note default-x="232">        <pitch>          <step>D</step>          <octave>4</octave>        </pitch>        <duration>1</duration>        <voice>1</voice>        <type>eighth</type>        <stem default-y="-20">down</stem>        <beam number="1">begin</beam>      </note>      <note default-x="269">        <pitch>          <step>E</step>          <octave>4</octave>        </pitch>        <duration>1</duration>        <voice>1</voice>        <type>eighth</type>        <stem default-y="-15">down</stem>        <beam number="1">end</beam>      </note>    </measure>    <!--=======================================================-->    <measure number="3" width="295">      <note default-x="23">        <pitch>          <step>F</step>          <alter>1</alter>          <octave>4</octave>        </pitch>        <duration>2</duration>        <voice>1</voice>        <type>quarter</type>        <stem default-y="-20">down</stem>      </note>      <note default-x="81">        <pitch>          <step>E</step>          <octave>4</octave>        </pitch>        <duration>2</duration>        <voice>1</voice>        <type>quarter</type>        <stem default-y="-20">down</stem>      </note>      <note default-x="152">        <pitch>          <step>D</step>          <octave>4</octave>        </pitch>        <duration>2</duration>        <voice>1</voice>        <type>quarter</type>        <stem default-y="-20">down</stem>      </note>      <note default-x="223">        <pitch>          <step>E</step>          <octave>4</octave>        </pitch>        <duration>2</duration>        <voice>1</voice>        <type>quarter</type>        <stem default-y="-20">down</stem>      </note>    </measure>    <!--=======================================================-->    <measure number="4" width="255">      <print new-system="yes"/>      <note default-x="89">        <pitch>          <step>E</step>          <octave>4</octave>        </pitch>        <duration>2</duration>        <voice>1</voice>        <type>quarter</type>        <stem default-y="-20.5">down</stem>      </note>      <note default-x="130">        <pitch>          <step>B</step>          <octave>3</octave>        </pitch>        <duration>2</duration>        <voice>1</voice>        <type>quarter</type>        <stem default-y="-30">down</stem>      </note>      <note default-x="172">        <pitch>          <step>B</step>          <octave>3</octave>        </pitch>        <duration>2</duration>        <voice>1</voice>        <type>quarter</type>        <stem default-y="-30">down</stem>      </note>      <note default-x="213">        <pitch>          <step>E</step>          <octave>4</octave>        </pitch>        <duration>2</duration>        <tie type="start"/>        <voice>1</voice>        <type>quarter</type>        <stem default-y="-20.5">down</stem>        <notations>          <tied type="start"/>        </notations>      </note>    </measure>    <!--=======================================================-->    <measure number="5" width="283">      <note default-x="12">        <pitch>          <step>E</step>          <octave>4</octave>        </pitch>        <duration>1</duration>        <tie type="stop"/>        <voice>1</voice>        <type>eighth</type>        <stem default-y="-15">down</stem>        <beam number="1">begin</beam>        <notations>          <tied type="stop"/>        </notations>      </note>      <note default-x="46">        <pitch>          <step>D</step>          <octave>4</octave>        </pitch>        <duration>1</duration>        <voice>1</voice>        <type>eighth</type>        <stem default-y="-20">down</stem>        <beam number="1">end</beam>      </note>      <note default-x="80">        <pitch>          <step>D</step>          <octave>4</octave>        </pitch>        <duration>2</duration>        <voice>1</voice>        <type>quarter</type>        <stem default-y="-20.5">down</stem>      </note>      <note default-x="148">        <pitch>          <step>E</step>          <octave>4</octave>        </pitch>        <duration>1</duration>        <voice>1</voice>        <type>eighth</type>        <stem default-y="-20">down</stem>        <beam number="1">begin</beam>      </note>      <note default-x="181">        <pitch>          <step>B</step>          <octave>3</octave>        </pitch>        <duration>1</duration>        <voice>1</voice>        <type>eighth</type>        <stem default-y="-30">down</stem>        <beam number="1">end</beam>      </note>      <note default-x="215">        <pitch>          <step>B</step>          <octave>3</octave>        </pitch>        <duration>2</duration>        <voice>1</voice>        <type>quarter</type>        <stem default-y="-30">down</stem>      </note>    </measure>    <!--=======================================================-->    <measure number="6" width="255">      <note default-x="10">        <pitch>          <step>B</step>          <octave>3</octave>        </pitch>        <duration>3</duration>        <voice>1</voice>        <type>quarter</type>        <dot/>        <stem default-y="-30">down</stem>      </note>      <note default-x="130">        <pitch>          <step>A</step>          <octave>3</octave>        </pitch>        <duration>1</duration>        <voice>1</voice>        <type>eighth</type>        <stem default-y="-35">down</stem>      </note>      <note default-x="160">        <pitch>          <step>G</step>          <octave>3</octave>        </pitch>        <duration>2</duration>        <voice>1</voice>        <type>quarter</type>        <stem default-y="-40">down</stem>      </note>      <note default-x="207">        <pitch>          <step>D</step>          <octave>4</octave>        </pitch>        <duration>2</duration>        <voice>1</voice>        <type>quarter</type>        <accidental>natural</accidental>        <stem default-y="-20.5">down</stem>      </note>    </measure>    <!--=======================================================-->    <measure number="7" width="235">      <note default-x="13">        <pitch>          <step>E</step>          <octave>4</octave>        </pitch>        <duration>1</duration>        <voice>1</voice>        <type>eighth</type>        <stem default-y="-20">down</stem>        <beam number="1">begin</beam>      </note>      <note default-x="40">        <pitch>          <step>F</step>          <alter>1</alter>          <octave>4</octave>        </pitch>        <duration>1</duration>        <voice>1</voice>        <type>eighth</type>        <stem default-y="-15">down</stem>        <beam number="1">end</beam>      </note>      <note default-x="68">        <pitch>          <step>G</step>          <octave>4</octave>        </pitch>        <duration>2</duration>        <voice>1</voice>        <type>quarter</type>        <stem default-y="-20.5">down</stem>      </note>      <note default-x="124">        <pitch>          <step>D</step>          <octave>4</octave>        </pitch>        <duration>1</duration>        <voice>1</voice>        <type>eighth</type>        <stem default-y="-20">down</stem>        <beam number="1">begin</beam>      </note>      <note default-x="151">        <pitch>          <step>C</step>          <octave>4</octave>        </pitch>        <duration>1</duration>        <voice>1</voice>        <type>eighth</type>        <stem default-y="-25">down</stem>        <beam number="1">end</beam>      </note>      <note default-x="179">        <pitch>          <step>B</step>          <octave>3</octave>        </pitch>        <duration>2</duration>        <tie type="start"/>        <voice>1</voice>        <type>quarter</type>        <stem default-y="-30">down</stem>        <notations>          <tied type="start"/>        </notations>      </note>    </measure>    <!--=======================================================-->    <measure number="8" width="308">      <print new-system="yes"/>      <note default-x="76">        <pitch>          <step>B</step>          <octave>3</octave>        </pitch>        <duration>3</duration>        <tie type="stop"/>        <voice>1</voice>        <type>quarter</type>        <dot/>        <stem default-y="-30">down</stem>        <notations>          <tied type="stop"/>        </notations>      </note>      <note default-x="168">        <pitch>          <step>A</step>          <octave>3</octave>        </pitch>        <duration>1</duration>        <voice>1</voice>        <type>eighth</type>        <stem default-y="-35.5">down</stem>      </note>      <note default-x="201">        <pitch>          <step>G</step>          <octave>3</octave>        </pitch>        <duration>2</duration>        <voice>1</voice>        <type>quarter</type>        <stem default-y="-40">down</stem>      </note>      <note default-x="254">        <pitch>          <step>E</step>          <octave>4</octave>        </pitch>        <duration>2</duration>        <voice>1</voice>        <type>quarter</type>        <stem default-y="-20">down</stem>      </note>    </measure>    <!--=======================================================-->    <measure number="9" width="305">      <note default-x="23">        <pitch>          <step>B</step>          <octave>3</octave>        </pitch>        <duration>2</duration>        <voice>1</voice>        <type>quarter</type>        <stem default-y="-30">down</stem>      </note>      <note default-x="93">        <pitch>          <step>F</step>          <alter>1</alter>          <octave>3</octave>        </pitch>        <duration>2</duration>        <voice>1</voice>        <type>quarter</type>        <stem default-y="-45">down</stem>      </note>      <note default-x="164">        <pitch>          <step>E</step>          <octave>3</octave>        </pitch>        <duration>1</duration>        <voice>1</voice>        <type>eighth</type>        <stem default-y="-50">down</stem>        <beam number="1">begin</beam>      </note>      <note default-x="198">        <pitch>          <step>F</step>          <alter>1</alter>          <octave>3</octave>        </pitch>        <duration>1</duration>        <voice>1</voice>        <type>eighth</type>        <stem default-y="-45">down</stem>        <beam number="1">end</beam>      </note>      <note default-x="234">        <pitch>          <step>G</step>          <octave>3</octave>        </pitch>        <duration>1</duration>        <voice>1</voice>        <type>eighth</type>        <stem default-y="-40">down</stem>        <beam number="1">begin</beam>      </note>      <note default-x="269">        <pitch>          <step>A</step>          <octave>3</octave>        </pitch>        <duration>1</duration>        <voice>1</voice>        <type>eighth</type>        <stem default-y="-35">down</stem>        <beam number="1">end</beam>      </note>    </measure>    <!--=======================================================-->    <measure number="10" width="289">      <note default-x="10">        <pitch>          <step>B</step>          <octave>3</octave>        </pitch>        <duration>2</duration>        <voice>1</voice>        <type>quarter</type>        <stem default-y="-30">down</stem>      </note>      <note default-x="80">        <pitch>          <step>B</step>          <octave>3</octave>        </pitch>        <duration>2</duration>        <voice>1</voice>        <type>quarter</type>        <stem default-y="-30">down</stem>      </note>      <note default-x="149">        <pitch>          <step>C</step>          <octave>4</octave>        </pitch>        <duration>1</duration>        <voice>1</voice>        <type>eighth</type>        <stem default-y="-25">down</stem>        <beam number="1">begin</beam>      </note>      <note default-x="184">        <pitch>          <step>E</step>          <octave>4</octave>        </pitch>        <duration>1</duration>        <voice>1</voice>        <type>eighth</type>        <stem default-y="-15">down</stem>        <beam number="1">end</beam>      </note>      <note default-x="218">        <pitch>          <step>D</step>          <alter>1</alter>          <octave>4</octave>        </pitch>        <duration>1</duration>        <voice>1</voice>        <type>eighth</type>        <accidental>sharp</accidental>        <stem default-y="-20">down</stem>        <beam number="1">begin</beam>      </note>      <note default-x="253">        <pitch>          <step>E</step>          <octave>4</octave>        </pitch>        <duration>1</duration>        <voice>1</voice>        <type>eighth</type>        <stem default-y="-15">down</stem>        <beam number="1">end</beam>      </note>    </measure>    <!--=======================================================-->    <measure number="11" width="128">      <note default-x="35">        <pitch>          <step>D</step>          <alter>1</alter>          <octave>4</octave>        </pitch>        <duration>6</duration>        <voice>1</voice>        <type>half</type>        <dot/>        <accidental>sharp</accidental>        <stem default-y="-20">down</stem>      </note>      <forward>        <duration>2</duration>        <voice>1</voice>      </forward>      <barline location="right">        <bar-style>light-heavy</bar-style>      </barline>    </measure>  </part>  <!--=========================================================-->  <part id="P4">    <measure implicit="yes" number="0" width="160">      <attributes>        <divisions>2</divisions>        <key>          <fifths>1</fifths>          <mode>minor</mode>        </key>        <time symbol="common">          <beats>4</beats>          <beat-type>4</beat-type>        </time>        <clef>          <sign>F</sign>          <line>4</line>        </clef>      </attributes>      <sound tempo="82"/>      <note default-x="110">        <pitch>          <step>E</step>          <octave>3</octave>        </pitch>        <duration>2</duration>        <voice>1</voice>        <type>quarter</type>        <stem default-y="-50">down</stem>      </note>    </measure>    <!--=======================================================-->    <measure number="1" width="267">      <note default-x="23">        <pitch>          <step>D</step>          <alter>1</alter>          <octave>3</octave>        </pitch>        <duration>2</duration>        <voice>1</voice>        <type>quarter</type>        <accidental>sharp</accidental>        <stem default-y="-55.5">down</stem>      </note>      <note default-x="73">        <pitch>          <step>E</step>          <octave>3</octave>        </pitch>        <duration>2</duration>        <voice>1</voice>        <type>quarter</type>        <stem default-y="-50">down</stem>      </note>      <note default-x="134">        <pitch>          <step>F</step>          <alter>1</alter>          <octave>3</octave>        </pitch>        <duration>2</duration>        <voice>1</voice>        <type>quarter</type>        <stem default-y="-45">down</stem>      </note>      <note default-x="196">        <pitch>          <step>G</step>          <octave>3</octave>        </pitch>        <duration>2</duration>        <voice>1</voice>        <type>quarter</type>        <stem default-y="-40">down</stem>      </note>    </measure>    <!--=======================================================-->    <measure number="2" width="307">      <note default-x="13">        <pitch>          <step>C</step>          <octave>3</octave>        </pitch>        <duration>2</duration>        <voice>1</voice>        <type>quarter</type>        <stem default-y="10">up</stem>      </note>      <note default-x="96">        <pitch>          <step>D</step>          <octave>3</octave>        </pitch>        <duration>2</duration>        <voice>1</voice>        <type>quarter</type>        <stem default-y="-55.5">down</stem>      </note>      <note default-x="171">        <pitch>          <step>G</step>          <octave>2</octave>        </pitch>        <duration>2</duration>        <voice>1</voice>        <type>quarter</type>        <stem default-y="-4">up</stem>      </note>      <note default-x="232">        <pitch>          <step>G</step>          <octave>3</octave>        </pitch>        <duration>2</duration>        <voice>1</voice>        <type>quarter</type>        <stem default-y="-40">down</stem>      </note>    </measure>    <!--=======================================================-->    <measure number="3" width="295">      <note default-x="23">        <pitch>          <step>D</step>          <alter>1</alter>          <octave>3</octave>        </pitch>        <duration>2</duration>        <voice>1</voice>        <type>quarter</type>        <accidental>sharp</accidental>        <stem default-y="-55.5">down</stem>      </note>      <note default-x="81">        <pitch>          <step>E</step>          <octave>3</octave>        </pitch>        <duration>2</duration>        <voice>1</voice>        <type>quarter</type>        <stem default-y="-50">down</stem>      </note>      <note default-x="152">        <pitch>          <step>B</step>          <octave>2</octave>        </pitch>        <duration>2</duration>        <voice>1</voice>        <type>quarter</type>        <stem default-y="5.5">up</stem>      </note>      <note default-x="223">        <pitch>          <step>E</step>          <octave>3</octave>        </pitch>        <duration>1</duration>        <voice>1</voice>        <type>eighth</type>        <stem default-y="-50">down</stem>        <beam number="1">begin</beam>      </note>      <note default-x="258">        <pitch>          <step>D</step>          <octave>3</octave>        </pitch>        <duration>1</duration>        <voice>1</voice>        <type>eighth</type>        <accidental>natural</accidental>        <stem default-y="-55">down</stem>        <beam number="1">end</beam>      </note>    </measure>    <!--=======================================================-->    <measure number="4" width="255">      <print new-system="yes"/>      <note default-x="89">        <pitch>          <step>C</step>          <alter>1</alter>          <octave>3</octave>        </pitch>        <duration>2</duration>        <voice>1</voice>        <type>quarter</type>        <accidental>sharp</accidental>        <stem default-y="10">up</stem>      </note>      <note default-x="130">        <pitch>          <step>D</step>          <alter>1</alter>          <octave>3</octave>        </pitch>        <duration>2</duration>        <voice>1</voice>        <type>quarter</type>        <accidental>sharp</accidental>        <stem default-y="-55">down</stem>      </note>      <note default-x="172">        <pitch>          <step>E</step>          <octave>3</octave>        </pitch>        <duration>2</duration>        <voice>1</voice>        <type>quarter</type>        <stem default-y="-50">down</stem>      </note>      <note default-x="213">        <pitch>          <step>E</step>          <octave>3</octave>        </pitch>        <duration>2</duration>        <tie type="start"/>        <voice>1</voice>        <type>quarter</type>        <stem default-y="-50">down</stem>        <notations>          <tied type="start"/>        </notations>      </note>    </measure>    <!--=======================================================-->    <measure number="5" width="283">      <note default-x="12">        <pitch>          <step>E</step>          <octave>3</octave>        </pitch>        <duration>1</duration>        <tie type="stop"/>        <voice>1</voice>        <type>eighth</type>        <stem default-y="-50">down</stem>        <beam number="1">begin</beam>        <notations>          <tied type="stop"/>        </notations>      </note>      <note default-x="46">        <pitch>          <step>F</step>          <alter>1</alter>          <octave>3</octave>        </pitch>        <duration>1</duration>        <voice>1</voice>        <type>eighth</type>        <stem default-y="-45">down</stem>        <beam number="1">end</beam>      </note>      <note default-x="80">        <pitch>          <step>G</step>          <octave>3</octave>        </pitch>        <duration>2</duration>        <voice>1</voice>        <type>quarter</type>        <stem default-y="-40">down</stem>      </note>      <note default-x="148">        <pitch>          <step>C</step>          <alter>1</alter>          <octave>3</octave>        </pitch>        <duration>1</duration>        <voice>1</voice>        <type>eighth</type>        <accidental>sharp</accidental>        <stem default-y="10">up</stem>        <beam number="1">begin</beam>      </note>      <note default-x="181">        <pitch>          <step>D</step>          <alter>1</alter>          <octave>3</octave>        </pitch>        <duration>1</duration>        <voice>1</voice>        <type>eighth</type>        <accidental>sharp</accidental>        <stem default-y="15">up</stem>        <beam number="1">end</beam>      </note>      <note default-x="215">        <pitch>          <step>E</step>          <octave>3</octave>        </pitch>        <duration>1</duration>        <voice>1</voice>        <type>eighth</type>        <stem default-y="-50">down</stem>        <beam number="1">begin</beam>      </note>      <note default-x="249">        <pitch>          <step>F</step>          <alter>1</alter>          <octave>3</octave>        </pitch>        <duration>1</duration>        <voice>1</voice>        <type>eighth</type>        <stem default-y="-45">down</stem>        <beam number="1">end</beam>      </note>    </measure>    <!--=======================================================-->    <measure number="6" width="255">      <note default-x="10">        <pitch>          <step>G</step>          <octave>3</octave>        </pitch>        <duration>1</duration>        <voice>1</voice>        <type>eighth</type>        <stem default-y="-40">down</stem>        <beam number="1">begin</beam>      </note>      <note default-x="46">        <pitch>          <step>A</step>          <octave>3</octave>        </pitch>        <duration>1</duration>        <voice>1</voice>        <type>eighth</type>        <stem default-y="-35">down</stem>        <beam number="1">end</beam>      </note>      <note default-x="101">        <pitch>          <step>B</step>          <octave>3</octave>        </pitch>        <duration>1</duration>        <voice>1</voice>        <type>eighth</type>        <stem default-y="-55">down</stem>        <beam number="1">begin</beam>      </note>      <note default-x="130">        <pitch>          <step>B</step>          <octave>2</octave>        </pitch>        <duration>1</duration>        <voice>1</voice>        <type>eighth</type>        <stem default-y="-65">down</stem>        <beam number="1">end</beam>      </note>      <note default-x="160">        <pitch>          <step>C</step>          <octave>3</octave>        </pitch>        <duration>2</duration>        <voice>1</voice>        <type>quarter</type>        <stem default-y="10">up</stem>      </note>      <note default-x="207">        <pitch>          <step>B</step>          <octave>2</octave>        </pitch>        <duration>2</duration>        <voice>1</voice>        <type>quarter</type>        <stem default-y="6">up</stem>      </note>    </measure>    <!--=======================================================-->    <measure number="7" width="235">      <note default-x="13">        <pitch>          <step>A</step>          <octave>2</octave>        </pitch>        <duration>2</duration>        <voice>1</voice>        <type>quarter</type>        <stem default-y="0.5">up</stem>      </note>      <note default-x="68">        <pitch>          <step>B</step>          <octave>2</octave>        </pitch>        <duration>1</duration>        <voice>1</voice>        <type>eighth</type>        <stem default-y="5">up</stem>        <beam number="1">begin</beam>      </note>      <note default-x="96">        <pitch>          <step>C</step>          <octave>3</octave>        </pitch>        <duration>1</duration>        <voice>1</voice>        <type>eighth</type>        <stem default-y="10">up</stem>        <beam number="1">end</beam>      </note>      <note default-x="124">        <pitch>          <step>D</step>          <octave>3</octave>        </pitch>        <duration>2</duration>        <voice>1</voice>        <type>quarter</type>        <stem default-y="-55">down</stem>      </note>      <note default-x="179">        <pitch>          <step>E</step>          <octave>3</octave>        </pitch>        <duration>2</duration>        <voice>1</voice>        <type>quarter</type>        <stem default-y="-50">down</stem>      </note>    </measure>    <!--=======================================================-->    <measure number="8" width="308">      <print new-system="yes"/>      <note default-x="76">        <pitch>          <step>G</step>          <octave>2</octave>        </pitch>        <duration>1</duration>        <voice>1</voice>        <type>eighth</type>        <stem default-y="-5">up</stem>        <beam number="1">begin</beam>      </note>      <note default-x="108">        <pitch>          <step>A</step>          <octave>2</octave>        </pitch>        <duration>1</duration>        <voice>1</voice>        <type>eighth</type>        <stem default-y="0">up</stem>        <beam number="1">end</beam>      </note>      <note default-x="141">        <pitch>          <step>B</step>          <octave>2</octave>        </pitch>        <duration>2</duration>        <voice>1</voice>        <type>quarter</type>        <stem default-y="5">up</stem>      </note>      <note default-x="201">        <pitch>          <step>E</step>          <octave>2</octave>        </pitch>        <duration>2</duration>        <voice>1</voice>        <type>quarter</type>        <stem default-y="-14.5">up</stem>      </note>      <note default-x="254">        <pitch>          <step>E</step>          <octave>3</octave>        </pitch>        <duration>2</duration>        <voice>1</voice>        <type>quarter</type>        <stem default-y="-50">down</stem>      </note>    </measure>    <!--=======================================================-->    <measure number="9" width="305">      <note default-x="23">        <pitch>          <step>D</step>          <alter>1</alter>          <octave>3</octave>        </pitch>        <duration>1</duration>        <voice>1</voice>        <type>eighth</type>        <accidental>sharp</accidental>        <stem default-y="15">up</stem>        <beam number="1">begin</beam>      </note>      <note default-x="58">        <pitch>          <step>C</step>          <alter>1</alter>          <octave>3</octave>        </pitch>        <duration>1</duration>        <voice>1</voice>        <type>eighth</type>        <accidental>sharp</accidental>        <stem default-y="10">up</stem>        <beam number="1">end</beam>      </note>      <note default-x="93">        <pitch>          <step>D</step>          <alter>1</alter>          <octave>3</octave>        </pitch>        <duration>1</duration>        <voice>1</voice>        <type>eighth</type>        <stem default-y="15">up</stem>        <beam number="1">begin</beam>      </note>      <note default-x="129">        <pitch>          <step>B</step>          <octave>2</octave>        </pitch>        <duration>1</duration>        <voice>1</voice>        <type>eighth</type>        <stem default-y="5">up</stem>        <beam number="1">end</beam>      </note>      <note default-x="164">        <pitch>          <step>E</step>          <octave>3</octave>        </pitch>        <duration>4</duration>        <tie type="start"/>        <voice>1</voice>        <type>half</type>        <stem default-y="-50">down</stem>        <notations>          <tied type="start"/>        </notations>      </note>    </measure>    <!--=======================================================-->    <measure number="10" width="289">      <note default-x="10">        <pitch>          <step>E</step>          <octave>3</octave>        </pitch>        <duration>1</duration>        <tie type="stop"/>        <voice>1</voice>        <type>eighth</type>        <stem default-y="-50">down</stem>        <beam number="1">begin</beam>        <notations>          <tied type="stop"/>        </notations>      </note>      <note default-x="45">        <pitch>          <step>F</step>          <alter>1</alter>          <octave>3</octave>        </pitch>        <duration>1</duration>        <voice>1</voice>        <type>eighth</type>        <stem default-y="-45">down</stem>        <beam number="1">end</beam>      </note>      <note default-x="80">        <pitch>          <step>G</step>          <octave>3</octave>        </pitch>        <duration>1</duration>        <voice>1</voice>        <type>eighth</type>        <stem default-y="-40">down</stem>        <beam number="1">begin</beam>      </note>      <note default-x="114">        <pitch>          <step>E</step>          <octave>3</octave>        </pitch>        <duration>1</duration>        <voice>1</voice>        <type>eighth</type>        <stem default-y="-50">down</stem>        <beam number="1">end</beam>      </note>      <note default-x="149">        <pitch>          <step>C</step>          <octave>3</octave>        </pitch>        <duration>1</duration>        <voice>1</voice>        <type>eighth</type>        <stem default-y="10">up</stem>        <beam number="1">begin</beam>      </note>      <note default-x="184">        <pitch>          <step>B</step>          <octave>2</octave>        </pitch>        <duration>1</duration>        <voice>1</voice>        <type>eighth</type>        <stem default-y="5">up</stem>        <beam number="1">end</beam>      </note>      <note default-x="218">        <pitch>          <step>C</step>          <octave>3</octave>        </pitch>        <duration>2</duration>        <voice>1</voice>        <type>quarter</type>        <stem default-y="10.5">up</stem>      </note>    </measure>    <!--=======================================================-->    <measure number="11" width="128">      <note default-x="35">        <pitch>          <step>B</step>          <octave>2</octave>        </pitch>        <duration>6</duration>        <voice>1</voice>        <type>half</type>        <dot/>        <stem default-y="5">up</stem>      </note>      <forward>        <duration>2</duration>        <voice>1</voice>      </forward>      <barline location="right">        <bar-style>light-heavy</bar-style>      </barline>    </measure>  </part>  <!--=========================================================--></score-partwise>