{"ref": "chorals", "title": "Chorals", "short_title": "Chorals", "description": "Bach Chorals, taken from the Margaret Greentree' site JSBChorales.net", "is_public": true, "short_description": "Bach Chorals, taken from the Margaret Greentree' site JSBChorales.net", "licence_code": "CC BY-SA", "copyright": null, "supervisors": null, "composer": {"first_name": "Johann Sebastian", "last_name": "Bach", "year_birth": 1685, "year_death": 1750, "dbpedia_uri": "https://dbpedia.org/resource/Johann_Sebastian_Bach"}}