{"ref": "brandenburg", "title": "Brandenburg concertos", "short_title": "Brandenburg", "description": "This electronic edition of Bach's six Brandenburg Concertos has been\r\nproduced by the Center for Computer Assisted Research in the Humanities.\r\nThe accompanying files were prepared from the Bach-Gesellschaft edition\r\nof 1871, edited by Wilhelm Rust, and published in Leipzig.\r\n\r\nThe kern files have been transcribed to MEI and inserted in Neuma.", "is_public": true, "short_description": "Brandenburg concertos (transcribed from KernScores)", "licence_code": null, "copyright": "CCARH", "supervisors": null}