<?xml version="1.0" encoding="UTF-8" standalone="no"?>
<livre>
<structure>
<firstDisplayedPage>1</firstDisplayedPage>
<hasToc>false</hasToc>
<TocLocation>0</TocLocation>
<hasContent>false</hasContent>
<idUPN>bpt6k11619682</idUPN>
<nbVueImages>8</nbVueImages>
</structure>
<pages>
<page>
<numero>NP</numero>
<ordre>1</ordre>
<pagination_type>N</pagination_type>
<image_width>4772</image_width>
<image_height>6248</image_height>
</page>
<page>
<numero>NP</numero>
<ordre>2</ordre>
<pagination_type>N</pagination_type>
<image_width>4687</image_width>
<image_height>6235</image_height>
</page>
<page>
<numero>1</numero>
<ordre>3</ordre>
<pagination_type>A</pagination_type>
<image_width>4772</image_width>
<image_height>6248</image_height>
</page>
<page>
<numero>2</numero>
<ordre>4</ordre>
<pagination_type>A</pagination_type>
<image_width>4687</image_width>
<image_height>6235</image_height>
</page>
<page>
<numero>3</numero>
<ordre>5</ordre>
<pagination_type>A</pagination_type>
<image_width>4772</image_width>
<image_height>6248</image_height>
</page>
<page>
<numero>NP</numero>
<ordre>6</ordre>
<pagination_type>N</pagination_type>
<image_width>4687</image_width>
<image_height>6235</image_height>
</page>
<page>
<numero>NP</numero>
<ordre>7</ordre>
<pagination_type>N</pagination_type>
<image_width>4772</image_width>
<image_height>6248</image_height>
</page>
<page>
<numero>NP</numero>
<ordre>8</ordre>
<pagination_type>N</pagination_type>
<image_width>4687</image_width>
<image_height>6235</image_height>
</page>
</pages>
</livre>
