{"ref": "C407_0", "title": "Offertoire pour la f\u00eate de la Toussaint par C. Saint-Sa\u00ebns, pour choeur \u00e0 4 voix mixtes et orgue d'accompagnement (Violoncelle et contrebasse ad libitum) ", "composer": "Saint-Sa\u00ebns, Camille ", "features": [], "sources": [{"ref": "gallica", "description": "Lien Gallica", "source_type": "JPEG", "mime_type": "image/jpeg", "url": "https://gallica.bnf.fr/ark:/12148/bd6t54169446v"}, {"ref": "ref_mei", "description": "R\u00e9f\u00e9rence MEI", "source_type": "MEI", "mime_type": "application/xml", "url": "http://localhost:8000/media/sources/all-collabscore-saintsaens-C407_0/ref_mei.xml"}], "files": [{"name": "mei.xml", "url": "http://localhost:8000/media/corpora/all/collabscore/saintsaens/C407_0/mei.xml"}]}