{"ref": "R114_0", "title": "[S\u00e9r\u00e9nades. Orgue, piano, violon, alto ou violoncelle. R 114. Mi b\u00e9mol majeur] ", "composer": "Saint-Sa\u00ebns, Camille ", "features": [], "sources": [{"ref": "gallica", "description": "Lien Gallica", "source_type": "JPEG", "mime_type": "image/jpeg", "url": "https://gallica.bnf.fr/ark:/12148/bpt6k1166899t"}, {"ref": "ref_mei", "description": "R\u00e9f\u00e9rence MEI", "source_type": "MEI", "mime_type": "application/xml", "url": "http://localhost:8000/media/sources/all-collabscore-saintsaens-R114_0/ref_mei.xml"}], "files": [{"name": "mei.xml", "url": "http://localhost:8000/media/corpora/all/collabscore/saintsaens/R114_0/mei.xml"}]}