{"ref": "all:composers:bach:brandenburg:bwv1046f", "title": "bwv1046f", "composer": null, "features": [{"feature_key": "key_tonic_name", "feature_value": "F"}, {"feature_key": "key_mode", "feature_value": "major"}, {"feature_key": "num_of_parts", "feature_value": "5"}, {"feature_key": "num_of_measures", "feature_value": "180"}, {"feature_key": "instruments", "feature_value": "['Violin', 'Viola', 'Violoncello', 'Harpsichord']"}, {"feature_key": "lowest_pitch_each_part", "feature_value": "{\"part1\": \"G3\", \"part2\": \"G3\", \"part3\": \"C3\", \"part4\": \"C2\", \"part5\": \"C2\"}"}, {"feature_key": "highest_pitch_each_part", "feature_value": "{\"part1\": \"B-5\", \"part2\": \"E5\", \"part3\": \"B4\", \"part4\": \"A3\", \"part5\": \"A3\"}"}, {"feature_key": "average_melodic_interval", "feature_value": "2.2884615384615383"}, {"feature_key": "direction_of_motion", "feature_value": "0.4789356984478936"}, {"feature_key": "most_common_note_quarter_length", "feature_value": "0.5"}, {"feature_key": "range_note_quarter_length", "feature_value": "0.625"}, {"feature_key": "initial_time_signature", "feature_value": "[0, 0]"}, {"feature_key": "composer", "feature_value": "https://dbpedia.org/resource/Johann_Sebastian_Bach"}], "sources": [], "files": [{"name": "mei.xml", "url": "http://localhost:8000/media/corpora/all/composers/bach/brandenburg/bwv1046f/mei.xml"}, {"name": "summary.json", "url": "http://localhost:8000/media/corpora/all/composers/bach/brandenburg/bwv1046f/summary.json"}]}