{"ref": "all:composers:bach:brandenburg:bwv1049a", "title": "bwv1049a", "composer": null, "features": [{"feature_key": "key_tonic_name", "feature_value": "G"}, {"feature_key": "key_mode", "feature_value": "major"}, {"feature_key": "num_of_parts", "feature_value": "9"}, {"feature_key": "num_of_measures", "feature_value": "3852"}, {"feature_key": "instruments", "feature_value": "['Violin', 'Recorder', 'Viola', 'Violoncello', 'Contrabass', 'Harpsichord']"}, {"feature_key": "lowest_pitch_each_part", "feature_value": "{\"part1\": \"G3\", \"part2\": \"G4\", \"part3\": \"F4\", \"part4\": \"G3\", \"part5\": \"G3\", \"part6\": \"D3\", \"part7\": \"C2\", \"part8\": \"D1\", \"part9\": \"C2\"}"}, {"feature_key": "highest_pitch_each_part", "feature_value": "{\"part1\": \"G6\", \"part2\": \"G6\", \"part3\": \"G6\", \"part4\": \"D6\", \"part5\": \"C6\", \"part6\": \"E5\", \"part7\": \"E4\", \"part8\": \"E3\", \"part9\": \"B4\"}"}, {"feature_key": "average_melodic_interval", "feature_value": "3.0387658227848102"}, {"feature_key": "direction_of_motion", "feature_value": "0.4748541261461517"}, {"feature_key": "most_common_note_quarter_length", "feature_value": "0.25"}, {"feature_key": "range_note_quarter_length", "feature_value": "15.375"}, {"feature_key": "initial_time_signature", "feature_value": "[0, 0]"}, {"feature_key": "composer", "feature_value": "https://dbpedia.org/resource/Johann_Sebastian_Bach"}], "sources": [], "files": [{"name": "mei.xml", "url": "http://localhost:8000/media/corpora/all/composers/bach/brandenburg/bwv1049a/mei.xml"}, {"name": "summary.json", "url": "http://localhost:8000/media/corpora/all/composers/bach/brandenburg/bwv1049a/summary.json"}]}