{"ref": "all:composers:bach:brandenburg:bwv1046a", "title": "bwv1046a", "composer": null, "features": [{"feature_key": "key_tonic_name", "feature_value": "F"}, {"feature_key": "key_mode", "feature_value": "major"}, {"feature_key": "num_of_parts", "feature_value": "13"}, {"feature_key": "num_of_measures", "feature_value": "1102"}, {"feature_key": "instruments", "feature_value": "['Horn', 'Bassoon', 'Violin', 'Viola', 'Violoncello', 'Harpsichord', 'Contrabass']"}, {"feature_key": "lowest_pitch_each_part", "feature_value": "{\"part1\": \"F3\", \"part2\": \"C3\", \"part3\": \"C4\", \"part4\": \"C4\", \"part5\": \"C4\", \"part6\": \"C2\", \"part7\": \"C4\", \"part8\": \"G3\", \"part9\": \"G3\", \"part10\": \"C3\", \"part11\": \"C2\", \"part12\": \"C2\", \"part13\": \"C1\"}"}, {"feature_key": "highest_pitch_each_part", "feature_value": "{\"part1\": \"F5\", \"part2\": \"D5\", \"part3\": \"D6\", \"part4\": \"A5\", \"part5\": \"F5\", \"part6\": \"E-4\", \"part7\": \"D6\", \"part8\": \"D6\", \"part9\": \"A5\", \"part10\": \"F5\", \"part11\": \"E-4\", \"part12\": \"E-4\", \"part13\": \"E-3\"}"}, {"feature_key": "average_melodic_interval", "feature_value": "2.910589959692195"}, {"feature_key": "direction_of_motion", "feature_value": "0.5085293357456707"}, {"feature_key": "most_common_note_quarter_length", "feature_value": "0.25"}, {"feature_key": "range_note_quarter_length", "feature_value": "3.875"}, {"feature_key": "initial_time_signature", "feature_value": "[0, 0]"}, {"feature_key": "composer", "feature_value": "https://dbpedia.org/resource/Johann_Sebastian_Bach"}], "sources": [], "files": [{"name": "mei.xml", "url": "http://localhost:8000/media/corpora/all/composers/bach/brandenburg/bwv1046a/mei.xml"}, {"name": "summary.json", "url": "http://localhost:8000/media/corpora/all/composers/bach/brandenburg/bwv1046a/summary.json"}]}