{"ref": "all:composers:bach:brandenburg:bwv1047a", "title": "bwv1047a", "composer": null, "features": [{"feature_key": "key_tonic_name", "feature_value": "F"}, {"feature_key": "key_mode", "feature_value": "major"}, {"feature_key": "num_of_parts", "feature_value": "10"}, {"feature_key": "num_of_measures", "feature_value": "1199"}, {"feature_key": "instruments", "feature_value": "['Trumpet', 'Recorder', 'Violin', 'Viola', 'Contrabass', 'Violoncello', 'Harpsichord']"}, {"feature_key": "lowest_pitch_each_part", "feature_value": "{\"part1\": \"F4\", \"part2\": \"F4\", \"part3\": \"C4\", \"part4\": \"G3\", \"part5\": \"G3\", \"part6\": \"G3\", \"part7\": \"C3\", \"part8\": \"C1\", \"part9\": \"C2\", \"part10\": \"C2\"}"}, {"feature_key": "highest_pitch_each_part", "feature_value": "{\"part1\": \"G6\", \"part2\": \"G6\", \"part3\": \"D6\", \"part4\": \"E6\", \"part5\": \"D6\", \"part6\": \"A5\", \"part7\": \"E5\", \"part8\": \"D3\", \"part9\": \"D4\", \"part10\": \"D4\"}"}, {"feature_key": "average_melodic_interval", "feature_value": "2.9523622433945587"}, {"feature_key": "direction_of_motion", "feature_value": "0.49203578442068513"}, {"feature_key": "most_common_note_quarter_length", "feature_value": "0.25"}, {"feature_key": "range_note_quarter_length", "feature_value": "9.875"}, {"feature_key": "initial_time_signature", "feature_value": "[0, 0]"}, {"feature_key": "composer", "feature_value": "https://dbpedia.org/resource/Johann_Sebastian_Bach"}], "sources": [], "files": [{"name": "mei.xml", "url": "http://localhost:8000/media/corpora/all/composers/bach/brandenburg/bwv1047a/mei.xml"}, {"name": "summary.json", "url": "http://localhost:8000/media/corpora/all/composers/bach/brandenburg/bwv1047a/summary.json"}]}