{"ref": "all:composers:bach:brandenburg:bwv1048a", "title": "bwv1048a", "composer": null, "features": [{"feature_key": "key_tonic_name", "feature_value": "G"}, {"feature_key": "key_mode", "feature_value": "major"}, {"feature_key": "num_of_parts", "feature_value": "10"}, {"feature_key": "num_of_measures", "feature_value": "1390"}, {"feature_key": "instruments", "feature_value": "['Violin', 'Viola', 'Violoncello', 'Harpsichord']"}, {"feature_key": "lowest_pitch_each_part", "feature_value": "{\"part1\": \"G3\", \"part2\": \"G3\", \"part3\": \"G3\", \"part4\": \"D3\", \"part5\": \"D3\", \"part6\": \"C3\", \"part7\": \"C2\", \"part8\": \"C2\", \"part9\": \"C2\", \"part10\": \"C2\"}"}, {"feature_key": "highest_pitch_each_part", "feature_value": "{\"part1\": \"E-6\", \"part2\": \"D6\", \"part3\": \"C6\", \"part4\": \"F5\", \"part5\": \"E5\", \"part6\": \"E5\", \"part7\": \"E4\", \"part8\": \"E4\", \"part9\": \"E4\", \"part10\": \"E4\"}"}, {"feature_key": "average_melodic_interval", "feature_value": "3.271644926901865"}, {"feature_key": "direction_of_motion", "feature_value": "0.4582794629537543"}, {"feature_key": "most_common_note_quarter_length", "feature_value": "0.25"}, {"feature_key": "range_note_quarter_length", "feature_value": "1.875"}, {"feature_key": "initial_time_signature", "feature_value": "[0, 0]"}, {"feature_key": "composer", "feature_value": "https://dbpedia.org/resource/Johann_Sebastian_Bach"}], "sources": [], "files": [{"name": "mei.xml", "url": "http://localhost:8000/media/corpora/all/composers/bach/brandenburg/bwv1048a/mei.xml"}, {"name": "summary.json", "url": "http://localhost:8000/media/corpora/all/composers/bach/brandenburg/bwv1048a/summary.json"}]}