{"ref": "all:composers:bach:brandenburg:bwv1047b", "title": "bwv1047b", "composer": null, "features": [{"feature_key": "key_tonic_name", "feature_value": "D"}, {"feature_key": "key_mode", "feature_value": "minor"}, {"feature_key": "num_of_parts", "feature_value": "5"}, {"feature_key": "num_of_measures", "feature_value": "329"}, {"feature_key": "instruments", "feature_value": "['Recorder', 'Violin', 'Violoncello', 'Harpsichord']"}, {"feature_key": "lowest_pitch_each_part", "feature_value": "{\"part1\": \"F4\", \"part2\": \"D4\", \"part3\": \"D4\", \"part4\": \"C2\", \"part5\": \"C2\"}"}, {"feature_key": "highest_pitch_each_part", "feature_value": "{\"part1\": \"G6\", \"part2\": \"D6\", \"part3\": \"D6\", \"part4\": \"F4\", \"part5\": \"F4\"}"}, {"feature_key": "average_melodic_interval", "feature_value": "3.774869109947644"}, {"feature_key": "direction_of_motion", "feature_value": "0.5020542317173378"}, {"feature_key": "most_common_note_quarter_length", "feature_value": "0.5"}, {"feature_key": "range_note_quarter_length", "feature_value": "2.75"}, {"feature_key": "initial_time_signature", "feature_value": "[0, 0]"}, {"feature_key": "composer", "feature_value": "https://dbpedia.org/resource/Johann_Sebastian_Bach"}], "sources": [], "files": [{"name": "mei.xml", "url": "http://localhost:8000/media/corpora/all/composers/bach/brandenburg/bwv1047b/mei.xml"}, {"name": "summary.json", "url": "http://localhost:8000/media/corpora/all/composers/bach/brandenburg/bwv1047b/summary.json"}]}