{"ref": "all:composers:bach:brandenburg:bwv1047c", "title": "bwv1047c", "composer": null, "features": [{"feature_key": "key_tonic_name", "feature_value": "F"}, {"feature_key": "key_mode", "feature_value": "major"}, {"feature_key": "num_of_parts", "feature_value": "10"}, {"feature_key": "num_of_measures", "feature_value": "1398"}, {"feature_key": "instruments", "feature_value": "['Trumpet', 'Violin', 'Viola', 'Violoncello', 'Harpsichord']"}, {"feature_key": "lowest_pitch_each_part", "feature_value": "{\"part1\": \"F4\", \"part2\": \"F4\", \"part3\": \"C4\", \"part4\": \"G3\", \"part5\": \"G4\", \"part6\": \"E-4\", \"part7\": \"A3\", \"part8\": \"C1\", \"part9\": \"C2\", \"part10\": \"C2\"}"}, {"feature_key": "highest_pitch_each_part", "feature_value": "{\"part1\": \"F6\", \"part2\": \"G6\", \"part3\": \"D6\", \"part4\": \"C6\", \"part5\": \"C6\", \"part6\": \"F5\", \"part7\": \"D5\", \"part8\": \"E3\", \"part9\": \"E4\", \"part10\": \"E4\"}"}, {"feature_key": "average_melodic_interval", "feature_value": "2.7700587084148727"}, {"feature_key": "direction_of_motion", "feature_value": "0.5160075329566854"}, {"feature_key": "most_common_note_quarter_length", "feature_value": "0.25"}, {"feature_key": "range_note_quarter_length", "feature_value": "2.25"}, {"feature_key": "initial_time_signature", "feature_value": "[0, 0]"}, {"feature_key": "composer", "feature_value": "https://dbpedia.org/resource/Johann_Sebastian_Bach"}], "sources": [], "files": [{"name": "mei.xml", "url": "http://localhost:8000/media/corpora/all/composers/bach/brandenburg/bwv1047c/mei.xml"}, {"name": "summary.json", "url": "http://localhost:8000/media/corpora/all/composers/bach/brandenburg/bwv1047c/summary.json"}]}