{"ref": "all:composers:bach:brandenburg:bwv1046b", "title": "bwv1046b", "composer": null, "features": [{"feature_key": "key_tonic_name", "feature_value": "D"}, {"feature_key": "key_mode", "feature_value": "minor"}, {"feature_key": "num_of_parts", "feature_value": "11"}, {"feature_key": "num_of_measures", "feature_value": "437"}, {"feature_key": "instruments", "feature_value": "['Bassoon', 'Violin', 'Viola', 'Violoncello', 'Harpsichord', 'Contrabass']"}, {"feature_key": "lowest_pitch_each_part", "feature_value": "{\"part1\": \"F#4\", \"part2\": \"C4\", \"part3\": \"C4\", \"part4\": \"C#2\", \"part5\": \"D4\", \"part6\": \"D4\", \"part7\": \"D4\", \"part8\": \"A3\", \"part9\": \"C#2\", \"part10\": \"C#2\", \"part11\": \"C#2\"}"}, {"feature_key": "highest_pitch_each_part", "feature_value": "{\"part1\": \"C6\", \"part2\": \"G5\", \"part3\": \"D5\", \"part4\": \"B3\", \"part5\": \"E-6\", \"part6\": \"D6\", \"part7\": \"G5\", \"part8\": \"D5\", \"part9\": \"B3\", \"part10\": \"B3\", \"part11\": \"B3\"}"}, {"feature_key": "average_melodic_interval", "feature_value": "1.8758620689655172"}, {"feature_key": "direction_of_motion", "feature_value": "0.46640625"}, {"feature_key": "most_common_note_quarter_length", "feature_value": "0.5"}, {"feature_key": "range_note_quarter_length", "feature_value": "2.9375"}, {"feature_key": "initial_time_signature", "feature_value": "[0, 0]"}, {"feature_key": "composer", "feature_value": "https://dbpedia.org/resource/Johann_Sebastian_Bach"}], "sources": [], "files": [{"name": "mei.xml", "url": "http://localhost:8000/media/corpora/all/composers/bach/brandenburg/bwv1046b/mei.xml"}, {"name": "summary.json", "url": "http://localhost:8000/media/corpora/all/composers/bach/brandenburg/bwv1046b/summary.json"}]}