{"ref": "all:composers:bach:brandenburg:bwv1050a", "title": "bwv1050a", "composer": null, "features": [{"feature_key": "key_tonic_name", "feature_value": "D"}, {"feature_key": "key_mode", "feature_value": "major"}, {"feature_key": "num_of_parts", "feature_value": "9"}, {"feature_key": "num_of_measures", "feature_value": "2052"}, {"feature_key": "instruments", "feature_value": "['Flute', 'Violin', 'Viola', 'Violoncello', 'Contrabass', 'Harpsichord']"}, {"feature_key": "lowest_pitch_each_part", "feature_value": "{\"part1\": \"D4\", \"part2\": \"G#3\", \"part3\": \"G#3\", \"part4\": \"D3\", \"part5\": \"C2\", \"part6\": \"D1\", \"part7\": \"A2\", \"part8\": \"A2\", \"part9\": \"B1\"}"}, {"feature_key": "highest_pitch_each_part", "feature_value": "{\"part1\": \"D6\", \"part2\": \"D6\", \"part3\": \"B5\", \"part4\": \"E5\", \"part5\": \"F#4\", \"part6\": \"E3\", \"part7\": \"C6\", \"part8\": \"G5\", \"part9\": \"G5\"}"}, {"feature_key": "average_melodic_interval", "feature_value": "3.325332562174667"}, {"feature_key": "direction_of_motion", "feature_value": "0.4947058181421242"}, {"feature_key": "most_common_note_quarter_length", "feature_value": "0.25"}, {"feature_key": "range_note_quarter_length", "feature_value": "12.458333333333334"}, {"feature_key": "initial_time_signature", "feature_value": "[0, 0]"}, {"feature_key": "composer", "feature_value": "https://dbpedia.org/resource/Johann_Sebastian_Bach"}], "sources": [], "files": [{"name": "mei.xml", "url": "http://localhost:8000/media/corpora/all/composers/bach/brandenburg/bwv1050a/mei.xml"}, {"name": "summary.json", "url": "http://localhost:8000/media/corpora/all/composers/bach/brandenburg/bwv1050a/summary.json"}]}