{"ref": "all:composers:bach:brandenburg:bwv1046c", "title": "bwv1046c", "composer": null, "features": [{"feature_key": "key_tonic_name", "feature_value": "F"}, {"feature_key": "key_mode", "feature_value": "major"}, {"feature_key": "num_of_parts", "feature_value": "13"}, {"feature_key": "num_of_measures", "feature_value": "1622"}, {"feature_key": "instruments", "feature_value": "['Horn', 'Bassoon', 'Violin', 'Viola', 'Violoncello', 'Harpsichord', 'Contrabass']"}, {"feature_key": "lowest_pitch_each_part", "feature_value": "{\"part1\": \"A3\", \"part2\": \"F3\", \"part3\": \"C4\", \"part4\": \"C4\", \"part5\": \"C4\", \"part6\": \"C2\", \"part7\": \"B-3\", \"part8\": \"G3\", \"part9\": \"G3\", \"part10\": \"D3\", \"part11\": \"C2\", \"part12\": \"C2\", \"part13\": \"C1\"}"}, {"feature_key": "highest_pitch_each_part", "feature_value": "{\"part1\": \"F5\", \"part2\": \"C5\", \"part3\": \"D6\", \"part4\": \"B5\", \"part5\": \"G5\", \"part6\": \"D4\", \"part7\": \"D6\", \"part8\": \"D6\", \"part9\": \"B5\", \"part10\": \"F5\", \"part11\": \"E4\", \"part12\": \"E4\", \"part13\": \"E3\"}"}, {"feature_key": "average_melodic_interval", "feature_value": "2.7837278786485866"}, {"feature_key": "direction_of_motion", "feature_value": "0.5209178676367707"}, {"feature_key": "most_common_note_quarter_length", "feature_value": "0.25"}, {"feature_key": "range_note_quarter_length", "feature_value": "6.125"}, {"feature_key": "initial_time_signature", "feature_value": "[0, 0]"}, {"feature_key": "composer", "feature_value": "https://dbpedia.org/resource/Johann_Sebastian_Bach"}], "sources": [], "files": [{"name": "mei.xml", "url": "http://localhost:8000/media/corpora/all/composers/bach/brandenburg/bwv1046c/mei.xml"}, {"name": "summary.json", "url": "http://localhost:8000/media/corpora/all/composers/bach/brandenburg/bwv1046c/summary.json"}]}