{"ref": "all:composers:bach:brandenburg:bwv1046d", "title": "bwv1046d", "composer": null, "features": [{"feature_key": "key_tonic_name", "feature_value": "F"}, {"feature_key": "key_mode", "feature_value": "major"}, {"feature_key": "num_of_parts", "feature_value": "13"}, {"feature_key": "num_of_measures", "feature_value": "361"}, {"feature_key": "instruments", "feature_value": "['Horn', 'Bassoon', 'Violin', 'Viola', 'Violoncello', 'Harpsichord', 'Contrabass']"}, {"feature_key": "lowest_pitch_each_part", "feature_value": "{\"part1\": \"F3\", \"part2\": \"F3\", \"part3\": \"G4\", \"part4\": \"E4\", \"part5\": \"C4\", \"part6\": \"C2\", \"part7\": \"G4\", \"part8\": \"G4\", \"part9\": \"E4\", \"part10\": \"F3\", \"part11\": \"C2\", \"part12\": \"C2\", \"part13\": \"C2\"}"}, {"feature_key": "highest_pitch_each_part", "feature_value": "{\"part1\": \"C5\", \"part2\": \"A4\", \"part3\": \"C6\", \"part4\": \"G5\", \"part5\": \"C5\", \"part6\": \"E-4\", \"part7\": \"C6\", \"part8\": \"C6\", \"part9\": \"G5\", \"part10\": \"C5\", \"part11\": \"E-4\", \"part12\": \"E-4\", \"part13\": \"E-4\"}"}, {"feature_key": "average_melodic_interval", "feature_value": "2.189897100093545"}, {"feature_key": "direction_of_motion", "feature_value": "0.45664739884393063"}, {"feature_key": "most_common_note_quarter_length", "feature_value": "1.0"}, {"feature_key": "range_note_quarter_length", "feature_value": "2.875"}, {"feature_key": "initial_time_signature", "feature_value": "[0, 0]"}, {"feature_key": "composer", "feature_value": "https://dbpedia.org/resource/Johann_Sebastian_Bach"}], "sources": [], "files": [{"name": "mei.xml", "url": "http://localhost:8000/media/corpora/all/composers/bach/brandenburg/bwv1046d/mei.xml"}, {"name": "summary.json", "url": "http://localhost:8000/media/corpora/all/composers/bach/brandenburg/bwv1046d/summary.json"}]}