{"ref": "all:composers:bach:brandenburg:bwv1046e", "title": "bwv1046e", "composer": null, "features": [{"feature_key": "key_tonic_name", "feature_value": "D"}, {"feature_key": "key_mode", "feature_value": "minor"}, {"feature_key": "num_of_parts", "feature_value": "3"}, {"feature_key": "num_of_measures", "feature_value": "91"}, {"feature_key": "instruments", "feature_value": "['Bassoon']"}, {"feature_key": "lowest_pitch_each_part", "feature_value": "{\"part1\": \"A4\", \"part2\": \"E4\", \"part3\": \"C2\"}"}, {"feature_key": "highest_pitch_each_part", "feature_value": "{\"part1\": \"B-5\", \"part2\": \"G5\", \"part3\": \"D4\"}"}, {"feature_key": "average_melodic_interval", "feature_value": "3.0889830508474576"}, {"feature_key": "direction_of_motion", "feature_value": "0.49099099099099097"}, {"feature_key": "most_common_note_quarter_length", "feature_value": "1.0"}, {"feature_key": "range_note_quarter_length", "feature_value": "5.75"}, {"feature_key": "initial_time_signature", "feature_value": "[0, 0]"}, {"feature_key": "composer", "feature_value": "https://dbpedia.org/resource/Johann_Sebastian_Bach"}], "sources": [], "files": [{"name": "mei.xml", "url": "http://localhost:8000/media/corpora/all/composers/bach/brandenburg/bwv1046e/mei.xml"}, {"name": "summary.json", "url": "http://localhost:8000/media/corpora/all/composers/bach/brandenburg/bwv1046e/summary.json"}]}