{"ref": "all:composers:bach:brandenburg:bwv1049c", "title": "bwv1049c", "composer": null, "features": [{"feature_key": "key_tonic_name", "feature_value": "G"}, {"feature_key": "key_mode", "feature_value": "major"}, {"feature_key": "num_of_parts", "feature_value": "9"}, {"feature_key": "num_of_measures", "feature_value": "2205"}, {"feature_key": "instruments", "feature_value": "['Violin', 'Recorder', 'Viola', 'Violoncello', 'Contrabass', 'Harpsichord']"}, {"feature_key": "lowest_pitch_each_part", "feature_value": "{\"part1\": \"G3\", \"part2\": \"G4\", \"part3\": \"G4\", \"part4\": \"D4\", \"part5\": \"G3\", \"part6\": \"D3\", \"part7\": \"C2\", \"part8\": \"D1\", \"part9\": \"C2\"}"}, {"feature_key": "highest_pitch_each_part", "feature_value": "{\"part1\": \"D6\", \"part2\": \"F#6\", \"part3\": \"E6\", \"part4\": \"D6\", \"part5\": \"A5\", \"part6\": \"E5\", \"part7\": \"E4\", \"part8\": \"E3\", \"part9\": \"E4\"}"}, {"feature_key": "average_melodic_interval", "feature_value": "3.165802241927388"}, {"feature_key": "direction_of_motion", "feature_value": "0.5002583089374892"}, {"feature_key": "most_common_note_quarter_length", "feature_value": "0.5"}, {"feature_key": "range_note_quarter_length", "feature_value": "24.25"}, {"feature_key": "initial_time_signature", "feature_value": "[0, 0]"}, {"feature_key": "composer", "feature_value": "https://dbpedia.org/resource/Johann_Sebastian_Bach"}], "sources": [], "files": [{"name": "mei.xml", "url": "http://localhost:8000/media/corpora/all/composers/bach/brandenburg/bwv1049c/mei.xml"}, {"name": "summary.json", "url": "http://localhost:8000/media/corpora/all/composers/bach/brandenburg/bwv1049c/summary.json"}]}