{"ref": "all:composers:bach:brandenburg:bwv1051c", "title": "bwv1051c", "composer": null, "features": [{"feature_key": "key_tonic_name", "feature_value": "B-"}, {"feature_key": "key_mode", "feature_value": "major"}, {"feature_key": "num_of_parts", "feature_value": "7"}, {"feature_key": "num_of_measures", "feature_value": "784"}, {"feature_key": "instruments", "feature_value": "['Viola', 'Violoncello', 'Contrabass', 'Harpsichord']"}, {"feature_key": "lowest_pitch_each_part", "feature_value": "{\"part1\": \"C3\", \"part2\": \"C3\", \"part3\": \"D3\", \"part4\": \"D3\", \"part5\": \"C2\", \"part6\": \"B-0\", \"part7\": \"B-1\"}"}, {"feature_key": "highest_pitch_each_part", "feature_value": "{\"part1\": \"G5\", \"part2\": \"F5\", \"part3\": \"C5\", \"part4\": \"B-4\", \"part5\": \"F4\", \"part6\": \"D3\", \"part7\": \"D4\"}"}, {"feature_key": "average_melodic_interval", "feature_value": "4.083364768012071"}, {"feature_key": "direction_of_motion", "feature_value": "0.5060287825748736"}, {"feature_key": "most_common_note_quarter_length", "feature_value": "0.5"}, {"feature_key": "range_note_quarter_length", "feature_value": "4.375"}, {"feature_key": "initial_time_signature", "feature_value": "[0, 0]"}, {"feature_key": "composer", "feature_value": "https://dbpedia.org/resource/Johann_Sebastian_Bach"}], "sources": [], "files": [{"name": "mei.xml", "url": "http://localhost:8000/media/corpora/all/composers/bach/brandenburg/bwv1051c/mei.xml"}, {"name": "summary.json", "url": "http://localhost:8000/media/corpora/all/composers/bach/brandenburg/bwv1051c/summary.json"}]}