{"ref": "all:composers:bach:brandenburg:bwv1049b", "title": "bwv1049b", "composer": null, "features": [{"feature_key": "key_tonic_name", "feature_value": "E"}, {"feature_key": "key_mode", "feature_value": "minor"}, {"feature_key": "num_of_parts", "feature_value": "9"}, {"feature_key": "num_of_measures", "feature_value": "648"}, {"feature_key": "instruments", "feature_value": "['Violin', 'Recorder', 'Viola', 'Violoncello', 'Contrabass', 'Harpsichord']"}, {"feature_key": "lowest_pitch_each_part", "feature_value": "{\"part1\": \"A3\", \"part2\": \"B4\", \"part3\": \"G4\", \"part4\": \"F#4\", \"part5\": \"G4\", \"part6\": \"A3\", \"part7\": \"C2\", \"part8\": \"D1\", \"part9\": \"C2\"}"}, {"feature_key": "highest_pitch_each_part", "feature_value": "{\"part1\": \"D6\", \"part2\": \"F6\", \"part3\": \"C6\", \"part4\": \"D6\", \"part5\": \"C6\", \"part6\": \"D5\", \"part7\": \"F4\", \"part8\": \"F3\", \"part9\": \"F4\"}"}, {"feature_key": "average_melodic_interval", "feature_value": "3.277415852334419"}, {"feature_key": "direction_of_motion", "feature_value": "0.5100171722953635"}, {"feature_key": "most_common_note_quarter_length", "feature_value": "0.5"}, {"feature_key": "range_note_quarter_length", "feature_value": "11.75"}, {"feature_key": "initial_time_signature", "feature_value": "[0, 0]"}, {"feature_key": "composer", "feature_value": "https://dbpedia.org/resource/Johann_Sebastian_Bach"}], "sources": [], "files": [{"name": "mei.xml", "url": "http://localhost:8000/media/corpora/all/composers/bach/brandenburg/bwv1049b/mei.xml"}, {"name": "summary.json", "url": "http://localhost:8000/media/corpora/all/composers/bach/brandenburg/bwv1049b/summary.json"}]}