{"ref": "brandenburg", "title": "Brandenburg concertos", "short_title": "Brandenburg", "description": "This electronic edition of Bach's six Brandenburg Concertos has been\r\nproduced by the Center for Computer Assisted Research in the Humanities.\r\nThe accompanying files were prepared from the Bach-Gesellschaft edition\r\nof 1871, edited by Wilhelm Rust, and published in Leipzig.\r\n\r\nThe kern files have been transcribed to MEI and inserted in Neuma.", "is_public": true, "short_description": "Brandenburg concertos (transcribed from KernScores)", "licence_code": "CC BY-SA", "copyright": null, "supervisors": null, "composer": {"first_name": "Johann Sebastian", "last_name": "Bach", "year_birth": 1685, "year_death": 1750, "dbpedia_uri": "https://dbpedia.org/resource/Johann_Sebastian_Bach"}}