{"ref": "timbres", "title": "Timbres", "short_title": "Timbres", "description": "<p>\r\n\tCe corpus contient des timbres du r&eacute;pertoire de chansons populaires de tradition fran&ccedil;aise &agrave; partir du XVII<sup>e</sup> si&egrave;cle environ. Il est un outil pour la recherche de timbres en m&ecirc;me temps qu&rsquo;un outil d&rsquo;examen de concordances avec d&rsquo;autres corpus de diff&eacute;rentes &eacute;poques.</p>\r\n<p>\r\n\tLa chanson conna&icirc;t une expansion remarquable dans le courant du XVII<sup>e</sup> si&egrave;cle. N&eacute;anmoins, c&#39;est au cours du XVIII<sup>e</sup> si&egrave;cle que les chansonniers triomphent. Le corpus d&rsquo;airs nouveaux va &ecirc;tre enrichi progressivement. Ce r&eacute;pertoire de timbres permet de trouver un mat&eacute;riau brut, des donn&eacute;es concr&egrave;tes et de mettre &agrave; jour les diff&eacute;rents aspects et dimension du ph&eacute;nom&egrave;ne chansonnier et de d&eacute;couvrir ses particularit&eacute;s.</p>\r\n<p>\r\n\tNous pouvons citer trois des plus importants recueils parisiens auxquels nous nous r&eacute;f&eacute;rons. L&#39;un a &eacute;t&eacute; &eacute;dit&eacute; par Pierre Capelle en 1811 : <em>La Cl&eacute; du Caveau &agrave; </em><em> l&#39;usage de tous les chansonniers fran&ccedil;ais, des amateurs, auteurs, acteurs du vaudeville &amp; de tous les amis de la chanson</em>, l&#39;autre a &eacute;t&eacute; publi&eacute; par Joseph-Denis Doche en 1822 : <em>La musette du vaudeville, ou, Recueil Complet des Airs de Monsieur Doche Ancien Ma&icirc;tre de Chapelle et Chef d&#39;Orchestre du Th&eacute;atre du Vaudeville </em>et le troisi&egrave;me recueil de timbres, auxquels sont joints des musiques &eacute;crites expr&egrave;s pour certaines chansons, est le recueil des <em>Musique des chansons de B&eacute;ranger, </em><em>airs not&eacute;s anciens et modernes.</em></p>\r\n<p>\r\n\tJulie Hyvert</p>", "is_public": true, "short_description": "R\u00e9pertoire d'airs de chansons populaires de tradition fran\u00e7aise", "licence_code": "CC BY-SA", "copyright": null, "supervisors": null}