{"ref": "opus1",
   "title": "Sonata a tre, op 1",
   "short_title": "Sonata a tre, op 1",
    "description": "Sonata a tre, op 1",
    "is_public": true,
    "short_description": "Sonata a tre, op 1",
  "licence_notice": "<a rel=\"license\" href=\"http://creativecommons.org/licenses/by-nc-sa/4.0/\"><img alt=\"Creative Commons License\" style=\"border-width:0\" src=\"https://i.creativecommons.org/l/by-nc-sa/4.0/80x15.png\" /></a><br />This work is licensed under a <a rel=\"license\" href=\"http://creativecommons.org/licenses/by-nc-sa/4.0/\">Creative Commons Attribution-NonCommercial-ShareAlike 4.0 International License</a>."
}
