{"ref": "essen", "title": "The Essen Folksong Collection", "short_title": "Essen", "description": "<p>Helmuth Schaffrath and colleagues at the Hochschule f\u00fcr Musik in Essen, Germany started\r\nputting together the Essen Collection in 1982 while working on a new method for quickly and\r\naccurately encoding printed music into a computer-friendly format named the Essen Associative\r\nCode or \u201cEsAC\u201d (Schaffrath, 1995). </p>\r\n<p>It was divided into twenty-five different subsections, each supposedly named after the\r\narchivist who first collected the printed manuscripts. Under Schaffrath\u2019s successor Ewa DahligTurek\u2019s leadership, and through the work of music scholar David Huron, the folksongs within\r\nthe Essen Collection were eventually transcribed from their original EsAC format to the\r\n**kern format (Huron, 1995).</p> \r\n<p>See <a href=\"https://kern.humdrum.org/cgi-bin/ksdata?file=README.txt&l=essen\">the kernScore site</a></p> for\r\nadditional information.\r\nThe collection has been transcribed from Kern to MEI for insertion in Neuma.</p>", "is_public": true, "short_description": "The Essen Folksong Collection, 10000 airs and songs from all regions of the world", "licence_code": null, "copyright": null, "supervisors": null}