<?xml version="1.0" encoding="UTF-8"?>
<!DOCTYPE score-partwise PUBLIC "-//Recordare//DTD MusicXML 2.0 Partwise//EN"
  "http://www.musicxml.org/dtds/partwise.dtd">

<score-partwise><part-list><score-part id='P1'><part-name>MusicXML Part</part-name>
</score-part>
</part-list>
<part id='P1'><measure number='1'><attributes><divisions>1</divisions>
<key><fifths>0</fifths>
<mode>major</mode>
</key>
<time symbol='cut'><beats>2</beats>
<beat-type>2</beat-type>
</time>
<clef><sign>C</sign>
<line>1</line>
</clef>
</attributes>
<note><pitch><step>D</step>
<octave>5</octave>
</pitch>
<duration>4</duration>
<lyric number='1'><syllabic>single</syllabic>
<text>Le</text>
</lyric>
<type>whole</type>
</note>
</measure>
<measure number='2'>
<note><pitch><step>D</step>
<octave>5</octave>
</pitch>
<duration>2</duration>
<lyric number='1'><syllabic>begin</syllabic>
<text>Sei</text>
</lyric>
<type>half</type>
</note>
<note><pitch><step>C</step>
<octave>5</octave>
</pitch>
<duration>2</duration>
<lyric number='1'><syllabic>end</syllabic>
<text>gneur</text>
</lyric>
<type>half</type>
</note>
</measure>
<measure number='3'>
<note><pitch><step>B</step>
<alter>-1</alter>
<octave>4</octave>
</pitch>
<duration>2</duration>
<lyric number='1'><syllabic>single</syllabic>
<text>qui</text>
</lyric>
<type>half</type>
</note>
<note><pitch><step>B</step>
<alter>-1</alter>
<octave>4</octave>
</pitch>
<duration>2</duration>
<lyric number='1'><syllabic>begin</syllabic>
<text>sous</text>
</lyric>
<type>half</type>
</note>
</measure>
<measure number='4'>
<note><pitch><step>A</step>
<octave>4</octave>
</pitch>
<duration>4</duration>
<lyric number='1'><syllabic>end</syllabic>
<text>tient</text>
</lyric>
<type>whole</type>
</note>
</measure>
<measure number='5'>
<note><pitch><step>F</step>
<octave>4</octave>
</pitch>
<duration>4</duration>
<lyric number='1'><syllabic>single</syllabic>
<text>la</text>
</lyric>
<type>whole</type>
</note>
</measure>
<measure number='6'>
<note><pitch><step>G</step>
<octave>4</octave>
</pitch>
<duration>2</duration>
<lyric number='1'><syllabic>begin</syllabic>
<text>mas</text>
</lyric>
<type>half</type>
</note>
<note><pitch><step>A</step>
<octave>4</octave>
</pitch>
<duration>2</duration>
<lyric number='1'><syllabic>end</syllabic>
<text>se</text>
</lyric>
<type>half</type>
</note>
</measure>
<measure number='7'>
<note><pitch><step>G</step>
<octave>4</octave>
</pitch>
<duration>2</duration>
<lyric number='1'><syllabic>single</syllabic>
<text>de</text>
</lyric>
<type>half</type>
</note>
<note><pitch><step>F</step>
<octave>4</octave>
</pitch>
<duration>2</duration>
<lyric number='1'><syllabic>single</syllabic>
<text>la</text>
</lyric>
<type>half</type>
</note>
</measure>
<measure number='8'>
<note><pitch><step>E</step>
<octave>4</octave>
</pitch>
<duration>4</duration>
<lyric number='1'><syllabic>begin</syllabic>
<text>Ter</text>
</lyric>
<type>whole</type>
</note>
</measure>
<measure number='9'>
<note><pitch><step>D</step>
<octave>4</octave>
</pitch>
<duration>4</duration>
<lyric number='1'><syllabic>end</syllabic>
<text>re,</text>
</lyric>
<type>whole</type>
</note>
</measure>
<measure number='10'>
<note><rest></rest>
<duration>4</duration>
<type>whole</type>
</note>
</measure>
<measure number='11'>
<note><pitch><step>A</step>
<octave>4</octave>
</pitch>
<duration>4</duration>
<lyric number='1'><syllabic>single</syllabic>
<text>En</text>
</lyric>
<type>whole</type>
</note>
</measure>
<measure number='12'>
<note><pitch><step>C</step>
<octave>5</octave>
</pitch>
<duration>2</duration>
<lyric number='1'><syllabic>single</syllabic>
<text>est</text>
</lyric>
<type>half</type>
</note>
<note><pitch><step>C</step>
<octave>5</octave>
</pitch>
<duration>2</duration>
<lyric number='1'><syllabic>single</syllabic>
<text>le</text>
</lyric>
<type>half</type>
</note>
</measure>
<measure number='13'>
<note><pitch><step>B</step>
<octave>4</octave>
</pitch>
<duration>2</duration>
<lyric number='1'><syllabic>begin</syllabic>
<text>ve</text>
</lyric>
<type>half</type>
</note>
<note><pitch><step>A</step>
<octave>4</octave>
</pitch>
<duration>2</duration>
<lyric number='1'><syllabic>middle</syllabic>
<text>ri</text>
</lyric>
<type>half</type>
</note>
</measure>
<measure number='14'>
<note><pitch><step>A</step>
<octave>4</octave>
</pitch>
<duration>2</duration>
<lyric number='1'><syllabic>middle</syllabic>
<text>ta</text>
</lyric>
<type>half</type>
</note>
<note><pitch><step>G</step>
<octave>4</octave>
</pitch>
<duration>2</duration>
<lyric number='1'><syllabic>end</syllabic>
<text>ble</text>
</lyric>
<type>half</type>
</note>
</measure>
<measure number='15'>
<note><pitch><step>A</step>
<octave>4</octave>
</pitch>
<duration>4</duration>
<lyric number='1'><syllabic>single</syllabic>
<text>Roy,</text>
</lyric>
<type>whole</type>
</note>
</measure>
<measure number='16'>
<note><rest></rest>
<duration>4</duration>
<type>whole</type>
</note>
</measure>
<measure number='17'>
<note><pitch><step>F</step>
<octave>4</octave>
</pitch>
<duration>4</duration>
<lyric number='1'><syllabic>single</syllabic>
<text>Et</text>
</lyric>
<type>whole</type>
</note>
</measure>
<measure number='18'>
<note><pitch><step>E</step>
<octave>4</octave>
</pitch>
<duration>2</duration>
<lyric number='1'><syllabic>single</syllabic>
<text>tous</text>
</lyric>
<type>half</type>
</note>
<note><pitch><step>F</step>
<octave>4</octave>
</pitch>
<duration>2</duration>
<lyric number='1'><syllabic>single</syllabic>
<text>les</text>
</lyric>
<type>half</type>
</note>
</measure>
<measure number='19'>
<note><pitch><step>G</step>
<octave>4</octave>
</pitch>
<duration>2</duration>
<lyric number='1'><syllabic>begin</syllabic>
<text>ha</text>
</lyric>
<type>half</type>
</note>
<note><pitch><step>A</step>
<octave>4</octave>
</pitch>
<duration>2</duration>
<lyric number='1'><syllabic>middle</syllabic>
<text>bi</text>
</lyric>
<type>half</type>
</note>
</measure>
<measure number='20'>
<note><pitch><step>D</step>
<octave>4</octave>
</pitch>
<duration>4</duration>
<lyric number='1'><syllabic>end</syllabic>
<text>tans</text>
</lyric>
<type>whole</type>
</note>
</measure>
<measure number='21'>
<note><pitch><step>E</step>
<octave>4</octave>
</pitch>
<duration>4</duration>
<lyric number='1'><syllabic>single</syllabic>
<text>que</text>
</lyric>
<type>whole</type>
</note>
</measure>
<measure number='22'>
<note><pitch><step>F</step>
<octave>4</octave>
</pitch>
<duration>2</duration>
<lyric number='1'><syllabic>single</syllabic>
<text>sa</text>
</lyric>
<type>half</type>
</note>
<note><pitch><step>G</step>
<octave>4</octave>
</pitch>
<duration>2</duration>
<lyric number='1'><syllabic>begin</syllabic>
<text>ron</text>
</lyric>
<type>half</type>
</note>
</measure>
<measure number='23'>
<note><pitch><step>A</step>
<octave>4</octave>
</pitch>
<duration>2</duration>
<lyric number='1'><syllabic>end</syllabic>
<text>deur</text>
</lyric>
<type>half</type>
</note>
<note><pitch><step>G</step>
<octave>4</octave>
</pitch>
<duration>2</duration>
<lyric number='1'><syllabic>begin</syllabic>
<text>en</text>
</lyric>
<type>half</type>
</note>
</measure>
<measure number='24'>
<note><pitch><step>F</step>
<octave>4</octave>
</pitch>
<duration>4</duration>
<lyric number='1'><syllabic>middle</syllabic>
<text>ser</text>
</lyric>
<type>whole</type>
</note>
</measure>
<measure number='25'>
<note><pitch><step>E</step>
<octave>4</octave>
</pitch>
<duration>4</duration>
<lyric number='1'><syllabic>end</syllabic>
<text>re,</text>
</lyric>
<type>whole</type>
</note>
</measure>
<measure number='26'>
<note><rest></rest>
<duration>4</duration>
<type>whole</type>
</note>
</measure>
<measure number='27'>
<note><pitch><step>A</step>
<octave>4</octave>
</pitch>
<duration>4</duration>
<lyric number='1'><syllabic>single</syllabic>
<text>De</text>
</lyric>
<type>whole</type>
</note>
</measure>
<measure number='28'>
<note><pitch><step>C</step>
<octave>5</octave>
</pitch>
<duration>2</duration>
<lyric number='1'><syllabic>single</syllabic>
<text>son</text>
</lyric>
<type>half</type>
</note>
<note><pitch><step>A</step>
<octave>4</octave>
</pitch>
<duration>2</duration>
<lyric number='1'><syllabic>begin</syllabic>
<text>di</text>
</lyric>
<type>half</type>
</note>
</measure>
<measure number='29'>
<note><pitch><step>F</step>
<octave>4</octave>
</pitch>
<duration>2</duration>
<lyric number='1'><syllabic>end</syllabic>
<text>vin</text>
</lyric>
<type>half</type>
</note>
<note><pitch><step>G</step>
<octave>4</octave>
</pitch>
<duration>2</duration>
<lyric number='1'><syllabic>begin</syllabic>
<text>a</text>
</lyric>
<type>half</type>
</note>
</measure>
<measure number='30'>
<note><pitch><step>A</step>
<octave>4</octave>
</pitch>
<duration>4</duration>
<lyric number='1'><syllabic>end</syllabic>
<text>mour</text>
</lyric>
<type>whole</type>
</note>
</measure>
<measure number='31'>
<note><pitch><step>F</step>
<octave>4</octave>
</pitch>
<duration>4</duration>
<lyric number='1'><syllabic>begin</syllabic>
<text>re</text>
</lyric>
<type>whole</type>
</note>
</measure>
<measure number='32'>
<note><pitch><step>E</step>
<octave>4</octave>
</pitch>
<duration>2</duration>
<lyric number='1'><syllabic>middle</syllabic>
<text>con</text>
</lyric>
<type>half</type>
</note>
<note><pitch><step>D</step>
<octave>4</octave>
</pitch>
<duration>2</duration>
<lyric number='1'><syllabic>middle</syllabic>
<text>nois</text>
</lyric>
<type>half</type>
</note>
</measure>
<measure number='33'>
<note><pitch><step>D</step>
<octave>4</octave>
</pitch>
<duration>2</duration>
<lyric number='1'><syllabic>end</syllabic>
<text>sent</text>
</lyric>
<type>half</type>
</note>
<note><pitch><step>C</step>
<octave>4</octave>
</pitch>
<duration>2</duration>
<lyric number='1'><syllabic>single</syllabic>
<text>la</text>
</lyric>
<type>half</type>
</note>
</measure>
<measure number='34'>
<note><pitch><step>D</step>
<octave>4</octave>
</pitch>
<duration>4</duration>
<lyric number='1'><syllabic>single</syllabic>
<text>Loy.</text>
</lyric>
<type>whole</type>
</note>
</measure>
</part>
</score-partwise>
