<?xml version="1.0" encoding="UTF-8"?>
<!DOCTYPE score-partwise PUBLIC "-//Recordare//DTD MusicXML 2.0 Partwise//EN"
  "http://www.musicxml.org/dtds/partwise.dtd">

<score-partwise><part-list><score-part id='P1'><part-name>MusicXML Part</part-name>
</score-part>
</part-list>
<part id='P1'><measure number='1'><attributes><divisions>1</divisions>
<key><fifths>0</fifths>
<mode>major</mode>
</key>
<time symbol='cut'><beats>2</beats>
<beat-type>2</beat-type>
</time>
<clef><sign>C</sign>
<line>4</line>
</clef>
</attributes>
<note><pitch><step>A</step>
<octave>3</octave>
</pitch>
<duration>4</duration>
<lyric number='1'><syllabic>begin</syllabic>
<text>Sei</text>
</lyric>
<type>whole</type>
</note>
</measure>
<measure number='2'>
<note><pitch><step>F</step>
<octave>3</octave>
</pitch>
<duration>2</duration>
<lyric number='1'><syllabic>end</syllabic>
<text>gneur,</text>
</lyric>
<type>half</type>
</note>
<note><pitch><step>D</step>
<octave>3</octave>
</pitch>
<duration>2</duration>
<lyric number='1'><syllabic>single</syllabic>
<text>qui</text>
</lyric>
<type>half</type>
</note>
</measure>
<measure number='3'>
<note><pitch><step>F</step>
<octave>3</octave>
</pitch>
<duration>2</duration>
<lyric number='1'><syllabic>single</syllabic>
<text>dans</text>
</lyric>
<type>half</type>
</note>
<note><pitch><step>G</step>
<octave>3</octave>
</pitch>
<duration>2</duration>
<lyric number='1'><syllabic>single</syllabic>
<text>mes</text>
</lyric>
<type>half</type>
</note>
</measure>
<measure number='4'>
<note><pitch><step>A</step>
<octave>3</octave>
</pitch>
<duration>4</duration>
<lyric number='1'><syllabic>single</syllabic>
<text>maux</text>
</lyric>
<type>whole</type>
</note>
</measure>
<measure number='5'>
<note><pitch><step>A</step>
<octave>3</octave>
</pitch>
<duration>4</duration>
<lyric number='1'><syllabic>single</syllabic>
<text>es</text>
</lyric>
<type>whole</type>
</note>
</measure>
<measure number='6'>
<note><pitch><step>C</step>
<octave>4</octave>
</pitch>
<duration>2</duration>
<lyric number='1'><syllabic>single</syllabic>
<text>mon</text>
</lyric>
<type>half</type>
</note>
<note><pitch><step>C</step>
<octave>4</octave>
</pitch>
<duration>2</duration>
<lyric number='1'><syllabic>begin</syllabic>
<text>fer</text>
</lyric>
<type>half</type>
</note>
</measure>
<measure number='7'>
<note><pitch><step>D</step>
<octave>4</octave>
</pitch>
<duration>2</duration>
<lyric number='1'><syllabic>end</syllabic>
<text>me</text>
</lyric>
<type>half</type>
</note>
<note><pitch><step>C</step>
<octave>4</octave>
</pitch>
<duration>2</duration>
<lyric number='1'><syllabic>begin</syllabic>
<text>re</text>
</lyric>
<type>half</type>
</note>
</measure>
<measure number='8'>
<note><pitch><step>B</step>
<octave>3</octave>
</pitch>
<duration>4</duration>
<lyric number='1'><syllabic>middle</syllabic>
<text>fu</text>
</lyric>
<type>whole</type>
</note>
</measure>
<measure number='9'>
<note><pitch><step>A</step>
<octave>3</octave>
</pitch>
<duration>4</duration>
<lyric number='1'><syllabic>end</syllabic>
<text>ge,</text>
</lyric>
<type>whole</type>
</note>
</measure>
<measure number='10'>
<note><rest></rest>
<duration>4</duration>
<type>whole</type>
</note>
</measure>
<measure number='11'>
<note><pitch><step>D</step>
<octave>4</octave>
</pitch>
<duration>4</duration>
<lyric number='1'><syllabic>single</syllabic>
<text>Et</text>
</lyric>
<type>whole</type>
</note>
</measure>
<measure number='12'>
<note><pitch><step>E</step>
<octave>4</octave>
</pitch>
<duration>2</duration>
<lyric number='1'><syllabic>single</syllabic>
<text>qui</text>
</lyric>
<type>half</type>
</note>
<note><pitch><step>D</step>
<octave>4</octave>
</pitch>
<duration>2</duration>
<lyric number='1'><syllabic>single</syllabic>
<text>lis</text>
</lyric>
<type>half</type>
</note>
</measure>
<measure number='13'>
<note><pitch><step>C</step>
<octave>4</octave>
</pitch>
<duration>2</duration>
<lyric number='1'><syllabic>begin</syllabic>
<text>clai</text>
</lyric>
<type>half</type>
</note>
<note><pitch><step>B</step>
<octave>3</octave>
</pitch>
<duration>2</duration>
<lyric number='1'><syllabic>middle</syllabic>
<text>re</text>
</lyric>
<type>half</type>
</note>
</measure>
<measure number='14'>
<note><pitch><step>A</step>
<octave>3</octave>
</pitch>
<duration>4</duration>
<lyric number='1'><syllabic>end</syllabic>
<text>ment</text>
</lyric>
<type>whole</type>
</note>
</measure>
<measure number='15'>
<note><pitch><step>C</step>
<octave>4</octave>
</pitch>
<duration>4</duration>
<lyric number='1'><syllabic>single</syllabic>
<text>au</text>
</lyric>
<type>whole</type>
</note>
</measure>
<measure number='16'>
<note><pitch><step>B</step>
<octave>3</octave>
</pitch>
<duration>2</duration>
<lyric number='1'><syllabic>begin</syllabic>
<text>pro</text>
</lyric>
<type>half</type>
</note>
<note><pitch><step>A</step>
<octave>3</octave>
</pitch>
<duration>2</duration>
<lyric number='1'><syllabic>end</syllabic>
<text>fond</text>
</lyric>
<type>half</type>
</note>
</measure>
<measure number='17'>
<note><pitch><step>A</step>
<octave>3</octave>
</pitch>
<duration>2</duration>
<lyric number='1'><syllabic>single</syllabic>
<text>de</text>
</lyric>
<type>half</type>
</note>
<note><pitch><step>G</step>
<octave>3</octave>
</pitch>
<duration>2</duration>
<lyric number='1'><syllabic>single</syllabic>
<text>mon</text>
</lyric>
<type>half</type>
</note>
</measure>
<measure number='18'>
<note><pitch><step>A</step>
<octave>3</octave>
</pitch>
<duration>4</duration>
<lyric number='1'><syllabic>single</syllabic>
<text>coeur,</text>
</lyric>
<type>whole</type>
</note>
</measure>
<measure number='19'>
<note><rest></rest>
<duration>4</duration>
<type>whole</type>
</note>
</measure>
<measure number='20'>
<note><pitch><step>F</step>
<octave>3</octave>
</pitch>
<duration>4</duration>
<lyric number='1'><syllabic>single</syllabic>
<text>Toy -</text>
</lyric>
<type>whole</type>
</note>
</measure>
<measure number='21'>
<note><pitch><step>G</step>
<octave>3</octave>
</pitch>
<duration>2</duration>
<lyric number='1'><syllabic>begin</syllabic>
<text>mes</text>
</lyric>
<type>half</type>
</note>
<note><pitch><step>A</step>
<octave>3</octave>
</pitch>
<duration>2</duration>
<lyric number='1'><syllabic>end</syllabic>
<text>me</text>
</lyric>
<type>half</type>
</note>
</measure>
<measure number='22'>
<note><pitch><step>D</step>
<octave>3</octave>
</pitch>
<duration>2</duration>
<lyric number='1'><syllabic>single</syllabic>
<text>pren</text>
</lyric>
<type>half</type>
</note>
<note><pitch><step>C</step>
<octave>3</octave>
</pitch>
<duration>2</duration>
<lyric number='1'><syllabic>single</syllabic>
<text>ma</text>
</lyric>
<type>half</type>
</note>
</measure>
<measure number='23'>
<note><pitch><step>D</step>
<octave>3</octave>
</pitch>
<duration>4</duration>
<lyric number='1'><syllabic>begin</syllabic>
<text>cau</text>
</lyric>
<type>whole</type>
</note>
</measure>
<measure number='24'>
<note><pitch><step>D</step>
<octave>3</octave>
</pitch>
<duration>4</duration>
<lyric number='1'><syllabic>end</syllabic>
<text>se et</text>
</lyric>
<type>whole</type>
</note>
</measure>
<measure number='25'>
<note><pitch><step>A</step>
<octave>3</octave>
</pitch>
<duration>2</duration>
<lyric number='1'><syllabic>begin</syllabic>
<text>dai</text>
</lyric>
<type>half</type>
</note>
<note><pitch><step>A</step>
<octave>3</octave>
</pitch>
<duration>2</duration>
<lyric number='1'><syllabic>middle</syllabic>
<text>gne es</text>
</lyric>
<type>half</type>
</note>
</measure>
<measure number='26'>
<note><pitch><step>G</step>
<octave>3</octave>
</pitch>
<duration>2</duration>
<lyric number='1'><syllabic>end</syllabic>
<text>tre</text>
</lyric>
<type>half</type>
</note>
<note><pitch><step>E</step>
<octave>3</octave>
</pitch>
<duration>2</duration>
<lyric number='1'><syllabic>single</syllabic>
<text>le</text>
</lyric>
<type>half</type>
</note>
</measure>
<measure number='27'>
<note><pitch><step>F</step>
<octave>3</octave>
</pitch>
<duration>4</duration>
<lyric number='1'><syllabic>begin</syllabic>
<text>Ju</text>
</lyric>
<type>whole</type>
</note>
</measure>
<measure number='28'>
<note><pitch><step>E</step>
<octave>3</octave>
</pitch>
<duration>4</duration>
<lyric number='1'><syllabic>end</syllabic>
<text>ge</text>
</lyric>
<type>whole</type>
</note>
</measure>
<measure number='29'>
<note><rest></rest>
<duration>4</duration>
<type>whole</type>
</note>
</measure>
<measure number='30'>
<note><pitch><step>A</step>
<octave>3</octave>
</pitch>
<duration>4</duration>
<lyric number='1'><syllabic>single</syllabic>
<text>D'un</text>
</lyric>
<type>whole</type>
</note>
</measure>
<measure number='31'>
<note><pitch><step>C</step>
<octave>4</octave>
</pitch>
<duration>2</duration>
<lyric number='1'><syllabic>begin</syllabic>
<text>mal</text>
</lyric>
<type>half</type>
</note>
<note><pitch><step>A</step>
<octave>3</octave>
</pitch>
<duration>2</duration>
<lyric number='1'><syllabic>middle</syllabic>
<text>heu</text>
</lyric>
<type>half</type>
</note>
</measure>
<measure number='32'>
<note><pitch><step>B</step>
<alter>-1</alter>
<octave>3</octave>
</pitch>
<duration>2</duration>
<lyric number='1'><syllabic>end</syllabic>
<text>reux</text>
</lyric>
<type>half</type>
</note>
<note><pitch><step>G</step>
<octave>3</octave>
</pitch>
<duration>2</duration>
<lyric number='1'><syllabic>begin</syllabic>
<text>cap</text>
</lyric>
<type>half</type>
</note>
</measure>
<measure number='33'>
<note><pitch><step>A</step>
<octave>3</octave>
</pitch>
<duration>4</duration>
<lyric number='1'><syllabic>end</syllabic>
<text>tifs,</text>
</lyric>
<type>whole</type>
</note>
</measure>
<measure number='34'>
<note><pitch><step>F</step>
<octave>3</octave>
</pitch>
<duration>4</duration>
<lyric number='1'><syllabic>single</syllabic>
<text>et</text>
</lyric>
<type>whole</type>
</note>
</measure>
<measure number='35'>
<note><pitch><step>E</step>
<octave>3</octave>
</pitch>
<duration>2</duration>
<lyric number='1'><syllabic>single</syllabic>
<text>d'un</text>
</lyric>
<type>half</type>
</note>
<note><pitch><step>D</step>
<octave>3</octave>
</pitch>
<duration>2</duration>
<lyric number='1'><syllabic>begin</syllabic>
<text>las</text>
</lyric>
<type>half</type>
</note>
</measure>
<measure number='36'>
<note><pitch><step>D</step>
<octave>3</octave>
</pitch>
<duration>2</duration>
<lyric number='1'><syllabic>end</syllabic>
<text>che</text>
</lyric>
<type>half</type>
</note>
<note><pitch><step>C</step>
<octave>3</octave>
</pitch>
<duration>2</duration>
<lyric number='1'><syllabic>begin</syllabic>
<text>vain</text>
</lyric>
<type>half</type>
</note>
</measure>
<measure number='37'>
<note><pitch><step>D</step>
<octave>3</octave>
</pitch>
<duration>4</duration>
<lyric number='1'><syllabic>end</syllabic>
<text>queur.</text>
</lyric>
<type>whole</type>
</note>
</measure>
</part>
</score-partwise>
