<?xml version="1.0" encoding="UTF-8"?>
<!DOCTYPE score-partwise PUBLIC "-//Recordare//DTD MusicXML 2.0 Partwise//EN"
  "http://www.musicxml.org/dtds/partwise.dtd">

<score-partwise><part-list><score-part id='P1'><part-name>MusicXML Part</part-name>
</score-part>
</part-list>
<part id='P1'><measure number='1'><attributes><divisions>1</divisions>
<key><fifths>0</fifths>
<mode>major</mode>
</key>
<time symbol='cut'><beats>2</beats>
<beat-type>2</beat-type>
</time>
<clef><sign>C</sign>
<line>4</line>
</clef>
</attributes>
<note><pitch><step>D</step>
<octave>3</octave>
</pitch>
<duration>4</duration>
<lyric number='1'><syllabic>single</syllabic>
<text>Quand</text>
</lyric>
<type>whole</type>
</note>
</measure>
<measure number='2'>
<note><pitch><step>F</step>
<octave>3</octave>
</pitch>
<duration>2</duration>
<lyric number='1'><syllabic>begin</syllabic>
<text>Is</text>
</lyric>
<type>half</type>
</note>
<note><pitch><step>A</step>
<octave>3</octave>
</pitch>
<duration>2</duration>
<lyric number='1'><syllabic>middle</syllabic>
<text>ra</text>
</lyric>
<type>half</type>
</note>
</measure>
<measure number='3'>
<note><pitch><step>A</step>
<octave>3</octave>
</pitch>
<duration>2</duration>
<lyric number='1'><syllabic>end</syllabic>
<text>ël</text>
</lyric>
<type>half</type>
</note>
<note><pitch><step>G</step>
<octave>3</octave>
</pitch>
<duration>2</duration>
<lyric number='1'><syllabic>begin</syllabic>
<text>sor</text>
</lyric>
<type>half</type>
</note>
</measure>
<measure number='4'>
<note><pitch><step>A</step>
<octave>3</octave>
</pitch>
<duration>4</duration>
<lyric number='1'><syllabic>end</syllabic>
<text>tit</text>
</lyric>
<type>whole</type>
</note>
</measure>
<measure number='5'>
<note><rest></rest>
<duration>4</duration>
<type>whole</type>
</note>
</measure>
<measure number='6'>
<note><pitch><step>A</step>
<octave>3</octave>
</pitch>
<duration>4</duration>
<lyric number='1'><syllabic>single</syllabic>
<text>du</text>
</lyric>
<type>whole</type>
</note>
</measure>
<measure number='7'>
<note><pitch><step>C</step>
<octave>4</octave>
</pitch>
<duration>2</duration>
<lyric number='1'><syllabic>begin</syllabic>
<text>ri</text>
</lyric>
<type>half</type>
</note>
<note><pitch><step>D</step>
<octave>4</octave>
</pitch>
<duration>2</duration>
<lyric number='1'><syllabic>middle</syllabic>
<text>gou</text>
</lyric>
<type>half</type>
</note>
</measure>
<measure number='8'>
<note><pitch><step>E</step>
<octave>4</octave>
</pitch>
<duration>2</duration>
<lyric number='1'><syllabic>end</syllabic>
<text>reux</text>
</lyric>
<type>half</type>
</note>
<note><pitch><step>D</step>
<octave>4</octave>
</pitch>
<duration>2</duration>
<lyric number='1'><syllabic>begin</syllabic>
<text>ser</text>
</lyric>
<type>half</type>
</note>
</measure>
<measure number='9'>
<note><pitch><step>C</step>
<octave>4</octave>
</pitch>
<duration>4</duration>
<lyric number='1'><syllabic>middle</syllabic>
<text>va</text>
</lyric>
<type>whole</type>
</note>
</measure>
<measure number='10'>
<note><pitch><step>D</step>
<octave>4</octave>
</pitch>
<duration>4</duration>
<lyric number='1'><syllabic>end</syllabic>
<text>ge</text>
</lyric>
<type>whole</type>
</note>
</measure>
<measure number='11'>
<note><pitch><step>D</step>
<octave>3</octave>
</pitch>
<duration>4</duration>
<lyric number='1'><syllabic>single</syllabic>
<text>Des</text>
</lyric>
<type>whole</type>
</note>
</measure>
<measure number='12'>
<note><pitch><step>D</step>
<octave>3</octave>
</pitch>
<duration>2</duration>
<lyric number='1'><syllabic>begin</syllabic>
<text>bar</text>
</lyric>
<type>half</type>
</note>
<note><pitch><step>A</step>
<octave>3</octave>
</pitch>
<duration>2</duration>
<lyric number='1'><syllabic>middle</syllabic>
<text>ba</text>
</lyric>
<type>half</type>
</note>
</measure>
<measure number='13'>
<note><pitch><step>A</step>
<octave>3</octave>
</pitch>
<duration>2</duration>
<lyric number='1'><syllabic>end</syllabic>
<text>res</text>
</lyric>
<type>half</type>
</note>
<note><pitch><step>F</step>
<octave>3</octave>
</pitch>
<duration>2</duration>
<lyric number='1'><syllabic>begin</syllabic>
<text>E</text>
</lyric>
<type>half</type>
</note>
</measure>
<measure number='14'>
<note><pitch><step>G</step>
<octave>3</octave>
</pitch>
<duration>2</duration>
<lyric number='1'><syllabic>middle</syllabic>
<text>gyp</text>
</lyric>
<type>half</type>
</note>
<note><pitch><step>G</step>
<octave>3</octave>
</pitch>
<duration>2</duration>
<lyric number='1'><syllabic>middle</syllabic>
<text>ti</text>
</lyric>
<type>half</type>
</note>
</measure>
<measure number='15'>
<note><pitch><step>A</step>
<octave>3</octave>
</pitch>
<duration>4</duration>
<lyric number='1'><syllabic>end</syllabic>
<text>ens,</text>
</lyric>
<type>whole</type>
</note>
</measure>
<measure number='16'>
<note><rest></rest>
<duration>4</duration>
<type>whole</type>
</note>
</measure>
<measure number='17'>
<note><pitch><step>A</step>
<octave>3</octave>
</pitch>
<duration>4</duration>
<lyric number='1'><syllabic>single</syllabic>
<text>Le</text>
</lyric>
<type>whole</type>
</note>
</measure>
<measure number='18'>
<note><pitch><step>A</step>
<octave>3</octave>
</pitch>
<duration>2</duration>
<lyric number='1'><syllabic>begin</syllabic>
<text>Mo</text>
</lyric>
<type>half</type>
</note>
<note><pitch><step>G</step>
<octave>3</octave>
</pitch>
<duration>2</duration>
<lyric number='1'><syllabic>middle</syllabic>
<text>nar</text>
</lyric>
<type>half</type>
</note>
</measure>
<measure number='19'>
<note><pitch><step>A</step>
<octave>3</octave>
</pitch>
<duration>2</duration>
<lyric number='1'><syllabic>end</syllabic>
<text>que</text>
</lyric>
<type>half</type>
</note>
<note><pitch><step>B</step>
<octave>3</octave>
</pitch>
<duration>2</duration>
<lyric number='1'><syllabic>single</syllabic>
<text>des</text>
</lyric>
<type>half</type>
</note>
</measure>
<measure number='20'>
<note><pitch><step>C</step>
<octave>4</octave>
</pitch>
<duration>4</duration>
<lyric number='1'><syllabic>single</syllabic>
<text>Cieux,</text>
</lyric>
<type>whole</type>
</note>
</measure>
<measure number='21'>
<note><pitch><step>G</step>
<octave>3</octave>
</pitch>
<duration>4</duration>
<lyric number='1'><syllabic>single</syllabic>
<text>en</text>
</lyric>
<type>whole</type>
</note>
</measure>
<measure number='22'>
<note><pitch><step>C</step>
<octave>4</octave>
</pitch>
<duration>2</duration>
<lyric number='1'><syllabic>begin</syllabic>
<text>bri</text>
</lyric>
<type>half</type>
</note>
<note><pitch><step>B</step>
<octave>3</octave>
</pitch>
<duration>2</duration>
<lyric number='1'><syllabic>end</syllabic>
<text>sant</text>
</lyric>
<type>half</type>
</note>
</measure>
<measure number='23'>
<note><pitch><step>A</step>
<octave>3</octave>
</pitch>
<duration>2</duration>
<lyric number='1'><syllabic>single</syllabic>
<text>ces</text>
</lyric>
<type>half</type>
</note>
<note><pitch><step>G</step>
<octave>3</octave>
</pitch>
<duration>2</duration>
<lyric number='1'><syllabic>begin</syllabic>
<text>li</text>
</lyric>
<type>half</type>
</note>
</measure>
<measure number='24'>
<note><pitch><step>A</step>
<octave>3</octave>
</pitch>
<duration>4</duration>
<lyric number='1'><syllabic>end</syllabic>
<text>ens,</text>
</lyric>
<type>whole</type>
</note>
</measure>
<measure number='25'>
<note><rest></rest>
<duration>4</duration>
<type>whole</type>
</note>
</measure>
<measure number='26'>
<note><pitch><step>F</step>
<octave>3</octave>
</pitch>
<duration>4</duration>
<lyric number='1'><syllabic>single</syllabic>
<text>Le</text>
</lyric>
<type>whole</type>
</note>
</measure>
<measure number='27'>
<note><pitch><step>F</step>
<octave>3</octave>
</pitch>
<duration>2</duration>
<lyric number='1'><syllabic>begin</syllabic>
<text>choi</text>
</lyric>
<type>half</type>
</note>
<note><pitch><step>G</step>
<octave>3</octave>
</pitch>
<duration>2</duration>
<lyric number='1'><syllabic>end</syllabic>
<text>sit</text>
</lyric>
<type>half</type>
</note>
</measure>
<measure number='28'>
<note><pitch><step>A</step>
<octave>3</octave>
</pitch>
<duration>2</duration>
<lyric number='1'><syllabic>single</syllabic>
<text>pour</text>
</lyric>
<type>half</type>
</note>
<note><pitch><step>A</step>
<octave>3</octave>
</pitch>
<duration>2</duration>
<lyric number='1'><syllabic>single</syllabic>
<text>son</text>
</lyric>
<type>half</type>
</note>
</measure>
<measure number='29'>
<note><pitch><step>B</step>
<alter>-1</alter>
<octave>3</octave>
</pitch>
<duration>2</duration>
<lyric number='1'><syllabic>begin</syllabic>
<text>he</text>
</lyric>
<type>half</type>
</note>
<note><pitch><step>A</step>
<octave>3</octave>
</pitch>
<duration>2</duration>
<lyric number='1'><syllabic>middle</syllabic>
<text>ri</text>
</lyric>
<type>half</type>
</note>
</measure>
<measure number='30'>
<note><pitch><step>G</step>
<octave>3</octave>
</pitch>
<duration>4</duration>
<lyric number='1'><syllabic>middle</syllabic>
<text>ta</text>
</lyric>
<type>whole</type>
</note>
</measure>
<measure number='31'>
<note><pitch><step>F</step>
<octave>3</octave>
</pitch>
<duration>4</duration>
<lyric number='1'><syllabic>end</syllabic>
<text>ge,</text>
</lyric>
<type>whole</type>
</note>
</measure>
<measure number='32'>
<note><pitch><step>E</step>
<octave>3</octave>
</pitch>
<duration>4</duration>
<lyric number='1'><syllabic>single</syllabic>
<text>Et</text>
</lyric>
<type>whole</type>
</note>
</measure>
<measure number='33'>
<note><pitch><step>F</step>
<octave>3</octave>
</pitch>
<duration>2</duration>
<lyric number='1'><syllabic>single</syllabic>
<text>le</text>
</lyric>
<type>half</type>
</note>
<note><pitch><step>G</step>
<octave>3</octave>
</pitch>
<duration>2</duration>
<lyric number='1'><syllabic>begin</syllabic>
<text>com</text>
</lyric>
<type>half</type>
</note>
</measure>
<measure number='34'>
<note><pitch><step>A</step>
<octave>3</octave>
</pitch>
<duration>4</duration>
<lyric number='1'><syllabic>end</syllabic>
<text>bla</text>
</lyric>
<type>whole</type>
</note>
</measure>
<measure number='35'>
<note><pitch><step>D</step>
<octave>3</octave>
</pitch>
<duration>2</duration>
<lyric number='1'><syllabic>single</syllabic>
<text>de</text>
</lyric>
<type>half</type>
</note>
<note><pitch><step>F</step>
<octave>3</octave>
</pitch>
<duration>2</duration>
<lyric number='1'><syllabic>begin</syllabic>
<text>mil</text>
</lyric>
<type>half</type>
</note>
</measure>
<measure number='36'>
<note><pitch><step>E</step>
<octave>3</octave>
</pitch>
<duration>4</duration>
<lyric number='1'><syllabic>end</syllabic>
<text>le</text>
</lyric>
<type>whole</type>
</note>
</measure>
<measure number='37'>
<note><pitch><step>D</step>
<octave>3</octave>
</pitch>
<duration>4</duration>
<lyric number='1'><syllabic>single</syllabic>
<text>biens.</text>
</lyric>
<type>whole</type>
</note>
</measure>
</part>
</score-partwise>
