{"ref": "godeau1658", "title": "Les Psaumes en vers fran\u00e7ais", "short_title": "Godeau 1658", "description": "<p>\r\n\t<em>Paraphrase des Pseaumes de David, en vers franc\u031cois. Par Antoine Godeau... Nouvellement mis en musique ou chant spirituel &amp; facile pour la consolation des ames. Par Antoine Lardenois. Seconde &eacute;dition, </em>[Niort, Philippe Bureau], 1658. Ex.&nbsp;Paris BnF</p>\r\n<p>\r\n\t&Eacute;d. A Tacaille, saisie Jean-Michel Noailly, corrections Olivier Collet.</p>\r\n", "is_public": true, "short_description": "Les Psaumes en vers fran\u00e7ais d\u2019Antoine Godeau, mis en musique par Antoine Lardenois (1658).", "licence_code": null, "copyright": null, "supervisors": null}