{"ref": "ctf", "title": "Timbres des chansons des compagnons du Tour de France", "short_title": "CTF", "description": "<p>\r\n\tLe travail de prospection des timbres est pr&eacute;alable &agrave; la compr&eacute;hension des m&eacute;canismes de m&eacute;morisation et de transmission du format chanson. Les timbres utilis&eacute;s par les compagnons renseignent sur les airs &agrave; la mode aux diff&eacute;rentes &eacute;poques, sur leurs go&ucirc;ts et sur leurs choix. La recherche des timbres donnent aussi acc&egrave;s aux m&eacute;lodies avant la notation sur partition et les travaux de collectage. L&rsquo;identification des m&eacute;lodies &agrave; partir d&rsquo;indications de timbres est un v&eacute;ritable travail d&rsquo;investigation. Marl&egrave;ne Belly a list&eacute; les int&eacute;r&ecirc;ts scientifiques de ces recherches sur les timbres et signale que l&rsquo;air retrouv&eacute; ne sera toujours qu&rsquo;&nbsp;&laquo;&nbsp;un &eacute;tat, &agrave; un moment donn&eacute; et dans un cadre pr&eacute;cis de la ligne m&eacute;lodique&nbsp;<a href=\"#_ftn1\" name=\"_ftnref1\" title=\"\">[1]</a>&raquo;. La difficult&eacute; de restitution de ces m&eacute;lodies provient en partie de leur position charni&egrave;re entre l&rsquo;oral et l&rsquo;&eacute;crit. Genre compositionnel&nbsp; &laquo;&nbsp;hybride&nbsp;&raquo; selon Jean Molino, la somme de sources sur la chanson sur timbre donne le vertige.</p>\r\n<p>\r\n\tCertains airs sont donn&eacute;s dans des recueils importants comme <em>La Cl&eacute; du Caveau </em>&nbsp;et facilement retrouvables gr&acirc;ce &agrave; la mention du timbre. D&rsquo;autres, comme <em>Rendez-moi mon l&eacute;ger bateau</em>, se trouvent dans des recueils de chants anonyme<a href=\"#_ftn1\" name=\"_ftnref1\" title=\"\">[1]</a> et les retrouver n&eacute;cessite davantage de recherches. La formule d&eacute;signative donn&eacute;e dans les chansonniers compagnonniques complique parfois l&rsquo;exercice car elle peut &ecirc;tre un faux-timbre, ce qui justifierait que certaines m&eacute;lodies n&rsquo;aient pas &eacute;t&eacute; retrouv&eacute;es. D&rsquo;une mani&egrave;re ou d&rsquo;une autre, la recherche de timbres nous a permis d&rsquo;identifier 175 airs de chants de compagnons.</p>\r\n<p>\r\n\tJulie Hyvert</p>\r\n<div>\r\n\t<br clear=\"all\" />\r\n\t<hr align=\"left\" size=\"1\" width=\"33%\" />\r\n\t<div id=\"ftn1\">\r\n\t\t<p>\r\n\t\t\t<a href=\"#_ftnref1\" name=\"_ftn1\" title=\"\">[1]</a> Anonyme, <em>Collection</em>, [s.l], [s.d]. Recueil contenant quinze pi&egrave;ces vocales et quatorze pi&egrave;ces instrumentales.</p>\r\n\t</div>\r\n</div>\r\n<div>\r\n\t<br clear=\"all\" />\r\n\t<hr align=\"left\" size=\"1\" width=\"33%\" />\r\n\t<div id=\"ftn1\">\r\n\t\t<p>\r\n\t\t\t<a href=\"#_ftnref1\" name=\"_ftn1\" title=\"\">[1]</a> Belly, Marl&egrave;ne, &laquo;&nbsp;Patrice Coirault, d&rsquo;une &laquo;&nbsp;t&ecirc;te chercheuse&nbsp;&raquo; d&rsquo;hier aux promoteurs d&rsquo;aujourd&rsquo;hui&nbsp;&raquo;, <em>L&#39;Ethnomusicologie de la France: </em><em>De l&#39;&quot;ancienne civilisation paysanne&quot; &agrave; la globalisation</em>, L&rsquo;Harmattan, 2009.</p>\r\n\t</div>\r\n</div>\r\n<p>\r\n\t&nbsp;</p>\r\n", "is_public": true, "short_description": "Timbres des chansons des compagnons du Tour de France", "licence_notice": ""}