<?xml version="1.0" encoding="UTF-8"?><!DOCTYPE score-partwise PUBLIC "-//Recordare//DTD MusicXML 2.0 Partwise//EN"                                "http://www.musicxml.org/dtds/partwise.dtd"><score-partwise version="2.0">  <movement-title>Psalme XXXIIII</movement-title>  <identification>    <encoding>      <software>Finale 2011 for Macintosh</software>      <software>Dolet Light for Finale 2011</software>      <encoding-date>2017-05-16</encoding-date>      <supports attribute="new-system" element="print" type="yes" value="yes"/>      <supports attribute="new-page" element="print" type="yes" value="yes"/>    </encoding>  </identification>  <defaults>    <scaling>      <millimeters>7.112</millimeters>      <tenths>40</tenths>    </scaling>    <page-layout>      <page-height>1671</page-height>      <page-width>1181</page-width>      <page-margins type="both">        <left-margin>28</left-margin>        <right-margin>28</right-margin>        <top-margin>28</top-margin>        <bottom-margin>28</bottom-margin>      </page-margins>    </page-layout>    <system-layout>      <system-margins>        <left-margin>0</left-margin>        <right-margin>556</right-margin>      </system-margins>      <system-distance>92</system-distance>      <top-system-distance>52</top-system-distance>    </system-layout>    <appearance>      <line-width type="stem">0.7487</line-width>      <line-width type="beam">5</line-width>      <line-width type="staff">0.7487</line-width>      <line-width type="light barline">0.7487</line-width>      <line-width type="heavy barline">5</line-width>      <line-width type="leger">0.7487</line-width>      <line-width type="ending">1.4583</line-width>      <line-width type="wedge">1.4583</line-width>      <line-width type="enclosure">0.7487</line-width>      <line-width type="tuplet bracket">0.7487</line-width>      <note-size type="grace">60</note-size>      <note-size type="cue">60</note-size>    </appearance>    <music-font font-family="Maestro" font-size="20.2"/>    <word-font font-family="Times New Roman" font-size="10.1"/>    <lyric-font font-family="Times New Roman" font-size="10.1" name="verse"/>  </defaults>  <credit page="1">    <credit-words default-x="511" default-y="1551" font-size="15.1" valign="top">Psalme XXXIIII</credit-words>  </credit>  <part-list>    <score-part id="P1">      <part-name print-object="no">MusicXML Part</part-name>      <score-instrument id="P1-I2">        <instrument-name>SmartMusic SoftSynth</instrument-name>      </score-instrument>      <midi-instrument id="P1-I2">        <midi-channel>1</midi-channel>        <midi-program>55</midi-program>        <volume>80</volume>        <pan>0</pan>      </midi-instrument>    </score-part>  </part-list>  <!--=========================================================-->  <part id="P1">    <measure number="1" width="223">      <print>        <system-layout>          <system-margins>            <left-margin>72</left-margin>            <right-margin>0</right-margin>          </system-margins>          <top-system-distance>176</top-system-distance>        </system-layout>        <measure-numbering>system</measure-numbering>      </print>      <attributes>        <divisions>2</divisions>        <key>          <fifths>-1</fifths>          <mode>major</mode>        </key>        <time symbol="cut">          <beats>2</beats>          <beat-type>2</beat-type>        </time>        <clef>          <sign>C</sign>          <line>4</line>        </clef>      </attributes>      <sound tempo="120"/>      <note default-x="107">        <pitch>          <step>D</step>          <octave>4</octave>        </pitch>        <duration>4</duration>        <voice>1</voice>        <type>half</type>        <stem default-y="-40">down</stem>        <lyric default-y="-80" number="1">          <syllabic>single</syllabic>          <text font-size="11.8">1.Je</text>        </lyric>      </note>      <note default-x="165">        <pitch>          <step>G</step>          <octave>3</octave>        </pitch>        <duration>4</duration>        <voice>1</voice>        <type>half</type>        <stem default-y="11">up</stem>        <lyric default-y="-80" number="1">          <syllabic>single</syllabic>          <text font-size="11.8">vai</text>        </lyric>      </note>      <barline location="right">        <bar-style>none</bar-style>      </barline>    </measure>    <!--=======================================================-->    <measure number="2" width="155">      <note default-x="14">        <pitch>          <step>B</step>          <alter>-1</alter>          <octave>3</octave>        </pitch>        <duration>2</duration>        <voice>1</voice>        <type>quarter</type>        <stem default-y="-50">down</stem>        <lyric default-y="-80" number="1">          <syllabic>begin</syllabic>          <text font-size="11.8">be</text>        </lyric>      </note>      <note default-x="58">        <pitch>          <step>A</step>          <octave>3</octave>        </pitch>        <duration>2</duration>        <voice>1</voice>        <type>quarter</type>        <stem default-y="-55">down</stem>        <lyric default-y="-80" number="1">          <syllabic>end</syllabic>          <text font-size="11.8">nir,</text>        </lyric>      </note>      <note default-x="113">        <pitch>          <step>G</step>          <octave>3</octave>        </pitch>        <duration>4</duration>        <voice>1</voice>        <type>half</type>        <stem default-y="11">up</stem>        <lyric default-y="-80" number="1">          <syllabic>single</syllabic>          <text font-size="11.8">sans</text>        </lyric>      </note>      <barline location="right">        <bar-style>none</bar-style>      </barline>    </measure>    <!--=======================================================-->    <measure number="3" width="143">      <note default-x="13">        <pitch>          <step>F</step>          <octave>3</octave>        </pitch>        <duration>2</duration>        <voice>1</voice>        <type>quarter</type>        <stem default-y="5">up</stem>        <lyric default-y="-80" number="1">          <syllabic>begin</syllabic>          <text font-size="11.8">re</text>        </lyric>      </note>      <note default-x="57">        <pitch>          <step>E</step>          <octave>3</octave>        </pitch>        <duration>2</duration>        <voice>1</voice>        <type>quarter</type>        <stem default-y="0">up</stem>        <lyric default-y="-80" number="1">          <syllabic>middle</syllabic>          <text font-size="11.8">lâ</text>        </lyric>      </note>      <note default-x="104">        <pitch>          <step>D</step>          <octave>3</octave>        </pitch>        <duration>4</duration>        <voice>1</voice>        <type>half</type>        <stem default-y="-5">up</stem>        <lyric default-y="-80" number="1">          <syllabic>end</syllabic>          <text font-size="11.8">cher</text>        </lyric>      </note>      <barline location="right">        <bar-style>none</bar-style>      </barline>    </measure>    <!--=======================================================-->    <measure number="4" width="130">      <note default-x="13">        <rest/>        <duration>4</duration>        <voice>1</voice>        <type>half</type>      </note>      <note default-x="73">        <pitch>          <step>D</step>          <octave>4</octave>        </pitch>        <duration>4</duration>        <voice>1</voice>        <type>half</type>        <stem default-y="-40">down</stem>        <lyric default-y="-80" number="1">          <syllabic>single</syllabic>          <text font-size="11.8">2.De</text>        </lyric>      </note>      <barline location="right">        <bar-style>none</bar-style>      </barline>    </measure>    <!--=======================================================-->    <measure number="5" width="130">      <note default-x="14">        <pitch>          <step>E</step>          <octave>4</octave>        </pitch>        <duration>4</duration>        <voice>1</voice>        <type>half</type>        <stem default-y="-35.5">down</stem>        <lyric default-y="-80" number="1" relative-x="8">          <syllabic>single</syllabic>          <text font-size="11.8">DIEU</text>        </lyric>      </note>      <note default-x="72">        <pitch>          <step>F</step>          <octave>4</octave>        </pitch>        <duration>4</duration>        <voice>1</voice>        <type>half</type>        <stem default-y="-30.5">down</stem>        <lyric default-y="-80" number="1">          <syllabic>single</syllabic>          <text font-size="11.8">les</text>        </lyric>      </note>      <barline location="right">        <bar-style>none</bar-style>      </barline>    </measure>    <!--=======================================================-->    <measure number="6" width="164">      <note default-x="14">        <pitch>          <step>E</step>          <octave>4</octave>        </pitch>        <duration>2</duration>        <voice>1</voice>        <type>quarter</type>        <stem default-y="-35.5">down</stem>        <lyric default-y="-80" number="1">          <syllabic>begin</syllabic>          <text font-size="11.8">ex</text>        </lyric>      </note>      <note default-x="70">        <pitch>          <step>D</step>          <octave>4</octave>        </pitch>        <duration>2</duration>        <voice>1</voice>        <type>quarter</type>        <stem default-y="-40">down</stem>        <lyric default-y="-80" number="1">          <syllabic>middle</syllabic>          <text font-size="11.8">cel</text>        </lyric>      </note>      <note default-x="116">        <pitch>          <step>C</step>          <octave>4</octave>        </pitch>        <duration>4</duration>        <voice>1</voice>        <type>half</type>        <stem default-y="-45">down</stem>        <lyric default-y="-80" number="1">          <syllabic>middle</syllabic>          <text font-size="11.8">len</text>        </lyric>      </note>      <barline location="right">        <bar-style>none</bar-style>      </barline>    </measure>    <!--=======================================================-->    <measure number="7" width="110">      <note default-x="14">        <pitch>          <step>D</step>          <octave>4</octave>        </pitch>        <duration>4</duration>        <voice>1</voice>        <type>half</type>        <stem default-y="-40">down</stem>        <lyric default-y="-80" number="1">          <syllabic>end</syllabic>          <text font-size="11.8">ces</text>        </lyric>      </note>      <note default-x="60">        <rest/>        <duration>4</duration>        <voice>1</voice>        <type>half</type>      </note>      <barline location="right">        <bar-style>none</bar-style>      </barline>    </measure>    <!--=======================================================-->    <measure number="8" width="203">      <print new-system="yes">        <system-layout>          <system-margins>            <left-margin>0</left-margin>            <right-margin>0</right-margin>          </system-margins>          <system-distance>86</system-distance>        </system-layout>      </print>      <note default-x="75">        <pitch>          <step>D</step>          <octave>4</octave>        </pitch>        <duration>4</duration>        <voice>1</voice>        <type>half</type>        <stem default-y="-40">down</stem>        <lyric default-y="-80" number="1">          <syllabic>single</syllabic>          <text font-size="11.8">3.Et</text>        </lyric>      </note>      <note default-x="139">        <pitch>          <step>G</step>          <octave>3</octave>        </pitch>        <duration>4</duration>        <voice>1</voice>        <type>half</type>        <stem default-y="10.5">up</stem>        <lyric default-y="-80" number="1">          <syllabic>begin</syllabic>          <text font-size="11.8">tous</text>        </lyric>      </note>      <barline location="right">        <bar-style>none</bar-style>      </barline>    </measure>    <!--=======================================================-->    <measure number="9" width="168">      <note default-x="14">        <pitch>          <step>B</step>          <alter>-1</alter>          <octave>3</octave>        </pitch>        <duration>2</duration>        <voice>1</voice>        <type>quarter</type>        <stem default-y="-50.5">down</stem>        <lyric default-y="-80" number="1" relative-x="5">          <syllabic>end</syllabic>          <text font-size="11.8">jours</text>        </lyric>      </note>      <note default-x="71">        <pitch>          <step>A</step>          <octave>3</octave>        </pitch>        <duration>2</duration>        <voice>1</voice>        <type>quarter</type>        <stem default-y="-55.5">down</stem>        <lyric default-y="-80" number="1">          <syllabic>single</syllabic>          <text font-size="11.8">le</text>        </lyric>      </note>      <note default-x="123">        <pitch>          <step>G</step>          <octave>3</octave>        </pitch>        <duration>4</duration>        <voice>1</voice>        <type>half</type>        <stem default-y="10.5">up</stem>        <lyric default-y="-80" number="1">          <syllabic>single</syllabic>          <text font-size="11.8">los</text>        </lyric>      </note>      <barline location="right">        <bar-style>none</bar-style>      </barline>    </measure>    <!--=======================================================-->    <measure number="10" width="184">      <note default-x="14">        <pitch>          <step>F</step>          <octave>3</octave>        </pitch>        <duration>2</duration>        <voice>1</voice>        <type>quarter</type>        <stem default-y="5.5">up</stem>        <lyric default-y="-80" number="1">          <syllabic>begin</syllabic>          <text font-size="11.8">en</text>        </lyric>      </note>      <note default-x="74">        <pitch>          <step>E</step>          <octave>3</octave>        </pitch>        <duration>2</duration>        <voice>1</voice>        <type>quarter</type>        <stem default-y="1">up</stem>        <lyric default-y="-80" number="1">          <syllabic>middle</syllabic>          <text font-size="11.8">bou</text>        </lyric>      </note>      <note default-x="126">        <pitch>          <step>D</step>          <octave>3</octave>        </pitch>        <duration>4</duration>        <voice>1</voice>        <type>half</type>        <stem default-y="-4">up</stem>        <lyric default-y="-80" number="1">          <syllabic>end</syllabic>          <text font-size="11.8">cher</text>        </lyric>      </note>      <barline location="right">        <bar-style>none</bar-style>      </barline>    </measure>    <!--=======================================================-->    <measure number="11" width="143">      <note default-x="13">        <rest/>        <duration>4</duration>        <voice>1</voice>        <type>half</type>      </note>      <note default-x="79">        <pitch>          <step>D</step>          <octave>4</octave>        </pitch>        <duration>4</duration>        <voice>1</voice>        <type>half</type>        <stem default-y="-40">down</stem>        <lyric default-y="-80" number="1">          <syllabic>single</syllabic>          <text font-size="11.8">4.De</text>        </lyric>      </note>      <barline location="right">        <bar-style>none</bar-style>      </barline>    </measure>    <!--=======================================================-->    <measure number="12" width="142">      <note default-x="14">        <pitch>          <step>E</step>          <octave>4</octave>        </pitch>        <duration>4</duration>        <voice>1</voice>        <type>half</type>        <stem default-y="-35">down</stem>        <lyric default-y="-80" number="1">          <syllabic>single</syllabic>          <text font-size="11.8">ses</text>        </lyric>      </note>      <note default-x="78">        <pitch>          <step>F</step>          <octave>4</octave>        </pitch>        <duration>4</duration>        <voice>1</voice>        <type>half</type>        <stem default-y="-30">down</stem>        <lyric default-y="-80" number="1">          <syllabic>begin</syllabic>          <text font-size="11.8">be</text>        </lyric>      </note>      <barline location="right">        <bar-style>none</bar-style>      </barline>    </measure>    <!--=======================================================-->    <measure number="13" width="157">      <note default-x="14">        <pitch>          <step>E</step>          <octave>4</octave>        </pitch>        <duration>2</duration>        <voice>1</voice>        <type>quarter</type>        <stem default-y="-35">down</stem>        <lyric default-y="-80" number="1">          <syllabic>middle</syllabic>          <text font-size="11.8">ne</text>        </lyric>      </note>      <note default-x="66">        <pitch>          <step>D</step>          <octave>4</octave>        </pitch>        <duration>2</duration>        <voice>1</voice>        <type>quarter</type>        <stem default-y="-40">down</stem>        <lyric default-y="-80" number="1">          <syllabic>middle</syllabic>          <text font-size="11.8">vo</text>        </lyric>      </note>      <note default-x="118">        <pitch>          <step>C</step>          <octave>4</octave>        </pitch>        <duration>4</duration>        <voice>1</voice>        <type>half</type>        <stem default-y="-45.5">down</stem>        <lyric default-y="-80" number="1">          <syllabic>middle</syllabic>          <text font-size="11.8">len</text>        </lyric>      </note>      <barline location="right">        <bar-style>none</bar-style>      </barline>    </measure>    <!--=======================================================-->    <measure number="14" width="128">      <note default-x="14">        <pitch>          <step>D</step>          <octave>4</octave>        </pitch>        <duration>4</duration>        <voice>1</voice>        <type>half</type>        <stem default-y="-40">down</stem>        <lyric default-y="-80" number="1">          <syllabic>end</syllabic>          <text font-size="11.8">ces.</text>        </lyric>      </note>      <note default-x="69">        <rest/>        <duration>4</duration>        <voice>1</voice>        <type>half</type>      </note>      <barline location="right">        <bar-style>none</bar-style>      </barline>    </measure>    <!--=======================================================-->    <measure number="15" width="245">      <print new-system="yes">        <system-layout>          <system-margins>            <left-margin>0</left-margin>            <right-margin>0</right-margin>          </system-margins>          <system-distance>86</system-distance>        </system-layout>      </print>      <note default-x="75">        <pitch>          <step>D</step>          <octave>4</octave>        </pitch>        <duration>4</duration>        <voice>1</voice>        <type>half</type>        <stem default-y="-40">down</stem>        <lyric default-y="-80" number="1" relative-x="10">          <syllabic>single</syllabic>          <text font-size="11.8">5.Mon</text>        </lyric>      </note>      <note default-x="151">        <pitch>          <step>C</step>          <octave>4</octave>        </pitch>        <duration>2</duration>        <voice>1</voice>        <type>quarter</type>        <stem default-y="-45">down</stem>        <lyric default-y="-80" number="1">          <syllabic>begin</syllabic>          <text font-size="11.8">es</text>        </lyric>      </note>      <note default-x="198">        <pitch>          <step>A</step>          <octave>3</octave>        </pitch>        <duration>2</duration>        <voice>1</voice>        <type>quarter</type>        <stem default-y="-55">down</stem>        <lyric default-y="-80" number="1">          <syllabic>end</syllabic>          <text font-size="11.8">prit</text>        </lyric>      </note>      <barline location="right">        <bar-style>none</bar-style>      </barline>    </measure>    <!--=======================================================-->    <measure number="16" width="236">      <note default-x="14">        <pitch>          <step>C</step>          <octave>4</octave>        </pitch>        <duration>2</duration>        <voice>1</voice>        <type>quarter</type>        <stem default-y="-45">down</stem>        <lyric default-y="-80" number="1">          <syllabic>single</syllabic>          <text font-size="11.8">ne</text>        </lyric>      </note>      <note default-x="70">        <pitch>          <step>D</step>          <octave>4</octave>        </pitch>        <duration>2</duration>        <voice>1</voice>        <type>quarter</type>        <stem default-y="-40">down</stem>        <lyric default-y="-80" number="1">          <syllabic>single</syllabic>          <text font-size="11.8">veut</text>        </lyric>      </note>      <note default-x="125">        <pitch>          <step>B</step>          <alter>-1</alter>          <octave>3</octave>        </pitch>        <duration>2</duration>        <voice>1</voice>        <type>quarter</type>        <stem default-y="-50">down</stem>        <lyric default-y="-80" number="1">          <syllabic>begin</syllabic>          <text font-size="11.8">s'es</text>        </lyric>      </note>      <note default-x="181">        <pitch>          <step>A</step>          <octave>3</octave>        </pitch>        <duration>2</duration>        <voice>1</voice>        <type>quarter</type>        <stem default-y="-55">down</stem>        <lyric default-y="-80" number="1">          <syllabic>middle</syllabic>          <text font-size="11.8">jou</text>        </lyric>      </note>      <barline location="right">        <bar-style>none</bar-style>      </barline>    </measure>    <!--=======================================================-->    <measure number="17" width="138">      <note default-x="14">        <pitch>          <step>G</step>          <octave>3</octave>        </pitch>        <duration>4</duration>        <voice>1</voice>        <type>half</type>        <stem default-y="10.5">up</stem>        <lyric default-y="-80" number="1">          <syllabic>end</syllabic>          <text font-size="11.8">yr</text>        </lyric>      </note>      <note default-x="74">        <rest/>        <duration>4</duration>        <voice>1</voice>        <type>half</type>      </note>      <barline location="right">        <bar-style>none</bar-style>      </barline>    </measure>    <!--=======================================================-->    <measure number="18" width="199">      <note default-x="13">        <pitch>          <step>G</step>          <octave>3</octave>        </pitch>        <duration>4</duration>        <voice>1</voice>        <type>half</type>        <stem default-y="10.5">up</stem>        <lyric default-y="-80" number="1" relative-x="15">          <syllabic>single</syllabic>          <text font-size="11.8">6.Qu'en</text>        </lyric>      </note>      <note default-x="96">        <pitch>          <step>D</step>          <octave>3</octave>        </pitch>        <duration>2</duration>        <voice>1</voice>        <type>quarter</type>        <stem default-y="-4.5">up</stem>        <lyric default-y="-80" number="1">          <syllabic>single</syllabic>          <text font-size="11.8">sa</text>        </lyric>      </note>      <note default-x="147">        <pitch>          <step>E</step>          <octave>3</octave>        </pitch>        <duration>2</duration>        <voice>1</voice>        <type>quarter</type>        <stem default-y="0.5">up</stem>        <lyric default-y="-80" number="1">          <syllabic>begin</syllabic>          <text font-size="11.8">bon</text>        </lyric>      </note>      <barline location="right">        <bar-style>none</bar-style>      </barline>    </measure>    <!--=======================================================-->    <measure number="19" width="179">      <note default-x="13">        <pitch>          <step>F</step>          <octave>3</octave>        </pitch>        <duration>2</duration>        <voice>1</voice>        <type>quarter</type>        <stem default-y="5.5">up</stem>        <lyric default-y="-80" number="1">          <syllabic>end</syllabic>          <text font-size="11.8">té</text>        </lyric>      </note>      <note default-x="75">        <pitch>          <step>D</step>          <octave>3</octave>        </pitch>        <duration>2</duration>        <voice>1</voice>        <type>quarter</type>        <stem default-y="-4.5">up</stem>        <lyric default-y="-80" number="1">          <syllabic>begin</syllabic>          <text font-size="11.8">sa</text>        </lyric>      </note>      <note default-x="131">        <pitch>          <step>A</step>          <octave>3</octave>        </pitch>        <duration>4</duration>        <voice>1</voice>        <type>half</type>        <stem default-y="-55">down</stem>        <lyric default-y="-80" number="1">          <syllabic>middle</syllabic>          <text font-size="11.8">cre</text>        </lyric>      </note>      <barline location="right">        <bar-style>none</bar-style>      </barline>    </measure>    <!--=======================================================-->    <measure number="20" width="129">      <note default-x="14">        <pitch>          <step>D</step>          <octave>3</octave>        </pitch>        <duration>4</duration>        <voice>1</voice>        <type>half</type>        <stem default-y="-4.5">up</stem>        <lyric default-y="-80" number="1">          <syllabic>end</syllabic>          <text font-size="11.8">e,</text>        </lyric>      </note>      <note default-x="70">        <rest/>        <duration>4</duration>        <voice>1</voice>        <type>half</type>      </note>      <barline location="right">        <bar-style>none</bar-style>      </barline>    </measure>    <!--=======================================================-->    <measure number="21" width="243">      <print new-system="yes">        <system-layout>          <system-margins>            <left-margin>0</left-margin>            <right-margin>8</right-margin>          </system-margins>          <system-distance>86</system-distance>        </system-layout>      </print>      <note default-x="75">        <pitch>          <step>D</step>          <octave>4</octave>        </pitch>        <duration>4</duration>        <voice>1</voice>        <type>half</type>        <stem default-y="-40">down</stem>        <lyric default-y="-80" number="1">          <syllabic>single</syllabic>          <text font-size="11.8">7.Ce</text>        </lyric>      </note>      <note default-x="150">        <pitch>          <step>D</step>          <octave>4</octave>        </pitch>        <duration>2</duration>        <voice>1</voice>        <type>quarter</type>        <stem default-y="-40">down</stem>        <lyric default-y="-80" number="1">          <syllabic>single</syllabic>          <text font-size="11.8">que</text>        </lyric>      </note>      <note default-x="197">        <pitch>          <step>C</step>          <octave>4</octave>        </pitch>        <duration>2</duration>        <voice>1</voice>        <type>quarter</type>        <stem default-y="-45">down</stem>        <lyric default-y="-80" number="1">          <syllabic>begin</syllabic>          <text font-size="11.8">fai</text>        </lyric>      </note>      <barline location="right">        <bar-style>none</bar-style>      </barline>    </measure>    <!--=======================================================-->    <measure number="22" width="214">      <note default-x="14">        <pitch>          <step>B</step>          <alter>-1</alter>          <octave>3</octave>        </pitch>        <duration>2</duration>        <voice>1</voice>        <type>quarter</type>        <stem default-y="-50">down</stem>        <lyric default-y="-80" number="1">          <syllabic>end</syllabic>          <text font-size="11.8">sant</text>        </lyric>      </note>      <note default-x="69">        <pitch>          <step>A</step>          <octave>3</octave>        </pitch>        <duration>2</duration>        <voice>1</voice>        <type>quarter</type>        <stem default-y="-55">down</stem>        <lyric default-y="-80" number="1">          <syllabic>single</syllabic>          <text font-size="11.8">à</text>        </lyric>      </note>      <note default-x="125">        <pitch>          <step>G</step>          <octave>3</octave>        </pitch>        <duration>4</duration>        <voice>1</voice>        <type>half</type>        <stem default-y="11">up</stem>        <lyric default-y="-80" number="1">          <syllabic>single</syllabic>          <text font-size="11.8">l'humble</text>        </lyric>      </note>      <barline location="right">        <bar-style>none</bar-style>      </barline>    </measure>    <!--=======================================================-->    <measure number="23" width="120">      <note default-x="14">        <pitch>          <step>A</step>          <octave>3</octave>        </pitch>        <duration>4</duration>        <voice>1</voice>        <type>half</type>        <stem default-y="-55">down</stem>        <lyric default-y="-80" number="1">          <syllabic>begin</syllabic>          <text font-size="11.8">ou</text>        </lyric>      </note>      <note default-x="67">        <pitch>          <step>G</step>          <octave>3</octave>        </pitch>        <duration>4</duration>        <voice>1</voice>        <type>half</type>        <stem default-y="11">up</stem>        <lyric default-y="-80" number="1">          <syllabic>end</syllabic>          <text font-size="11.8">yr</text>        </lyric>      </note>      <barline location="right">        <bar-style>none</bar-style>      </barline>    </measure>    <!--=======================================================-->    <measure number="24" width="163">      <note default-x="14">        <rest/>        <duration>4</duration>        <voice>1</voice>        <type>half</type>      </note>      <note default-x="89">        <pitch>          <step>G</step>          <octave>3</octave>        </pitch>        <duration>4</duration>        <voice>1</voice>        <type>half</type>        <stem default-y="11">up</stem>        <lyric default-y="-80" number="1">          <syllabic>single</syllabic>          <text font-size="11.8">8.Je</text>        </lyric>      </note>      <barline location="right">        <bar-style>none</bar-style>      </barline>    </measure>    <!--=======================================================-->    <measure number="25" width="225">      <note default-x="13">        <pitch>          <step>D</step>          <octave>3</octave>        </pitch>        <duration>2</duration>        <voice>1</voice>        <type>quarter</type>        <stem default-y="-5">up</stem>        <lyric default-y="-80" number="1" relative-x="3">          <syllabic>single</syllabic>          <text font-size="11.8">vueil</text>        </lyric>      </note>      <note default-x="69">        <pitch>          <step>E</step>          <octave>3</octave>        </pitch>        <duration>2</duration>        <voice>1</voice>        <type>quarter</type>        <stem default-y="0">up</stem>        <lyric default-y="-80" number="1">          <syllabic>single</syllabic>          <text font-size="11.8">qu'il</text>        </lyric>      </note>      <note default-x="121">        <pitch>          <step>F</step>          <octave>3</octave>        </pitch>        <duration>2</duration>        <voice>1</voice>        <type>quarter</type>        <stem default-y="5">up</stem>        <lyric default-y="-80" number="1">          <syllabic>single</syllabic>          <text font-size="11.8">se</text>        </lyric>      </note>      <note default-x="173">        <pitch>          <step>G</step>          <octave>3</octave>        </pitch>        <duration>2</duration>        <voice>1</voice>        <type>quarter</type>        <stem default-y="11">up</stem>        <lyric default-y="-80" number="1">          <syllabic>begin</syllabic>          <text font-size="11.8">re</text>        </lyric>      </note>      <barline location="right">        <bar-style>none</bar-style>      </barline>    </measure>    <!--=======================================================-->    <measure number="26" width="152">      <note default-x="14">        <pitch>          <step>A</step>          <octave>3</octave>        </pitch>        <duration>4</duration>        <voice>1</voice>        <type>half</type>        <stem default-y="-55">down</stem>        <lyric default-y="-80" number="1">          <syllabic>middle</syllabic>          <text font-size="11.8">cre</text>        </lyric>      </note>      <note default-x="83">        <pitch>          <step>G</step>          <octave>3</octave>        </pitch>        <duration>4</duration>        <voice>1</voice>        <type>half</type>        <stem default-y="11">up</stem>        <lyric default-y="-80" number="1">          <syllabic>end</syllabic>          <text font-size="11.8">e</text>        </lyric>      </note>      <barline location="right">        <bar-style>none</bar-style>      </barline>    </measure>    <!--=======================================================-->    <measure number="27" width="188">      <print new-system="yes"/>      <note default-x="75">        <rest/>        <duration>4</duration>        <voice>1</voice>        <type>half</type>      </note>      <note default-x="132">        <pitch>          <step>G</step>          <octave>3</octave>        </pitch>        <duration>4</duration>        <voice>1</voice>        <type>half</type>        <stem default-y="10.5">up</stem>        <lyric default-y="-80" number="1">          <syllabic>single</syllabic>          <text font-size="11.8">9.De</text>        </lyric>      </note>      <barline location="right">        <bar-style>none</bar-style>      </barline>    </measure>    <!--=======================================================-->    <measure number="28" width="228">      <note default-x="13">        <pitch>          <step>D</step>          <octave>3</octave>        </pitch>        <duration>2</duration>        <voice>1</voice>        <type>quarter</type>        <stem default-y="-4.5">up</stem>        <lyric default-y="-80" number="1">          <syllabic>begin</syllabic>          <text font-size="11.8">lyes</text>        </lyric>      </note>      <note default-x="67">        <pitch>          <step>E</step>          <octave>3</octave>        </pitch>        <duration>2</duration>        <voice>1</voice>        <type>quarter</type>        <stem default-y="0.5">up</stem>        <lyric default-y="-80" number="1">          <syllabic>end</syllabic>          <text font-size="11.8">se</text>        </lyric>      </note>      <note default-x="121">        <pitch>          <step>F</step>          <octave>3</octave>        </pitch>        <duration>2</duration>        <voice>1</voice>        <type>quarter</type>        <stem default-y="5.5">up</stem>        <lyric default-y="-80" number="1">          <syllabic>begin</syllabic>          <text font-size="11.8">as</text>        </lyric>      </note>      <note default-x="174">        <pitch>          <step>G</step>          <octave>3</octave>        </pitch>        <duration>2</duration>        <voice>1</voice>        <type>quarter</type>        <stem default-y="10.5">up</stem>        <lyric default-y="-80" number="1">          <syllabic>middle</syllabic>          <text font-size="11.8">seu</text>        </lyric>      </note>      <barline location="right">        <bar-style>none</bar-style>      </barline>    </measure>    <!--=======================================================-->    <measure number="29" width="49">      <note default-x="14">        <pitch>          <step>A</step>          <octave>3</octave>        </pitch>        <duration>4</duration>        <voice>1</voice>        <type>half</type>        <stem default-y="-55">down</stem>        <lyric default-y="-80" number="1">          <syllabic>middle</syllabic>          <text font-size="11.8">re</text>        </lyric>      </note>      <forward>        <duration>4</duration>        <voice>1</voice>      </forward>      <barline location="right">        <bar-style>none</bar-style>      </barline>    </measure>    <!--=======================================================-->    <measure number="30" width="105">      <note default-x="13">        <pitch>          <step>G</step>          <octave>3</octave>        </pitch>        <duration>8</duration>        <voice>1</voice>        <type>whole</type>        <lyric default-y="-80" number="1">          <syllabic>end</syllabic>          <text font-size="11.8">e.</text>        </lyric>      </note>      <barline location="right">        <bar-style>light-heavy</bar-style>      </barline>    </measure>  </part>  <!--=========================================================--></score-partwise>