<?xml version="1.0" encoding="UTF-8"?><!DOCTYPE score-partwise PUBLIC "-//Recordare//DTD MusicXML 2.0 Partwise//EN"                                "http://www.musicxml.org/dtds/partwise.dtd"><score-partwise version="2.0">  <movement-title>Psalme XXXVIII</movement-title>  <identification>    <encoding>      <software>Finale 2011 for Macintosh</software>      <software>Dolet Light for Finale 2011</software>      <encoding-date>2017-05-16</encoding-date>      <supports attribute="new-system" element="print" type="yes" value="yes"/>      <supports attribute="new-page" element="print" type="yes" value="yes"/>    </encoding>  </identification>  <defaults>    <scaling>      <millimeters>7.112</millimeters>      <tenths>40</tenths>    </scaling>    <page-layout>      <page-height>1671</page-height>      <page-width>1181</page-width>      <page-margins type="both">        <left-margin>28</left-margin>        <right-margin>28</right-margin>        <top-margin>28</top-margin>        <bottom-margin>28</bottom-margin>      </page-margins>    </page-layout>    <system-layout>      <system-margins>        <left-margin>0</left-margin>        <right-margin>504</right-margin>      </system-margins>      <system-distance>89</system-distance>      <top-system-distance>52</top-system-distance>    </system-layout>    <appearance>      <line-width type="stem">0.7487</line-width>      <line-width type="beam">5</line-width>      <line-width type="staff">0.7487</line-width>      <line-width type="light barline">0.7487</line-width>      <line-width type="heavy barline">5</line-width>      <line-width type="leger">0.7487</line-width>      <line-width type="ending">1.4583</line-width>      <line-width type="wedge">1.4583</line-width>      <line-width type="enclosure">0.7487</line-width>      <line-width type="tuplet bracket">0.7487</line-width>      <note-size type="grace">60</note-size>      <note-size type="cue">60</note-size>    </appearance>    <music-font font-family="Maestro" font-size="20.2"/>    <word-font font-family="Times New Roman" font-size="10.1"/>    <lyric-font font-family="Times New Roman" font-size="10.1" name="verse"/>  </defaults>  <credit page="1">    <credit-words default-x="511" default-y="1551" font-size="15.1" valign="top">Psalme XXXVIII</credit-words>  </credit>  <part-list>    <score-part id="P1">      <part-name print-object="no">MusicXML Part</part-name>      <score-instrument id="P1-I2">        <instrument-name>SmartMusic SoftSynth</instrument-name>      </score-instrument>      <midi-instrument id="P1-I2">        <midi-channel>1</midi-channel>        <midi-program>55</midi-program>        <volume>80</volume>        <pan>0</pan>      </midi-instrument>    </score-part>  </part-list>  <!--=========================================================-->  <part id="P1">    <measure number="1" width="196">      <print>        <system-layout>          <system-margins>            <left-margin>72</left-margin>            <right-margin>0</right-margin>          </system-margins>          <top-system-distance>176</top-system-distance>        </system-layout>        <measure-numbering>system</measure-numbering>      </print>      <attributes>        <divisions>2</divisions>        <key>          <fifths>0</fifths>          <mode>major</mode>        </key>        <time symbol="cut">          <beats>2</beats>          <beat-type>2</beat-type>        </time>        <clef>          <sign>C</sign>          <line>4</line>        </clef>      </attributes>      <sound tempo="120"/>      <note default-x="82">        <pitch>          <step>A</step>          <octave>3</octave>        </pitch>        <duration>4</duration>        <voice>1</voice>        <type>half</type>        <stem default-y="-55">down</stem>        <lyric default-y="-80" number="1">          <syllabic>single</syllabic>          <text font-size="11.8">1.O</text>        </lyric>      </note>      <note default-x="139">        <pitch>          <step>E</step>          <octave>3</octave>        </pitch>        <duration>4</duration>        <voice>1</voice>        <type>half</type>        <stem default-y="0">up</stem>        <lyric default-y="-80" number="1">          <syllabic>begin</syllabic>          <text font-size="11.8">Sou</text>        </lyric>      </note>      <barline location="right">        <bar-style>none</bar-style>      </barline>    </measure>    <!--=======================================================-->    <measure number="2" width="162">      <note default-x="13">        <pitch>          <step>G</step>          <octave>3</octave>        </pitch>        <duration>2</duration>        <voice>1</voice>        <type>quarter</type>        <stem default-y="11">up</stem>        <lyric default-y="-80" number="1">          <syllabic>middle</syllabic>          <text font-size="11.8">ve</text>        </lyric>      </note>      <note default-x="52">        <pitch>          <step>G</step>          <octave>3</octave>        </pitch>        <duration>2</duration>        <voice>1</voice>        <type>quarter</type>        <stem default-y="11">up</stem>        <lyric default-y="-80" number="1">          <syllabic>end</syllabic>          <text font-size="11.8">rain</text>        </lyric>      </note>      <note default-x="105">        <pitch>          <step>A</step>          <octave>3</octave>        </pitch>        <duration>4</duration>        <voice>1</voice>        <type>half</type>        <stem default-y="-55">down</stem>        <lyric default-y="-80" number="1">          <syllabic>single</syllabic>          <text font-size="11.8">/</text>          <elision> </elision>          <syllabic>single</syllabic>          <text font-size="11.8">plus</text>        </lyric>      </note>      <barline location="right">        <bar-style>none</bar-style>      </barline>    </measure>    <!--=======================================================-->    <measure number="3" width="140">      <note default-x="14">        <pitch>          <step>A</step>          <octave>3</octave>        </pitch>        <duration>4</duration>        <voice>1</voice>        <type>half</type>        <stem default-y="-55">down</stem>        <lyric default-y="-80" number="1">          <syllabic>single</syllabic>          <text font-size="11.8">ne</text>        </lyric>      </note>      <note default-x="70">        <pitch>          <step>B</step>          <octave>3</octave>        </pitch>        <duration>2</duration>        <voice>1</voice>        <type>quarter</type>        <stem default-y="-50">down</stem>        <lyric default-y="-80" number="1">          <syllabic>begin</syllabic>          <text font-size="11.8">per</text>        </lyric>      </note>      <note default-x="105">        <pitch>          <step>C</step>          <octave>4</octave>        </pitch>        <duration>2</duration>        <voice>1</voice>        <type>quarter</type>        <stem default-y="-45">down</stem>        <lyric default-y="-80" number="1">          <syllabic>middle</syllabic>          <text font-size="11.8">se</text>        </lyric>      </note>      <barline location="right">        <bar-style>none</bar-style>      </barline>    </measure>    <!--=======================================================-->    <measure number="4" width="127">      <note default-x="14">        <pitch>          <step>B</step>          <octave>3</octave>        </pitch>        <duration>4</duration>        <voice>1</voice>        <type>half</type>        <stem default-y="-50">down</stem>        <lyric default-y="-80" number="1">          <syllabic>middle</syllabic>          <text font-size="11.8">ve</text>        </lyric>      </note>      <note default-x="70">        <pitch>          <step>A</step>          <octave>3</octave>        </pitch>        <duration>4</duration>        <voice>1</voice>        <type>half</type>        <stem default-y="-55">down</stem>        <lyric default-y="-80" number="1">          <syllabic>end</syllabic>          <text font-size="11.8">re</text>        </lyric>      </note>      <barline location="right">        <bar-style>none</bar-style>      </barline>    </measure>    <!--=======================================================-->    <measure number="5" width="128">      <note default-x="14">        <rest/>        <duration>4</duration>        <voice>1</voice>        <type>half</type>      </note>      <note default-x="72">        <pitch>          <step>C</step>          <octave>4</octave>        </pitch>        <duration>4</duration>        <voice>1</voice>        <type>half</type>        <stem default-y="-45">down</stem>        <lyric default-y="-80" number="1">          <syllabic>single</syllabic>          <text font-size="11.8">2.De</text>        </lyric>      </note>      <barline location="right">        <bar-style>none</bar-style>      </barline>    </measure>    <!--=======================================================-->    <measure number="6" width="160">      <note default-x="14">        <pitch>          <step>B</step>          <octave>3</octave>        </pitch>        <duration>2</duration>        <voice>1</voice>        <type>quarter</type>        <stem default-y="-50">down</stem>        <lyric default-y="-80" number="1">          <syllabic>single</syllabic>          <text font-size="11.8">me</text>        </lyric>      </note>      <note default-x="54">        <pitch>          <step>A</step>          <octave>3</octave>        </pitch>        <duration>2</duration>        <voice>1</voice>        <type>quarter</type>        <stem default-y="-55">down</stem>        <lyric default-y="-80" number="1">          <syllabic>begin</syllabic>          <text font-size="11.8">re</text>        </lyric>      </note>      <note default-x="114">        <pitch>          <step>G</step>          <octave>3</octave>        </pitch>        <duration>4</duration>        <voice>1</voice>        <type>half</type>        <stem default-y="11">up</stem>        <lyric default-y="-80" number="1">          <syllabic>end</syllabic>          <text font-size="11.8">prandre</text>        </lyric>      </note>      <barline location="right">        <bar-style>none</bar-style>      </barline>    </measure>    <!--=======================================================-->    <measure number="7" width="140">      <note default-x="14">        <pitch>          <step>A</step>          <octave>3</octave>        </pitch>        <duration>2</duration>        <voice>1</voice>        <type>quarter</type>        <stem default-y="-55">down</stem>        <lyric default-y="-80" number="1">          <syllabic>begin</syllabic>          <text font-size="11.8">ir</text>        </lyric>      </note>      <note default-x="49">        <pitch>          <step>F</step>          <octave>3</octave>        </pitch>        <duration>2</duration>        <voice>1</voice>        <type>quarter</type>        <stem default-y="5">up</stem>        <lyric default-y="-80" number="1">          <syllabic>middle</syllabic>          <text font-size="11.8">ri</text>        </lyric>      </note>      <note default-x="84">        <pitch>          <step>E</step>          <octave>3</octave>        </pitch>        <duration>4</duration>        <voice>1</voice>        <type>half</type>        <stem default-y="0">up</stem>        <lyric default-y="-80" number="1">          <syllabic>end</syllabic>          <text font-size="11.8">té,</text>        </lyric>      </note>      <barline location="right">        <bar-style>none</bar-style>      </barline>    </measure>    <!--=======================================================-->    <measure number="8" width="168">      <print new-system="yes">        <system-layout>          <system-margins>            <left-margin>0</left-margin>            <right-margin>0</right-margin>          </system-margins>          <system-distance>86</system-distance>        </system-layout>      </print>      <note default-x="50">        <rest/>        <duration>4</duration>        <voice>1</voice>        <type>half</type>      </note>      <note default-x="110">        <pitch>          <step>E</step>          <octave>3</octave>        </pitch>        <duration>4</duration>        <voice>1</voice>        <type>half</type>        <stem default-y="1">up</stem>        <lyric default-y="-80" number="1">          <syllabic>single</syllabic>          <text font-size="11.8">3.Et</text>        </lyric>      </note>      <barline location="right">        <bar-style>none</bar-style>      </barline>    </measure>    <!--=======================================================-->    <measure number="9" width="130">      <note default-x="14">        <pitch>          <step>G</step>          <octave>3</octave>        </pitch>        <duration>4</duration>        <voice>1</voice>        <type>half</type>        <stem default-y="10.5">up</stem>        <lyric default-y="-80" number="1">          <syllabic>single</syllabic>          <text font-size="11.8">ce</text>        </lyric>      </note>      <note default-x="72">        <pitch>          <step>A</step>          <octave>3</octave>        </pitch>        <duration>4</duration>        <voice>1</voice>        <type>half</type>        <stem default-y="-55.5">down</stem>        <lyric default-y="-80" number="1">          <syllabic>single</syllabic>          <text font-size="11.8">ne</text>        </lyric>      </note>      <barline location="right">        <bar-style>none</bar-style>      </barline>    </measure>    <!--=======================================================-->    <measure number="10" width="147">      <note default-x="14">        <pitch>          <step>B</step>          <octave>3</octave>        </pitch>        <duration>2</duration>        <voice>1</voice>        <type>quarter</type>        <stem default-y="-50.5">down</stem>        <lyric default-y="-80" number="1">          <syllabic>single</syllabic>          <text font-size="11.8">j'ai</text>        </lyric>      </note>      <note default-x="61">        <pitch>          <step>C</step>          <octave>4</octave>        </pitch>        <duration>4</duration>        <voice>1</voice>        <type>half</type>        <stem default-y="-45.5">down</stem>        <lyric default-y="-80" number="1">          <syllabic>begin</syllabic>          <text font-size="11.8">me</text>        </lyric>      </note>      <note default-x="110">        <pitch>          <step>B</step>          <octave>3</octave>        </pitch>        <duration>2</duration>        <voice>1</voice>        <type>quarter</type>        <stem default-y="-50.5">down</stem>        <lyric default-y="-80" number="1">          <syllabic>middle</syllabic>          <text font-size="11.8">ri</text>        </lyric>      </note>      <barline location="right">        <bar-style>none</bar-style>      </barline>    </measure>    <!--=======================================================-->    <measure number="11" width="131">      <note default-x="14">        <pitch>          <step>C</step>          <octave>4</octave>        </pitch>        <duration>4</duration>        <voice>1</voice>        <type>half</type>        <stem default-y="-45.5">down</stem>        <lyric default-y="-80" number="1">          <syllabic>end</syllabic>          <text font-size="11.8">té</text>        </lyric>      </note>      <note default-x="71">        <rest/>        <duration>4</duration>        <voice>1</voice>        <type>half</type>      </note>      <barline location="right">        <bar-style>none</bar-style>      </barline>    </measure>    <!--=======================================================-->    <measure number="12" width="131">      <note default-x="14">        <pitch>          <step>A</step>          <octave>3</octave>        </pitch>        <duration>4</duration>        <voice>1</voice>        <type>half</type>        <stem default-y="-55.5">down</stem>        <lyric default-y="-80" number="1" relative-x="4">          <syllabic>single</syllabic>          <text font-size="11.8">4.Me</text>        </lyric>      </note>      <note default-x="79">        <pitch>          <step>E</step>          <octave>3</octave>        </pitch>        <duration>4</duration>        <voice>1</voice>        <type>half</type>        <stem default-y="1">up</stem>        <lyric default-y="-80" number="1">          <syllabic>begin</syllabic>          <text font-size="11.8">châ</text>        </lyric>      </note>      <barline location="right">        <bar-style>none</bar-style>      </barline>    </measure>    <!--=======================================================-->    <measure number="13" width="144">      <note default-x="3">        <pitch>          <step>G</step>          <octave>3</octave>        </pitch>        <duration>2</duration>        <voice>1</voice>        <type>quarter</type>        <stem default-y="10.5">up</stem>        <lyric default-y="-80" number="1">          <syllabic>middle</syllabic>          <text font-size="11.8">ti</text>        </lyric>      </note>      <note default-x="50">        <pitch>          <step>G</step>          <octave>3</octave>        </pitch>        <duration>2</duration>        <voice>1</voice>        <type>quarter</type>        <stem default-y="10.5">up</stem>        <lyric default-y="-80" number="1">          <syllabic>end</syllabic>          <text font-size="11.8">er</text>        </lyric>      </note>      <note default-x="95">        <pitch>          <step>A</step>          <octave>3</octave>        </pitch>        <duration>4</duration>        <voice>1</voice>        <type>half</type>        <stem default-y="-55.5">down</stem>        <lyric default-y="-80" number="1">          <syllabic>single</syllabic>          <text font-size="11.8">/en</text>        </lyric>      </note>      <barline location="right">        <bar-style>none</bar-style>      </barline>    </measure>    <!--=======================================================-->    <measure number="14" width="145">      <note default-x="14">        <pitch>          <step>A</step>          <octave>3</octave>        </pitch>        <duration>4</duration>        <voice>1</voice>        <type>half</type>        <stem default-y="-55.5">down</stem>        <lyric default-y="-80" number="1">          <syllabic>begin</syllabic>          <text font-size="11.8">ir</text>        </lyric>      </note>      <note default-x="72">        <pitch>          <step>B</step>          <octave>3</octave>        </pitch>        <duration>2</duration>        <voice>1</voice>        <type>quarter</type>        <stem default-y="-50.5">down</stem>        <lyric default-y="-80" number="1">          <syllabic>end</syllabic>          <text font-size="11.8">e</text>        </lyric>      </note>      <note default-x="116">        <pitch>          <step>C</step>          <octave>4</octave>        </pitch>        <duration>2</duration>        <voice>1</voice>        <type>quarter</type>        <stem default-y="-45.5">down</stem>        <lyric default-y="-80" number="1">          <syllabic>begin</syllabic>          <text font-size="11.8">sev</text>        </lyric>      </note>      <barline location="right">        <bar-style>none</bar-style>      </barline>    </measure>    <!--=======================================================-->    <measure number="15" width="130">      <note default-x="14">        <pitch>          <step>B</step>          <octave>3</octave>        </pitch>        <duration>4</duration>        <voice>1</voice>        <type>half</type>        <stem default-y="-50.5">down</stem>        <lyric default-y="-80" number="1">          <syllabic>middle</syllabic>          <text font-size="11.8">e</text>        </lyric>      </note>      <note default-x="71">        <pitch>          <step>A</step>          <octave>3</octave>        </pitch>        <duration>4</duration>        <voice>1</voice>        <type>half</type>        <stem default-y="-55.5">down</stem>        <lyric default-y="-80" number="1">          <syllabic>end</syllabic>          <text font-size="11.8">re.</text>        </lyric>      </note>      <barline location="right">        <bar-style>none</bar-style>      </barline>    </measure>    <!--=======================================================-->    <measure number="16" width="185">      <print new-system="yes">        <system-layout>          <system-margins>            <left-margin>0</left-margin>            <right-margin>0</right-margin>          </system-margins>          <system-distance>86</system-distance>        </system-layout>      </print>      <note default-x="50">        <rest/>        <duration>4</duration>        <voice>1</voice>        <type>half</type>      </note>      <note default-x="119">        <pitch>          <step>C</step>          <octave>4</octave>        </pitch>        <duration>4</duration>        <voice>1</voice>        <type>half</type>        <stem default-y="-45">down</stem>        <lyric default-y="-80" number="1">          <syllabic>single</syllabic>          <text font-size="11.8">5.Car</text>        </lyric>      </note>      <barline location="right">        <bar-style>none</bar-style>      </barline>    </measure>    <!--=======================================================-->    <measure number="17" width="166">      <note default-x="14">        <pitch>          <step>B</step>          <octave>3</octave>        </pitch>        <duration>2</duration>        <voice>1</voice>        <type>quarter</type>        <stem default-y="-50">down</stem>        <lyric default-y="-80" number="1">          <syllabic>single</syllabic>          <text font-size="11.8">je</text>        </lyric>      </note>      <note default-x="56">        <pitch>          <step>A</step>          <octave>3</octave>        </pitch>        <duration>2</duration>        <voice>1</voice>        <type>quarter</type>        <stem default-y="-55">down</stem>        <lyric default-y="-80" number="1">          <syllabic>single</syllabic>          <text font-size="11.8">voi</text>        </lyric>      </note>      <note default-x="98">        <pitch>          <step>G</step>          <octave>3</octave>        </pitch>        <duration>4</duration>        <voice>1</voice>        <type>half</type>        <stem default-y="10.5">up</stem>        <lyric default-y="-80" number="1">          <syllabic>single</syllabic>          <text font-size="11.8">fus</text>        </lyric>      </note>      <barline location="right">        <bar-style>none</bar-style>      </barline>    </measure>    <!--=======================================================-->    <measure number="18" width="168">      <note default-x="14">        <pitch>          <step>A</step>          <octave>3</octave>        </pitch>        <duration>2</duration>        <voice>1</voice>        <type>quarter</type>        <stem default-y="-55">down</stem>        <lyric default-y="-80" number="1">          <syllabic>single</syllabic>          <text font-size="11.8">moi,</text>        </lyric>      </note>      <note default-x="56">        <pitch>          <step>G</step>          <octave>3</octave>        </pitch>        <duration>2</duration>        <voice>1</voice>        <type>quarter</type>        <stem default-y="10.5">up</stem>        <lyric default-y="-80" number="1">          <syllabic>begin</syllabic>          <text font-size="11.8">fi</text>        </lyric>      </note>      <note default-x="99">        <pitch>          <step>E</step>          <octave>3</octave>        </pitch>        <duration>4</duration>        <voice>1</voice>        <type>half</type>        <stem default-y="0.5">up</stem>        <lyric default-y="-80" number="1">          <syllabic>end</syllabic>          <text font-size="11.8">ché</text>        </lyric>      </note>      <barline location="right">        <bar-style>none</bar-style>      </barline>    </measure>    <!--=======================================================-->    <measure number="19" width="149">      <note default-x="13">        <rest/>        <duration>4</duration>        <voice>1</voice>        <type>half</type>      </note>      <note default-x="82">        <pitch>          <step>E</step>          <octave>3</octave>        </pitch>        <duration>4</duration>        <voice>1</voice>        <type>half</type>        <stem default-y="0.5">up</stem>        <lyric default-y="-80" number="1">          <syllabic>single</syllabic>          <text font-size="11.8">6.Maint</text>        </lyric>      </note>      <barline location="right">        <bar-style>none</bar-style>      </barline>    </measure>    <!--=======================================================-->    <measure number="20" width="147">      <note default-x="13">        <pitch>          <step>G</step>          <octave>3</octave>        </pitch>        <duration>4</duration>        <voice>1</voice>        <type>half</type>        <stem default-y="10.5">up</stem>        <lyric default-y="-80" number="1">          <syllabic>single</syllabic>          <text font-size="11.8">trait</text>        </lyric>      </note>      <note default-x="80">        <pitch>          <step>A</step>          <octave>3</octave>        </pitch>        <duration>4</duration>        <voice>1</voice>        <type>half</type>        <stem default-y="-55">down</stem>        <lyric default-y="-80" number="1">          <syllabic>single</syllabic>          <text font-size="11.8">que</text>        </lyric>      </note>      <barline location="right">        <bar-style>none</bar-style>      </barline>    </measure>    <!--=======================================================-->    <measure number="21" width="232">      <note default-x="14">        <pitch>          <step>B</step>          <octave>3</octave>        </pitch>        <duration>2</duration>        <voice>1</voice>        <type>quarter</type>        <stem default-y="-50">down</stem>        <lyric default-y="-80" number="1">          <syllabic>single</syllabic>          <text font-size="11.8">tu</text>        </lyric>      </note>      <note default-x="74">        <pitch>          <step>C</step>          <octave>4</octave>        </pitch>        <duration>4</duration>        <voice>1</voice>        <type>half</type>        <stem default-y="-45">down</stem>        <lyric default-y="-80" number="1">          <syllabic>single</syllabic>          <text font-size="11.8">as</text>        </lyric>      </note>      <note default-x="172">        <pitch>          <step>B</step>          <octave>3</octave>        </pitch>        <duration>2</duration>        <voice>1</voice>        <type>quarter</type>        <stem default-y="-50">down</stem>        <lyric default-y="-80" number="1">          <syllabic>begin</syllabic>          <text font-size="11.8">las</text>        </lyric>      </note>      <barline location="right">        <bar-style>none</bar-style>      </barline>    </measure>    <!--=======================================================-->    <measure number="22" width="79">      <note default-x="14">        <pitch>          <step>C</step>          <octave>4</octave>        </pitch>        <duration>4</duration>        <voice>1</voice>        <type>half</type>        <stem default-y="-45">down</stem>        <lyric default-y="-80" number="1">          <syllabic>end</syllabic>          <text font-size="11.8">ché</text>        </lyric>      </note>      <note default-x="44">        <rest/>        <duration>4</duration>        <voice>1</voice>        <type>half</type>      </note>      <barline location="right">        <bar-style>none</bar-style>      </barline>    </measure>    <!--=======================================================-->    <measure number="23" width="191">      <print new-system="yes">        <system-layout>          <system-margins>            <left-margin>0</left-margin>            <right-margin>0</right-margin>          </system-margins>          <system-distance>86</system-distance>        </system-layout>      </print>      <note default-x="50">        <pitch>          <step>C</step>          <octave>4</octave>        </pitch>        <duration>4</duration>        <voice>1</voice>        <type>half</type>        <stem default-y="-45">down</stem>        <lyric default-y="-80" number="1">          <syllabic>begin</syllabic>          <text font-size="11.8">7.Du</text>        </lyric>      </note>      <note default-x="112">        <pitch>          <step>A</step>          <octave>3</octave>        </pitch>        <duration>2</duration>        <voice>1</voice>        <type>quarter</type>        <stem default-y="-55">down</stem>        <lyric default-y="-80" number="1">          <syllabic>end</syllabic>          <text font-size="11.8">quel</text>        </lyric>      </note>      <note default-x="160">        <pitch>          <step>C</step>          <octave>4</octave>        </pitch>        <duration>2</duration>        <voice>1</voice>        <type>quarter</type>        <stem default-y="-45">down</stem>        <lyric default-y="-80" number="1">          <syllabic>single</syllabic>          <text font-size="11.8">je</text>        </lyric>      </note>      <barline location="right">        <bar-style>none</bar-style>      </barline>    </measure>    <!--=======================================================-->    <measure number="24" width="125">      <note default-x="14">        <pitch>          <step>B</step>          <octave>3</octave>        </pitch>        <duration>4</duration>        <voice>1</voice>        <type>half</type>        <stem default-y="-50">down</stem>        <lyric default-y="-80" number="1">          <syllabic>single</syllabic>          <text font-size="11.8">sen</text>        </lyric>      </note>      <note default-x="69">        <pitch>          <step>E</step>          <octave>4</octave>        </pitch>        <duration>4</duration>        <voice>1</voice>        <type>half</type>        <stem default-y="-35.5">down</stem>        <lyric default-y="-80" number="1">          <syllabic>begin</syllabic>          <text font-size="11.8">dou</text>        </lyric>      </note>      <barline location="right">        <bar-style>none</bar-style>      </barline>    </measure>    <!--=======================================================-->    <measure number="25" width="163">      <note default-x="14">        <pitch>          <step>D</step>          <octave>4</octave>        </pitch>        <duration>4</duration>        <voice>1</voice>        <type>half</type>        <stem default-y="-40">down</stem>        <lyric default-y="-80" number="1">          <syllabic>end</syllabic>          <text font-size="11.8">leur</text>        </lyric>      </note>      <note default-x="80">        <pitch>          <step>C</step>          <octave>4</octave>        </pitch>        <duration>2</duration>        <voice>1</voice>        <type>quarter</type>        <stem default-y="-45">down</stem>        <lyric default-y="-80" number="1">          <syllabic>single</syllabic>          <text font-size="11.8">fort</text>        </lyric>      </note>      <note default-x="121">        <pitch>          <step>C</step>          <octave>4</octave>        </pitch>        <duration>2</duration>        <voice>1</voice>        <type>quarter</type>        <stem default-y="-45">down</stem>        <lyric default-y="-80" number="1">          <syllabic>begin</syllabic>          <text font-size="11.8">cui</text>        </lyric>      </note>      <barline location="right">        <bar-style>none</bar-style>      </barline>    </measure>    <!--=======================================================-->    <measure number="26" width="104">      <note default-x="14">        <pitch>          <step>D</step>          <octave>4</octave>        </pitch>        <duration>4</duration>        <voice>1</voice>        <type>half</type>        <stem default-y="-40">down</stem>        <lyric default-y="-80" number="1">          <syllabic>middle</syllabic>          <text font-size="11.8">san</text>        </lyric>      </note>      <note default-x="59">        <pitch>          <step>C</step>          <octave>4</octave>        </pitch>        <duration>4</duration>        <voice>1</voice>        <type>half</type>        <stem default-y="-45">down</stem>        <lyric default-y="-80" number="1">          <syllabic>end</syllabic>          <text font-size="11.8">te</text>        </lyric>      </note>      <barline location="right">        <bar-style>none</bar-style>      </barline>    </measure>    <!--=======================================================-->    <measure number="27" width="97">      <note default-x="14">        <rest/>        <duration>4</duration>        <voice>1</voice>        <type>half</type>      </note>      <note default-x="49">        <pitch>          <step>A</step>          <octave>3</octave>        </pitch>        <duration>4</duration>        <voice>1</voice>        <type>half</type>        <stem default-y="-55">down</stem>        <lyric default-y="-80" number="1">          <syllabic>begin</syllabic>          <text font-size="11.8">8.Voi</text>        </lyric>      </note>      <barline location="right">        <bar-style>none</bar-style>      </barline>    </measure>    <!--=======================================================-->    <measure number="28" width="135">      <note default-x="14">        <pitch>          <step>C</step>          <octave>4</octave>        </pitch>        <duration>4</duration>        <voice>1</voice>        <type>half</type>        <stem default-y="-45">down</stem>        <lyric default-y="-80" number="1">          <syllabic>end</syllabic>          <text font-size="11.8">re</text>        </lyric>      </note>      <note default-x="54">        <pitch>          <step>G</step>          <octave>3</octave>        </pitch>        <duration>2</duration>        <voice>1</voice>        <type>quarter</type>        <stem default-y="11">up</stem>        <lyric default-y="-80" number="1">          <syllabic>single</syllabic>          <text font-size="11.8">ta</text>        </lyric>      </note>      <note default-x="96">        <pitch>          <step>G</step>          <octave>3</octave>        </pitch>        <duration>2</duration>        <voice>1</voice>        <type>quarter</type>        <stem default-y="11">up</stem>        <lyric default-y="-80" number="1">          <syllabic>single</syllabic>          <text font-size="11.8">main</text>        </lyric>      </note>      <barline location="right">        <bar-style>none</bar-style>      </barline>    </measure>    <!--=======================================================-->    <measure number="29" width="120">      <note default-x="14">        <pitch>          <step>A</step>          <octave>3</octave>        </pitch>        <duration>4</duration>        <voice>1</voice>        <type>half</type>        <stem default-y="-55">down</stem>        <lyric default-y="-80" number="1">          <syllabic>begin</syllabic>          <text font-size="11.8">des</text>        </lyric>      </note>      <note default-x="67">        <pitch>          <step>E</step>          <octave>3</octave>        </pitch>        <duration>4</duration>        <voice>1</voice>        <type>half</type>        <stem default-y="0">up</stem>        <lyric default-y="-80" number="1">          <syllabic>end</syllabic>          <text font-size="11.8">sus</text>        </lyric>      </note>      <barline location="right">        <bar-style>none</bar-style>      </barline>    </measure>    <!--=======================================================-->    <measure number="30" width="127">      <note default-x="13">        <pitch>          <step>F</step>          <octave>3</octave>        </pitch>        <duration>2</duration>        <voice>1</voice>        <type>quarter</type>        <stem default-y="5">up</stem>        <lyric default-y="-80" number="1">          <syllabic>single</syllabic>          <text font-size="11.8">moi</text>        </lyric>      </note>      <note default-x="51">        <pitch>          <step>E</step>          <octave>3</octave>        </pitch>        <duration>2</duration>        <voice>1</voice>        <type>quarter</type>        <stem default-y="0">up</stem>        <lyric default-y="-80" number="1">          <syllabic>begin</syllabic>          <text font-size="11.8">pe</text>        </lyric>      </note>      <note default-x="93">        <pitch>          <step>D</step>          <octave>3</octave>        </pitch>        <duration>4</duration>        <voice>1</voice>        <type>half</type>        <stem default-y="-5">up</stem>        <lyric default-y="-80" number="1">          <syllabic>middle</syllabic>          <text font-size="11.8">san</text>        </lyric>      </note>      <barline location="right">        <bar-style>none</bar-style>      </barline>    </measure>    <!--=======================================================-->    <measure number="31" width="63">      <note default-x="13">        <pitch>          <step>C</step>          <octave>3</octave>        </pitch>        <duration>4</duration>        <voice>1</voice>        <type>half</type>        <stem default-y="-9.5">up</stem>        <lyric default-y="-80" number="1">          <syllabic>end</syllabic>          <text font-size="11.8">te</text>        </lyric>      </note>      <note default-x="36">        <rest/>        <duration>4</duration>        <voice>1</voice>        <type>half</type>      </note>      <barline location="right">        <bar-style>none</bar-style>      </barline>    </measure>    <!--=======================================================-->    <measure number="32" width="211">      <print new-system="yes"/>      <note default-x="50">        <pitch>          <step>C</step>          <octave>4</octave>        </pitch>        <duration>4</duration>        <voice>1</voice>        <type>half</type>        <stem default-y="-45">down</stem>        <lyric default-y="-80" number="1">          <syllabic>single</syllabic>          <text font-size="11.8">9.De</text>        </lyric>      </note>      <note default-x="130">        <pitch>          <step>B</step>          <octave>3</octave>        </pitch>        <duration>4</duration>        <voice>1</voice>        <type>half</type>        <stem default-y="-50">down</stem>        <lyric default-y="-80" number="1">          <syllabic>single</syllabic>          <text font-size="11.8">grand</text>        </lyric>      </note>      <barline location="right">        <bar-style>none</bar-style>      </barline>    </measure>    <!--=======================================================-->    <measure number="33" width="259">      <note default-x="14">        <pitch>          <step>A</step>          <octave>3</octave>        </pitch>        <duration>2</duration>        <voice>1</voice>        <type>quarter</type>        <stem default-y="-55">down</stem>        <lyric default-y="-80" number="1">          <syllabic>begin</syllabic>          <text font-size="11.8">tour</text>        </lyric>      </note>      <note default-x="75">        <pitch>          <step>C</step>          <octave>4</octave>        </pitch>        <duration>2</duration>        <voice>1</voice>        <type>quarter</type>        <stem default-y="-45">down</stem>        <lyric default-y="-80" number="1">          <syllabic>end</syllabic>          <text font-size="11.8">ment</text>        </lyric>      </note>      <note default-x="136">        <pitch>          <step>B</step>          <octave>3</octave>        </pitch>        <duration>2</duration>        <voice>1</voice>        <type>quarter</type>        <stem default-y="-50">down</stem>        <lyric default-y="-80" number="1">          <syllabic>single</syllabic>          <text font-size="11.8">m'a</text>        </lyric>      </note>      <note default-x="197">        <pitch>          <step>B</step>          <octave>3</octave>        </pitch>        <duration>2</duration>        <voice>1</voice>        <type>quarter</type>        <stem default-y="-50">down</stem>        <lyric default-y="-80" number="1">          <syllabic>begin</syllabic>          <text font-size="11.8">tou</text>        </lyric>      </note>      <barline location="right">        <bar-style>none</bar-style>      </barline>    </measure>    <!--=======================================================-->    <measure number="34" width="152">      <note default-x="13">        <pitch>          <step>A</step>          <octave>3</octave>        </pitch>        <duration>8</duration>        <voice>1</voice>        <type>whole</type>        <lyric default-y="-80" number="1">          <syllabic>end</syllabic>          <text font-size="11.8">ché.</text>        </lyric>      </note>      <barline location="right">        <bar-style>light-heavy</bar-style>      </barline>    </measure>  </part>  <!--=========================================================--></score-partwise>