<?xml version="1.0" encoding="UTF-8"?><!DOCTYPE score-partwise PUBLIC "-//Recordare//DTD MusicXML 2.0 Partwise//EN"                                "http://www.musicxml.org/dtds/partwise.dtd"><score-partwise version="2.0">  <movement-title>Psalme LVIII</movement-title>  <identification>    <encoding>      <software>Finale 2011 for Macintosh</software>      <software>Dolet Light for Finale 2011</software>      <encoding-date>2017-05-16</encoding-date>      <supports attribute="new-system" element="print" type="yes" value="yes"/>      <supports attribute="new-page" element="print" type="yes" value="yes"/>    </encoding>  </identification>  <defaults>    <scaling>      <millimeters>7.112</millimeters>      <tenths>40</tenths>    </scaling>    <page-layout>      <page-height>1671</page-height>      <page-width>1181</page-width>      <page-margins type="both">        <left-margin>28</left-margin>        <right-margin>28</right-margin>        <top-margin>28</top-margin>        <bottom-margin>28</bottom-margin>      </page-margins>    </page-layout>    <system-layout>      <system-margins>        <left-margin>0</left-margin>        <right-margin>55</right-margin>      </system-margins>      <system-distance>89</system-distance>      <top-system-distance>52</top-system-distance>    </system-layout>    <appearance>      <line-width type="stem">0.7487</line-width>      <line-width type="beam">5</line-width>      <line-width type="staff">0.7487</line-width>      <line-width type="light barline">0.7487</line-width>      <line-width type="heavy barline">5</line-width>      <line-width type="leger">0.7487</line-width>      <line-width type="ending">1.4583</line-width>      <line-width type="wedge">1.4583</line-width>      <line-width type="enclosure">0.7487</line-width>      <line-width type="tuplet bracket">0.7487</line-width>      <note-size type="grace">60</note-size>      <note-size type="cue">60</note-size>    </appearance>    <music-font font-family="Maestro" font-size="20.2"/>    <word-font font-family="Times New Roman" font-size="10.1"/>    <lyric-font font-family="Times New Roman" font-size="10.1" name="verse"/>  </defaults>  <credit page="1">    <credit-words default-x="513" default-y="1549" font-size="15.1" valign="top">Psalme LVIII</credit-words>  </credit>  <part-list>    <score-part id="P1">      <part-name print-object="no">MusicXML Part</part-name>      <score-instrument id="P1-I2">        <instrument-name>SmartMusic SoftSynth</instrument-name>      </score-instrument>      <midi-instrument id="P1-I2">        <midi-channel>1</midi-channel>        <midi-program>55</midi-program>        <volume>80</volume>        <pan>0</pan>      </midi-instrument>    </score-part>  </part-list>  <!--=========================================================-->  <part id="P1">    <measure number="1" width="263">      <print>        <system-layout>          <system-margins>            <left-margin>72</left-margin>            <right-margin>0</right-margin>          </system-margins>          <top-system-distance>176</top-system-distance>        </system-layout>        <measure-numbering>system</measure-numbering>      </print>      <attributes>        <divisions>2</divisions>        <key>          <fifths>0</fifths>          <mode>major</mode>        </key>        <time symbol="cut">          <beats>2</beats>          <beat-type>2</beat-type>        </time>        <clef>          <sign>C</sign>          <line>4</line>        </clef>      </attributes>      <sound tempo="120"/>      <note default-x="82">        <pitch>          <step>C</step>          <octave>4</octave>        </pitch>        <duration>4</duration>        <voice>1</voice>        <type>half</type>        <stem default-y="-45">down</stem>        <lyric default-y="-80" number="1" relative-x="8">          <syllabic>single</syllabic>          <text font-size="11.8">1.Pour</text>        </lyric>      </note>      <note default-x="161">        <pitch>          <step>B</step>          <octave>3</octave>        </pitch>        <duration>2</duration>        <voice>1</voice>        <type>quarter</type>        <stem default-y="-50">down</stem>        <lyric default-y="-80" number="1">          <syllabic>single</syllabic>          <text font-size="11.8">vrai,</text>        </lyric>      </note>      <note default-x="216">        <pitch>          <step>G</step>          <octave>3</octave>        </pitch>        <duration>2</duration>        <voice>1</voice>        <type>quarter</type>        <stem default-y="11">up</stem>        <lyric default-y="-80" number="1">          <syllabic>single</syllabic>          <text font-size="11.8">vous</text>        </lyric>      </note>      <barline location="right">        <bar-style>none</bar-style>      </barline>    </measure>    <!--=======================================================-->    <measure number="2" width="145">      <note default-x="14">        <pitch>          <step>A</step>          <octave>3</octave>        </pitch>        <duration>4</duration>        <voice>1</voice>        <type>half</type>        <stem default-y="-55">down</stem>        <lyric default-y="-80" number="1" relative-x="5">          <syllabic>single</syllabic>          <text font-size="11.8">grans,</text>        </lyric>      </note>      <note default-x="79">        <pitch>          <step>G</step>          <octave>3</octave>        </pitch>        <duration>4</duration>        <voice>1</voice>        <type>half</type>        <stem default-y="11">up</stem>        <lyric default-y="-80" number="1">          <syllabic>single</syllabic>          <text font-size="11.8">qui</text>        </lyric>      </note>      <barline location="right">        <bar-style>none</bar-style>      </barline>    </measure>    <!--=======================================================-->    <measure number="3" width="162">      <note default-x="13">        <pitch>          <step>F</step>          <octave>3</octave>        </pitch>        <duration>2</duration>        <voice>1</voice>        <type>quarter</type>        <stem default-y="5">up</stem>        <lyric default-y="-80" number="1">          <syllabic>single</syllabic>          <text font-size="11.8">rang</text>        </lyric>      </note>      <note default-x="62">        <pitch>          <step>D</step>          <octave>3</octave>        </pitch>        <duration>2</duration>        <voice>1</voice>        <type>quarter</type>        <stem default-y="-5">up</stem>        <lyric default-y="-80" number="1">          <syllabic>begin</syllabic>          <text font-size="11.8">te</text>        </lyric>      </note>      <note default-x="111">        <pitch>          <step>E</step>          <octave>3</octave>        </pitch>        <duration>4</duration>        <voice>1</voice>        <type>half</type>        <stem default-y="0">up</stem>        <lyric default-y="-80" number="1">          <syllabic>end</syllabic>          <text font-size="11.8">nez</text>        </lyric>      </note>      <barline location="right">        <bar-style>none</bar-style>      </barline>    </measure>    <!--=======================================================-->    <measure number="4" width="111">      <note default-x="13">        <rest/>        <duration>4</duration>        <voice>1</voice>        <type>half</type>      </note>      <note default-x="63">        <pitch>          <step>A</step>          <octave>3</octave>        </pitch>        <duration>4</duration>        <voice>1</voice>        <type>half</type>        <stem default-y="-55">down</stem>        <lyric default-y="-80" number="1">          <syllabic>single</syllabic>          <text font-size="11.8">2.Au</text>        </lyric>      </note>      <barline location="right">        <bar-style>none</bar-style>      </barline>    </measure>    <!--=======================================================-->    <measure number="5" width="230">      <note default-x="13">        <pitch>          <step>G</step>          <octave>3</octave>        </pitch>        <duration>2</duration>        <voice>1</voice>        <type>quarter</type>        <stem default-y="11">up</stem>        <lyric default-y="-80" number="1">          <syllabic>begin</syllabic>          <text font-size="11.8">con</text>        </lyric>      </note>      <note default-x="67">        <pitch>          <step>G</step>          <octave>3</octave>        </pitch>        <duration>2</duration>        <voice>1</voice>        <type>quarter</type>        <stem default-y="11">up</stem>        <lyric default-y="-80" number="1">          <syllabic>end</syllabic>          <text font-size="11.8">seil,</text>        </lyric>      </note>      <note default-x="122">        <pitch>          <step>A</step>          <octave>3</octave>        </pitch>        <duration>2</duration>        <voice>1</voice>        <type>quarter</type>        <stem default-y="-55">down</stem>        <lyric default-y="-80" number="1">          <syllabic>begin</syllabic>          <text font-size="11.8">con</text>        </lyric>      </note>      <note default-x="176">        <pitch>          <step>C</step>          <octave>4</octave>        </pitch>        <duration>2</duration>        <voice>1</voice>        <type>quarter</type>        <stem default-y="-45">down</stem>        <lyric default-y="-80" number="1">          <syllabic>middle</syllabic>          <text font-size="11.8">ve</text>        </lyric>      </note>      <barline location="right">        <bar-style>none</bar-style>      </barline>    </measure>    <!--=======================================================-->    <measure number="6" width="143">      <note default-x="14">        <pitch>          <step>B</step>          <octave>3</octave>        </pitch>        <duration>4</duration>        <voice>1</voice>        <type>half</type>        <stem default-y="-50">down</stem>        <lyric default-y="-80" number="1">          <syllabic>middle</syllabic>          <text font-size="11.8">na</text>        </lyric>      </note>      <note default-x="78">        <pitch>          <step>C</step>          <octave>4</octave>        </pitch>        <duration>4</duration>        <voice>1</voice>        <type>half</type>        <stem default-y="-45">down</stem>        <lyric default-y="-80" number="1">          <syllabic>end</syllabic>          <text font-size="11.8">ble,</text>        </lyric>      </note>      <barline location="right">        <bar-style>none</bar-style>      </barline>    </measure>    <!--=======================================================-->    <measure number="7" width="186">      <print new-system="yes">        <system-layout>          <system-margins>            <left-margin>0</left-margin>            <right-margin>0</right-margin>          </system-margins>          <system-distance>86</system-distance>        </system-layout>      </print>      <note default-x="50">        <rest/>        <duration>4</duration>        <voice>1</voice>        <type>half</type>      </note>      <note default-x="119">        <pitch>          <step>C</step>          <octave>4</octave>        </pitch>        <duration>4</duration>        <voice>1</voice>        <type>half</type>        <stem default-y="-45.5">down</stem>        <lyric default-y="-80" number="1">          <syllabic>single</syllabic>          <text font-size="11.8">3.Cest</text>        </lyric>      </note>      <barline location="right">        <bar-style>none</bar-style>      </barline>    </measure>    <!--=======================================================-->    <measure number="8" width="168">      <note default-x="14">        <pitch>          <step>B</step>          <octave>3</octave>        </pitch>        <duration>2</duration>        <voice>1</voice>        <type>quarter</type>        <stem default-y="-50.5">down</stem>        <lyric default-y="-80" number="1">          <syllabic>begin</syllabic>          <text font-size="11.8">a</text>        </lyric>      </note>      <note default-x="56">        <pitch>          <step>B</step>          <octave>3</octave>        </pitch>        <duration>2</duration>        <voice>1</voice>        <type>quarter</type>        <stem default-y="-50.5">down</stem>        <lyric default-y="-80" number="1">          <syllabic>end</syllabic>          <text font-size="11.8">vis</text>        </lyric>      </note>      <note default-x="99">        <pitch>          <step>A</step>          <octave>3</octave>        </pitch>        <duration>4</duration>        <voice>1</voice>        <type>half</type>        <stem default-y="-55.5">down</stem>        <lyric default-y="-80" number="1">          <syllabic>single</syllabic>          <text font-size="11.8">que</text>        </lyric>      </note>      <barline location="right">        <bar-style>none</bar-style>      </barline>    </measure>    <!--=======================================================-->    <measure number="9" width="163">      <note default-x="14">        <pitch>          <step>G</step>          <octave>3</octave>        </pitch>        <duration>4</duration>        <voice>1</voice>        <type>half</type>        <stem default-y="10.5">up</stem>        <lyric default-y="-80" number="1">          <syllabic>single</syllabic>          <text font-size="11.8">vous</text>        </lyric>      </note>      <note default-x="81">        <pitch>          <step>F</step>          <octave>3</octave>        </pitch>        <duration>2</duration>        <voice>1</voice>        <type>quarter</type>        <stem default-y="5.5">up</stem>        <lyric default-y="-80" number="1">          <syllabic>begin</syllabic>          <text font-size="11.8">o</text>        </lyric>      </note>      <note default-x="122">        <pitch>          <step>D</step>          <octave>3</octave>        </pitch>        <duration>2</duration>        <voice>1</voice>        <type>quarter</type>        <stem default-y="-4">up</stem>        <lyric default-y="-80" number="1">          <syllabic>middle</syllabic>          <text font-size="11.8">pi</text>        </lyric>      </note>      <barline location="right">        <bar-style>none</bar-style>      </barline>    </measure>    <!--=======================================================-->    <measure number="10" width="147">      <note default-x="13">        <pitch>          <step>E</step>          <octave>3</octave>        </pitch>        <duration>4</duration>        <voice>1</voice>        <type>half</type>        <stem default-y="1">up</stem>        <lyric default-y="-80" number="1">          <syllabic>end</syllabic>          <text font-size="11.8">nez</text>        </lyric>      </note>      <note default-x="79">        <rest/>        <duration>4</duration>        <voice>1</voice>        <type>half</type>      </note>      <barline location="right">        <bar-style>none</bar-style>      </barline>    </measure>    <!--=======================================================-->    <measure number="11" width="148">      <note default-x="14">        <pitch>          <step>A</step>          <octave>3</octave>        </pitch>        <duration>4</duration>        <voice>1</voice>        <type>half</type>        <stem default-y="-55.5">down</stem>        <lyric default-y="-80" number="1" relative-x="3">          <syllabic>begin</syllabic>          <text font-size="11.8">4.Est</text>        </lyric>      </note>      <note default-x="81">        <pitch>          <step>G</step>          <octave>3</octave>        </pitch>        <duration>4</duration>        <voice>1</voice>        <type>half</type>        <stem default-y="10.5">up</stem>        <lyric default-y="-80" number="1">          <syllabic>end</syllabic>          <text font-size="11.8">il</text>        </lyric>      </note>      <barline location="right">        <bar-style>none</bar-style>      </barline>    </measure>    <!--=======================================================-->    <measure number="12" width="166">      <note default-x="14">        <pitch>          <step>C</step>          <octave>4</octave>        </pitch>        <duration>4</duration>        <voice>1</voice>        <type>half</type>        <stem default-y="-45.5">down</stem>        <lyric default-y="-80" number="1">          <syllabic>single</syllabic>          <text font-size="11.8">bien</text>        </lyric>      </note>      <note default-x="82">        <pitch>          <step>A</step>          <octave>3</octave>        </pitch>        <duration>2</duration>        <voice>1</voice>        <type>quarter</type>        <stem default-y="-55.5">down</stem>        <lyric default-y="-80" number="1">          <syllabic>begin</syllabic>          <text font-size="11.8">rai</text>        </lyric>      </note>      <note default-x="124">        <pitch>          <step>C</step>          <octave>4</octave>        </pitch>        <duration>2</duration>        <voice>1</voice>        <type>quarter</type>        <stem default-y="-45.5">down</stem>        <lyric default-y="-80" number="1">          <syllabic>middle</syllabic>          <text font-size="11.8">son</text>        </lyric>      </note>      <barline location="right">        <bar-style>none</bar-style>      </barline>    </measure>    <!--=======================================================-->    <measure number="13" width="148">      <note default-x="14">        <pitch>          <step>B</step>          <octave>3</octave>        </pitch>        <duration>4</duration>        <voice>1</voice>        <type>half</type>        <stem default-y="-50.5">down</stem>        <lyric default-y="-80" number="1">          <syllabic>middle</syllabic>          <text font-size="11.8">na</text>        </lyric>      </note>      <note default-x="81">        <pitch>          <step>A</step>          <octave>3</octave>        </pitch>        <duration>4</duration>        <voice>1</voice>        <type>half</type>        <stem default-y="-55.5">down</stem>        <lyric default-y="-80" number="1">          <syllabic>end</syllabic>          <text font-size="11.8">ble?</text>        </lyric>      </note>      <barline location="right">        <bar-style>none</bar-style>      </barline>    </measure>    <!--=======================================================-->    <measure number="14" width="175">      <print new-system="yes">        <system-layout>          <system-margins>            <left-margin>0</left-margin>            <right-margin>0</right-margin>          </system-margins>          <system-distance>86</system-distance>        </system-layout>      </print>      <note default-x="50">        <rest/>        <duration>4</duration>        <voice>1</voice>        <type>half</type>      </note>      <note default-x="113">        <pitch>          <step>C</step>          <octave>4</octave>        </pitch>        <duration>4</duration>        <voice>1</voice>        <type>half</type>        <stem default-y="-45">down</stem>        <lyric default-y="-80" number="1">          <syllabic>single</syllabic>          <text font-size="11.8">5.Ce</text>        </lyric>      </note>      <barline location="right">        <bar-style>none</bar-style>      </barline>    </measure>    <!--=======================================================-->    <measure number="15" width="171">      <note default-x="14">        <pitch>          <step>B</step>          <octave>3</octave>        </pitch>        <duration>2</duration>        <voice>1</voice>        <type>quarter</type>        <stem default-y="-50">down</stem>        <lyric default-y="-80" number="1">          <syllabic>single</syllabic>          <text font-size="11.8">n'est</text>        </lyric>      </note>      <note default-x="70">        <pitch>          <step>C</step>          <octave>4</octave>        </pitch>        <duration>2</duration>        <voice>1</voice>        <type>quarter</type>        <stem default-y="-45">down</stem>        <lyric default-y="-80" number="1">          <syllabic>single</syllabic>          <text font-size="11.8">que</text>        </lyric>      </note>      <note default-x="122">        <pitch>          <step>D</step>          <octave>4</octave>        </pitch>        <duration>4</duration>        <voice>1</voice>        <type>half</type>        <stem default-y="-40">down</stem>        <lyric default-y="-80" number="1">          <syllabic>begin</syllabic>          <text font-size="11.8">des</text>        </lyric>      </note>      <barline location="right">        <bar-style>none</bar-style>      </barline>    </measure>    <!--=======================================================-->    <measure number="16" width="151">      <note default-x="11">        <pitch>          <step>C</step>          <octave>4</octave>        </pitch>        <duration>4</duration>        <voice>1</voice>        <type>half</type>        <stem default-y="-45">down</stem>        <lyric default-y="-80" number="1">          <syllabic>middle</syllabic>          <text font-size="11.8">loi</text>        </lyric>      </note>      <note default-x="62">        <pitch>          <step>A</step>          <octave>3</octave>        </pitch>        <duration>2</duration>        <voice>1</voice>        <type>quarter</type>        <stem default-y="-55">down</stem>        <lyric default-y="-80" number="1">          <syllabic>end</syllabic>          <text font-size="11.8">al</text>        </lyric>      </note>      <note default-x="113">        <pitch>          <step>B</step>          <octave>3</octave>        </pitch>        <duration>2</duration>        <voice>1</voice>        <type>quarter</type>        <stem default-y="-50">down</stem>        <lyric default-y="-80" number="1">          <syllabic>begin</syllabic>          <text font-size="11.8">ca</text>        </lyric>      </note>      <barline location="right">        <bar-style>none</bar-style>      </barline>    </measure>    <!--=======================================================-->    <measure number="17" width="137">      <note default-x="14">        <pitch>          <step>C</step>          <octave>4</octave>        </pitch>        <duration>4</duration>        <voice>1</voice>        <type>half</type>        <stem default-y="-45">down</stem>        <lyric default-y="-80" number="1">          <syllabic>end</syllabic>          <text font-size="11.8">quet,</text>        </lyric>      </note>      <note default-x="74">        <rest/>        <duration>4</duration>        <voice>1</voice>        <type>half</type>      </note>      <barline location="right">        <bar-style>none</bar-style>      </barline>    </measure>    <!--=======================================================-->    <measure number="18" width="191">      <note default-x="13">        <pitch>          <step>G</step>          <octave>3</octave>        </pitch>        <duration>4</duration>        <voice>1</voice>        <type>half</type>        <stem default-y="10.5">up</stem>        <lyric default-y="-80" number="1" relative-x="8">          <syllabic>single</syllabic>          <text font-size="11.8">6.Que</text>        </lyric>      </note>      <note default-x="87">        <pitch>          <step>G</step>          <octave>3</octave>        </pitch>        <duration>2</duration>        <voice>1</voice>        <type>quarter</type>        <stem default-y="10.5">up</stem>        <lyric default-y="-80" number="1">          <syllabic>single</syllabic>          <text font-size="11.8">faus</text>        </lyric>      </note>      <note default-x="141">        <pitch>          <step>A</step>          <octave>3</octave>        </pitch>        <duration>2</duration>        <voice>1</voice>        <type>quarter</type>        <stem default-y="-55">down</stem>        <lyric default-y="-80" number="1">          <syllabic>single</syllabic>          <text font-size="11.8">cueur,</text>        </lyric>      </note>      <barline location="right">        <bar-style>none</bar-style>      </barline>    </measure>    <!--=======================================================-->    <measure number="19" width="165">      <note default-x="13">        <pitch>          <step>G</step>          <octave>3</octave>        </pitch>        <duration>2</duration>        <voice>1</voice>        <type>quarter</type>        <stem default-y="10.5">up</stem>        <lyric default-y="-80" number="1">          <syllabic>single</syllabic>          <text font-size="11.8">&amp;</text>        </lyric>      </note>      <note default-x="51">        <pitch>          <step>E</step>          <octave>3</octave>        </pitch>        <duration>2</duration>        <voice>1</voice>        <type>quarter</type>        <stem default-y="0.5">up</stem>        <lyric default-y="-80" number="1">          <syllabic>begin</syllabic>          <text font-size="11.8">vo</text>        </lyric>      </note>      <note default-x="89">        <pitch>          <step>F</step>          <octave>3</octave>        </pitch>        <duration>2</duration>        <voice>1</voice>        <type>quarter</type>        <stem default-y="5.5">up</stem>        <lyric default-y="-80" number="1">          <syllabic>end</syllabic>          <text font-size="11.8">tre</text>        </lyric>      </note>      <note default-x="127">        <pitch>          <step>G</step>          <octave>3</octave>        </pitch>        <duration>2</duration>        <voice>1</voice>        <type>quarter</type>        <stem default-y="10.5">up</stem>        <lyric default-y="-80" number="1">          <syllabic>begin</syllabic>          <text font-size="11.8">bi</text>        </lyric>      </note>      <barline location="right">        <bar-style>none</bar-style>      </barline>    </measure>    <!--=======================================================-->    <measure number="20" width="136">      <note default-x="13">        <pitch>          <step>E</step>          <octave>3</octave>        </pitch>        <duration>4</duration>        <voice>1</voice>        <type>half</type>        <stem default-y="0.5">up</stem>        <lyric default-y="-80" number="1">          <syllabic>end</syllabic>          <text font-size="11.8">quet</text>        </lyric>      </note>      <note default-x="73">        <rest/>        <duration>4</duration>        <voice>1</voice>        <type>half</type>      </note>      <barline location="right">        <bar-style>none</bar-style>      </barline>    </measure>    <!--=======================================================-->    <measure number="21" width="215">      <print new-system="yes">        <system-layout>          <system-distance>87</system-distance>        </system-layout>      </print>      <note default-x="50">        <pitch>          <step>G</step>          <octave>3</octave>        </pitch>        <duration>4</duration>        <voice>1</voice>        <type>half</type>        <stem default-y="10.5">up</stem>        <lyric default-y="-97" number="2" relative-x="5">          <syllabic>single</syllabic>          <text font-size="11.8">7.Sus</text>        </lyric>      </note>      <note default-x="124">        <pitch>          <step>A</step>          <octave>3</octave>        </pitch>        <duration>2</duration>        <voice>1</voice>        <type>quarter</type>        <stem default-y="-55.5">down</stem>        <lyric default-y="-97" number="2">          <syllabic>begin</syllabic>          <text font-size="11.8">ter</text>        </lyric>      </note>      <note default-x="169">        <pitch>          <step>G</step>          <octave>3</octave>        </pitch>        <duration>2</duration>        <voice>1</voice>        <type>quarter</type>        <stem default-y="10.5">up</stem>        <lyric default-y="-97" number="2">          <syllabic>end</syllabic>          <text font-size="11.8">re</text>        </lyric>      </note>      <barline location="right">        <bar-style>none</bar-style>      </barline>    </measure>    <!--=======================================================-->    <measure number="22" width="179">      <note default-x="14">        <pitch>          <step>F</step>          <octave>3</octave>        </pitch>        <duration>2</duration>        <voice>1</voice>        <type>quarter</type>        <stem default-y="5.5">up</stem>        <lyric default-y="-97" number="2">          <syllabic>single</syllabic>          <text font-size="11.8">ne</text>        </lyric>      </note>      <note default-x="59">        <pitch>          <step>E</step>          <octave>3</octave>        </pitch>        <duration>2</duration>        <voice>1</voice>        <type>quarter</type>        <stem default-y="1">up</stem>        <lyric default-y="-97" number="2">          <syllabic>begin</syllabic>          <text font-size="11.8">ba</text>        </lyric>      </note>      <note default-x="105">        <pitch>          <step>F</step>          <octave>3</octave>        </pitch>        <duration>4</duration>        <voice>1</voice>        <type>half</type>        <stem default-y="5.5">up</stem>        <lyric default-y="-97" number="2">          <syllabic>middle</syllabic>          <text font-size="11.8">lan</text>        </lyric>      </note>      <barline location="right">        <bar-style>none</bar-style>      </barline>    </measure>    <!--=======================================================-->    <measure number="23" width="162">      <note default-x="13">        <pitch>          <step>E</step>          <octave>3</octave>        </pitch>        <duration>4</duration>        <voice>1</voice>        <type>half</type>        <stem default-y="1">up</stem>        <lyric default-y="-97" number="2">          <syllabic>end</syllabic>          <text font-size="11.8">ce</text>        </lyric>      </note>      <note default-x="86">        <rest/>        <duration>4</duration>        <voice>1</voice>        <type>half</type>      </note>      <barline location="right">        <bar-style>none</bar-style>      </barline>    </measure>    <!--=======================================================-->    <measure number="24" width="183">      <note default-x="13">        <pitch>          <step>G</step>          <octave>3</octave>        </pitch>        <duration>4</duration>        <voice>1</voice>        <type>half</type>        <stem default-y="10.5">up</stem>        <lyric default-y="-97" number="2" relative-x="7">          <syllabic>single</syllabic>          <text font-size="11.8">8.Que</text>        </lyric>      </note>      <note default-x="90">        <pitch>          <step>A</step>          <octave>3</octave>        </pitch>        <duration>2</duration>        <voice>1</voice>        <type>quarter</type>        <stem default-y="-55.5">down</stem>        <lyric default-y="-97" number="2">          <syllabic>single</syllabic>          <text font-size="11.8">tort</text>        </lyric>      </note>      <note default-x="136">        <pitch>          <step>G</step>          <octave>3</octave>        </pitch>        <duration>2</duration>        <voice>1</voice>        <type>quarter</type>        <stem default-y="10.5">up</stem>        <lyric default-y="-97" number="2">          <syllabic>single</syllabic>          <text font-size="11.8">&amp;</text>        </lyric>      </note>      <barline location="right">        <bar-style>none</bar-style>      </barline>    </measure>    <!--=======================================================-->    <measure number="25" width="197">      <note default-x="13">        <pitch>          <step>F</step>          <octave>3</octave>        </pitch>        <duration>2</duration>        <voice>1</voice>        <type>quarter</type>        <stem default-y="5.5">up</stem>        <lyric default-y="-97" number="2">          <syllabic>begin</syllabic>          <text font-size="11.8">mal</text>        </lyric>      </note>      <note default-x="77">        <pitch>          <step>E</step>          <octave>3</octave>        </pitch>        <duration>2</duration>        <voice>1</voice>        <type>quarter</type>        <stem default-y="1">up</stem>        <lyric default-y="-97" number="2">          <syllabic>middle</syllabic>          <text font-size="11.8">veil</text>        </lyric>      </note>      <note default-x="141">        <pitch>          <step>F</step>          <octave>3</octave>        </pitch>        <duration>4</duration>        <voice>1</voice>        <type>half</type>        <stem default-y="5.5">up</stem>        <lyric default-y="-97" number="2">          <syllabic>middle</syllabic>          <text font-size="11.8">lan</text>        </lyric>      </note>      <barline location="right">        <bar-style>none</bar-style>      </barline>    </measure>    <!--=======================================================-->    <measure number="26" width="135">      <note default-x="13">        <pitch>          <step>E</step>          <octave>3</octave>        </pitch>        <duration>8</duration>        <voice>1</voice>        <type>whole</type>        <lyric default-y="-97" number="2">          <syllabic>end</syllabic>          <text font-size="11.8">ce.</text>        </lyric>      </note>      <barline location="right">        <bar-style>light-heavy</bar-style>      </barline>    </measure>  </part>  <!--=========================================================--></score-partwise>