<?xml version="1.0" encoding="UTF-8"?>
<!DOCTYPE score-partwise PUBLIC "-//Recordare//DTD MusicXML 2.0 Partwise//EN"
                                "http://www.musicxml.org/dtds/partwise.dtd">
<score-partwise version="2.0">
  <movement-title>Psalme XCII</movement-title>
  <identification>
    <encoding>
      <software>Finale 2011 for Windows</software>
      <software>Dolet Light for Finale 2011</software>
      <encoding-date>2013-03-25</encoding-date>
      <supports attribute="new-system" element="print" type="yes" value="yes"/>
      <supports attribute="new-page" element="print" type="yes" value="yes"/>
    </encoding>
  </identification>
  <defaults>
    <scaling>
      <millimeters>7.112</millimeters>
      <tenths>40</tenths>
    </scaling>
    <page-layout>
      <page-height>1671</page-height>
      <page-width>1181</page-width>
      <page-margins type="both">
        <left-margin>28</left-margin>
        <right-margin>28</right-margin>
        <top-margin>28</top-margin>
        <bottom-margin>28</bottom-margin>
      </page-margins>
    </page-layout>
    <system-layout>
      <system-margins>
        <left-margin>0</left-margin>
        <right-margin>0</right-margin>
      </system-margins>
      <system-distance>87</system-distance>
      <top-system-distance>52</top-system-distance>
    </system-layout>
    <appearance>
      <line-width type="stem">0.7487</line-width>
      <line-width type="beam">5</line-width>
      <line-width type="staff">0.7487</line-width>
      <line-width type="light barline">0.7487</line-width>
      <line-width type="heavy barline">5</line-width>
      <line-width type="leger">0.7487</line-width>
      <line-width type="ending">1.4583</line-width>
      <line-width type="wedge">1.4583</line-width>
      <line-width type="enclosure">0.7487</line-width>
      <line-width type="tuplet bracket">0.7487</line-width>
      <note-size type="grace">60</note-size>
      <note-size type="cue">60</note-size>
    </appearance>
    <music-font font-family="Maestro" font-size="20.2"/>
    <word-font font-family="Times New Roman" font-size="10.1"/>
    <lyric-font font-family="Times New Roman" font-size="10.1" name="verse"/>
  </defaults>
  <credit page="1">
    <credit-words default-x="514" default-y="1549" font-size="15.1" valign="top">Psalme XCII</credit-words>
  </credit>
  <part-list>
    <score-part id="P1">
      <part-name print-object="no">MusicXML Part</part-name>
      <score-instrument id="P1-I2">
        <instrument-name>SmartMusic SoftSynth</instrument-name>
      </score-instrument>
      <midi-instrument id="P1-I2">
        <midi-channel>1</midi-channel>
        <midi-program>55</midi-program>
        <volume>80</volume>
        <pan>0</pan>
      </midi-instrument>
    </score-part>
  </part-list>
  <!--=========================================================-->
  <part id="P1">
    <measure number="1" width="255">
      <print>
        <system-layout>
          <system-margins>
            <left-margin>72</left-margin>
            <right-margin>0</right-margin>
          </system-margins>
          <top-system-distance>176</top-system-distance>
        </system-layout>
        <measure-numbering>system</measure-numbering>
      </print>
      <attributes>
        <divisions>2</divisions>
        <key>
          <fifths>-1</fifths>
          <mode>major</mode>
        </key>
        <time symbol="cut">
          <beats>2</beats>
          <beat-type>2</beat-type>
        </time>
        <clef>
          <sign>C</sign>
          <line>4</line>
        </clef>
      </attributes>
      <sound tempo="120"/>
      <note default-x="106">
        <pitch>
          <step>F</step>
          <octave>3</octave>
        </pitch>
        <duration>4</duration>
        <voice>1</voice>
        <type>half</type>
        <stem default-y="5">up</stem>
        <lyric default-y="-80" number="1" relative-x="7">
          <syllabic>single</syllabic>
          <text font-size="11.8">1.Cest</text>
        </lyric>
      </note>
      <note default-x="171">
        <pitch>
          <step>A</step>
          <octave>3</octave>
        </pitch>
        <duration>2</duration>
        <voice>1</voice>
        <type>quarter</type>
        <stem default-y="-55">down</stem>
        <lyric default-y="-80" number="1">
          <syllabic>begin</syllabic>
          <text font-size="11.8">tres</text>
        </lyric>
      </note>
      <note default-x="217">
        <pitch>
          <step>A</step>
          <octave>3</octave>
        </pitch>
        <duration>2</duration>
        <voice>1</voice>
        <type>quarter</type>
        <stem default-y="-55">down</stem>
        <lyric default-y="-80" number="1">
          <syllabic>end</syllabic>
          <text font-size="11.8">bien</text>
        </lyric>
      </note>
      <barline location="right">
        <bar-style>none</bar-style>
      </barline>
    </measure>
    <!--=======================================================-->
    <measure number="2" width="94">
      <note default-x="14">
        <pitch>
          <step>G</step>
          <octave>3</octave>
        </pitch>
        <duration>4</duration>
        <voice>1</voice>
        <type>half</type>
        <stem default-y="11">up</stem>
        <lyric default-y="-80" number="1">
          <syllabic>single</syllabic>
          <text font-size="11.8">fait</text>
        </lyric>
      </note>
      <note default-x="54">
        <pitch>
          <step>A</step>
          <octave>3</octave>
        </pitch>
        <duration>4</duration>
        <voice>1</voice>
        <type>half</type>
        <stem default-y="-55">down</stem>
        <lyric default-y="-80" number="1">
          <syllabic>begin</syllabic>
          <text font-size="11.8">e</text>
        </lyric>
      </note>
      <barline location="right">
        <bar-style>none</bar-style>
      </barline>
    </measure>
    <!--=======================================================-->
    <measure number="3" width="175">
      <note default-x="14">
        <pitch>
          <step>B</step>
          <alter>-1</alter>
          <octave>3</octave>
        </pitch>
        <duration>2</duration>
        <voice>1</voice>
        <type>quarter</type>
        <stem default-y="-50">down</stem>
        <lyric default-y="-80" number="1">
          <syllabic>middle</syllabic>
          <text font-size="11.8">xal</text>
        </lyric>
      </note>
      <note default-x="54">
        <pitch>
          <step>B</step>
          <alter>-1</alter>
          <octave>3</octave>
        </pitch>
        <duration>2</duration>
        <voice>1</voice>
        <type>quarter</type>
        <stem default-y="-50">down</stem>
        <lyric default-y="-80" number="1">
          <syllabic>end</syllabic>
          <text font-size="11.8">ter,</text>
        </lyric>
      </note>
      <note default-x="94">
        <pitch>
          <step>A</step>
          <octave>3</octave>
        </pitch>
        <duration>2</duration>
        <voice>1</voice>
        <type>quarter</type>
        <stem default-y="-55">down</stem>
        <lyric default-y="-80" number="1">
          <syllabic>begin</syllabic>
          <text font-size="11.8">E</text>
        </lyric>
      </note>
      <note default-x="135">
        <pitch>
          <step>B</step>
          <alter>-1</alter>
          <octave>3</octave>
        </pitch>
        <duration>2</duration>
        <voice>1</voice>
        <type>quarter</type>
        <stem default-y="-50">down</stem>
        <lyric default-y="-80" number="1">
          <syllabic>middle</syllabic>
          <text font-size="11.8">ter</text>
        </lyric>
      </note>
      <barline location="right">
        <bar-style>none</bar-style>
      </barline>
    </measure>
    <!--=======================================================-->
    <measure number="4" width="70">
      <note default-x="14">
        <pitch>
          <step>C</step>
          <octave>4</octave>
        </pitch>
        <duration>4</duration>
        <voice>1</voice>
        <type>half</type>
        <stem default-y="-45">down</stem>
        <lyric default-y="-80" number="1">
          <syllabic>end</syllabic>
          <text font-size="11.8">nel,</text>
        </lyric>
      </note>
      <note default-x="40">
        <rest/>
        <duration>4</duration>
        <voice>1</voice>
        <type>half</type>
      </note>
      <barline location="right">
        <bar-style>none</bar-style>
      </barline>
    </measure>
    <!--=======================================================-->
    <measure number="5" width="128">
      <note default-x="14">
        <pitch>
          <step>C</step>
          <octave>4</octave>
        </pitch>
        <duration>4</duration>
        <voice>1</voice>
        <type>half</type>
        <stem default-y="-45">down</stem>
        <lyric default-y="-80" number="1">
          <syllabic>single</syllabic>
          <text font-size="11.8">2.Et</text>
        </lyric>
      </note>
      <note default-x="64">
        <pitch>
          <step>D</step>
          <octave>4</octave>
        </pitch>
        <duration>2</duration>
        <voice>1</voice>
        <type>quarter</type>
        <stem default-y="-40">down</stem>
        <lyric default-y="-80" number="1">
          <syllabic>begin</syllabic>
          <text font-size="11.8">lou</text>
        </lyric>
      </note>
      <note default-x="98">
        <pitch>
          <step>C</step>
          <octave>4</octave>
        </pitch>
        <duration>2</duration>
        <voice>1</voice>
        <type>quarter</type>
        <stem default-y="-45">down</stem>
        <lyric default-y="-80" number="1">
          <syllabic>end</syllabic>
          <text font-size="11.8">er</text>
        </lyric>
      </note>
      <barline location="right">
        <bar-style>none</bar-style>
      </barline>
    </measure>
    <!--=======================================================-->
    <measure number="6" width="119">
      <note default-x="14">
        <pitch>
          <step>A</step>
          <octave>3</octave>
        </pitch>
        <duration>4</duration>
        <voice>1</voice>
        <type>half</type>
        <stem default-y="-55">down</stem>
        <lyric default-y="-80" number="1">
          <syllabic>single</syllabic>
          <text font-size="11.8">ta</text>
        </lyric>
      </note>
      <note default-x="66">
        <pitch>
          <step>D</step>
          <octave>4</octave>
        </pitch>
        <duration>4</duration>
        <voice>1</voice>
        <type>half</type>
        <stem default-y="-40">down</stem>
        <lyric default-y="-80" number="1">
          <syllabic>begin</syllabic>
          <text font-size="11.8">gran</text>
        </lyric>
      </note>
      <barline location="right">
        <bar-style>none</bar-style>
      </barline>
    </measure>
    <!--=======================================================-->
    <measure number="7" width="132">
      <note default-x="14">
        <pitch>
          <step>C</step>
          <octave>4</octave>
        </pitch>
        <duration>2</duration>
        <voice>1</voice>
        <type>quarter</type>
        <stem default-y="-45">down</stem>
        <lyric default-y="-80" number="1">
          <syllabic>end</syllabic>
          <text font-size="11.8">deur</text>
        </lyric>
      </note>
      <note default-x="61">
        <pitch>
          <step>B</step>
          <alter>-1</alter>
          <octave>3</octave>
        </pitch>
        <duration>2</duration>
        <voice>1</voice>
        <type>quarter</type>
        <stem default-y="-50">down</stem>
        <lyric default-y="-80" number="1">
          <syllabic>begin</syllabic>
          <text font-size="11.8">con</text>
        </lyric>
      </note>
      <note default-x="99">
        <pitch>
          <step>A</step>
          <octave>3</octave>
        </pitch>
        <duration>4</duration>
        <voice>1</voice>
        <type>half</type>
        <stem default-y="-55">down</stem>
        <lyric default-y="-80" number="1">
          <syllabic>middle</syllabic>
          <text font-size="11.8">nu</text>
        </lyric>
      </note>
      <barline location="right">
        <bar-style>none</bar-style>
      </barline>
    </measure>
    <!--=======================================================-->
    <measure number="8" width="80">
      <note default-x="14">
        <pitch>
          <step>G</step>
          <octave>3</octave>
        </pitch>
        <duration>4</duration>
        <voice>1</voice>
        <type>half</type>
        <stem default-y="11">up</stem>
        <lyric default-y="-80" number="1">
          <syllabic>end</syllabic>
          <text font-size="11.8">e,</text>
        </lyric>
      </note>
      <note default-x="45">
        <rest/>
        <duration>4</duration>
        <voice>1</voice>
        <type>half</type>
      </note>
      <barline location="right">
        <bar-style>none</bar-style>
      </barline>
    </measure>
    <!--=======================================================-->
    <measure number="9" width="251">
      <print new-system="yes">
        <system-layout>
          <system-margins>
            <left-margin>0</left-margin>
            <right-margin>0</right-margin>
          </system-margins>
          <system-distance>86</system-distance>
        </system-layout>
      </print>
      <note default-x="73">
        <pitch>
          <step>F</step>
          <octave>3</octave>
        </pitch>
        <duration>4</duration>
        <voice>1</voice>
        <type>half</type>
        <stem default-y="5.5">up</stem>
        <lyric default-y="-80" number="1" relative-x="8">
          <syllabic>begin</syllabic>
          <text font-size="11.8">3.Pres</text>
        </lyric>
      </note>
      <note default-x="153">
        <pitch>
          <step>F</step>
          <octave>3</octave>
        </pitch>
        <duration>2</duration>
        <voice>1</voice>
        <type>quarter</type>
        <stem default-y="5.5">up</stem>
        <lyric default-y="-80" number="1">
          <syllabic>end</syllabic>
          <text font-size="11.8">chant</text>
        </lyric>
      </note>
      <note default-x="202">
        <pitch>
          <step>A</step>
          <octave>3</octave>
        </pitch>
        <duration>2</duration>
        <voice>1</voice>
        <type>quarter</type>
        <stem default-y="-55.5">down</stem>
        <lyric default-y="-80" number="1">
          <syllabic>single</syllabic>
          <text font-size="11.8">à</text>
        </lyric>
      </note>
      <barline location="right">
        <bar-style>none</bar-style>
      </barline>
    </measure>
    <!--=======================================================-->
    <measure number="10" width="115">
      <note default-x="13">
        <pitch>
          <step>G</step>
          <octave>3</octave>
        </pitch>
        <duration>4</duration>
        <voice>1</voice>
        <type>half</type>
        <stem default-y="10.5">up</stem>
        <lyric default-y="-80" number="1">
          <syllabic>single</syllabic>
          <text font-size="11.8">tous</text>
        </lyric>
      </note>
      <note default-x="64">
        <pitch>
          <step>A</step>
          <octave>3</octave>
        </pitch>
        <duration>4</duration>
        <voice>1</voice>
        <type>half</type>
        <stem default-y="-55.5">down</stem>
        <lyric default-y="-80" number="1">
          <syllabic>single</syllabic>
          <text font-size="11.8">ton</text>
        </lyric>
      </note>
      <barline location="right">
        <bar-style>none</bar-style>
      </barline>
    </measure>
    <!--=======================================================-->
    <measure number="11" width="185">
      <note default-x="14">
        <pitch>
          <step>A</step>
          <octave>3</octave>
        </pitch>
        <duration>2</duration>
        <voice>1</voice>
        <type>quarter</type>
        <stem default-y="-55.5">down</stem>
        <lyric default-y="-80" number="1">
          <syllabic>begin</syllabic>
          <text font-size="11.8">vou</text>
        </lyric>
      </note>
      <note default-x="57">
        <pitch>
          <step>B</step>
          <alter>-1</alter>
          <octave>3</octave>
        </pitch>
        <duration>2</duration>
        <voice>1</voice>
        <type>quarter</type>
        <stem default-y="-50.5">down</stem>
        <lyric default-y="-80" number="1">
          <syllabic>end</syllabic>
          <text font-size="11.8">loir</text>
        </lyric>
      </note>
      <note default-x="99">
        <pitch>
          <step>A</step>
          <octave>3</octave>
        </pitch>
        <duration>2</duration>
        <voice>1</voice>
        <type>quarter</type>
        <stem default-y="-55.5">down</stem>
        <lyric default-y="-80" number="1">
          <syllabic>begin</syllabic>
          <text font-size="11.8">pa</text>
        </lyric>
      </note>
      <note default-x="142">
        <pitch>
          <step>B</step>
          <alter>-1</alter>
          <octave>3</octave>
        </pitch>
        <duration>2</duration>
        <voice>1</voice>
        <type>quarter</type>
        <stem default-y="-50.5">down</stem>
        <lyric default-y="-80" number="1">
          <syllabic>middle</syllabic>
          <text font-size="11.8">ter</text>
        </lyric>
      </note>
      <barline location="right">
        <bar-style>none</bar-style>
      </barline>
    </measure>
    <!--=======================================================-->
    <measure number="12" width="91">
      <note default-x="14">
        <pitch>
          <step>C</step>
          <octave>4</octave>
        </pitch>
        <duration>4</duration>
        <voice>1</voice>
        <type>half</type>
        <stem default-y="-45.5">down</stem>
        <lyric default-y="-80" number="1">
          <syllabic>end</syllabic>
          <text font-size="11.8">nel</text>
        </lyric>
      </note>
      <note default-x="51">
        <rest/>
        <duration>4</duration>
        <voice>1</voice>
        <type>half</type>
      </note>
      <barline location="right">
        <bar-style>none</bar-style>
      </barline>
    </measure>
    <!--=======================================================-->
    <measure number="13" width="161">
      <note default-x="14">
        <pitch>
          <step>C</step>
          <octave>4</octave>
        </pitch>
        <duration>4</duration>
        <voice>1</voice>
        <type>half</type>
        <stem default-y="-45.5">down</stem>
        <lyric default-y="-80" number="1" relative-x="6">
          <syllabic>single</syllabic>
          <text font-size="11.8">4.Des</text>
        </lyric>
      </note>
      <note default-x="80">
        <pitch>
          <step>D</step>
          <octave>4</octave>
        </pitch>
        <duration>2</duration>
        <voice>1</voice>
        <type>quarter</type>
        <stem default-y="-40">down</stem>
        <lyric default-y="-80" number="1">
          <syllabic>single</syllabic>
          <text font-size="11.8">la</text>
        </lyric>
      </note>
      <note default-x="120">
        <pitch>
          <step>C</step>
          <octave>4</octave>
        </pitch>
        <duration>2</duration>
        <voice>1</voice>
        <type>quarter</type>
        <stem default-y="-45.5">down</stem>
        <lyric default-y="-80" number="1">
          <syllabic>begin</syllabic>
          <text font-size="11.8">poin</text>
        </lyric>
      </note>
      <barline location="right">
        <bar-style>none</bar-style>
      </barline>
    </measure>
    <!--=======================================================-->
    <measure number="14" width="189">
      <note default-x="14">
        <pitch>
          <step>B</step>
          <alter>-1</alter>
          <octave>3</octave>
        </pitch>
        <duration>2</duration>
        <voice>1</voice>
        <type>quarter</type>
        <stem default-y="-50.5">down</stem>
        <lyric default-y="-80" number="1">
          <syllabic>end</syllabic>
          <text font-size="11.8">te</text>
        </lyric>
      </note>
      <note default-x="58">
        <pitch>
          <step>A</step>
          <octave>3</octave>
        </pitch>
        <duration>2</duration>
        <voice>1</voice>
        <type>quarter</type>
        <stem default-y="-55.5">down</stem>
        <lyric default-y="-80" number="1">
          <syllabic>single</syllabic>
          <text font-size="11.8">du</text>
        </lyric>
      </note>
      <note default-x="101">
        <pitch>
          <step>B</step>
          <alter>-1</alter>
          <octave>3</octave>
        </pitch>
        <duration>2</duration>
        <voice>1</voice>
        <type>quarter</type>
        <stem default-y="-50.5">down</stem>
        <lyric default-y="-80" number="1">
          <syllabic>single</syllabic>
          <text font-size="11.8">jour</text>
        </lyric>
      </note>
      <note default-x="145">
        <pitch>
          <step>A</step>
          <octave>3</octave>
        </pitch>
        <duration>2</duration>
        <voice>1</voice>
        <type>quarter</type>
        <stem default-y="-55.5">down</stem>
        <lyric default-y="-80" number="1">
          <syllabic>begin</syllabic>
          <text font-size="11.8">ve</text>
        </lyric>
      </note>
      <barline location="right">
        <bar-style>none</bar-style>
      </barline>
    </measure>
    <!--=======================================================-->
    <measure number="15" width="133">
      <note default-x="13">
        <pitch>
          <step>G</step>
          <octave>3</octave>
        </pitch>
        <duration>4</duration>
        <voice>1</voice>
        <type>half</type>
        <stem default-y="10.5">up</stem>
        <lyric default-y="-80" number="1">
          <syllabic>middle</syllabic>
          <text font-size="11.8">nu</text>
        </lyric>
      </note>
      <note default-x="73">
        <pitch>
          <step>F</step>
          <octave>3</octave>
        </pitch>
        <duration>4</duration>
        <voice>1</voice>
        <type>half</type>
        <stem default-y="5.5">up</stem>
        <lyric default-y="-80" number="1">
          <syllabic>end</syllabic>
          <text font-size="11.8">e</text>
        </lyric>
      </note>
      <barline location="right">
        <bar-style>none</bar-style>
      </barline>
    </measure>
    <!--=======================================================-->
    <measure number="16" width="174">
      <print new-system="yes">
        <system-layout>
          <system-distance>86</system-distance>
        </system-layout>
      </print>
      <note default-x="73">
        <rest/>
        <duration>4</duration>
        <voice>1</voice>
        <type>half</type>
      </note>
      <note default-x="125">
        <pitch>
          <step>F</step>
          <octave>3</octave>
        </pitch>
        <duration>4</duration>
        <voice>1</voice>
        <type>half</type>
        <stem default-y="5.5">up</stem>
        <lyric default-y="-80" number="1">
          <syllabic>begin</syllabic>
          <text font-size="11.8">5.Voi</text>
        </lyric>
      </note>
      <barline location="right">
        <bar-style>none</bar-style>
      </barline>
    </measure>
    <!--=======================================================-->
    <measure number="17" width="161">
      <note default-x="14">
        <pitch>
          <step>B</step>
          <alter>-1</alter>
          <octave>3</octave>
        </pitch>
        <duration>4</duration>
        <voice>1</voice>
        <type>half</type>
        <stem default-y="-50">down</stem>
        <lyric default-y="-80" number="1">
          <syllabic>end</syllabic>
          <text font-size="11.8">re</text>
        </lyric>
      </note>
      <note default-x="80">
        <pitch>
          <step>G</step>
          <octave>3</octave>
        </pitch>
        <duration>2</duration>
        <voice>1</voice>
        <type>quarter</type>
        <stem default-y="10.5">up</stem>
        <lyric default-y="-80" number="1">
          <syllabic>single</syllabic>
          <text font-size="11.8">ta</text>
        </lyric>
      </note>
      <note default-x="120">
        <pitch>
          <step>G</step>
          <octave>3</octave>
        </pitch>
        <duration>2</duration>
        <voice>1</voice>
        <type>quarter</type>
        <stem default-y="10.5">up</stem>
        <lyric default-y="-80" number="1">
          <syllabic>begin</syllabic>
          <text font-size="11.8">loi</text>
        </lyric>
      </note>
      <barline location="right">
        <bar-style>none</bar-style>
      </barline>
    </measure>
    <!--=======================================================-->
    <measure number="18" width="148">
      <note default-x="14">
        <pitch>
          <step>A</step>
          <octave>3</octave>
        </pitch>
        <duration>4</duration>
        <voice>1</voice>
        <type>half</type>
        <stem default-y="-55">down</stem>
        <lyric default-y="-80" number="1">
          <syllabic>middle</syllabic>
          <text font-size="11.8">au</text>
        </lyric>
      </note>
      <note default-x="71">
        <pitch>
          <step>F</step>
          <octave>3</octave>
        </pitch>
        <duration>2</duration>
        <voice>1</voice>
        <type>quarter</type>
        <stem default-y="5.5">up</stem>
        <lyric default-y="-80" number="1">
          <syllabic>end</syllabic>
          <text font-size="11.8">te</text>
        </lyric>
      </note>
      <note default-x="110">
        <pitch>
          <step>F</step>
          <octave>3</octave>
        </pitch>
        <duration>2</duration>
        <voice>1</voice>
        <type>quarter</type>
        <stem default-y="5.5">up</stem>
        <lyric default-y="-80" number="1">
          <syllabic>begin</syllabic>
          <text font-size="11.8">chan</text>
        </lyric>
      </note>
      <barline location="right">
        <bar-style>none</bar-style>
      </barline>
    </measure>
    <!--=======================================================-->
    <measure number="19" width="87">
      <note default-x="14">
        <pitch>
          <step>G</step>
          <octave>3</octave>
        </pitch>
        <duration>4</duration>
        <voice>1</voice>
        <type>half</type>
        <stem default-y="10.5">up</stem>
        <lyric default-y="-80" number="1">
          <syllabic>middle</syllabic>
          <text font-size="11.8">te</text>
        </lyric>
      </note>
      <note default-x="50">
        <pitch>
          <step>A</step>
          <octave>3</octave>
        </pitch>
        <duration>4</duration>
        <voice>1</voice>
        <type>half</type>
        <stem default-y="-55">down</stem>
        <lyric default-y="-80" number="1">
          <syllabic>end</syllabic>
          <text font-size="11.8">e</text>
        </lyric>
      </note>
      <barline location="right">
        <bar-style>none</bar-style>
      </barline>
    </measure>
    <!--=======================================================-->
    <measure number="20" width="82">
      <note default-x="13">
        <rest/>
        <duration>4</duration>
        <voice>1</voice>
        <type>half</type>
      </note>
      <note default-x="41">
        <pitch>
          <step>C</step>
          <octave>4</octave>
        </pitch>
        <duration>4</duration>
        <voice>1</voice>
        <type>half</type>
        <stem default-y="-45">down</stem>
        <lyric default-y="-80" number="1">
          <syllabic>begin</syllabic>
          <text font-size="11.8">6.Ce</text>
        </lyric>
      </note>
      <barline location="right">
        <bar-style>none</bar-style>
      </barline>
    </measure>
    <!--=======================================================-->
    <measure number="21" width="185">
      <note default-x="13">
        <pitch>
          <step>G</step>
          <octave>3</octave>
        </pitch>
        <duration>2</duration>
        <voice>1</voice>
        <type>quarter</type>
        <stem default-y="10.5">up</stem>
        <lyric default-y="-80" number="1">
          <syllabic>middle</syllabic>
          <text font-size="11.8">le</text>
        </lyric>
      </note>
      <note default-x="61">
        <pitch>
          <step>B</step>
          <alter>-1</alter>
          <octave>3</octave>
        </pitch>
        <duration>2</duration>
        <voice>1</voice>
        <type>quarter</type>
        <stem default-y="-50">down</stem>
        <lyric default-y="-80" number="1">
          <syllabic>end</syllabic>
          <text font-size="11.8">brer</text>
        </lyric>
      </note>
      <note default-x="108">
        <pitch>
          <step>A</step>
          <octave>3</octave>
        </pitch>
        <duration>4</duration>
        <voice>1</voice>
        <type>half</type>
        <stem default-y="-55">down</stem>
        <lyric default-y="-80" number="1">
          <syllabic>begin</syllabic>
          <text font-size="11.8">tou</text>
        </lyric>
      </note>
      <barline location="right">
        <bar-style>none</bar-style>
      </barline>
    </measure>
    <!--=======================================================-->
    <measure number="22" width="168">
      <note default-x="13">
        <pitch>
          <step>F</step>
          <octave>3</octave>
        </pitch>
        <duration>4</duration>
        <voice>1</voice>
        <type>half</type>
        <stem default-y="5.5">up</stem>
        <lyric default-y="-80" number="1">
          <syllabic>end</syllabic>
          <text font-size="11.8">te</text>
        </lyric>
      </note>
      <note default-x="82">
        <pitch>
          <step>B</step>
          <alter>-1</alter>
          <octave>3</octave>
        </pitch>
        <duration>2</duration>
        <voice>1</voice>
        <type>quarter</type>
        <stem default-y="-50">down</stem>
        <lyric default-y="-80" number="1">
          <syllabic>single</syllabic>
          <text font-size="11.8">la</text>
        </lyric>
      </note>
      <note default-x="125">
        <pitch>
          <step>A</step>
          <octave>3</octave>
        </pitch>
        <duration>2</duration>
        <voice>1</voice>
        <type>quarter</type>
        <stem default-y="-55">down</stem>
        <lyric default-y="-80" number="1">
          <syllabic>begin</syllabic>
          <text font-size="11.8">nui</text>
        </lyric>
      </note>
      <barline location="right">
        <bar-style>none</bar-style>
      </barline>
    </measure>
    <!--=======================================================-->
    <measure number="23" width="51">
      <note default-x="13">
        <pitch>
          <step>G</step>
          <octave>3</octave>
        </pitch>
        <duration>4</duration>
        <voice>1</voice>
        <type>half</type>
        <stem default-y="10.5">up</stem>
        <lyric default-y="-80" number="1">
          <syllabic>middle</syllabic>
          <text font-size="11.8">te</text>
        </lyric>
      </note>
      <forward>
        <duration>4</duration>
        <voice>1</voice>
      </forward>
      <barline location="right">
        <bar-style>none</bar-style>
      </barline>
    </measure>
    <!--=======================================================-->
    <measure number="24" width="70">
      <note default-x="13">
        <pitch>
          <step>F</step>
          <octave>3</octave>
        </pitch>
        <duration>8</duration>
        <voice>1</voice>
        <type>whole</type>
        <lyric default-y="-80" number="1">
          <syllabic>end</syllabic>
          <text font-size="11.8">e.</text>
        </lyric>
      </note>
      <barline location="right">
        <bar-style>light-heavy</bar-style>
      </barline>
    </measure>
  </part>
  <!--=========================================================-->
</score-partwise>
