<?xml version="1.0" encoding="UTF-8"?>
<!DOCTYPE score-partwise PUBLIC "-//Recordare//DTD MusicXML 2.0 Partwise//EN"
  "http://www.musicxml.org/dtds/partwise.dtd">

<score-partwise><part-list><score-part id='P1'><part-name>MusicXML Part</part-name>
</score-part>
</part-list>
<part id='P1'><measure number='1'><attributes><divisions>1</divisions>
<key><fifths>0</fifths>
<mode>major</mode>
</key>
<time symbol='cut'><beats>2</beats>
<beat-type>2</beat-type>
</time>
<clef><sign>G</sign>
<line>2</line>
</clef>
</attributes>
<note><pitch><step>D</step>
<octave>5</octave>
</pitch>
<duration>4</duration>
<lyric number='1'><syllabic>single</syllabic>
<text>Il</text>
</lyric>
</note>
</measure>
<measure number='2'>
<note><pitch><step>D</step>
<octave>5</octave>
</pitch>
<duration>2</duration>
<lyric number='1'><syllabic>single</syllabic>
<text>faut</text>
</lyric>
</note>
<note><pitch><step>D</step>
<octave>5</octave>
</pitch>
<duration>2</duration>
<lyric number='1'><syllabic>single</syllabic>
<text>bien</text>
</lyric>
</note>
</measure>
<measure number='3'>
<note><pitch><step>E</step>
<octave>5</octave>
</pitch>
<duration>2</duration>
<lyric number='1'><syllabic>single</syllabic>
<text>que</text>
</lyric>
</note>
<note><pitch><step>G</step>
<octave>5</octave>
</pitch>
<duration>2</duration>
<lyric number='1'><syllabic>begin</syllabic>
<text>j'ay</text>
</lyric>
</note>
</measure>
<measure number='4'>
<note><pitch><step>C</step>
<octave>5</octave>
</pitch>
<duration>2</duration>
<lyric number='1'><syllabic>end</syllabic>
<text>me</text>
</lyric>
</note>
<note><pitch><step>F</step>
<octave>5</octave>
</pitch>
<duration>2</duration>
<lyric number='1'><syllabic>single</syllabic>
<text>sans</text>
</lyric>
</note>
</measure>
<measure number='5'>
<note><pitch><step>E</step>
<octave>5</octave>
</pitch>
<duration>4</duration>
<lyric number='1'><syllabic>begin</syllabic>
<text>fain</text>
</lyric>
</note>
</measure>
<measure number='6'>
<note><pitch><step>D</step>
<octave>5</octave>
</pitch>
<duration>4</duration>
<lyric number='1'><syllabic>end</syllabic>
<text>te</text>
</lyric>
</note>
</measure>
<measure number='7'>
<note><rest></rest>
<duration>4</duration>
</note>
</measure>
<measure number='8'>
<note><pitch><step>D</step>
<octave>5</octave>
</pitch>
<duration>2</duration>
<lyric number='1'><syllabic>begin</syllabic>
<text>L'E</text>
</lyric>
</note>
<note><pitch><step>G</step>
<octave>5</octave>
</pitch>
<duration>2</duration>
<lyric number='1'><syllabic>middle</syllabic>
<text>ter</text>
</lyric>
</note>
</measure>
<measure number='9'>
<note><pitch><step>E</step>
<octave>5</octave>
</pitch>
<duration>2</duration>
<lyric number='1'><syllabic>end</syllabic>
<text>nel</text>
</lyric>
</note>
<note><pitch><step>F</step>
<octave>5</octave>
</pitch>
<duration>4</duration>
<lyric number='1'><syllabic>single</syllabic>
<text>tout -</text>
</lyric>
</note>
<note><pitch><step>E</step>
<octave>5</octave>
</pitch>
<duration>2</duration>
<lyric number='1'><syllabic>begin</syllabic>
<text>puis</text>
</lyric>
</note>
</measure>
<measure number='11'>
<note><pitch><step>D</step>
<octave>5</octave>
</pitch>
<duration>4</duration>
<lyric number='1'><syllabic>end</syllabic>
<text>sant,</text>
</lyric>
</note>
</measure>
<measure number='12'>
<note><rest></rest>
<duration>4</duration>
</note>
</measure>
<measure number='13'>
<note><pitch><step>E</step>
<octave>5</octave>
</pitch>
<duration>4</duration>
<lyric number='1'><syllabic>single</syllabic>
<text>Puis</text>
</lyric>
</note>
</measure>
<measure number='14'>
<note><pitch><step>D</step>
<octave>5</octave>
</pitch>
<duration>2</duration>
<lyric number='1'><syllabic>single</syllabic>
<text>qu'à</text>
</lyric>
</note>
<note><pitch><step>F</step>
<octave>5</octave>
</pitch>
<duration>2</duration>
<lyric number='1'><syllabic>single</syllabic>
<text>la</text>
</lyric>
</note>
</measure>
<measure number='15'>
<note><pitch><step>E</step>
<octave>5</octave>
</pitch>
<duration>2</duration>
<lyric number='1'><syllabic>single</syllabic>
<text>voix</text>
</lyric>
</note>
<note><pitch><step>E</step>
<octave>5</octave>
</pitch>
<duration>2</duration>
<lyric number='1'><syllabic>single</syllabic>
<text>de</text>
</lyric>
</note>
</measure>
<measure number='16'>
<note><pitch><step>C</step>
<alter>1</alter>
<octave>5</octave>
</pitch>
<duration>2</duration>
<accidental>sharp</accidental>
<lyric number='1'><syllabic>single</syllabic>
<text>ma</text>
</lyric>
</note>
<note><pitch><step>D</step>
<octave>5</octave>
</pitch>
<duration>2</duration>
<lyric number='1'><syllabic>begin</syllabic>
<text>com</text>
</lyric>
</note>
</measure>
<measure number='17'>
<note><pitch><step>B</step>
<octave>4</octave>
</pitch>
<duration>4</duration>
<lyric number='1'><syllabic>middle</syllabic>
<text>plain</text>
</lyric>
</note>
</measure>
<measure number='18'>
<note><pitch><step>A</step>
<octave>4</octave>
</pitch>
<duration>4</duration>
<lyric number='1'><syllabic>end</syllabic>
<text>te</text>
</lyric>
</note>
</measure>
<measure number='19'>
<note><rest></rest>
<duration>4</duration>
</note>
</measure>
<measure number='20'>
<note><pitch><step>A</step>
<octave>4</octave>
</pitch>
<duration>4</duration>
<lyric number='1'><syllabic>single</syllabic>
<text>Il</text>
</lyric>
</note>
</measure>
<measure number='21'>
<note><pitch><step>D</step>
<octave>5</octave>
</pitch>
<duration>2</duration>
<lyric number='1'><syllabic>single</syllabic>
<text>se</text>
</lyric>
</note>
<note><pitch><step>C</step>
<octave>5</octave>
</pitch>
<duration>2</duration>
<lyric number='1'><syllabic>single</syllabic>
<text>va</text>
</lyric>
</note>
</measure>
<measure number='22'>
<note><pitch><step>B</step>
<octave>4</octave>
</pitch>
<duration>2</duration>
<lyric number='1'><syllabic>begin</syllabic>
<text>fle</text>
</lyric>
</note>
<note><pitch><step>A</step>
<octave>4</octave>
</pitch>
<duration>2</duration>
<lyric number='1'><syllabic>middle</syllabic>
<text>chis</text>
</lyric>
</note>
</measure>
<measure number='23'>
<note><pitch><step>G</step>
<octave>4</octave>
</pitch>
<duration>4</duration>
<lyric number='1'><syllabic>end</syllabic>
<text>sant.</text>
</lyric>
</note>
<barline location="right">
                        <bar-style>light-heavy</bar-style>
                           </barline>
</measure>
</part>
</score-partwise>
