{"ref": "desportes1624", "title": "Les Psaumes en vers fran\u00e7ais ", "short_title": "Desportes 1624", "description": "<p>\r\n\t<em>Les CL. Pseaumes de David-, mis en vers fran&ccedil;ois, par Ph. DesPortes... Et les chants en musique, par Denis Caignet..., </em>1624. A Paris. Par Pierre Ballard. Ex.&nbsp;Paris BnF</p>\r\n<p>\r\n\tResp. Marc Desmet, saisie Jean-Michel Noailly, &eacute;d. Alice Tacaille</p>\r\n", "is_public": true, "short_description": "Les Psaumes en vers fran\u00e7ais de Philippe Desportes, mis en musique par Denis Caignet (1624)", "licence_code": null, "copyright": null, "supervisors": null}