<?xml version="1.0" encoding="UTF-8"?>
<!DOCTYPE score-partwise PUBLIC "-//Recordare//DTD MusicXML 1.0 Partwise//EN"
                                "http://www.musicxml.org/dtds/partwise.dtd">
<score-partwise>
  <identification>
    <encoding>
      <software>Finale for Windows</software>
      <software>Dolet Light for Finale 2006</software>
      <encoding-date>2009-10-14</encoding-date>
    </encoding>
  </identification>
  <part-list>
    <score-part id="P1">
      <part-name>MusicXML Part</part-name>
      <score-instrument id="P1-I1">
        <instrument-name>Grand Piano</instrument-name>
      </score-instrument>
      <midi-instrument id="P1-I1">
        <midi-channel>1</midi-channel>
        <midi-program>1</midi-program>
      </midi-instrument>
    </score-part>
  </part-list>
  <!--=========================================================-->
  <part id="P1">
    <measure number="1">
      <attributes>
        <divisions>1</divisions>
        <key>
          <fifths>0</fifths>
          <mode>major</mode>
        </key>
        <time symbol="cut">
          <beats>2</beats>
          <beat-type>2</beat-type>
        </time>
        <clef>
          <sign>C</sign>
          <line>4</line>
        </clef>
      </attributes>
      <sound tempo="120"/>
      <note>
        <pitch>
          <step>G</step>
          <octave>3</octave>
        </pitch>
        <duration>2</duration>
        <voice>1</voice>
        <type>half</type>
        <stem>up</stem>
        <lyric number="1">
          <syllabic>single</syllabic>
          <text>1.Vers</text>
        </lyric>
      </note>
      <note>
        <pitch>
          <step>A</step>
          <octave>3</octave>
        </pitch>
        <duration>2</duration>
        <voice>1</voice>
        <type>half</type>
        <stem>down</stem>
        <lyric number="1">
          <syllabic>single</syllabic>
          <text>les</text>
        </lyric>
      </note>
      <barline location="right">
        <bar-style>none</bar-style>
      </barline>
    </measure>
    <!--=======================================================-->
    <measure number="2">
      <note>
        <pitch>
          <step>G</step>
          <octave>3</octave>
        </pitch>
        <duration>1</duration>
        <voice>1</voice>
        <type>quarter</type>
        <stem>up</stem>
        <lyric number="1">
          <syllabic>single</syllabic>
          <text>monts</text>
        </lyric>
      </note>
      <note>
        <pitch>
          <step>C</step>
          <octave>4</octave>
        </pitch>
        <duration>2</duration>
        <voice>1</voice>
        <type>half</type>
        <stem>down</stem>
        <lyric number="1">
          <syllabic>single</syllabic>
          <text>i'ay</text>
        </lyric>
      </note>
      <note>
        <pitch>
          <step>B</step>
          <octave>3</octave>
        </pitch>
        <duration>1</duration>
        <voice>1</voice>
        <type>quarter</type>
        <stem>down</stem>
        <lyric number="1">
          <syllabic>begin</syllabic>
          <text>le</text>
        </lyric>
      </note>
      <barline location="right">
        <bar-style>none</bar-style>
      </barline>
    </measure>
    <!--=======================================================-->
    <measure number="3">
      <note>
        <pitch>
          <step>A</step>
          <octave>3</octave>
        </pitch>
        <duration>1</duration>
        <voice>1</voice>
        <type>quarter</type>
        <stem>down</stem>
        <lyric number="1">
          <syllabic>end</syllabic>
          <text>vé</text>
        </lyric>
      </note>
      <note>
        <pitch>
          <step>A</step>
          <octave>3</octave>
        </pitch>
        <duration>1</duration>
        <voice>1</voice>
        <type>quarter</type>
        <stem>down</stem>
        <lyric number="1">
          <syllabic>single</syllabic>
          <text>mes</text>
        </lyric>
      </note>
      <note>
        <pitch>
          <step>G</step>
          <octave>3</octave>
        </pitch>
        <duration>2</duration>
        <voice>1</voice>
        <type>half</type>
        <stem>up</stem>
        <lyric number="1">
          <syllabic>single</syllabic>
          <text>yeux,</text>
        </lyric>
      </note>
      <barline location="right">
        <bar-style>none</bar-style>
      </barline>
    </measure>
    <!--=======================================================-->
    <measure number="4">
      <note>
        <rest/>
        <duration>2</duration>
        <voice>1</voice>
        <type>half</type>
      </note>
      <note>
        <pitch>
          <step>C</step>
          <octave>4</octave>
        </pitch>
        <duration>2</duration>
        <voice>1</voice>
        <type>half</type>
        <stem>down</stem>
        <lyric number="1">
          <syllabic>begin</syllabic>
          <text>2.Cui</text>
        </lyric>
      </note>
      <barline location="right">
        <bar-style>none</bar-style>
      </barline>
    </measure>
    <!--=======================================================-->
    <measure number="5">
      <note>
        <pitch>
          <step>C</step>
          <octave>4</octave>
        </pitch>
        <duration>1</duration>
        <voice>1</voice>
        <type>quarter</type>
        <stem>down</stem>
        <lyric number="1">
          <syllabic>end</syllabic>
          <text>dant</text>
        </lyric>
      </note>
      <note>
        <pitch>
          <step>B</step>
          <octave>3</octave>
        </pitch>
        <duration>1</duration>
        <voice>1</voice>
        <type>quarter</type>
        <stem>down</stem>
        <lyric number="1">
          <syllabic>begin</syllabic>
          <text>a</text>
        </lyric>
      </note>
      <note>
        <pitch>
          <step>C</step>
          <octave>4</octave>
        </pitch>
        <duration>2</duration>
        <voice>1</voice>
        <type>half</type>
        <stem>down</stem>
        <lyric number="1">
          <syllabic>end</syllabic>
          <text>voir</text>
        </lyric>
      </note>
      <barline location="right">
        <bar-style>none</bar-style>
      </barline>
    </measure>
    <!--=======================================================-->
    <measure number="6">
      <note>
        <pitch>
          <step>D</step>
          <octave>4</octave>
        </pitch>
        <duration>2</duration>
        <voice>1</voice>
        <type>half</type>
        <stem>down</stem>
        <lyric number="1">
          <syllabic>single</syllabic>
          <text>d'en</text>
        </lyric>
      </note>
      <note>
        <pitch>
          <step>E</step>
          <octave>4</octave>
        </pitch>
        <duration>1</duration>
        <voice>1</voice>
        <type>quarter</type>
        <stem>down</stem>
        <lyric number="1">
          <syllabic>single</syllabic>
          <text>haut</text>
        </lyric>
      </note>
      <note>
        <pitch>
          <step>E</step>
          <octave>4</octave>
        </pitch>
        <duration>1</duration>
        <voice>1</voice>
        <type>quarter</type>
        <stem>down</stem>
        <lyric number="1">
          <syllabic>single</syllabic>
          <text>3.Le</text>
        </lyric>
      </note>
      <barline location="right">
        <bar-style>none</bar-style>
      </barline>
    </measure>
    <!--=======================================================-->
    <measure number="7">
      <print new-system="yes"/>
      <note>
        <pitch>
          <step>D</step>
          <octave>4</octave>
        </pitch>
        <duration>1</duration>
        <voice>1</voice>
        <type>quarter</type>
        <stem>down</stem>
        <lyric number="1">
          <syllabic>begin</syllabic>
          <text>se</text>
        </lyric>
      </note>
      <note>
        <pitch>
          <step>C</step>
          <octave>4</octave>
        </pitch>
        <duration>1</duration>
        <voice>1</voice>
        <type>quarter</type>
        <stem>down</stem>
        <lyric number="1">
          <syllabic>end</syllabic>
          <text>cours</text>
        </lyric>
      </note>
      <note>
        <pitch>
          <step>C</step>
          <octave>4</octave>
        </pitch>
        <duration>1</duration>
        <voice>1</voice>
        <type>quarter</type>
        <stem>down</stem>
        <lyric number="1">
          <syllabic>single</syllabic>
          <text>qu'il</text>
        </lyric>
      </note>
      <note>
        <pitch>
          <step>B</step>
          <octave>3</octave>
        </pitch>
        <duration>1</duration>
        <voice>1</voice>
        <type>quarter</type>
        <stem>down</stem>
        <lyric number="1">
          <syllabic>single</syllabic>
          <text>me</text>
        </lyric>
      </note>
      <barline location="right">
        <bar-style>none</bar-style>
      </barline>
    </measure>
    <!--=======================================================-->
    <measure number="8">
      <note>
        <pitch>
          <step>C</step>
          <octave>4</octave>
        </pitch>
        <duration>2</duration>
        <voice>1</voice>
        <type>half</type>
        <stem>down</stem>
        <lyric number="1">
          <syllabic>single</syllabic>
          <text>faut:</text>
        </lyric>
      </note>
      <note>
        <rest/>
        <duration>2</duration>
        <voice>1</voice>
        <type>half</type>
      </note>
      <barline location="right">
        <bar-style>none</bar-style>
      </barline>
    </measure>
    <!--=======================================================-->
    <measure number="9">
      <note>
        <pitch>
          <step>G</step>
          <octave>3</octave>
        </pitch>
        <duration>2</duration>
        <voice>1</voice>
        <type>half</type>
        <stem>up</stem>
        <lyric number="1">
          <syllabic>single</syllabic>
          <text>4.Mais</text>
        </lyric>
      </note>
      <note>
        <pitch>
          <step>A</step>
          <octave>3</octave>
        </pitch>
        <duration>1</duration>
        <voice>1</voice>
        <type>quarter</type>
        <stem>down</stem>
        <lyric number="1">
          <syllabic>single</syllabic>
          <text>en</text>
        </lyric>
      </note>
      <note>
        <pitch>
          <step>B</step>
          <octave>3</octave>
        </pitch>
        <duration>1</duration>
        <voice>1</voice>
        <type>quarter</type>
        <stem>down</stem>
        <lyric number="1">
          <syllabic>single</syllabic>
          <text>Dieu</text>
        </lyric>
      </note>
      <barline location="right">
        <bar-style>none</bar-style>
      </barline>
    </measure>
    <!--=======================================================-->
    <measure number="10">
      <note>
        <pitch>
          <step>C</step>
          <octave>4</octave>
        </pitch>
        <duration>1</duration>
        <voice>1</voice>
        <type>quarter</type>
        <stem>down</stem>
        <lyric number="1">
          <syllabic>single</syllabic>
          <text>qui</text>
        </lyric>
      </note>
      <note>
        <pitch>
          <step>B</step>
          <octave>3</octave>
        </pitch>
        <duration>2</duration>
        <voice>1</voice>
        <type>half</type>
        <stem>down</stem>
        <lyric number="1">
          <syllabic>single</syllabic>
          <text>a</text>
        </lyric>
      </note>
      <forward>
        <duration>1</duration>
        <voice>1</voice>
      </forward>
      <barline location="right">
        <bar-style>none</bar-style>
      </barline>
    </measure>
    <!--=======================================================-->
    <measure number="11">
      <note>
        <pitch>
          <step>A</step>
          <octave>3</octave>
        </pitch>
        <duration>2</duration>
        <voice>1</voice>
        <type>half</type>
        <stem>down</stem>
        <lyric number="1">
          <syllabic>single</syllabic>
          <text>fait</text>
        </lyric>
      </note>
      <note>
        <pitch>
          <step>G</step>
          <octave>3</octave>
        </pitch>
        <duration>1</duration>
        <voice>1</voice>
        <type>quarter</type>
        <stem>up</stem>
        <lyric number="1">
          <syllabic>single</syllabic>
          <text>les</text>
        </lyric>
      </note>
      <forward>
        <duration>1</duration>
        <voice>1</voice>
      </forward>
      <barline location="right">
        <bar-style>none</bar-style>
      </barline>
    </measure>
    <!--=======================================================-->
    <measure number="12">
      <note>
        <pitch>
          <step>A</step>
          <octave>3</octave>
        </pitch>
        <duration>2</duration>
        <voice>1</voice>
        <type>half</type>
        <stem>down</stem>
        <lyric number="1">
          <syllabic>single</syllabic>
          <text>cieux,</text>
        </lyric>
      </note>
      <note>
        <rest/>
        <duration>2</duration>
        <voice>1</voice>
        <type>half</type>
      </note>
      <barline location="right">
        <bar-style>none</bar-style>
      </barline>
    </measure>
    <!--=======================================================-->
    <measure number="13">
      <print new-system="yes"/>
      <note>
        <pitch>
          <step>C</step>
          <octave>4</octave>
        </pitch>
        <duration>2</duration>
        <voice>1</voice>
        <type>half</type>
        <stem>down</stem>
        <lyric number="1">
          <syllabic>single</syllabic>
          <text>5.Et</text>
        </lyric>
      </note>
      <note>
        <pitch>
          <step>B</step>
          <octave>3</octave>
        </pitch>
        <duration>1</duration>
        <voice>1</voice>
        <type>quarter</type>
        <stem>down</stem>
        <lyric number="1">
          <syllabic>begin</syllabic>
          <text>ces</text>
        </lyric>
      </note>
      <note>
        <pitch>
          <step>A</step>
          <octave>3</octave>
        </pitch>
        <duration>1</duration>
        <voice>1</voice>
        <type>quarter</type>
        <stem>down</stem>
        <lyric number="1">
          <syllabic>end</syllabic>
          <text>te</text>
        </lyric>
      </note>
      <barline location="right">
        <bar-style>none</bar-style>
      </barline>
    </measure>
    <!--=======================================================-->
    <measure number="14">
      <note>
        <pitch>
          <step>G</step>
          <octave>3</octave>
        </pitch>
        <duration>1</duration>
        <voice>1</voice>
        <type>quarter</type>
        <stem>up</stem>
        <lyric number="1">
          <syllabic>begin</syllabic>
          <text>ter</text>
        </lyric>
      </note>
      <note>
        <pitch>
          <step>F</step>
          <octave>3</octave>
        </pitch>
        <duration>1</duration>
        <voice>1</voice>
        <type>quarter</type>
        <stem>up</stem>
        <lyric number="1">
          <syllabic>end</syllabic>
          <text>re</text>
        </lyric>
      </note>
      <note>
        <pitch>
          <step>E</step>
          <octave>3</octave>
        </pitch>
        <duration>2</duration>
        <voice>1</voice>
        <type>half</type>
        <stem>up</stem>
        <lyric number="1">
          <syllabic>begin</syllabic>
          <text>ron</text>
        </lyric>
      </note>
      <barline location="right">
        <bar-style>none</bar-style>
      </barline>
    </measure>
    <!--=======================================================-->
    <measure number="15">
      <note>
        <pitch>
          <step>D</step>
          <octave>3</octave>
        </pitch>
        <duration>1</duration>
        <voice>1</voice>
        <type>quarter</type>
        <stem>up</stem>
        <lyric number="1">
          <syllabic>end</syllabic>
          <text>de,</text>
        </lyric>
      </note>
      <note>
        <pitch>
          <step>G</step>
          <octave>3</octave>
        </pitch>
        <duration>1</duration>
        <voice>1</voice>
        <type>quarter</type>
        <stem>up</stem>
        <lyric number="1">
          <syllabic>begin</syllabic>
          <text>6.Main</text>
        </lyric>
      </note>
      <note>
        <pitch>
          <step>G</step>
          <octave>3</octave>
        </pitch>
        <duration>1</duration>
        <voice>1</voice>
        <type>quarter</type>
        <stem>up</stem>
        <lyric number="1">
          <syllabic>middle</syllabic>
          <text>te</text>
        </lyric>
      </note>
      <note>
        <pitch>
          <step>A</step>
          <octave>3</octave>
        </pitch>
        <duration>1</duration>
        <voice>1</voice>
        <type>quarter</type>
        <stem>down</stem>
        <lyric number="1">
          <syllabic>end</syllabic>
          <text>nant</text>
        </lyric>
      </note>
      <barline location="right">
        <bar-style>none</bar-style>
      </barline>
    </measure>
    <!--=======================================================-->
    <measure number="16">
      <note>
        <pitch>
          <step>B</step>
          <octave>3</octave>
        </pitch>
        <duration>2</duration>
        <voice>1</voice>
        <type>half</type>
        <stem>down</stem>
        <lyric number="1">
          <syllabic>single</syllabic>
          <text>ie</text>
        </lyric>
      </note>
      <note>
        <pitch>
          <step>C</step>
          <octave>4</octave>
        </pitch>
        <duration>2</duration>
        <voice>1</voice>
        <type>half</type>
        <stem>down</stem>
        <lyric number="1">
          <syllabic>single</syllabic>
          <text>me</text>
        </lyric>
      </note>
      <barline location="right">
        <bar-style>none</bar-style>
      </barline>
    </measure>
    <!--=======================================================-->
    <measure number="17">
      <note>
        <pitch>
          <step>A</step>
          <octave>3</octave>
        </pitch>
        <duration>2</duration>
        <voice>1</voice>
        <type>half</type>
        <stem>down</stem>
        <lyric number="1">
          <syllabic>begin</syllabic>
          <text>fon</text>
        </lyric>
      </note>
      <forward>
        <duration>2</duration>
        <voice>1</voice>
      </forward>
      <barline location="right">
        <bar-style>none</bar-style>
      </barline>
    </measure>
    <!--=======================================================-->
    <measure number="18">
      <note>
        <pitch>
          <step>G</step>
          <octave>3</octave>
        </pitch>
        <duration>4</duration>
        <voice>1</voice>
        <type>whole</type>
        <lyric number="1">
          <syllabic>end</syllabic>
          <text>de.</text>
        </lyric>
      </note>
      <barline location="right">
        <bar-style>light-heavy</bar-style>
      </barline>
    </measure>
  </part>
  <!--=========================================================-->
</score-partwise>
