<?xml version="1.0" encoding="UTF-8"?>
<!DOCTYPE score-partwise PUBLIC "-//Recordare//DTD MusicXML 1.0 Partwise//EN"
                                "http://www.musicxml.org/dtds/partwise.dtd">
<score-partwise>
  <identification>
    <encoding>
      <software>Finale for Windows</software>
      <software>Dolet Light for Finale 2006</software>
      <encoding-date>2009-10-16</encoding-date>
    </encoding>
  </identification>
  <part-list>
    <score-part id="P1">
      <part-name>MusicXML Part</part-name>
      <score-instrument id="P1-I1">
        <instrument-name>Grand Piano</instrument-name>
      </score-instrument>
      <midi-instrument id="P1-I1">
        <midi-channel>1</midi-channel>
        <midi-program>1</midi-program>
      </midi-instrument>
    </score-part>
  </part-list>
  <!--=========================================================-->
  <part id="P1">
    <measure number="1">
      <attributes>
        <divisions>1</divisions>
        <key>
          <fifths>0</fifths>
          <mode>major</mode>
        </key>
        <time symbol="cut">
          <beats>2</beats>
          <beat-type>2</beat-type>
        </time>
        <clef>
          <sign>C</sign>
          <line>3</line>
        </clef>
      </attributes>
      <sound tempo="120"/>
      <note>
        <pitch>
          <step>G</step>
          <octave>3</octave>
        </pitch>
        <duration>2</duration>
        <voice>1</voice>
        <type>half</type>
        <stem>up</stem>
        <lyric number="1">
          <syllabic>begin</syllabic>
          <text>1.Lou</text>
        </lyric>
      </note>
      <note>
        <pitch>
          <step>G</step>
          <octave>3</octave>
        </pitch>
        <duration>2</duration>
        <voice>1</voice>
        <type>half</type>
        <stem>up</stem>
        <lyric number="1">
          <syllabic>end</syllabic>
          <text>ez</text>
        </lyric>
      </note>
      <barline location="right">
        <bar-style>none</bar-style>
      </barline>
    </measure>
    <!--=======================================================-->
    <measure number="2">
      <note>
        <pitch>
          <step>C</step>
          <octave>4</octave>
        </pitch>
        <duration>1</duration>
        <voice>1</voice>
        <type>quarter</type>
        <stem>down</stem>
        <lyric number="1">
          <syllabic>single</syllabic>
          <text>Dieu</text>
        </lyric>
      </note>
      <note>
        <pitch>
          <step>D</step>
          <octave>4</octave>
        </pitch>
        <duration>1</duration>
        <voice>1</voice>
        <type>quarter</type>
        <stem>down</stem>
        <lyric number="1">
          <syllabic>single</syllabic>
          <text>tout</text>
        </lyric>
      </note>
      <note>
        <pitch>
          <step>E</step>
          <octave>4</octave>
        </pitch>
        <duration>1</duration>
        <voice>1</voice>
        <type>quarter</type>
        <stem>down</stem>
        <lyric number="1">
          <syllabic>begin</syllabic>
          <text>hau</text>
        </lyric>
      </note>
      <note>
        <pitch>
          <step>F</step>
          <octave>4</octave>
        </pitch>
        <duration>1</duration>
        <voice>1</voice>
        <type>quarter</type>
        <stem>down</stem>
        <lyric number="1">
          <syllabic>middle</syllabic>
          <text>te</text>
        </lyric>
      </note>
      <barline location="right">
        <bar-style>none</bar-style>
      </barline>
    </measure>
    <!--=======================================================-->
    <measure number="3">
      <note>
        <pitch>
          <step>G</step>
          <octave>4</octave>
        </pitch>
        <duration>2</duration>
        <voice>1</voice>
        <type>half</type>
        <stem>down</stem>
        <lyric number="1">
          <syllabic>end</syllabic>
          <text>ment,</text>
        </lyric>
      </note>
      <note>
        <rest/>
        <duration>2</duration>
        <voice>1</voice>
        <type>half</type>
      </note>
      <barline location="right">
        <bar-style>none</bar-style>
      </barline>
    </measure>
    <!--=======================================================-->
    <measure number="4">
      <note>
        <pitch>
          <step>E</step>
          <octave>4</octave>
        </pitch>
        <duration>2</duration>
        <voice>1</voice>
        <type>half</type>
        <stem>down</stem>
        <lyric number="1">
          <syllabic>single</syllabic>
          <text>2.Car</text>
        </lyric>
      </note>
      <note>
        <pitch>
          <step>G</step>
          <octave>4</octave>
        </pitch>
        <duration>2</duration>
        <voice>1</voice>
        <type>half</type>
        <stem>down</stem>
        <lyric number="1">
          <syllabic>single</syllabic>
          <text>il</text>
        </lyric>
      </note>
      <barline location="right">
        <bar-style>none</bar-style>
      </barline>
    </measure>
    <!--=======================================================-->
    <measure number="5">
      <note>
        <pitch>
          <step>F</step>
          <octave>4</octave>
        </pitch>
        <duration>1</duration>
        <voice>1</voice>
        <type>quarter</type>
        <stem>down</stem>
        <lyric number="1">
          <syllabic>single</syllabic>
          <text>est</text>
        </lyric>
      </note>
      <note>
        <pitch>
          <step>E</step>
          <octave>4</octave>
        </pitch>
        <duration>1</duration>
        <voice>1</voice>
        <type>quarter</type>
        <stem>down</stem>
        <lyric number="1">
          <syllabic>single</syllabic>
          <text>doux</text>
        </lyric>
      </note>
      <note>
        <pitch>
          <step>C</step>
          <octave>4</octave>
        </pitch>
        <duration>2</duration>
        <voice>1</voice>
        <type>half</type>
        <stem>down</stem>
        <lyric number="1">
          <syllabic>single</syllabic>
          <text>&amp;</text>
        </lyric>
      </note>
      <barline location="right">
        <bar-style>none</bar-style>
      </barline>
    </measure>
    <!--=======================================================-->
    <measure number="6">
      <note>
        <pitch>
          <step>D</step>
          <octave>4</octave>
        </pitch>
        <duration>2</duration>
        <voice>1</voice>
        <type>half</type>
        <stem>down</stem>
        <lyric number="1">
          <syllabic>begin</syllabic>
          <text>cle</text>
        </lyric>
      </note>
      <note>
        <pitch>
          <step>C</step>
          <octave>4</octave>
        </pitch>
        <duration>2</duration>
        <voice>1</voice>
        <type>half</type>
        <stem>down</stem>
        <lyric number="1">
          <syllabic>end</syllabic>
          <text>ment,</text>
        </lyric>
      </note>
      <barline location="right">
        <bar-style>none</bar-style>
      </barline>
    </measure>
    <!--=======================================================-->
    <measure number="7">
      <print new-system="yes"/>
      <note>
        <rest/>
        <duration>2</duration>
        <voice>1</voice>
        <type>half</type>
      </note>
      <note>
        <pitch>
          <step>E</step>
          <octave>4</octave>
        </pitch>
        <duration>2</duration>
        <voice>1</voice>
        <type>half</type>
        <stem>down</stem>
        <lyric number="1">
          <syllabic>single</syllabic>
          <text>3.Et</text>
        </lyric>
      </note>
      <barline location="right">
        <bar-style>none</bar-style>
      </barline>
    </measure>
    <!--=======================================================-->
    <measure number="8">
      <note>
        <pitch>
          <step>D</step>
          <octave>4</octave>
        </pitch>
        <duration>2</duration>
        <voice>1</voice>
        <type>half</type>
        <stem>down</stem>
        <lyric number="1">
          <syllabic>single</syllabic>
          <text>sa</text>
        </lyric>
      </note>
      <note>
        <pitch>
          <step>C</step>
          <octave>4</octave>
        </pitch>
        <duration>1</duration>
        <voice>1</voice>
        <type>quarter</type>
        <stem>down</stem>
        <lyric number="1">
          <syllabic>single</syllabic>
          <text>grand'</text>
        </lyric>
      </note>
      <note>
        <pitch>
          <step>C</step>
          <octave>4</octave>
        </pitch>
        <duration>1</duration>
        <voice>1</voice>
        <type>quarter</type>
        <stem>down</stem>
        <lyric number="1">
          <syllabic>begin</syllabic>
          <text>be</text>
        </lyric>
      </note>
      <barline location="right">
        <bar-style>none</bar-style>
      </barline>
    </measure>
    <!--=======================================================-->
    <measure number="9">
      <note>
        <pitch>
          <step>F</step>
          <octave>4</octave>
        </pitch>
        <duration>1</duration>
        <voice>1</voice>
        <type>quarter</type>
        <stem>down</stem>
        <lyric number="1">
          <syllabic>middle</syllabic>
          <text>ni</text>
        </lyric>
      </note>
      <note>
        <pitch>
          <step>F</step>
          <octave>4</octave>
        </pitch>
        <duration>1</duration>
        <voice>1</voice>
        <type>quarter</type>
        <stem>down</stem>
        <lyric number="1">
          <syllabic>middle</syllabic>
          <text>gni</text>
        </lyric>
      </note>
      <note>
        <pitch>
          <step>E</step>
          <octave>4</octave>
        </pitch>
        <duration>2</duration>
        <voice>1</voice>
        <type>half</type>
        <stem>down</stem>
        <lyric number="1">
          <syllabic>end</syllabic>
          <text>té</text>
        </lyric>
      </note>
      <barline location="right">
        <bar-style>none</bar-style>
      </barline>
    </measure>
    <!--=======================================================-->
    <measure number="10">
      <note>
        <rest/>
        <duration>2</duration>
        <voice>1</voice>
        <type>half</type>
      </note>
      <note>
        <pitch>
          <step>C</step>
          <octave>4</octave>
        </pitch>
        <duration>2</duration>
        <voice>1</voice>
        <type>half</type>
        <stem>down</stem>
        <lyric number="1">
          <syllabic>single</syllabic>
          <text>4.Dure</text>
        </lyric>
      </note>
      <barline location="right">
        <bar-style>none</bar-style>
      </barline>
    </measure>
    <!--=======================================================-->
    <measure number="11">
      <note>
        <pitch>
          <step>D</step>
          <octave>4</octave>
        </pitch>
        <duration>2</duration>
        <voice>1</voice>
        <type>half</type>
        <stem>down</stem>
        <lyric number="1">
          <syllabic>single</syllabic>
          <text>à</text>
        </lyric>
      </note>
      <note>
        <pitch>
          <step>B</step>
          <octave>3</octave>
        </pitch>
        <duration>1</duration>
        <voice>1</voice>
        <type>quarter</type>
        <stem>up</stem>
        <lyric number="1">
          <syllabic>begin</syllabic>
          <text>per</text>
        </lyric>
      </note>
      <note>
        <pitch>
          <step>C</step>
          <octave>4</octave>
        </pitch>
        <duration>1</duration>
        <voice>1</voice>
        <type>quarter</type>
        <stem>down</stem>
        <lyric number="1">
          <syllabic>middle</syllabic>
          <text>pe</text>
        </lyric>
      </note>
      <barline location="right">
        <bar-style>none</bar-style>
      </barline>
    </measure>
    <!--=======================================================-->
    <measure number="12">
      <note>
        <pitch>
          <step>A</step>
          <octave>3</octave>
        </pitch>
        <duration>1</duration>
        <voice>1</voice>
        <type>quarter</type>
        <stem>up</stem>
        <lyric number="1">
          <syllabic>middle</syllabic>
          <text>tu</text>
        </lyric>
      </note>
      <note>
        <pitch>
          <step>A</step>
          <octave>3</octave>
        </pitch>
        <duration>1</duration>
        <voice>1</voice>
        <type>quarter</type>
        <stem>up</stem>
        <lyric number="1">
          <syllabic>middle</syllabic>
          <text>i</text>
        </lyric>
      </note>
      <forward>
        <duration>2</duration>
        <voice>1</voice>
      </forward>
      <barline location="right">
        <bar-style>none</bar-style>
      </barline>
    </measure>
    <!--=======================================================-->
    <measure number="13">
      <note>
        <pitch>
          <step>G</step>
          <octave>3</octave>
        </pitch>
        <duration>4</duration>
        <voice>1</voice>
        <type>whole</type>
        <lyric number="1">
          <syllabic>end</syllabic>
          <text>té.</text>
        </lyric>
      </note>
      <barline location="right">
        <bar-style>light-heavy</bar-style>
      </barline>
    </measure>
  </part>
  <!--=========================================================-->
</score-partwise>
