{"ref": "marot-beze1563", "title": "Les psaumes mis en rime fran\u00e7oise 1563 (Marot - B\u00e8ze)", "short_title": "Psautier de Gen\u00e8ve 1563", "description": "<p>\r\n\t<em>Les pseaumes mis en rime francoise par Clement Marot, &amp; Theodore de Beze</em>, [Gen&egrave;ve.] Par Jean Bonnefoy [pour Antoine Vincent]. 1563. Exemplaire Paris, BnF.</p>\r\n<p>\r\n\tDir. et saisie Alice Tacaille, corrections Elsa Goujard</p>\r\n", "is_public": true, "short_description": "Les psaumes mis en rime fran\u00e7oise 1563 (Marot - B\u00e8ze)", "licence_code": null, "copyright": null, "supervisors": null}