<?xml version="1.0" encoding="UTF-8"?>
<!DOCTYPE score-partwise PUBLIC "-//Recordare//DTD MusicXML 2.0 Partwise//EN"
  "http://www.musicxml.org/dtds/partwise.dtd">

<score-partwise><part-list><score-part id='P1'><part-name>MusicXML Part</part-name>
</score-part>
</part-list>
<part id='P1'><measure number='1'><attributes><divisions>1</divisions>
<key><fifths>-1</fifths>
<mode>major</mode>
</key>
<time symbol='cut'><beats>2</beats>
<beat-type>2</beat-type>
</time>
<clef><sign>C</sign>
<line>1</line>
</clef>
</attributes>
<note><rest></rest>
<duration>2</duration>
</note>
<note><pitch><step>G</step>
<octave>4</octave>
</pitch>
<duration>2</duration>
<lyric number='1'><syllabic>begin</syllabic>
<text>As</text>
</lyric>
</note>
</measure>
<measure number='2'>
<note><pitch><step>G</step>
<octave>4</octave>
</pitch>
<duration>2</duration>
<lyric number='1'><syllabic>end</syllabic>
<text>sis</text>
</lyric>
</note>
<note><pitch><step>D</step>
<octave>4</octave>
</pitch>
<duration>2</duration>
<lyric number='1'><syllabic>single</syllabic>
<text>sur</text>
</lyric>
</note>
</measure>
<measure number='3'>
<note><pitch><step>F</step>
<octave>4</octave>
</pitch>
<duration>2</duration>
<lyric number='1'><syllabic>single</syllabic>
<text>les</text>
</lyric>
</note>
<note><pitch><step>F</step>
<octave>4</octave>
</pitch>
<duration>2</duration>
<lyric number='1'><syllabic>single</syllabic>
<text>bords</text>
</lyric>
</note>
</measure>
<measure number='4'>
<note><pitch><step>G</step>
<octave>4</octave>
</pitch>
<duration>2</duration>
<lyric number='1'><syllabic>single</syllabic>
<text>de</text>
</lyric>
</note>
<note><pitch><step>A</step>
<octave>4</octave>
</pitch>
<duration>2</duration>
<lyric number='1'><syllabic>begin</syllabic>
<text>l'Eu</text>
</lyric>
</note>
</measure>
<measure number='5'>
<note><pitch><step>B</step>
<alter>-1</alter>
<octave>4</octave>
</pitch>
<duration>4</duration>
<accidental>flat</accidental>
<lyric number='1'><syllabic>middle</syllabic>
<text>phra</text>
</lyric>
</note>
</measure>
<measure number='6'>
<note><pitch><step>G</step>
<octave>4</octave>
</pitch>
<duration>2</duration>
<lyric number='1'><syllabic>end</syllabic>
<text>te,</text>
</lyric>
</note>
<note><pitch><step>B</step>
<alter>-1</alter>
<octave>4</octave>
</pitch>
<duration>2</duration>
<accidental>flat</accidental>
<lyric number='1'><syllabic>single</syllabic>
<text>Dont</text>
</lyric>
</note>
</measure>
<measure number='7'>
<note><pitch><step>C</step>
<octave>5</octave>
</pitch>
<duration>2</duration>
<lyric number='1'><syllabic>single</syllabic>
<text>le</text>
</lyric>
</note>
<note><pitch><step>D</step>
<octave>5</octave>
</pitch>
<duration>2</duration>
<lyric number='1'><syllabic>single</syllabic>
<text>fier</text>
</lyric>
</note>
</measure>
<measure number='8'>
<note><pitch><step>B</step>
<alter>-1</alter>
<octave>4</octave>
</pitch>
<duration>2</duration>
<accidental>flat</accidental>
<lyric number='1'><syllabic>single</syllabic>
<text>et</text>
</lyric>
</note>
<note><pitch><step>G</step>
<octave>4</octave>
</pitch>
<duration>2</duration>
<lyric number='1'><syllabic>begin</syllabic>
<text>ra</text>
</lyric>
</note>
</measure>
<measure number='9'>
<note><pitch><step>A</step>
<octave>4</octave>
</pitch>
<duration>2</duration>
<lyric number='1'><syllabic>middle</syllabic>
<text>pi</text>
</lyric>
</note>
<note><pitch><step>B</step>
<alter>-1</alter>
<octave>4</octave>
</pitch>
<duration>2</duration>
<accidental>flat</accidental>
<lyric number='1'><syllabic>end</syllabic>
<text>de</text>
</lyric>
</note>
</measure>
<measure number='10'>
<note><pitch><step>C</step>
<octave>5</octave>
</pitch>
<duration>4</duration>
<lyric number='1'><syllabic>single</syllabic>
<text>cours,</text>
</lyric>
</note>
</measure>
<measure number='11'>
<note><rest></rest>
<duration>2</duration>
</note>
<note><pitch><step>C</step>
<octave>5</octave>
</pitch>
<duration>2</duration>
<lyric number='1'><syllabic>begin</syllabic>
<text>Bai</text>
</lyric>
</note>
</measure>
<measure number='12'>
<note><pitch><step>C</step>
<octave>5</octave>
</pitch>
<duration>2</duration>
<lyric number='1'><syllabic>end</syllabic>
<text>gne</text>
</lyric>
</note>
<note><pitch><step>D</step>
<octave>5</octave>
</pitch>
<duration>2</duration>
<lyric number='1'><syllabic>single</syllabic>
<text>les</text>
</lyric>
</note>
</measure>
<measure number='13'>
<note><pitch><step>B</step>
<alter>-1</alter>
<octave>4</octave>
</pitch>
<duration>2</duration>
<accidental>flat</accidental>
<lyric number='1'><syllabic>begin</syllabic>
<text>or</text>
</lyric>
</note>
<note><pitch><step>C</step>
<octave>5</octave>
</pitch>
<duration>2</duration>
<lyric number='1'><syllabic>middle</syllabic>
<text>gueil</text>
</lyric>
</note>
</measure>
<measure number='14'>
<note><pitch><step>C</step>
<octave>5</octave>
</pitch>
<duration>2</duration>
<lyric number='1'><syllabic>middle</syllabic>
<text>leu</text>
</lyric>
</note>
<note><pitch><step>B</step>
<alter>-1</alter>
<octave>4</octave>
</pitch>
<duration>2</duration>
<accidental>flat</accidental>
<lyric number='1'><syllabic>end</syllabic>
<text>ses</text>
</lyric>
</note>
</measure>
<measure number='15'>
<note><pitch><step>A</step>
<octave>4</octave>
</pitch>
<duration>4</duration>
<lyric number='1'><syllabic>single</syllabic>
<text>tours,</text>
</lyric>
</note>
</measure>
<measure number='16'>
<note><rest></rest>
<duration>2</duration>
</note>
<note><pitch><step>B</step>
<alter>-1</alter>
<octave>4</octave>
</pitch>
<duration>2</duration>
<accidental>flat</accidental>
<lyric number='1'><syllabic>single</syllabic>
<text>De</text>
</lyric>
</note>
</measure>
<measure number='17'>
<note><pitch><step>F</step>
<octave>4</octave>
</pitch>
<duration>2</duration>
<lyric number='1'><syllabic>single</syllabic>
<text>qui</text>
</lyric>
</note>
<note><pitch><step>G</step>
<octave>4</octave>
</pitch>
<duration>2</duration>
<lyric number='1'><syllabic>begin</syllabic>
<text>Ba</text>
</lyric>
</note>
</measure>
<measure number='18'>
<note><pitch><step>A</step>
<octave>4</octave>
</pitch>
<duration>2</duration>
<lyric number='1'><syllabic>middle</syllabic>
<text>by</text>
</lyric>
</note>
<note><pitch><step>B</step>
<alter>-1</alter>
<octave>4</octave>
</pitch>
<duration>2</duration>
<accidental>flat</accidental>
<lyric number='1'><syllabic>middle</syllabic>
<text>lo</text>
</lyric>
</note>
</measure>
<measure number='19'>
<note><pitch><step>A</step>
<octave>4</octave>
</pitch>
<duration>2</duration>
<lyric number='1'><syllabic>end</syllabic>
<text>ne</text>
</lyric>
</note>
<note><pitch><step>B</step>
<alter>-1</alter>
<octave>4</octave>
</pitch>
<duration>2</duration>
<accidental>flat</accidental>
<lyric number='1'><syllabic>single</syllabic>
<text>se</text>
</lyric>
</note>
</measure>
<measure number='20'>
<note><pitch><step>C</step>
<octave>5</octave>
</pitch>
<duration>4</duration>
<lyric number='1'><syllabic>begin</syllabic>
<text>fla</text>
</lyric>
</note>
</measure>
<measure number='21'>
<note><pitch><step>B</step>
<alter>-1</alter>
<octave>4</octave>
</pitch>
<duration>4</duration>
<accidental>flat</accidental>
<lyric number='1'><syllabic>end</syllabic>
<text>te,</text>
</lyric>
</note>
</measure>
<measure number='22'>
<note><rest></rest>
<duration>2</duration>
</note>
<note><pitch><step>A</step>
<octave>4</octave>
</pitch>
<duration>2</duration>
<lyric number='1'><syllabic>begin</syllabic>
<text>Ob</text>
</lyric>
</note>
</measure>
<measure number='23'>
<note><pitch><step>A</step>
<octave>4</octave>
</pitch>
<duration>2</duration>
<lyric number='1'><syllabic>end</syllabic>
<text>jet</text>
</lyric>
</note>
<note><pitch><step>A</step>
<octave>4</octave>
</pitch>
<duration>2</duration>
<lyric number='1'><syllabic>single</syllabic>
<text>de</text>
</lyric>
</note>
</measure>
<measure number='24'>
<note><pitch><step>B</step>
<alter>-1</alter>
<octave>4</octave>
</pitch>
<duration>2</duration>
<accidental>flat</accidental>
<lyric number='1'><syllabic>single</syllabic>
<text>la</text>
</lyric>
</note>
<note><pitch><step>C</step>
<octave>5</octave>
</pitch>
<duration>2</duration>
<lyric number='1'><syllabic>begin</syllabic>
<text>fu</text>
</lyric>
</note>
</measure>
<measure number='25'>
<note><pitch><step>C</step>
<octave>5</octave>
</pitch>
<duration>2</duration>
<lyric number='1'><syllabic>end</syllabic>
<text>reur</text>
</lyric>
</note>
<note><pitch><step>D</step>
<octave>5</octave>
</pitch>
<duration>2</duration>
<lyric number='1'><syllabic>single</syllabic>
<text>des</text>
</lyric>
</note>
</measure>
<measure number='26'>
<note><pitch><step>C</step>
<alter>1</alter>
<octave>5</octave>
</pitch>
<duration>4</duration>
<accidental>sharp</accidental>
<lyric number='1'><syllabic>single</syllabic>
<text>Cieux,</text>
</lyric>
</note>
</measure>
<measure number='27'>
<note><rest></rest>
<duration>2</duration>
</note>
<note><pitch><step>D</step>
<octave>5</octave>
</pitch>
<duration>2</duration>
<lyric number='1'><syllabic>single</syllabic>
<text>O</text>
</lyric>
</note>
</measure>
<measure number='28'>
<note><pitch><step>D</step>
<octave>5</octave>
</pitch>
<duration>2</duration>
<lyric number='1'><syllabic>begin</syllabic>
<text>Si</text>
</lyric>
</note>
<note><pitch><step>B</step>
<alter>-1</alter>
<octave>4</octave>
</pitch>
<duration>2</duration>
<accidental>flat</accidental>
<lyric number='1'><syllabic>end</syllabic>
<text>on !</text>
</lyric>
</note>
</measure>
<measure number='29'>
<note><pitch><step>C</step>
<octave>5</octave>
</pitch>
<duration>2</duration>
<lyric number='1'><syllabic>single</syllabic>
<text>ô</text>
</lyric>
</note>
<note><pitch><step>E</step>
<alter>-1</alter>
<octave>5</octave>
</pitch>
<duration>2</duration>
<accidental>flat</accidental>
<lyric number='1'><syllabic>begin</syllabic>
<text>che</text>
</lyric>
</note>
</measure>
<measure number='30'>
<note><pitch><step>D</step>
<octave>5</octave>
</pitch>
<duration>2</duration>
<lyric number='1'><syllabic>end</syllabic>
<text>re</text>
</lyric>
</note>
<note><pitch><step>C</step>
<octave>5</octave>
</pitch>
<duration>2</duration>
<lyric number='1'><syllabic>begin</syllabic>
<text>pa</text>
</lyric>
</note>
</measure>
<measure number='31'>
<note><pitch><step>B</step>
<octave>4</octave>
</pitch>
<duration>4</duration>
<lyric number='1'><syllabic>middle</syllabic>
<text>tri</text>
</lyric>
</note>
</measure>
<measure number='32'>
<note><pitch><step>C</step>
<octave>5</octave>
</pitch>
<duration>4</duration>
<lyric number='1'><syllabic>end</syllabic>
<text>e,</text>
</lyric>
</note>
</measure>
<measure number='33'>
<note><rest></rest>
<duration>2</duration>
</note>
<note><pitch><step>A</step>
<octave>4</octave>
</pitch>
<duration>2</duration>
<lyric number='1'><syllabic>single</syllabic>
<text>Le</text>
</lyric>
</note>
</measure>
<measure number='34'>
<note><pitch><step>B</step>
<alter>-1</alter>
<octave>4</octave>
</pitch>
<duration>2</duration>
<accidental>flat</accidental>
<lyric number='1'><syllabic>begin</syllabic>
<text>tri</text>
</lyric>
</note>
<note><pitch><step>F</step>
<octave>4</octave>
</pitch>
<duration>2</duration>
<lyric number='1'><syllabic>end</syllabic>
<text>ste</text>
</lyric>
</note>
</measure>
<measure number='35'>
<note><pitch><step>G</step>
<octave>4</octave>
</pitch>
<duration>2</duration>
<lyric number='1'><syllabic>begin</syllabic>
<text>sou</text>
</lyric>
</note>
<note><pitch><step>A</step>
<octave>4</octave>
</pitch>
<duration>1</duration>
<lyric number='1'><syllabic>middle</syllabic>
<text>ve</text>
</lyric>
</note>
<note><pitch><step>F</step>
<alter>1</alter>
<octave>4</octave>
</pitch>
<duration>2</duration>
<accidental>sharp</accidental>
<lyric number='1'><syllabic>end</syllabic>
<text>nir</text>
</lyric>
</note>
<note><pitch><step>A</step>
<octave>4</octave>
</pitch>
<duration>2</duration>
<lyric number='1'><syllabic>single</syllabic>
<text>de</text>
</lyric>
</note>
<note><pitch><step>A</step>
<octave>4</octave>
</pitch>
<duration>2</duration>
<lyric number='1'><syllabic>single</syllabic>
<text>ta</text>
</lyric>
</note>
<note><pitch><step>C</step>
<octave>5</octave>
</pitch>
<duration>2</duration>
<lyric number='1'><syllabic>begin</syllabic>
<text>gloi</text>
</lyric>
</note>
<note><pitch><step>B</step>
<alter>-1</alter>
<octave>4</octave>
</pitch>
<duration>2</duration>
<accidental>flat</accidental>
<lyric number='1'><syllabic>end</syllabic>
<text>re</text>
</lyric>
</note>
<note><pitch><step>A</step>
<octave>4</octave>
</pitch>
<duration>2</duration>
<lyric number='1'><syllabic>begin</syllabic>
<text>flé</text>
</lyric>
</note>
<note><pitch><step>G</step>
<octave>4</octave>
</pitch>
<duration>4</duration>
<lyric number='1'><syllabic>middle</syllabic>
<text>tri</text>
</lyric>
</note>
<note><pitch><step>F</step>
<octave>4</octave>
</pitch>
<duration>4</duration>
<lyric number='1'><syllabic>end</syllabic>
<text>e,</text>
</lyric>
</note>
<note><rest></rest>
<duration>2</duration>
</note>
<note><pitch><step>C</step>
<octave>5</octave>
</pitch>
<duration>2</duration>
<lyric number='1'><syllabic>single</syllabic>
<text>Nous</text>
</lyric>
</note>
<note><pitch><step>C</step>
<octave>5</octave>
</pitch>
<duration>2</duration>
<lyric number='1'><syllabic>single</syllabic>
<text>mit</text>
</lyric>
</note>
<note><pitch><step>D</step>
<octave>5</octave>
</pitch>
<duration>2</duration>
<lyric number='1'><syllabic>single</syllabic>
<text>les</text>
</lyric>
</note>
<note><pitch><step>A</step>
<octave>4</octave>
</pitch>
<duration>2</duration>
<lyric number='1'><syllabic>begin</syllabic>
<text>lar</text>
</lyric>
</note>
<note><pitch><step>B</step>
<alter>-1</alter>
<octave>4</octave>
</pitch>
<duration>2</duration>
<accidental>flat</accidental>
<lyric number='1'><syllabic>end</syllabic>
<text>mes</text>
</lyric>
</note>
<note><pitch><step>A</step>
<octave>4</octave>
</pitch>
<duration>2</duration>
<lyric number='1'><syllabic>single</syllabic>
<text>dans</text>
</lyric>
</note>
<note><pitch><step>G</step>
<octave>4</octave>
</pitch>
<duration>2</duration>
<lyric number='1'><syllabic>single</syllabic>
<text>les</text>
</lyric>
</note>
<note><pitch><step>G</step>
<octave>4</octave>
</pitch>
<duration>4</duration>
<lyric number='1'><syllabic>single</syllabic>
<text>yeux.</text>
</lyric>
</note>
<barline location="right">
                        <bar-style>light-heavy</bar-style>
                           </barline>
</measure>
</part>
</score-partwise>
