{"ref": "godeau1676", "title": "Les Psaumes en vers fran\u00e7ais d\u2019Antoine Godeau, mis en musique par Thomas Gobert ", "short_title": "Godeau 1672", "description": "<p>\r\n\t<em>Paraphrase des Pseaumes de David, en vers franc\u031cois, par Mre Antoine Godeau...Sixi&egrave;me &eacute;dition, reveu&euml; exactement, et les chants corrigez &amp; rendus propres &amp; justes pour tous les couplets, </em>A Paris, chez Pierre Le Petit, 1672. Ex.&nbsp;Paris BnF</p>\r\n<p>\r\n\tResp. Thomas Leconte, saisie Jean-Michel Noailly</p>\r\n", "is_public": true, "short_description": "Les Psaumes en vers fran\u00e7ais d\u2019Antoine Godeau, mis en musique par Thomas Gobert (1672)", "licence_code": null, "copyright": null, "supervisors": null}