<?xml version="1.0" encoding="UTF-8"?>
<!DOCTYPE score-partwise PUBLIC "-//Recordare//DTD MusicXML 2.0 Partwise//EN"
  "http://www.musicxml.org/dtds/partwise.dtd">

<score-partwise><part-list><score-part id='P1'><part-name>MusicXML Part</part-name>
</score-part>
</part-list>
<part id='P1'><measure number='1'><attributes><divisions>1</divisions>
<key><fifths>-1</fifths>
<mode>major</mode>
</key>
<time symbol='cut'><beats>2</beats>
<beat-type>2</beat-type>
</time>
<clef><sign>C</sign>
<line>4</line>
</clef>
</attributes>
<note><pitch><step>F</step>
<octave>3</octave>
</pitch>
<duration>4</duration>
<lyric number='1'><syllabic>single</syllabic>
<text>Fils</text>
</lyric>
<type>whole</type>
</note>
</measure>
<measure number='2'>
<note><pitch><step>F</step>
<octave>3</octave>
</pitch>
<duration>2</duration>
<lyric number='1'><syllabic>single</syllabic>
<text>des</text>
</lyric>
<type>half</type>
</note>
<note><pitch><step>G</step>
<octave>3</octave>
</pitch>
<duration>2</duration>
<lyric number='1'><syllabic>begin</syllabic>
<text>hom</text>
</lyric>
<type>half</type>
</note>
</measure>
<measure number='3'>
<note><pitch><step>A</step>
<octave>3</octave>
</pitch>
<duration>2</duration>
<lyric number='1'><syllabic>end</syllabic>
<text>mes,</text>
</lyric>
<type>half</type>
</note>
<note><pitch><step>G</step>
<octave>3</octave>
</pitch>
<duration>2</duration>
<lyric number='1'><syllabic>begin</syllabic>
<text>peu</text>
</lyric>
<type>half</type>
</note>
</measure>
<measure number='4'>
<note><pitch><step>F</step>
<octave>3</octave>
</pitch>
<duration>2</duration>
<lyric number='1'><syllabic>end</syllabic>
<text>ples</text>
</lyric>
<type>half</type>
</note>
<note><pitch><step>E</step>
<octave>3</octave>
</pitch>
<duration>2</duration>
<lyric number='1'><syllabic>begin</syllabic>
<text>di</text>
</lyric>
<type>half</type>
</note>
</measure>
<measure number='5'>
<note><pitch><step>F</step>
<octave>3</octave>
</pitch>
<duration>4</duration>
<lyric number='1'><syllabic>end</syllabic>
<text>vers,</text>
</lyric>
<type>whole</type>
</note>
</measure>
<measure number='6'>
<note><rest></rest>
<duration>4</duration>
<type>whole</type>
</note>
</measure>
<measure number='7'>
<note><pitch><step>A</step>
<octave>3</octave>
</pitch>
<duration>4</duration>
<lyric number='1'><syllabic>begin</syllabic>
<text>Ha</text>
</lyric>
<type>whole</type>
</note>
</measure>
<measure number='8'>
<note><pitch><step>A</step>
<octave>3</octave>
</pitch>
<duration>2</duration>
<lyric number='1'><syllabic>middle</syllabic>
<text>bi</text>
</lyric>
<type>half</type>
</note>
<note><pitch><step>G</step>
<octave>3</octave>
</pitch>
<duration>2</duration>
<lyric number='1'><syllabic>end</syllabic>
<text>tans</text>
</lyric>
<type>half</type>
</note>
</measure>
<measure number='9'>
<note><pitch><step>A</step>
<octave>3</octave>
</pitch>
<duration>2</duration>
<lyric number='1'><syllabic>single</syllabic>
<text>du</text>
</lyric>
<type>half</type>
</note>
<note><pitch><step>C</step>
<octave>4</octave>
</pitch>
<duration>2</duration>
<lyric number='1'><syllabic>begin</syllabic>
<text>vas</text>
</lyric>
<type>half</type>
</note>
</measure>
<measure number='10'>
<note><pitch><step>B</step>
<alter>-1</alter>
<octave>3</octave>
</pitch>
<duration>2</duration>
<lyric number='1'><syllabic>middle</syllabic>
<text>te U</text>
</lyric>
<type>half</type>
</note>
<note><pitch><step>A</step>
<octave>3</octave>
</pitch>
<duration>2</duration>
<lyric number='1'><syllabic>middle</syllabic>
<text>ni</text>
</lyric>
<type>half</type>
</note>
</measure>
<measure number='11'>
<note><pitch><step>G</step>
<octave>3</octave>
</pitch>
<duration>4</duration>
<lyric number='1'><syllabic>end</syllabic>
<text>vers,</text>
</lyric>
<type>whole</type>
</note>
</measure>
<measure number='12'>
<note><rest></rest>
<duration>4</duration>
<type>whole</type>
</note>
</measure>
<measure number='13'>
<note><pitch><step>A</step>
<octave>3</octave>
</pitch>
<duration>4</duration>
<lyric number='1'><syllabic>begin</syllabic>
<text>Ri</text>
</lyric>
<type>whole</type>
</note>
</measure>
<measure number='14'>
<note><pitch><step>C</step>
<octave>4</octave>
</pitch>
<duration>2</duration>
<lyric number='1'><syllabic>end</syllabic>
<text>ches</text>
</lyric>
<type>half</type>
</note>
<note><pitch><step>C</step>
<octave>4</octave>
</pitch>
<duration>2</duration>
<lyric number='1'><syllabic>begin</syllabic>
<text>es</text>
</lyric>
<type>half</type>
</note>
</measure>
<measure number='15'>
<note><pitch><step>D</step>
<octave>4</octave>
</pitch>
<duration>2</duration>
<lyric number='1'><syllabic>middle</syllabic>
<text>cou</text>
</lyric>
<type>half</type>
</note>
<note><pitch><step>B</step>
<alter>-1</alter>
<octave>3</octave>
</pitch>
<duration>2</duration>
<lyric number='1'><syllabic>end</syllabic>
<text>tez -</text>
</lyric>
<type>half</type>
</note>
</measure>
<measure number='16'>
<note><pitch><step>C</step>
<octave>4</octave>
</pitch>
<duration>4</duration>
<lyric number='1'><syllabic>single</syllabic>
<text>moy,</text>
</lyric>
<type>whole</type>
</note>
</measure>
<measure number='17'>
<note><pitch><step>F</step>
<octave>3</octave>
</pitch>
<duration>4</duration>
<lyric number='1'><syllabic>begin</syllabic>
<text>Pau</text>
</lyric>
<type>whole</type>
</note>
</measure>
<measure number='18'>
<note><pitch><step>G</step>
<octave>3</octave>
</pitch>
<duration>2</duration>
<lyric number='1'><syllabic>end</syllabic>
<text>vres,</text>
</lyric>
<type>half</type>
</note>
<note><pitch><step>A</step>
<octave>3</octave>
</pitch>
<duration>2</duration>
<lyric number='1'><syllabic>begin</syllabic>
<text>pres</text>
</lyric>
<type>half</type>
</note>
</measure>
<measure number='19'>
<note><pitch><step>B</step>
<alter>-1</alter>
<octave>3</octave>
</pitch>
<duration>2</duration>
<lyric number='1'><syllabic>end</syllabic>
<text>tez</text>
</lyric>
<type>half</type>
</note>
<note><pitch><step>A</step>
<octave>3</octave>
</pitch>
<duration>2</duration>
<lyric number='1'><syllabic>begin</syllabic>
<text>l'o</text>
</lyric>
<type>half</type>
</note>
</measure>
<measure number='20'>
<note><pitch><step>G</step>
<octave>3</octave>
</pitch>
<duration>4</duration>
<lyric number='1'><syllabic>middle</syllabic>
<text>reil</text>
</lyric>
<type>whole</type>
</note>
</measure>
<measure number='21'>
<note><pitch><step>F</step>
<octave>3</octave>
</pitch>
<duration>4</duration>
<lyric number='1'><syllabic>end</syllabic>
<text>le ;</text>
</lyric>
<type>whole</type>
</note>
</measure>
<measure number='22'>
<note><rest></rest>
<duration>4</duration>
<type>whole</type>
</note>
</measure>
<measure number='23'>
<note><pitch><step>F</step>
<octave>3</octave>
</pitch>
<duration>4</duration>
<lyric number='1'><syllabic>single</syllabic>
<text>Ce</text>
</lyric>
<type>whole</type>
</note>
</measure>
<measure number='24'>
<note><pitch><step>F</step>
<octave>3</octave>
</pitch>
<duration>2</duration>
<lyric number='1'><syllabic>single</syllabic>
<text>que</text>
</lyric>
<type>half</type>
</note>
<note><pitch><step>G</step>
<octave>3</octave>
</pitch>
<duration>2</duration>
<lyric number='1'><syllabic>single</syllabic>
<text>j'ay</text>
</lyric>
<type>half</type>
</note>
</measure>
<measure number='25'>
<note><pitch><step>A</step>
<octave>3</octave>
</pitch>
<duration>2</duration>
<lyric number='1'><syllabic>single</syllabic>
<text>dans</text>
</lyric>
<type>half</type>
</note>
<note><pitch><step>B</step>
<alter>-1</alter>
<octave>3</octave>
</pitch>
<duration>2</duration>
<lyric number='1'><syllabic>single</syllabic>
<text>mon</text>
</lyric>
<type>half</type>
</note>
</measure>
<measure number='26'>
<note><pitch><step>C</step>
<octave>4</octave>
</pitch>
<duration>4</duration>
<lyric number='1'><syllabic>single</syllabic>
<text>coeur</text>
</lyric>
<type>whole</type>
</note>
</measure>
<measure number='27'>
<note><pitch><step>C</step>
<octave>4</octave>
</pitch>
<duration>4</duration>
<lyric number='1'><syllabic>begin</syllabic>
<text>sa</text>
</lyric>
<type>whole</type>
</note>
</measure>
<measure number='28'>
<note><pitch><step>D</step>
<octave>4</octave>
</pitch>
<duration>2</duration>
<lyric number='1'><syllabic>middle</syllabic>
<text>ge</text>
</lyric>
<type>half</type>
</note>
<note><pitch><step>C</step>
<octave>4</octave>
</pitch>
<duration>2</duration>
<lyric number='1'><syllabic>end</syllabic>
<text>ment</text>
</lyric>
<type>half</type>
</note>
</measure>
<measure number='29'>
<note><pitch><step>A</step>
<octave>3</octave>
</pitch>
<duration>2</duration>
<lyric number='1'><syllabic>begin</syllabic>
<text>me</text>
</lyric>
<type>half</type>
</note>
<note><pitch><step>B</step>
<alter>-1</alter>
<octave>3</octave>
</pitch>
<duration>2</duration>
<lyric number='1'><syllabic>middle</syllabic>
<text>di</text>
</lyric>
<type>half</type>
</note>
</measure>
<measure number='30'>
<note><pitch><step>C</step>
<octave>4</octave>
</pitch>
<duration>4</duration>
<lyric number='1'><syllabic>end</syllabic>
<text>té,</text>
</lyric>
<type>whole</type>
</note>
</measure>
<measure number='31'>
<note><rest></rest>
<duration>4</duration>
<type>whole</type>
</note>
</measure>
<measure number='32'>
<note><pitch><step>C</step>
<octave>3</octave>
</pitch>
<duration>4</duration>
<lyric number='1'><syllabic>single</syllabic>
<text>Je</text>
</lyric>
<type>whole</type>
</note>
</measure>
<measure number='33'>
<note><pitch><step>F</step>
<octave>3</octave>
</pitch>
<duration>2</duration>
<lyric number='1'><syllabic>single</syllabic>
<text>veux</text>
</lyric>
<type>half</type>
</note>
<note><pitch><step>E</step>
<octave>3</octave>
</pitch>
<duration>2</duration>
<lyric number='1'><syllabic>single</syllabic>
<text>que</text>
</lyric>
<type>half</type>
</note>
</measure>
<measure number='34'>
<note><pitch><step>F</step>
<octave>3</octave>
</pitch>
<duration>2</duration>
<lyric number='1'><syllabic>single</syllabic>
<text>sur</text>
</lyric>
<type>half</type>
</note>
<note><pitch><step>G</step>
<octave>3</octave>
</pitch>
<duration>2</duration>
<lyric number='1'><syllabic>single</syllabic>
<text>ma</text>
</lyric>
<type>half</type>
</note>
</measure>
<measure number='35'>
<note><pitch><step>A</step>
<octave>3</octave>
</pitch>
<duration>4</duration>
<lyric number='1'><syllabic>begin</syllabic>
<text>har</text>
</lyric>
<type>whole</type>
</note>
</measure>
<measure number='36'>
<note><pitch><step>G</step>
<octave>3</octave>
</pitch>
<duration>4</duration>
<lyric number='1'><syllabic>end</syllabic>
<text>pe il</text>
</lyric>
<type>whole</type>
</note>
</measure>
<measure number='37'>
<note><pitch><step>E</step>
<octave>3</octave>
</pitch>
<duration>2</duration>
<lyric number='1'><syllabic>single</syllabic>
<text>vous</text>
</lyric>
<type>half</type>
</note>
<note><pitch><step>F</step>
<octave>3</octave>
</pitch>
<duration>2</duration>
<lyric number='1'><syllabic>single</syllabic>
<text>soit</text>
</lyric>
<type>half</type>
</note>
</measure>
<measure number='38'>
<note><pitch><step>D</step>
<octave>3</octave>
</pitch>
<duration>2</duration>
<lyric number='1'><syllabic>begin</syllabic>
<text>re</text>
</lyric>
<type>half</type>
</note>
<note><pitch><step>D</step>
<octave>3</octave>
</pitch>
<duration>2</duration>
<lyric number='1'><syllabic>middle</syllabic>
<text>ci</text>
</lyric>
<type>half</type>
</note>
</measure>
<measure number='39'>
<note><pitch><step>C</step>
<octave>3</octave>
</pitch>
<duration>4</duration>
<lyric number='1'><syllabic>end</syllabic>
<text>té.</text>
</lyric>
<type>whole</type>
</note>
</measure>
<measure number='40'>
<note><rest></rest>
<duration>4</duration>
<type>whole</type>
</note>
</measure>
<measure number='41'>
<note><pitch><step>C</step>
<octave>4</octave>
</pitch>
<duration>4</duration>
<lyric number='1'><syllabic>single</syllabic>
<text>Je</text>
</lyric>
<type>whole</type>
</note>
</measure>
<measure number='42'>
<note><pitch><step>C</step>
<octave>4</octave>
</pitch>
<duration>2</duration>
<lyric number='1'><syllabic>single</syllabic>
<text>veux</text>
</lyric>
<type>half</type>
</note>
<note><pitch><step>F</step>
<octave>3</octave>
</pitch>
<duration>2</duration>
<lyric number='1'><syllabic>begin</syllabic>
<text>ra</text>
</lyric>
<type>half</type>
</note>
</measure>
<measure number='43'>
<note><pitch><step>E</step>
<octave>3</octave>
</pitch>
<duration>2</duration>
<lyric number='1'><syllabic>end</syllabic>
<text>vir</text>
</lyric>
<type>half</type>
</note>
<note><pitch><step>F</step>
<octave>3</octave>
</pitch>
<duration>2</duration>
<lyric number='1'><syllabic>single</syllabic>
<text>vos</text>
</lyric>
<type>half</type>
</note>
</measure>
<measure number='44'>
<note><pitch><step>G</step>
<octave>3</octave>
</pitch>
<duration>4</duration>
<lyric number='1'><syllabic>single</syllabic>
<text>coeurs</text>
</lyric>
<type>whole</type>
</note>
</measure>
<measure number='45'>
<note><pitch><step>C</step>
<octave>4</octave>
</pitch>
<duration>4</duration>
<lyric number='1'><syllabic>begin</syllabic>
<text>d'u</text>
</lyric>
<type>whole</type>
</note>
</measure>
<measure number='46'>
<note><pitch><step>D</step>
<octave>4</octave>
</pitch>
<duration>2</duration>
<lyric number='1'><syllabic>end</syllabic>
<text>ne</text>
</lyric>
<type>half</type>
</note>
<note><pitch><step>C</step>
<octave>4</octave>
</pitch>
<duration>2</duration>
<lyric number='1'><syllabic>begin</syllabic>
<text>sain</text>
</lyric>
<type>half</type>
</note>
</measure>
<measure number='47'>
<note><pitch><step>B</step>
<alter>-1</alter>
<octave>3</octave>
</pitch>
<duration>2</duration>
<lyric number='1'><syllabic>end</syllabic>
<text>te</text>
</lyric>
<type>half</type>
</note>
<note><pitch><step>A</step>
<octave>3</octave>
</pitch>
<duration>2</duration>
<lyric number='1'><syllabic>begin</syllabic>
<text>mer</text>
</lyric>
<type>half</type>
</note>
</measure>
<measure number='48'>
<note><pitch><step>G</step>
<octave>3</octave>
</pitch>
<duration>4</duration>
<lyric number='1'><syllabic>middle</syllabic>
<text>veil</text>
</lyric>
<type>whole</type>
</note>
</measure>
<measure number='49'>
<note><pitch><step>F</step>
<octave>3</octave>
</pitch>
<duration>4</duration>
<lyric number='1'><syllabic>end</syllabic>
<text>le.</text>
</lyric>
<type>whole</type>
</note>
</measure>
</part>
</score-partwise>
