<?xml version="1.0" encoding="UTF-8"?>
<!DOCTYPE score-partwise PUBLIC "-//Recordare//DTD MusicXML 2.0 Partwise//EN"
  "http://www.musicxml.org/dtds/partwise.dtd">

<score-partwise><part-list><score-part id='P1'><part-name>MusicXML Part</part-name>
</score-part>
</part-list>
<part id='P1'><measure number='1'><attributes><divisions>1</divisions>
<key><fifths>-1</fifths>
<mode>major</mode>
</key>
<time symbol='cut'><beats>2</beats>
<beat-type>2</beat-type>
</time>
<clef><sign>C</sign>
<line>4</line>
</clef>
</attributes>
<note><pitch><step>G</step>
<octave>3</octave>
</pitch>
<duration>4</duration>
<lyric number='1'><syllabic>begin</syllabic>
<text>Ce</text>
</lyric>
<type>whole</type>
</note>
</measure>
<measure number='2'>
<note><pitch><step>D</step>
<octave>4</octave>
</pitch>
<duration>2</duration>
<lyric number='1'><syllabic>middle</syllabic>
<text>le</text>
</lyric>
<type>half</type>
</note>
<note><pitch><step>B</step>
<alter>-1</alter>
<octave>3</octave>
</pitch>
<duration>2</duration>
<lyric number='1'><syllabic>end</syllabic>
<text>brez</text>
</lyric>
<type>half</type>
</note>
</measure>
<measure number='3'>
<note><pitch><step>C</step>
<octave>4</octave>
</pitch>
<duration>2</duration>
<lyric number='1'><syllabic>begin</syllabic>
<text>hau</text>
</lyric>
<type>half</type>
</note>
<note><pitch><step>C</step>
<octave>4</octave>
</pitch>
<duration>2</duration>
<lyric number='1'><syllabic>middle</syllabic>
<text>te</text>
</lyric>
<type>half</type>
</note>
</measure>
<measure number='4'>
<note><pitch><step>D</step>
<octave>4</octave>
</pitch>
<duration>4</duration>
<lyric number='1'><syllabic>end</syllabic>
<text>ment</text>
</lyric>
<type>whole</type>
</note>
</measure>
<measure number='5'>
<note><pitch><step>G</step>
<octave>3</octave>
</pitch>
<duration>4</duration>
<lyric number='1'><syllabic>single</syllabic>
<text>du</text>
</lyric>
<type>whole</type>
</note>
</measure>
<measure number='6'>
<note><pitch><step>A</step>
<octave>3</octave>
</pitch>
<duration>2</duration>
<lyric number='1'><syllabic>begin</syllabic>
<text>Mo</text>
</lyric>
<type>half</type>
</note>
<note><pitch><step>B</step>
<alter>-1</alter>
<octave>3</octave>
</pitch>
<duration>2</duration>
<lyric number='1'><syllabic>middle</syllabic>
<text>nar</text>
</lyric>
<type>half</type>
</note>
</measure>
<measure number='7'>
<note><pitch><step>C</step>
<octave>4</octave>
</pitch>
<duration>2</duration>
<lyric number='1'><syllabic>end</syllabic>
<text>que</text>
</lyric>
<type>half</type>
</note>
<note><pitch><step>B</step>
<alter>-1</alter>
<octave>3</octave>
</pitch>
<duration>2</duration>
<lyric number='1'><syllabic>single</syllabic>
<text>du</text>
</lyric>
<type>half</type>
</note>
</measure>
<measure number='8'>
<note><pitch><step>A</step>
<octave>3</octave>
</pitch>
<duration>4</duration>
<lyric number='1'><syllabic>begin</syllabic>
<text>mon</text>
</lyric>
<type>whole</type>
</note>
</measure>
<measure number='9'>
<note><pitch><step>G</step>
<octave>3</octave>
</pitch>
<duration>4</duration>
<lyric number='1'><syllabic>end</syllabic>
<text>de,</text>
</lyric>
<type>whole</type>
</note>
</measure>
<measure number='10'>
<note><rest></rest>
<duration>4</duration>
<type>whole</type>
</note>
</measure>
<measure number='11'>
<note><pitch><step>B</step>
<alter>-1</alter>
<octave>3</octave>
</pitch>
<duration>4</duration>
<lyric number='1'><syllabic>begin</syllabic>
<text>L'e</text>
</lyric>
<type>whole</type>
</note>
</measure>
<measure number='12'>
<note><pitch><step>B</step>
<alter>-1</alter>
<octave>3</octave>
</pitch>
<duration>2</duration>
<lyric number='1'><syllabic>middle</syllabic>
<text>ter</text>
</lyric>
<type>half</type>
</note>
<note><pitch><step>B</step>
<alter>-1</alter>
<octave>3</octave>
</pitch>
<duration>2</duration>
<lyric number='1'><syllabic>middle</syllabic>
<text>nel</text>
</lyric>
<type>half</type>
</note>
</measure>
<measure number='13'>
<note><pitch><step>A</step>
<octave>3</octave>
</pitch>
<duration>2</duration>
<lyric number='1'><syllabic>end</syllabic>
<text>le</text>
</lyric>
<type>half</type>
</note>
<note><pitch><step>G</step>
<octave>3</octave>
</pitch>
<duration>2</duration>
<lyric number='1'><syllabic>begin</syllabic>
<text>bon</text>
</lyric>
<type>half</type>
</note>
</measure>
<measure number='14'>
<note><pitch><step>F</step>
<octave>3</octave>
</pitch>
<duration>4</duration>
<lyric number='1'><syllabic>end</syllabic>
<text>té,</text>
</lyric>
<type>whole</type>
</note>
</measure>
<measure number='15'>
<note><pitch><step>D</step>
<octave>3</octave>
</pitch>
<duration>4</duration>
<lyric number='1'><syllabic>single</syllabic>
<text>la</text>
</lyric>
<type>whole</type>
</note>
</measure>
<measure number='16'>
<note><pitch><step>F</step>
<octave>3</octave>
</pitch>
<duration>2</duration>
<lyric number='1'><syllabic>begin</syllabic>
<text>sa</text>
</lyric>
<type>half</type>
</note>
<note><pitch><step>F</step>
<octave>3</octave>
</pitch>
<duration>2</duration>
<lyric number='1'><syllabic>middle</syllabic>
<text>ges</text>
</lyric>
<type>half</type>
</note>
</measure>
<measure number='17'>
<note><pitch><step>G</step>
<octave>3</octave>
</pitch>
<duration>2</duration>
<lyric number='1'><syllabic>end</syllabic>
<text>se</text>
</lyric>
<type>half</type>
</note>
<note><pitch><step>F</step>
<octave>3</octave>
</pitch>
<duration>2</duration>
<lyric number='1'><syllabic>begin</syllabic>
<text>pro</text>
</lyric>
<type>half</type>
</note>
</measure>
<measure number='18'>
<note><pitch><step>E</step>
<octave>3</octave>
</pitch>
<duration>4</duration>
<lyric number='1'><syllabic>middle</syllabic>
<text>fon</text>
</lyric>
<type>whole</type>
</note>
</measure>
<measure number='19'>
<note><pitch><step>D</step>
<octave>3</octave>
</pitch>
<duration>2</duration>
<lyric number='1'><syllabic>end</syllabic>
<text>de ;</text>
</lyric>
<type>half</type>
</note>
<note><rest></rest>
<duration>2</duration>
<type>half</type>
</note>
</measure>
<measure number='20'>
<note><rest></rest>
<duration>2</duration>
<type>half</type>
</note>
<note><pitch><step>D</step>
<octave>4</octave>
</pitch>
<duration>2</duration>
<lyric number='1'><syllabic>single</syllabic>
<text>ses</text>
</lyric>
<type>half</type>
</note>
</measure>
<measure number='21'>
<note><pitch><step>C</step>
<octave>4</octave>
</pitch>
<duration>2</duration>
<lyric number='1'><syllabic>begin</syllabic>
<text>oeu</text>
</lyric>
<type>half</type>
</note>
<note><pitch><step>B</step>
<alter>-1</alter>
<octave>3</octave>
</pitch>
<duration>2</duration>
<lyric number='1'><syllabic>end</syllabic>
<text>vres</text>
</lyric>
<type>half</type>
</note>
</measure>
<measure number='22'>
<note><pitch><step>B</step>
<alter>-1</alter>
<octave>3</octave>
</pitch>
<duration>2</duration>
<lyric number='1'><syllabic>single</syllabic>
<text>font</text>
</lyric>
<type>half</type>
</note>
<note><pitch><step>A</step>
<octave>3</octave>
</pitch>
<duration>2</duration>
<lyric number='1'><syllabic>single</syllabic>
<text>voir ;</text>
</lyric>
<type>half</type>
</note>
</measure>
<measure number='23'>
<note><pitch><step>B</step>
<alter>-1</alter>
<octave>3</octave>
</pitch>
<duration>4</duration>
<lyric number='1'><syllabic>single</syllabic>
<text>*</text>
</lyric>
<type>whole</type>
</note>
</measure>
<measure number='24'>
<note><rest></rest>
<duration>4</duration>
<type>whole</type>
</note>
</measure>
<measure number='25'>
<note><pitch><step>B</step>
<alter>-1</alter>
<octave>3</octave>
</pitch>
<duration>4</duration>
<lyric number='1'><syllabic>single</syllabic>
<text>Mais</text>
</lyric>
<type>whole</type>
</note>
</measure>
<measure number='26'>
<note><pitch><step>B</step>
<alter>-1</alter>
<octave>3</octave>
</pitch>
<duration>2</duration>
<lyric number='1'><syllabic>begin</syllabic>
<text>en</text>
</lyric>
<type>half</type>
</note>
<note><pitch><step>G</step>
<octave>3</octave>
</pitch>
<duration>2</duration>
<lyric number='1'><syllabic>end</syllabic>
<text>tre</text>
</lyric>
<type>half</type>
</note>
</measure>
<measure number='27'>
<note><pitch><step>A</step>
<octave>3</octave>
</pitch>
<duration>2</duration>
<lyric number='1'><syllabic>single</syllabic>
<text>les</text>
</lyric>
<type>half</type>
</note>
<note><pitch><step>B</step>
<alter>-1</alter>
<octave>3</octave>
</pitch>
<duration>2</duration>
<lyric number='1'><syllabic>begin</syllabic>
<text>mor</text>
</lyric>
<type>half</type>
</note>
</measure>
<measure number='28'>
<note><pitch><step>C</step>
<octave>4</octave>
</pitch>
<duration>4</duration>
<lyric number='1'><syllabic>end</syllabic>
<text>tels</text>
</lyric>
<type>whole</type>
</note>
</measure>
<measure number='29'>
<note><pitch><step>A</step>
<octave>3</octave>
</pitch>
<duration>4</duration>
<lyric number='1'><syllabic>begin</syllabic>
<text>quel</text>
</lyric>
<type>whole</type>
</note>
</measure>
<measure number='30'>
<note><pitch><step>B</step>
<alter>-1</alter>
<octave>3</octave>
</pitch>
<duration>2</duration>
<lyric number='1'><syllabic>end</syllabic>
<text>qu'un</text>
</lyric>
<type>half</type>
</note>
<note><pitch><step>C</step>
<octave>4</octave>
</pitch>
<duration>2</duration>
<lyric number='1'><syllabic>single</syllabic>
<text>est -</text>
</lyric>
<type>half</type>
</note>
</measure>
<measure number='31'>
<note><pitch><step>D</step>
<octave>4</octave>
</pitch>
<duration>2</duration>
<lyric number='1'><syllabic>single</syllabic>
<text>il</text>
</lyric>
<type>half</type>
</note>
<note><pitch><step>C</step>
<octave>4</octave>
</pitch>
<duration>2</duration>
<lyric number='1'><syllabic>begin</syllabic>
<text>ca</text>
</lyric>
<type>half</type>
</note>
</measure>
<measure number='32'>
<note><pitch><step>B</step>
<alter>-1</alter>
<octave>3</octave>
</pitch>
<duration>4</duration>
<lyric number='1'><syllabic>middle</syllabic>
<text>pa</text>
</lyric>
<type>whole</type>
</note>
</measure>
<measure number='33'>
<note><pitch><step>A</step>
<octave>3</octave>
</pitch>
<duration>4</duration>
<lyric number='1'><syllabic>end</syllabic>
<text>ble</text>
</lyric>
<type>whole</type>
</note>
</measure>
<measure number='34'>
<note><rest></rest>
<duration>4</duration>
<type>whole</type>
</note>
</measure>
<measure number='35'>
<note><pitch><step>D</step>
<octave>4</octave>
</pitch>
<duration>4</duration>
<lyric number='1'><syllabic>begin</syllabic>
<text>D'ex</text>
</lyric>
<type>whole</type>
</note>
</measure>
<measure number='36'>
<note><pitch><step>D</step>
<octave>4</octave>
</pitch>
<duration>2</duration>
<lyric number='1'><syllabic>middle</syllabic>
<text>pri</text>
</lyric>
<type>half</type>
</note>
<note><pitch><step>G</step>
<octave>3</octave>
</pitch>
<duration>2</duration>
<lyric number='1'><syllabic>end</syllabic>
<text>mer</text>
</lyric>
<type>half</type>
</note>
</measure>
<measure number='37'>
<note><pitch><step>A</step>
<octave>3</octave>
</pitch>
<duration>2</duration>
<lyric number='1'><syllabic>begin</syllabic>
<text>di</text>
</lyric>
<type>half</type>
</note>
<note><pitch><step>B</step>
<alter>-1</alter>
<octave>3</octave>
</pitch>
<duration>2</duration>
<lyric number='1'><syllabic>middle</syllabic>
<text>gne</text>
</lyric>
<type>half</type>
</note>
</measure>
<measure number='38'>
<note><pitch><step>C</step>
<octave>4</octave>
</pitch>
<duration>4</duration>
<lyric number='1'><syllabic>end</syllabic>
<text>ment</text>
</lyric>
<type>whole</type>
</note>
</measure>
<measure number='39'>
<note><pitch><step>C</step>
<octave>4</octave>
</pitch>
<duration>4</duration>
<lyric number='1'><syllabic>single</syllabic>
<text>sa</text>
</lyric>
<type>whole</type>
</note>
</measure>
<measure number='40'>
<note><pitch><step>C</step>
<octave>4</octave>
</pitch>
<duration>2</duration>
<lyric number='1'><syllabic>begin</syllabic>
<text>gloi</text>
</lyric>
<type>half</type>
</note>
<note><pitch><step>B</step>
<alter>-1</alter>
<octave>3</octave>
</pitch>
<duration>2</duration>
<lyric number='1'><syllabic>middle</syllabic>
<text>re in</text>
</lyric>
<type>half</type>
</note>
</measure>
<measure number='41'>
<note><pitch><step>A</step>
<octave>3</octave>
</pitch>
<duration>2</duration>
<lyric number='1'><syllabic>middle</syllabic>
<text>com</text>
</lyric>
<type>half</type>
</note>
<note><pitch><step>G</step>
<octave>3</octave>
</pitch>
<duration>2</duration>
<lyric number='1'><syllabic>middle</syllabic>
<text>pa</text>
</lyric>
<type>half</type>
</note>
</measure>
<measure number='42'>
<note><pitch><step>F</step>
<octave>3</octave>
</pitch>
<duration>4</duration>
<lyric number='1'><syllabic>middle</syllabic>
<text>ra</text>
</lyric>
<type>whole</type>
</note>
</measure>
<measure number='43'>
<note><pitch><step>D</step>
<octave>3</octave>
</pitch>
<duration>4</duration>
<lyric number='1'><syllabic>end</syllabic>
<text>ble,</text>
</lyric>
<type>whole</type>
</note>
</measure>
<measure number='44'>
<note><rest></rest>
<duration>4</duration>
<type>whole</type>
</note>
</measure>
<measure number='45'>
<note><pitch><step>D</step>
<octave>3</octave>
</pitch>
<duration>4</duration>
<lyric number='1'><syllabic>single</syllabic>
<text>Et</text>
</lyric>
<type>whole</type>
</note>
</measure>
<measure number='46'>
<note><pitch><step>F</step>
<octave>3</octave>
</pitch>
<duration>2</duration>
<lyric number='1'><syllabic>single</syllabic>
<text>de</text>
</lyric>
<type>half</type>
</note>
<note><pitch><step>E</step>
<octave>3</octave>
</pitch>
<duration>2</duration>
<lyric number='1'><syllabic>single</syllabic>
<text>bien</text>
</lyric>
<type>half</type>
</note>
</measure>
<measure number='47'>
<note><pitch><step>D</step>
<octave>3</octave>
</pitch>
<duration>2</duration>
<lyric number='1'><syllabic>begin</syllabic>
<text>loü</text>
</lyric>
<type>half</type>
</note>
<note><pitch><step>G</step>
<octave>3</octave>
</pitch>
<duration>2</duration>
<lyric number='1'><syllabic>end</syllabic>
<text>er</text>
</lyric>
<type>half</type>
</note>
</measure>
<measure number='48'>
<note><pitch><step>G</step>
<octave>3</octave>
</pitch>
<duration>4</duration>
<lyric number='1'><syllabic>single</syllabic>
<text>son</text>
</lyric>
<type>whole</type>
</note>
</measure>
<measure number='49'>
<note><pitch><step>F</step>
<octave>3</octave>
</pitch>
<duration>4</duration>
<lyric number='1'><syllabic>begin</syllabic>
<text>pou</text>
</lyric>
<type>whole</type>
</note>
</measure>
<measure number='50'>
<note><pitch><step>G</step>
<octave>3</octave>
</pitch>
<duration>4</duration>
<lyric number='1'><syllabic>end</syllabic>
<text>voir ?</text>
</lyric>
<type>whole</type>
</note>
</measure>
</part>
</score-partwise>
