<?xml version="1.0" encoding="utf-8"?>
<!DOCTYPE score-partwise  PUBLIC "-//Recordare//DTD MusicXML 3.1 Partwise//EN" "http://www.musicxml.org/dtds/partwise.dtd">
<score-partwise version="3.1">
  <movement-title />
  <identification>
    <creator type="composer" />
    <encoding>
      <encoding-date>2022-10-19</encoding-date>
      <software>music21 v.7.1.0</software>
    </encoding>
  </identification>
  <defaults>
    <scaling>
      <millimeters>7</millimeters>
      <tenths>40</tenths>
    </scaling>
  </defaults>
  <part-list>
    <score-part id="Pea443e4e7cd999fcf54ef368b10423cf">
      <part-name />
      <part-abbreviation />
    </score-part>
    <score-part id="P717c649aeddd30247b122fa183bb6fe6">
      <part-name />
      <part-abbreviation />
    </score-part>
    <score-part id="Pb547baae9988b3229f03f03e734c8d53">
      <part-name />
      <part-abbreviation />
    </score-part>
  </part-list>
  <!--=========================== Part 1 ===========================-->
  <part id="Pea443e4e7cd999fcf54ef368b10423cf">
    <!--========================= Measure 1 ==========================-->
    <measure number="1">
      <attributes>
        <divisions>10080</divisions>
        <time id="tstoto">
          <beats>2</beats>
          <beat-type>4</beat-type>
        </time>
        <clef id="c98">
          <sign>G</sign>
          <line>2</line>
        </clef>
      </attributes>
      <note id="P0m1v01n1">
        <pitch>
          <step>A</step>
          <octave>4</octave>
        </pitch>
        <duration>5040</duration>
        <type>eighth</type>
        <stem>up</stem>
        <beam number="1">begin</beam>
      </note>
      <note id="P0m1v01n2">
        <pitch>
          <step>B</step>
          <octave>4</octave>
        </pitch>
        <duration>5040</duration>
        <type>eighth</type>
        <stem>up</stem>
        <beam number="1">end</beam>
      </note>
      <note id="P0m1v01n3">
        <pitch>
          <step>C</step>
          <octave>5</octave>
        </pitch>
        <duration>5040</duration>
        <type>eighth</type>
        <stem>down</stem>
        <beam number="1">begin</beam>
      </note>
      <note id="P0m1v01n4">
        <pitch>
          <step>D</step>
          <octave>5</octave>
        </pitch>
        <duration>5040</duration>
        <type>eighth</type>
        <stem>down</stem>
        <beam number="1">end</beam>
      </note>
    </measure>
    <!--========================= Measure 2 ==========================-->
    <measure number="2">
      <note id="P0m4v01n1">
        <pitch>
          <step>C</step>
          <octave>5</octave>
        </pitch>
        <duration>5040</duration>
        <type>eighth</type>
        <stem>down</stem>
        <beam number="1">begin</beam>
      </note>
      <note id="P0m4v01n2">
        <pitch>
          <step>B</step>
          <octave>4</octave>
        </pitch>
        <duration>5040</duration>
        <type>eighth</type>
        <stem>down</stem>
        <beam number="1">end</beam>
      </note>
      <note id="P0m4v01n3">
        <pitch>
          <step>A</step>
          <octave>4</octave>
        </pitch>
        <duration>5040</duration>
        <type>eighth</type>
        <stem>up</stem>
        <beam number="1">begin</beam>
      </note>
      <note id="P0m4v01n4">
        <pitch>
          <step>B</step>
          <octave>4</octave>
        </pitch>
        <duration>5040</duration>
        <type>eighth</type>
        <stem>up</stem>
        <beam number="1">end</beam>
      </note>
    </measure>
    <!--========================= Measure 3 ==========================-->
    <measure number="3">
      <note id="P0m7v01n1">
        <pitch>
          <step>C</step>
          <octave>5</octave>
        </pitch>
        <duration>10080</duration>
        <type>quarter</type>
      </note>
      <note id="r2">
        <rest />
        <duration>10080</duration>
        <type>quarter</type>
      </note>
    </measure>
  </part>
  <!--=========================== Part 2 ===========================-->
  <part id="P717c649aeddd30247b122fa183bb6fe6">
    <!--========================= Measure 1 ==========================-->
    <measure number="1">
      <attributes>
        <divisions>10080</divisions>
        <time id="tstoto">
          <beats>2</beats>
          <beat-type>4</beat-type>
        </time>
        <clef id="c98">
          <sign>G</sign>
          <line>2</line>
        </clef>
      </attributes>
      <note id="P1m2v02n1">
        <pitch>
          <step>A</step>
          <octave>4</octave>
        </pitch>
        <duration>5040</duration>
        <voice>1</voice>
        <type>eighth</type>
        <stem>up</stem>
        <beam number="1">begin</beam>
      </note>
      <note id="P1m2v02n2">
        <pitch>
          <step>B</step>
          <octave>4</octave>
        </pitch>
        <duration>5040</duration>
        <voice>1</voice>
        <type>eighth</type>
        <stem>up</stem>
        <beam number="1">end</beam>
      </note>
      <note id="P1m2v02n3">
        <pitch>
          <step>C</step>
          <octave>5</octave>
        </pitch>
        <duration>5040</duration>
        <voice>1</voice>
        <type>eighth</type>
        <stem>down</stem>
        <beam number="1">begin</beam>
      </note>
      <note id="P1m2v02n4">
        <pitch>
          <step>D</step>
          <octave>5</octave>
        </pitch>
        <duration>5040</duration>
        <voice>1</voice>
        <type>eighth</type>
        <stem>down</stem>
        <beam number="1">end</beam>
      </note>
      <backup>
        <duration>20160</duration>
      </backup>
      <note id="P1m2v03n1">
        <pitch>
          <step>D</step>
          <octave>4</octave>
        </pitch>
        <duration>20160</duration>
        <voice>2</voice>
        <type>half</type>
      </note>
    </measure>
    <!--========================= Measure 2 ==========================-->
    <measure number="2">
      <note id="P1m5v02n1">
        <pitch>
          <step>C</step>
          <octave>5</octave>
        </pitch>
        <duration>5040</duration>
        <voice>1</voice>
        <type>eighth</type>
        <stem>down</stem>
        <beam number="1">begin</beam>
      </note>
      <note id="P1m5v02n2">
        <pitch>
          <step>B</step>
          <octave>4</octave>
        </pitch>
        <duration>5040</duration>
        <voice>1</voice>
        <type>eighth</type>
        <stem>down</stem>
        <beam number="1">end</beam>
      </note>
      <note id="P1m5v02n3">
        <pitch>
          <step>A</step>
          <octave>4</octave>
        </pitch>
        <duration>5040</duration>
        <voice>1</voice>
        <type>eighth</type>
        <stem>up</stem>
        <beam number="1">begin</beam>
      </note>
      <note id="P1m5v02n4">
        <pitch>
          <step>B</step>
          <octave>4</octave>
        </pitch>
        <duration>5040</duration>
        <voice>1</voice>
        <type>eighth</type>
        <stem>up</stem>
        <beam number="1">end</beam>
      </note>
      <backup>
        <duration>20160</duration>
      </backup>
      <note id="P1m5v03n1">
        <pitch>
          <step>D</step>
          <octave>4</octave>
        </pitch>
        <duration>10080</duration>
        <voice>2</voice>
        <type>quarter</type>
      </note>
      <note id="P1m5v03n2">
        <pitch>
          <step>F</step>
          <octave>4</octave>
        </pitch>
        <duration>10080</duration>
        <voice>2</voice>
        <type>quarter</type>
      </note>
    </measure>
    <!--========================= Measure 3 ==========================-->
    <measure number="3">
      <note id="P1m8v02n1">
        <pitch>
          <step>C</step>
          <octave>5</octave>
        </pitch>
        <duration>10080</duration>
        <voice>1</voice>
        <type>quarter</type>
      </note>
      <note id="r2">
        <rest />
        <duration>10080</duration>
        <voice>1</voice>
        <type>quarter</type>
      </note>
      <backup>
        <duration>20160</duration>
      </backup>
      <note id="P1m8v03n1">
        <pitch>
          <step>E</step>
          <octave>4</octave>
        </pitch>
        <duration>10080</duration>
        <voice>2</voice>
        <type>quarter</type>
      </note>
      <note id="r2">
        <rest />
        <duration>10080</duration>
        <voice>2</voice>
        <type>quarter</type>
      </note>
    </measure>
  </part>
  <!--=========================== Part 3 ===========================-->
  <part id="Pb547baae9988b3229f03f03e734c8d53">
    <!--========================= Measure 1 ==========================-->
    <measure number="1">
      <attributes>
        <divisions>10080</divisions>
        <time id="tstoto">
          <beats>2</beats>
          <beat-type>4</beat-type>
        </time>
        <clef id="c98">
          <sign>F</sign>
          <line>4</line>
        </clef>
      </attributes>
      <note id="P2m3v04n1">
        <pitch>
          <step>F</step>
          <alter>1</alter>
          <octave>3</octave>
        </pitch>
        <duration>15120</duration>
        <type>quarter</type>
        <dot />
        <accidental>sharp</accidental>
      </note>
      <note id="P2m3v04n2">
        <pitch>
          <step>F</step>
          <alter>1</alter>
          <octave>3</octave>
        </pitch>
        <duration>5040</duration>
        <type>eighth</type>
      </note>
    </measure>
    <!--========================= Measure 2 ==========================-->
    <measure number="2">
      <note id="P2m6v04n1">
        <pitch>
          <step>G</step>
          <octave>3</octave>
        </pitch>
        <duration>10080</duration>
        <type>quarter</type>
      </note>
      <note id="P2m6v04n2">
        <pitch>
          <step>G</step>
          <octave>2</octave>
        </pitch>
        <duration>10080</duration>
        <type>quarter</type>
      </note>
    </measure>
    <!--========================= Measure 3 ==========================-->
    <measure number="3">
      <note id="P2m9v04n1">
        <pitch>
          <step>D</step>
          <octave>3</octave>
        </pitch>
        <duration>10080</duration>
        <type>quarter</type>
      </note>
      <note id="P2m9v04n2">
        <pitch>
          <step>C</step>
          <octave>4</octave>
        </pitch>
        <duration>10080</duration>
        <type>quarter</type>
      </note>
    </measure>
  </part>
</score-partwise>