{
  "ref": "all:collabscore:saintsaens-ref",
  "local_ref": "saintsaens-ref",
  "url": "http://localhost:8000/home/corpus/all:collabscore:saintsaens-ref",
  "title": "Partitions de Saint-Saens avec saisie de référence",
  "short_title": "Partitions de Saint-Saens avec saisie de référence",
  "description": "Partitions de Saint-Saens avec saisie de référence",
  "short_description": "Partitions de Saint-Saens avec saisie de référence",
  "is_public": true,
  "copyright": null,
  "supervisors": null,
  "organization": null,
  "licence": null,
  "thumbnail": null,
  "composer": null
}