{
  "id": "http://localhost:8000/home/opus/all:collabscore:saintsaens-ref:R042_0",
  "url": "http://localhost:8000/home/opus/all:collabscore:saintsaens-ref:R042_0",
  "ref": "all:collabscore:saintsaens-ref:R042_0",
  "local_ref": "R042_0",
  "collection_ref": "all:collabscore:saintsaens-ref",
  "title": "[Les cloches du soir]",
  "description": "[]",
  "composer": null,
  "metadata": [],
  "features": [
    "f",
    "r",
    "o",
    "m",
    "_",
    "d",
    "i",
    "c",
    "t"
  ],
  "sources": [
    {
      "id": "http://localhost:8000//home/opus/all:collabscore:saintsaens-ref:R042_0/_source/ref_mei",
      "ref": "ref_mei",
      "description": "Référence MEI",
      "source_type": "MEI",
      "mime_type": "application/xml",
      "url": "",
      "metadata": {},
      "copyright": null,
      "organization": null,
      "licence": null,
      "thumbnail": null,
      "file_path": "/media/sources/all-collabscore-saintsaens-ref-R042_0/ref_mei/ref_mei.xml",
      "has_manifest": false,
      "has_iiif_manifest": false
    },
    {
      "id": "http://localhost:8000//home/opus/all:collabscore:saintsaens-ref:R042_0/_source/musicxml",
      "ref": "musicxml",
      "description": "('MusicXML file updated on 2025-10-15',)",
      "source_type": "MusicXML",
      "mime_type": "application/xml",
      "url": "",
      "metadata": {},
      "copyright": null,
      "organization": null,
      "licence": null,
      "thumbnail": null,
      "file_path": "/media/sources/all-collabscore-saintsaens-ref-R042_0/musicxml/score.xml",
      "has_manifest": false,
      "has_iiif_manifest": false
    },
    {
      "id": "http://localhost:8000//home/opus/all:collabscore:saintsaens-ref:R042_0/_source/mei",
      "ref": "mei",
      "description": "('MEI file updated on 2025-10-15',)",
      "source_type": "MEI",
      "mime_type": "application/xml",
      "url": "",
      "metadata": {},
      "copyright": null,
      "organization": null,
      "licence": null,
      "thumbnail": null,
      "file_path": "/media/sources/all-collabscore-saintsaens-ref-R042_0/mei/score.mei",
      "has_manifest": false,
      "has_iiif_manifest": false
    },
    {
      "id": "http://localhost:8000//home/opus/all:collabscore:saintsaens-ref:R042_0/_source/midi",
      "ref": "midi",
      "description": "('MIDI file updated on 2025-10-15',)",
      "source_type": "MIDI",
      "mime_type": "audio/midi",
      "url": "",
      "metadata": {},
      "copyright": null,
      "organization": null,
      "licence": null,
      "thumbnail": null,
      "file_path": "/media/sources/all-collabscore-saintsaens-ref-R042_0/midi/score.midi",
      "has_manifest": false,
      "has_iiif_manifest": false
    },
    {
      "id": "http://localhost:8000//home/opus/all:collabscore:saintsaens-ref:R042_0/_source/iiif",
      "ref": "iiif",
      "description": "Lien Gallica",
      "source_type": "JPEG",
      "mime_type": "image/jpeg",
      "url": "https://openapi.bnf.fr/iiif/presentation/v3/ark:/12148/bd6t54169494x/manifest.json",
      "metadata": {
        "genre": "Genre musical : étude",
        "nb_parts": 1,
        "with_lyrics": false,
        "clef_changes": true,
        "iiif_provider_id": "ark:/12148/bd6t54169494x",
        "key_sign_changes": true,
        "iiif_provider_url": "https://openapi.bnf.fr/iiif/presentation/v3/",
        "nb_pages_of_music": 3,
        "time_sign_changes": true,
        "last_page_of_music": 5,
        "multi_staves_voice": true,
        "first_page_of_music": 3
      },
      "copyright": null,
      "organization": null,
      "licence": null,
      "thumbnail": null,
      "file_path": "/media/sources/all-collabscore-saintsaens-ref-R042_0/iiif/iiif.json",
      "has_manifest": true,
      "has_iiif_manifest": true
    }
  ],
  "files": [
    {
      "name": "score.xml",
      "url": "http://localhost:8000//media/corpora/all/collabscore/saintsaens-ref/R042_0/score.xml"
    },
    {
      "name": "mei.xml",
      "url": "http://localhost:8000//media/corpora/all/collabscore/saintsaens-ref/R042_0/mei.xml"
    }
  ]
}