{"db_id": 41004, "ref": "all:collabscore:royaumont:damelue_orch", "local_ref": "damelue_orch", "corpus_ref": "all:collabscore:royaumont", "title": "[La damoiselle élue, pour orchestre] ", "composer": "Debussy, Claude", "features": [], "sources": [{"ref": "iiif", "description": "Lien Gallica", "source_type": "JPEG", "mime_type": "image/jpeg", "url": null, "file_path": "/media/sources/all-collabscore-royaumont-damelue_orch/dmos.json", "has_manifest": false, "has_iiif_manifest": false}], "files": [{"name": "score.xml", "url": "https://neuma.huma-num.fr/media/corpora/all/collabscore/royaumont/damelue_orch/score.xml"}, {"name": "mei.xml", "url": "https://neuma.huma-num.fr/media/corpora/all/collabscore/royaumont/damelue_orch/mei.xml"}]}