{"db_id": 41003, "ref": "all:collabscore:royaumont:damelue", "local_ref": "damelue", "corpus_ref": "all:collabscore:royaumont", "title": "[La damoiselle élue] ", "composer": "Debussy, Claude", "features": [], "sources": [{"ref": "ref_mei", "description": "Référence MEI", "source_type": "MEI", "mime_type": "application/xml", "url": "", "file_path": null, "has_manifest": false, "has_iiif_manifest": false}, {"ref": "iiif", "description": "Lien Gallica", "source_type": "JPEG", "mime_type": "image/jpeg", "url": null, "file_path": "/media/sources/all-collabscore-royaumont-damelue/dmos.json", "has_manifest": false, "has_iiif_manifest": false}], "files": [{"name": "score.xml", "url": "https://neuma.huma-num.fr/media/corpora/all/collabscore/royaumont/damelue/score.xml"}, {"name": "mei.xml", "url": "https://neuma.huma-num.fr/media/corpora/all/collabscore/royaumont/damelue/mei.xml"}]}