{"db_id": 41006, "ref": "all:collabscore:royaumont:pelleas_3_A", "local_ref": "pelleas_3_A", "corpus_ref": "all:collabscore:royaumont", "title": "Pelléas, Acte 2, scène 3", "composer": null, "features": [], "sources": [{"ref": "iiif", "description": "Pelléas acte 2 scène 3", "source_type": "JPEG", "mime_type": "image/jpeg", "url": null, "file_path": "/media/sources/all-collabscore-royaumont-pelleas_3_A/dmos.json", "has_manifest": true, "has_iiif_manifest": true}], "files": [{"name": "score.xml", "url": "https://neuma.huma-num.fr/media/corpora/all/collabscore/royaumont/pelleas_3_A/missing_score.xml"}, {"name": "mei.xml", "url": "https://neuma.huma-num.fr/media/corpora/all/collabscore/royaumont/pelleas_3_A/mei.xml"}]}