{"db_id": 41005, "ref": "all:collabscore:royaumont:pelleas_2_1", "local_ref": "pelleas_2_1", "corpus_ref": "all:collabscore:royaumont", "title": "Péllas, Acte II, scène 1", "composer": null, "features": [], "sources": [{"ref": "iiif", "description": "Source IIIF", "source_type": "JPEG", "mime_type": "image/jpeg", "url": null, "file_path": "/media/sources/all-collabscore-royaumont-pelleas_2_1/dmos.json", "has_manifest": false, "has_iiif_manifest": true}], "files": [{"name": "score.xml", "url": "https://neuma.huma-num.fr/media/corpora/all/collabscore/royaumont/pelleas_2_1/missing_score.xml"}, {"name": "mei.xml", "url": "https://neuma.huma-num.fr/media/corpora/all/collabscore/royaumont/pelleas_2_1/mei.xml"}]}