{"ref": "sequentia", "title": "Sequentia", "short_title": "Sequentia", "description": "<p>\r\n\t<span style=\"font-size:14px;\"><em>Sequentia</em>, un outil de recherche pour l&#39;&eacute;tude du chant eccl&eacute;siastique &agrave; l&#39;&eacute;poque moderne (XVI<sup>e</sup>-d&eacute;but XIX<sup>e</sup> si&egrave;cles)</span></p>\r\n<p>\r\n\t<span style=\"font-size:12px;\"><em>Responsables </em>: C&eacute;cile Davy-Rigaux, Nathalie Berton-Blivet</span></p>\r\n<p>\r\n\tApparaissent ici uniquement les donn&eacute;es musicales de la base de donn&eacute;es Sequentia. Celles-ci sont &eacute;galement accessibles dans leur contexte liturgique via <u><em><a href=\"http://sequentia.irpmf-cnrs.fr/\" target=\"_blank\">Sequentia</a></em></u>.</p>\r\n<p>\r\n\t<em>Sequentia </em>est un outil de recherche destin&eacute; aux musicologues, musiciens, th&eacute;ologiens, historiens et litt&eacute;raires int&eacute;ress&eacute;s par les domaines du chant eccl&eacute;siastique (ou par son lien avec la musique), de la liturgie et des textes n&eacute;o-latins, qui rassemble en un m&ecirc;me lieu : 1. une Base de donn&eacute;es en ligne (menu Recherche) ; 2. des Documents de travail et des Articles (menu Publications).</p>\r\n", "is_public": true, "short_description": "Pour l'\u00e9tude du chant eccl\u00e9siastique \u00e0 l'\u00e9poque moderne", "licence_code": null, "copyright": null, "supervisors": null}