{
    "ref": "damelue",
    "title": "[La damoiselle élue] ",
    "composer": "Debussy, Claude",
    "lyricist": "",
    "sources": [
		{
			"ref": "ref_mei",
			"description": "Référence MEI",
			"source_type": "MEI",
			"mime_type": "application/xml",
			"url": "",
			"file_path": null, 
			"has_manifest": false
		},
		{
			"ref": "iiif",
			"description": "Lien Gallica",
			"source_type": "JPEG",
			"mime_type": "image/jpeg",
			"url": null,
			"file_path": null,
			"has_manifest": false
		}
	]
}
