{"ref": "C010_0", "title": "God save the King Hymne national anglais, traduction fran\u00e7aise et accompagnement de piano par C. Saint-Sa\u00ebns ", "composer": "Carey, Henry ", "features": [], "sources": [{"ref": "iiif", "description": "Lien Gallica", "source_type": "JPEG", "mime_type": "image/jpeg", "url": "https://gallica.bnf.fr/ark:/12148/bpt6k386168k", "file_path": null, "has_manifest": false}], "files": [{"name": "mei.xml", "url": "http://localhost:8000/media/corpora/all/collabscore/saintsaens-ref/C010_0/mei.xml"}]}