{"ref": "Jos1801-Mirabilia_testimonia_tua_Domine", "title": "Jos1801-Mirabilia_testimonia_tua_Domine", "composer": null, "lyricist": null, "corpus": "all:composers:josquin:motets", "meta_fields": [], "sources": [], "files": {"mei.xml": {"url": "http://localhost:8000/media/corpora/all/composers/josquin/motets/Jos1801-Mirabilia_testimonia_tua_Domine/mei.xml"}, "summary.json": {"url": "http://localhost:8000/media/corpora/all/composers/josquin/motets/Jos1801-Mirabilia_testimonia_tua_Domine/summary.json"}}}