{"ref": "Jos1808-Qui_habitat_in_adjutorio_altissimi", "title": "Jos1808-Qui_habitat_in_adjutorio_altissimi", "composer": null, "lyricist": null, "corpus": "all:composers:josquin:motets", "meta_fields": [], "sources": [], "files": {"mei.xml": {"url": "http://localhost:8000/media/corpora/all/composers/josquin/motets/Jos1808-Qui_habitat_in_adjutorio_altissimi/mei.xml"}, "summary.json": {"url": "http://localhost:8000/media/corpora/all/composers/josquin/motets/Jos1808-Qui_habitat_in_adjutorio_altissimi/summary.json"}}}