{"ref": "Jos1505-Bonitatem_fecisti_cum_servo_tuo", "title": "Jos1505-Bonitatem_fecisti_cum_servo_tuo", "composer": null, "lyricist": null, "corpus": "all:composers:josquin:motets", "meta_fields": [], "sources": [], "files": {"mei.xml": {"url": "http://localhost:8000/media/corpora/all/composers/josquin/motets/Jos1505-Bonitatem_fecisti_cum_servo_tuo/mei.xml"}, "summary.json": {"url": "http://localhost:8000/media/corpora/all/composers/josquin/motets/Jos1505-Bonitatem_fecisti_cum_servo_tuo/summary.json"}}}