{"ref": "Jos1508-Clamavi_ad_dominum_cum_tribularer", "title": "Jos1508-Clamavi_ad_dominum_cum_tribularer", "composer": null, "lyricist": null, "corpus": "all:composers:josquin:motets", "meta_fields": [], "sources": [], "files": {"mei.xml": {"url": "http://localhost:8000/media/corpora/all/composers/josquin/motets/Jos1508-Clamavi_ad_dominum_cum_tribularer/mei.xml"}, "summary.json": {"url": "http://localhost:8000/media/corpora/all/composers/josquin/motets/Jos1508-Clamavi_ad_dominum_cum_tribularer/summary.json"}}}