{"ref": "Jos1905-In_illo_tempore_assumpsit_Jesus", "title": "Jos1905-In_illo_tempore_assumpsit_Jesus", "composer": null, "lyricist": null, "corpus": "all:composers:josquin:motets", "meta_fields": [], "sources": [], "files": {"mei.xml": {"url": "http://localhost:8000/media/corpora/all/composers/josquin/motets/Jos1905-In_illo_tempore_assumpsit_Jesus/mei.xml"}, "summary.json": {"url": "http://localhost:8000/media/corpora/all/composers/josquin/motets/Jos1905-In_illo_tempore_assumpsit_Jesus/summary.json"}}}