{"ref": "Jos1503-Beati_omnes_qui_timent_Dominum", "title": "Jos1503-Beati_omnes_qui_timent_Dominum", "composer": null, "lyricist": null, "corpus": "all:composers:josquin:motets", "meta_fields": [], "sources": [], "files": {"mei.xml": {"url": "http://localhost:8000/media/corpora/all/composers/josquin/motets/Jos1503-Beati_omnes_qui_timent_Dominum/mei.xml"}, "summary.json": {"url": "http://localhost:8000/media/corpora/all/composers/josquin/motets/Jos1503-Beati_omnes_qui_timent_Dominum/summary.json"}}}