{"ref": "Jos2206-Victimae_paschali_laudes__Dung_aultre_amer", "title": "Jos2206-Victimae_paschali_laudes__Dung_aultre_amer", "composer": null, "lyricist": null, "corpus": "all:composers:josquin:motets", "meta_fields": [], "sources": [], "files": {"mei.xml": {"url": "http://localhost:8000/media/corpora/all/composers/josquin/motets/Jos2206-Victimae_paschali_laudes__Dung_aultre_amer/mei.xml"}, "summary.json": {"url": "http://localhost:8000/media/corpora/all/composers/josquin/motets/Jos2206-Victimae_paschali_laudes__Dung_aultre_amer/summary.json"}}}