{"ref": "Jos2013-Sic_Deus_dilexit_mundum__Circumdederunt_me", "title": "Jos2013-Sic_Deus_dilexit_mundum__Circumdederunt_me", "composer": null, "lyricist": null, "corpus": "all:composers:josquin:motets", "meta_fields": [], "sources": [], "files": {"mei.xml": {"url": "http://localhost:8000/media/corpora/all/composers/josquin/motets/Jos2013-Sic_Deus_dilexit_mundum__Circumdederunt_me/mei.xml"}, "summary.json": {"url": "http://localhost:8000/media/corpora/all/composers/josquin/motets/Jos2013-Sic_Deus_dilexit_mundum__Circumdederunt_me/summary.json"}}}