{"ref": "Jos2606-In_illo_tempore_Maria_Magdalena", "title": "Jos2606-In_illo_tempore_Maria_Magdalena", "composer": null, "lyricist": null, "corpus": "all:composers:josquin:motets", "meta_fields": [], "sources": [], "files": {"mei.xml": {"url": "http://localhost:8000/media/corpora/all/composers/josquin/motets/Jos2606-In_illo_tempore_Maria_Magdalena/mei.xml"}, "summary.json": {"url": "http://localhost:8000/media/corpora/all/composers/josquin/motets/Jos2606-In_illo_tempore_Maria_Magdalena/summary.json"}}}