{"ref": "Jos2701-A_la_mort__Monstra_te_esse_matrem", "title": "Jos2701-A_la_mort__Monstra_te_esse_matrem", "composer": null, "lyricist": null, "corpus": "all:composers:josquin:motets", "meta_fields": [], "sources": [], "files": {"mei.xml": {"url": "http://localhost:8000/media/corpora/all/composers/josquin/motets/Jos2701-A_la_mort__Monstra_te_esse_matrem/mei.xml"}, "summary.json": {"url": "http://localhost:8000/media/corpora/all/composers/josquin/motets/Jos2701-A_la_mort__Monstra_te_esse_matrem/summary.json"}}}