{"ref": "Jos2510-Ut_Phebi_radiis__Ut_re_mi_fa_sol_la", "title": "Jos2510-Ut_Phebi_radiis__Ut_re_mi_fa_sol_la", "composer": null, "lyricist": null, "corpus": "all:composers:josquin:motets", "meta_fields": [], "sources": [], "files": {"mei.xml": {"url": "http://localhost:8000/media/corpora/all/composers/josquin/motets/Jos2510-Ut_Phebi_radiis__Ut_re_mi_fa_sol_la/mei.xml"}, "summary.json": {"url": "http://localhost:8000/media/corpora/all/composers/josquin/motets/Jos2510-Ut_Phebi_radiis__Ut_re_mi_fa_sol_la/summary.json"}}}