{"ref": "C452_0", "title": "[Les marins de Kermor. Op. 71, no 1]", "composer": "Saint-Sa\u00ebns, Camille ", "features": [], "sources": [{"ref": "gallica", "description": "Lien Gallica", "source_type": "JPEG", "mime_type": "image/jpeg", "url": "https://gallica.bnf.fr/ark:/12148/bpt6k1174892k"}, {"ref": "ref_mei", "description": "R\u00e9f\u00e9rence MEI", "source_type": "MEI", "mime_type": "application/xml", "url": "http://localhost:8000/media/sources/all-collabscore-saintsaens-ref-C452_0/ref_mei.xml"}, {"ref": "dmos", "description": "Created via REST call on 2023-11-22", "source_type": "DMOS", "mime_type": "application/json", "url": "http://localhost:8000/media/sources/all-collabscore-saintsaens-ref-C452_0/dmos.json"}], "files": [{"name": "score.xml", "url": "http://localhost:8000/media/corpora/all/collabscore/saintsaens-ref/C452_0/score.xml"}, {"name": "mei.xml", "url": "http://localhost:8000/media/corpora/all/collabscore/saintsaens-ref/C452_0/mei.xml"}]}