{"ref": "R165_3", "title": "[Suites. Orchestre. R 165. R\u00e9 majeur] ", "composer": "Saint-Sa\u00ebns, Camille ", "features": [{"feature_key": "key_tonic_name", "feature_value": "B"}, {"feature_key": "key_mode", "feature_value": "minor"}, {"feature_key": "num_of_parts", "feature_value": "7"}, {"feature_key": "num_of_measures", "feature_value": "609"}, {"feature_key": "instruments", "feature_value": "[None]"}, {"feature_key": "lowest_pitch_each_part", "feature_value": "{\"part1\": \"D#4\", \"part2\": \"C#4\", \"part3\": \"D#2\", \"part4\": \"G#3\", \"part5\": \"G3\", \"part6\": \"C#3\", \"part7\": \"F#2\"}"}, {"feature_key": "highest_pitch_each_part", "feature_value": "{\"part1\": \"B6\", \"part2\": \"B5\", \"part3\": \"A4\", \"part4\": \"B5\", \"part5\": \"B5\", \"part6\": \"B4\", \"part7\": \"D#4\"}"}, {"feature_key": "average_melodic_interval", "feature_value": "3.367816091954023"}, {"feature_key": "direction_of_motion", "feature_value": "0.5496246872393661"}, {"feature_key": "most_common_note_quarter_length", "feature_value": "0.5"}, {"feature_key": "range_note_quarter_length", "feature_value": "160.0"}, {"feature_key": "initial_time_signature", "feature_value": "[2, 2]"}], "sources": [{"ref": "gallica", "description": "Lien Gallica", "source_type": "JPEG", "mime_type": "image/jpeg", "url": "https://gallica.bnf.fr/ark:/12148/bpt6k1170233d"}, {"ref": "ref_mei", "description": "R\u00e9f\u00e9rence MEI", "source_type": "MEI", "mime_type": "application/xml", "url": "http://localhost:8000/media/sources/all-collabscore-saintsaens-R165_3/ref_mei.xml"}], "files": [{"name": "mei.xml", "url": "http://localhost:8000/media/corpora/all/collabscore/saintsaens/R165_3/mei.xml"}]}