<?xml version="1.0" encoding="UTF-8"?>
<!DOCTYPE score-partwise PUBLIC "-//Recordare//DTD MusicXML 2.0 Partwise//EN"
                                "http://www.musicxml.org/dtds/partwise.dtd">
<score-partwise version="2.0">
  <identification>
    <encoding>
      <software>Finale 2010 for Windows</software>
      <software>Dolet Light for Finale 2010</software>
      <encoding-date>2012-05-17</encoding-date>
      <supports attribute="new-system" element="print" type="yes" value="yes"/>
      <supports attribute="new-page" element="print" type="yes" value="yes"/>
    </encoding>
  </identification>
  <defaults>
    <scaling>
      <millimeters>7.1967</millimeters>
      <tenths>40</tenths>
    </scaling>
    <page-layout>
      <page-height>1553</page-height>
      <page-width>3891</page-width>
      <page-margins type="both">
        <left-margin>70</left-margin>
        <right-margin>70</right-margin>
        <top-margin>88</top-margin>
        <bottom-margin>88</bottom-margin>
      </page-margins>
    </page-layout>
    <system-layout>
      <system-margins>
        <left-margin>0</left-margin>
        <right-margin>0</right-margin>
      </system-margins>
      <system-distance>121</system-distance>
      <top-system-distance>70</top-system-distance>
    </system-layout>
    <appearance>
      <line-width type="stem">0.7487</line-width>
      <line-width type="beam">5</line-width>
      <line-width type="staff">0.7487</line-width>
      <line-width type="light barline">0.7487</line-width>
      <line-width type="heavy barline">5</line-width>
      <line-width type="leger">0.7487</line-width>
      <line-width type="ending">1.4583</line-width>
      <line-width type="wedge">0.7487</line-width>
      <line-width type="enclosure">0.7487</line-width>
      <line-width type="tuplet bracket">0.7487</line-width>
      <note-size type="grace">60</note-size>
      <note-size type="cue">60</note-size>
    </appearance>
    <music-font font-family="Maestro" font-size="20.4"/>
    <word-font font-family="Times New Roman" font-size="10.2"/>
    <lyric-font font-family="Times New Roman" font-size="10.2" name="verse"/>
  </defaults>
  <part-list>
    <score-part id="P1">
      <part-name print-object="no">MusicXML Part</part-name>
      <score-instrument id="P1-I2">
        <instrument-name>Grand Piano</instrument-name>
      </score-instrument>
      <midi-instrument id="P1-I2">
        <midi-channel>1</midi-channel>
        <midi-program>1</midi-program>
      </midi-instrument>
    </score-part>
  </part-list>
  <!--=========================================================-->
  <part id="P1">
    <measure number="1" width="185">
      <print>
        <system-layout>
          <system-margins>
            <left-margin>70</left-margin>
            <right-margin>0</right-margin>
          </system-margins>
          <top-system-distance>211</top-system-distance>
        </system-layout>
      </print>
      <attributes>
        <divisions>1</divisions>
        <key>
          <fifths>0</fifths>
          <mode>major</mode>
        </key>
        <time symbol="cut">
          <beats>2</beats>
          <beat-type>2</beat-type>
        </time>
        <clef>
          <sign>G</sign>
          <line>2</line>
        </clef>
      </attributes>
      <sound tempo="120"/>
      <note default-x="92">
        <pitch>
          <step>G</step>
          <octave>5</octave>
        </pitch>
        <duration>2</duration>
        <voice>1</voice>
        <type>half</type>
        <stem default-y="-30">down</stem>
        <lyric default-y="-80" number="1">
          <syllabic>single</syllabic>
          <text font-family="Times">D'où</text>
        </lyric>
      </note>
      <note default-x="129">
        <pitch>
          <step>G</step>
          <octave>5</octave>
        </pitch>
        <duration>4</duration>
        <voice>1</voice>
        <type>whole</type>
        <lyric default-y="-80" number="1">
          <syllabic>single</syllabic>
          <text font-family="Times">vient</text>
        </lyric>
      </note>
      <note default-x="161">
        <pitch>
          <step>F</step>
          <octave>5</octave>
        </pitch>
        <duration>2</duration>
        <voice>1</voice>
        <type>half</type>
        <stem default-y="-35.5">down</stem>
        <lyric default-y="-80" number="1">
          <syllabic>single</syllabic>
          <text font-family="Times">que</text>
        </lyric>
      </note>
    </measure>
    <!--=======================================================-->
    <measure number="2" width="57">
      <note default-x="21">
        <pitch>
          <step>E</step>
          <octave>5</octave>
        </pitch>
        <duration>4</duration>
        <voice>1</voice>
        <type>whole</type>
        <lyric default-y="-80" number="1">
          <syllabic>begin</syllabic>
          <text font-family="Times">con</text>
        </lyric>
      </note>
    </measure>
    <!--=======================================================-->
    <measure number="3" width="111">
      <note default-x="17">
        <pitch>
          <step>F</step>
          <octave>5</octave>
        </pitch>
        <duration>2</duration>
        <voice>1</voice>
        <type>half</type>
        <stem default-y="-35.5">down</stem>
        <lyric default-y="-80" number="1">
          <syllabic>end</syllabic>
          <text font-family="Times">tre</text>
        </lyric>
      </note>
      <note default-x="51">
        <pitch>
          <step>G</step>
          <octave>5</octave>
        </pitch>
        <duration>4</duration>
        <voice>1</voice>
        <type>whole</type>
        <lyric default-y="-80" number="1">
          <syllabic>single</syllabic>
          <text font-family="Times">moy</text>
        </lyric>
      </note>
      <note default-x="86">
        <pitch>
          <step>G</step>
          <octave>5</octave>
        </pitch>
        <duration>2</duration>
        <voice>1</voice>
        <type>half</type>
        <stem default-y="-30">down</stem>
        <lyric default-y="-80" number="1">
          <syllabic>single</syllabic>
          <text font-family="Times">les</text>
        </lyric>
      </note>
    </measure>
    <!--=======================================================-->
    <measure number="4" width="57">
      <note default-x="21">
        <pitch>
          <step>E</step>
          <octave>5</octave>
        </pitch>
        <duration>4</duration>
        <voice>1</voice>
        <type>whole</type>
        <lyric default-y="-80" number="1">
          <syllabic>begin</syllabic>
          <text font-family="Times">peu</text>
        </lyric>
      </note>
    </measure>
    <!--=======================================================-->
    <measure number="5" width="68">
      <note default-x="21">
        <pitch>
          <step>D</step>
          <octave>5</octave>
        </pitch>
        <duration>2</duration>
        <voice>1</voice>
        <type>half</type>
        <stem default-y="-45">down</stem>
        <lyric default-y="-80" number="1">
          <syllabic>end</syllabic>
          <text font-family="Times">ples</text>
        </lyric>
      </note>
      <note default-x="48">
        <pitch>
          <step>E</step>
          <octave>5</octave>
        </pitch>
        <duration>2</duration>
        <voice>1</voice>
        <type>half</type>
        <stem default-y="-40.5">down</stem>
        <lyric default-y="-80" number="1">
          <syllabic>single</syllabic>
          <text font-family="Times">se</text>
        </lyric>
      </note>
    </measure>
    <!--=======================================================-->
    <measure number="6" width="67">
      <note default-x="20">
        <pitch>
          <step>E</step>
          <octave>5</octave>
        </pitch>
        <duration>2</duration>
        <voice>1</voice>
        <type>half</type>
        <stem default-y="-40.5">down</stem>
        <lyric default-y="-80" number="1">
          <syllabic>begin</syllabic>
          <text font-family="Times">mu</text>
        </lyric>
      </note>
      <note default-x="46">
        <pitch>
          <step>E</step>
          <octave>5</octave>
        </pitch>
        <duration>2</duration>
        <voice>1</voice>
        <type>half</type>
        <stem default-y="-40.5">down</stem>
        <notations>
          <slur number="1" placement="above" type="start"/>
        </notations>
        <lyric default-y="-80" number="1">
          <syllabic>middle</syllabic>
          <text font-family="Times">ti</text>
        </lyric>
      </note>
    </measure>
    <!--=======================================================-->
    <measure number="7" width="201">
      <note default-x="16">
        <pitch>
          <step>D</step>
          <octave>5</octave>
        </pitch>
        <duration>2</duration>
        <voice>1</voice>
        <type>half</type>
        <stem default-y="-45">down</stem>
        <notations>
          <slur number="1" type="stop"/>
        </notations>
      </note>
      <note default-x="53">
        <pitch>
          <step>C</step>
          <octave>5</octave>
        </pitch>
        <duration>4</duration>
        <voice>1</voice>
        <type>whole</type>
        <notations>
          <technical>
            <stopped default-x="0" default-y="5" placement="above"/>
          </technical>
        </notations>
        <lyric default-y="-80" number="1">
          <syllabic>end</syllabic>
          <text font-family="Times">nent?</text>
        </lyric>
      </note>
      <note default-x="94">
        <rest/>
        <duration>4</duration>
        <voice>1</voice>
        <type>whole</type>
      </note>
      <note default-x="128">
        <pitch>
          <step>C</step>
          <octave>5</octave>
        </pitch>
        <duration>4</duration>
        <voice>1</voice>
        <type>whole</type>
        <lyric default-y="-80" number="1">
          <syllabic>single</syllabic>
          <text font-family="Times">Que</text>
        </lyric>
      </note>
      <note default-x="170">
        <pitch>
          <step>D</step>
          <octave>5</octave>
        </pitch>
        <duration>2</duration>
        <voice>1</voice>
        <type>half</type>
        <stem default-y="-45">down</stem>
        <lyric default-y="-80" number="1">
          <syllabic>single</syllabic>
          <text font-family="Times">par</text>
        </lyric>
      </note>
    </measure>
    <!--=======================================================-->
    <measure number="8" width="113">
      <note default-x="21">
        <pitch>
          <step>E</step>
          <octave>5</octave>
        </pitch>
        <duration>2</duration>
        <voice>1</voice>
        <type>half</type>
        <stem default-y="-40.5">down</stem>
        <lyric default-y="-80" number="1">
          <syllabic>begin</syllabic>
          <text font-family="Times">mil</text>
        </lyric>
      </note>
      <note default-x="48">
        <pitch>
          <step>F</step>
          <octave>5</octave>
        </pitch>
        <duration>4</duration>
        <voice>1</voice>
        <type>whole</type>
        <lyric default-y="-80" number="1">
          <syllabic>end</syllabic>
          <text font-family="Times">le</text>
        </lyric>
      </note>
      <note default-x="83">
        <pitch>
          <step>E</step>
          <octave>5</octave>
        </pitch>
        <duration>2</duration>
        <voice>1</voice>
        <type>half</type>
        <stem default-y="-40.5">down</stem>
        <lyric default-y="-80" number="1">
          <syllabic>begin</syllabic>
          <text font-family="Times">com</text>
        </lyric>
      </note>
    </measure>
    <!--=======================================================-->
    <measure number="9" width="59">
      <note default-x="26">
        <pitch>
          <step>D</step>
          <octave>5</octave>
        </pitch>
        <duration>4</duration>
        <voice>1</voice>
        <type>whole</type>
        <lyric default-y="-80" number="1">
          <syllabic>end</syllabic>
          <text font-family="Times">plots</text>
        </lyric>
      </note>
    </measure>
    <!--=======================================================-->
    <measure number="10" width="66">
      <note default-x="18">
        <pitch>
          <step>E</step>
          <octave>5</octave>
        </pitch>
        <duration>2</duration>
        <voice>1</voice>
        <type>half</type>
        <stem default-y="-40.5">down</stem>
        <lyric default-y="-80" number="1">
          <syllabic>single</syllabic>
          <text font-family="Times">ma</text>
        </lyric>
      </note>
      <note default-x="46">
        <pitch>
          <step>C</step>
          <octave>5</octave>
        </pitch>
        <duration>2</duration>
        <voice>1</voice>
        <type>half</type>
        <stem default-y="-50">down</stem>
        <lyric default-y="-80" number="1">
          <syllabic>begin</syllabic>
          <text font-family="Times">per</text>
        </lyric>
      </note>
    </measure>
    <!--=======================================================-->
    <measure number="11" width="110">
      <note default-x="16">
        <pitch>
          <step>G</step>
          <octave>5</octave>
        </pitch>
        <duration>2</duration>
        <voice>1</voice>
        <type>half</type>
        <stem default-y="-30">down</stem>
        <lyric default-y="-80" number="1">
          <syllabic>end</syllabic>
          <text font-family="Times">te</text>
        </lyric>
      </note>
      <note default-x="44">
        <pitch>
          <step>G</step>
          <octave>5</octave>
        </pitch>
        <duration>4</duration>
        <voice>1</voice>
        <type>whole</type>
        <lyric default-y="-80" number="1">
          <syllabic>single</syllabic>
          <text font-family="Times">ils</text>
        </lyric>
      </note>
      <note default-x="81">
        <pitch>
          <step>E</step>
          <octave>5</octave>
        </pitch>
        <duration>2</duration>
        <voice>1</voice>
        <type>half</type>
        <stem default-y="-40.5">down</stem>
        <lyric default-y="-80" number="1">
          <syllabic>begin</syllabic>
          <text font-family="Times">s'ob</text>
        </lyric>
      </note>
    </measure>
    <!--=======================================================-->
    <measure number="12" width="54">
      <note default-x="16">
        <pitch>
          <step>F</step>
          <octave>5</octave>
        </pitch>
        <duration>4</duration>
        <voice>1</voice>
        <type>whole</type>
        <lyric default-y="-80" number="1">
          <syllabic>middle</syllabic>
          <text font-family="Times">sti</text>
        </lyric>
      </note>
    </measure>
    <!--=======================================================-->
    <measure number="13" width="58">
      <note default-x="24">
        <pitch>
          <step>G</step>
          <octave>5</octave>
        </pitch>
        <duration>4</duration>
        <voice>1</voice>
        <type>whole</type>
        <lyric default-y="-80" number="1">
          <syllabic>end</syllabic>
          <text font-family="Times">nent</text>
        </lyric>
      </note>
    </measure>
    <!--=======================================================-->
    <measure number="14" width="53">
      <note default-x="18">
        <rest/>
        <duration>4</duration>
        <voice>1</voice>
        <type>whole</type>
      </note>
    </measure>
    <!--=======================================================-->
    <measure number="15" width="65">
      <note default-x="17">
        <pitch>
          <step>C</step>
          <octave>5</octave>
        </pitch>
        <duration>2</duration>
        <voice>1</voice>
        <type>half</type>
        <stem default-y="-50">down</stem>
        <notations>
          <slur number="1" placement="above" type="start"/>
        </notations>
        <lyric default-y="-80" number="1">
          <syllabic>begin</syllabic>
          <text font-family="Times">A</text>
        </lyric>
      </note>
      <note default-x="41">
        <pitch>
          <step>D</step>
          <octave>5</octave>
        </pitch>
        <duration>2</duration>
        <voice>1</voice>
        <type>half</type>
        <stem default-y="-45">down</stem>
        <notations>
          <slur number="1" type="stop"/>
        </notations>
      </note>
    </measure>
    <!--=======================================================-->
    <measure number="16" width="65">
      <note default-x="16">
        <pitch>
          <step>E</step>
          <octave>5</octave>
        </pitch>
        <duration>2</duration>
        <voice>1</voice>
        <type>half</type>
        <stem default-y="-40.5">down</stem>
        <notations>
          <slur number="1" placement="above" type="start"/>
        </notations>
        <lyric default-y="-80" justify="left" number="1">
          <syllabic>end</syllabic>
          <text font-family="Times">vec</text>
          <extend/>
        </lyric>
      </note>
      <note default-x="48">
        <pitch>
          <step>F</step>
          <octave>5</octave>
        </pitch>
        <duration>2</duration>
        <voice>1</voice>
        <type>half</type>
        <stem default-y="-35.5">down</stem>
        <notations>
          <slur number="1" type="stop"/>
        </notations>
      </note>
    </measure>
    <!--=======================================================-->
    <measure number="17" width="57">
      <note default-x="22">
        <pitch>
          <step>G</step>
          <octave>5</octave>
        </pitch>
        <duration>4</duration>
        <voice>1</voice>
        <type>whole</type>
        <lyric default-y="-80" number="1">
          <syllabic>single</syllabic>
          <text font-family="Times">tant</text>
        </lyric>
      </note>
    </measure>
    <!--=======================================================-->
    <measure number="18" width="54">
      <note default-x="16">
        <pitch>
          <step>F</step>
          <octave>5</octave>
        </pitch>
        <duration>4</duration>
        <voice>1</voice>
        <type>whole</type>
        <lyric default-y="-80" number="1">
          <syllabic>single</syllabic>
          <text font-family="Times">de</text>
        </lyric>
      </note>
    </measure>
    <!--=======================================================-->
    <measure number="19" width="113">
      <note default-x="20">
        <pitch>
          <step>E</step>
          <octave>5</octave>
        </pitch>
        <duration>2</duration>
        <voice>1</voice>
        <type>half</type>
        <stem default-y="-40.5">down</stem>
        <lyric default-y="-80" number="1">
          <syllabic>begin</syllabic>
          <text font-family="Times">cha</text>
        </lyric>
      </note>
      <note default-x="54">
        <pitch>
          <step>D</step>
          <octave>5</octave>
        </pitch>
        <duration>4</duration>
        <voice>1</voice>
        <type>whole</type>
        <lyric default-y="-80" number="1">
          <syllabic>end</syllabic>
          <text font-family="Times">leur,</text>
        </lyric>
      </note>
      <note default-x="88">
        <pitch>
          <step>E</step>
          <octave>5</octave>
        </pitch>
        <duration>2</duration>
        <voice>1</voice>
        <type>half</type>
        <stem default-y="-40.5">down</stem>
        <lyric default-y="-80" number="1">
          <syllabic>single</syllabic>
          <text font-family="Times">de</text>
        </lyric>
      </note>
    </measure>
    <!--=======================================================-->
    <measure number="20" width="156">
      <note default-x="16">
        <pitch>
          <step>C</step>
          <octave>5</octave>
        </pitch>
        <duration>2</duration>
        <voice>1</voice>
        <type>half</type>
        <stem default-y="-50">down</stem>
        <lyric default-y="-80" number="1">
          <syllabic>begin</syllabic>
          <text font-family="Times">re</text>
        </lyric>
      </note>
      <note default-x="53">
        <pitch>
          <step>E</step>
          <octave>5</octave>
        </pitch>
        <duration>4</duration>
        <voice>1</voice>
        <type>whole</type>
        <lyric default-y="-80" number="1">
          <syllabic>end</syllabic>
          <text font-family="Times">volte</text>
        </lyric>
      </note>
      <note default-x="95">
        <pitch>
          <step>D</step>
          <octave>5</octave>
        </pitch>
        <duration>4</duration>
        <voice>1</voice>
        <type>whole</type>
        <lyric default-y="-80" number="1">
          <syllabic>single</syllabic>
          <text font-family="Times">et</text>
        </lyric>
      </note>
      <note default-x="127">
        <pitch>
          <step>C</step>
          <octave>5</octave>
        </pitch>
        <duration>2</duration>
        <voice>1</voice>
        <type>half</type>
        <stem default-y="-50">down</stem>
        <lyric default-y="-80" number="1">
          <syllabic>single</syllabic>
          <text font-family="Times">de</text>
        </lyric>
      </note>
    </measure>
    <!--=======================================================-->
    <measure number="21" width="61">
      <note default-x="28">
        <pitch>
          <step>D</step>
          <octave>5</octave>
        </pitch>
        <duration>4</duration>
        <voice>1</voice>
        <type>whole</type>
        <lyric default-y="-80" number="1">
          <syllabic>single</syllabic>
          <text font-family="Times">bruit?</text>
        </lyric>
      </note>
    </measure>
    <!--=======================================================-->
    <measure number="22" width="53">
      <note default-x="18">
        <rest/>
        <duration>4</duration>
        <voice>1</voice>
        <type>whole</type>
      </note>
    </measure>
    <!--=======================================================-->
    <measure number="23" width="54">
      <note default-x="16">
        <pitch>
          <step>G</step>
          <octave>5</octave>
        </pitch>
        <duration>4</duration>
        <voice>1</voice>
        <type>whole</type>
        <lyric default-y="-80" number="1">
          <syllabic>single</syllabic>
          <text font-family="Times">A</text>
        </lyric>
      </note>
    </measure>
    <!--=======================================================-->
    <measure number="24" width="69">
      <note default-x="21">
        <pitch>
          <step>G</step>
          <octave>5</octave>
        </pitch>
        <duration>2</duration>
        <voice>1</voice>
        <type>half</type>
        <stem default-y="-30">down</stem>
        <lyric default-y="-80" number="1">
          <syllabic>begin</syllabic>
          <text font-family="Times">quel</text>
        </lyric>
      </note>
      <note default-x="47">
        <pitch>
          <step>A</step>
          <octave>5</octave>
        </pitch>
        <duration>2</duration>
        <voice>1</voice>
        <type>half</type>
        <stem default-y="-25">down</stem>
        <lyric default-y="-80" number="1">
          <syllabic>end</syllabic>
          <text font-family="Times">que</text>
        </lyric>
      </note>
    </measure>
    <!--=======================================================-->
    <measure number="25" width="54">
      <note default-x="17">
        <pitch>
          <step>B</step>
          <octave>5</octave>
        </pitch>
        <duration>4</duration>
        <voice>1</voice>
        <type>whole</type>
        <lyric default-y="-80" number="1">
          <syllabic>begin</syllabic>
          <text font-family="Times">va</text>
        </lyric>
      </note>
    </measure>
    <!--=======================================================-->
    <measure number="26" width="110">
      <note default-x="16">
        <pitch>
          <step>C</step>
          <octave>5</octave>
        </pitch>
        <duration>2</duration>
        <voice>1</voice>
        <type>half</type>
        <stem default-y="-50">down</stem>
        <lyric default-y="-80" number="1">
          <syllabic>middle</syllabic>
          <text font-family="Times">ni</text>
        </lyric>
      </note>
      <note default-x="42">
        <pitch>
          <step>D</step>
          <octave>5</octave>
        </pitch>
        <duration>4</duration>
        <voice>1</voice>
        <type>whole</type>
        <lyric default-y="-80" number="1">
          <syllabic>end</syllabic>
          <text font-family="Times">té</text>
        </lyric>
      </note>
      <note default-x="78">
        <pitch>
          <step>D</step>
          <octave>5</octave>
        </pitch>
        <duration>2</duration>
        <voice>1</voice>
        <type>half</type>
        <stem default-y="-45">down</stem>
        <lyric default-y="-80" number="1">
          <syllabic>single</syllabic>
          <text font-family="Times">que</text>
        </lyric>
      </note>
    </measure>
    <!--=======================================================-->
    <measure number="27" width="113">
      <note default-x="23">
        <pitch>
          <step>E</step>
          <octave>5</octave>
        </pitch>
        <duration>2</duration>
        <voice>1</voice>
        <type>half</type>
        <stem default-y="-40.5">down</stem>
        <lyric default-y="-80" number="1">
          <syllabic>single</syllabic>
          <text font-family="Times">leur</text>
        </lyric>
      </note>
      <note default-x="59">
        <pitch>
          <step>C</step>
          <octave>5</octave>
        </pitch>
        <duration>4</duration>
        <voice>1</voice>
        <type>whole</type>
        <lyric default-y="-80" number="1">
          <syllabic>begin</syllabic>
          <text font-family="Times">au</text>
        </lyric>
      </note>
      <note default-x="90">
        <pitch>
          <step>E</step>
          <octave>5</octave>
        </pitch>
        <duration>2</duration>
        <voice>1</voice>
        <type>half</type>
        <stem default-y="-40.5">down</stem>
        <notations>
          <slur number="1" placement="above" type="start"/>
        </notations>
        <lyric default-y="-80" number="1">
          <syllabic>middle</syllabic>
          <text font-family="Times">da</text>
        </lyric>
      </note>
    </measure>
    <!--=======================================================-->
    <measure number="28" width="65">
      <note default-x="17">
        <pitch>
          <step>F</step>
          <octave>5</octave>
        </pitch>
        <duration>2</duration>
        <voice>1</voice>
        <type>half</type>
        <stem default-y="-35.5">down</stem>
        <notations>
          <slur number="1" type="stop"/>
        </notations>
      </note>
      <note default-x="39">
        <pitch>
          <step>G</step>
          <octave>5</octave>
        </pitch>
        <duration>2</duration>
        <voice>1</voice>
        <type>half</type>
        <stem default-y="-30">down</stem>
        <lyric default-y="-80" number="1">
          <syllabic>end</syllabic>
          <text font-family="Times">ce</text>
        </lyric>
      </note>
    </measure>
    <!--=======================================================-->
    <measure number="29" width="58">
      <note default-x="25">
        <pitch>
          <step>F</step>
          <octave>5</octave>
        </pitch>
        <duration>4</duration>
        <voice>1</voice>
        <type>whole</type>
        <lyric default-y="-80" number="1">
          <syllabic>begin</syllabic>
          <text font-family="Times">mon</text>
        </lyric>
      </note>
    </measure>
    <!--=======================================================-->
    <measure number="30" width="201">
      <note default-x="17">
        <pitch>
          <step>F</step>
          <octave>5</octave>
        </pitch>
        <duration>2</duration>
        <voice>1</voice>
        <type>half</type>
        <stem default-y="-35.5">down</stem>
        <notations>
          <slur number="1" placement="above" type="start"/>
        </notations>
        <lyric default-y="-80" number="1">
          <syllabic>end</syllabic>
          <text font-family="Times">te,</text>
          <extend/>
        </lyric>
      </note>
      <note default-x="51">
        <pitch>
          <step>G</step>
          <octave>5</octave>
        </pitch>
        <duration>4</duration>
        <voice>1</voice>
        <type>whole</type>
        <notations>
          <slur number="1" type="stop"/>
        </notations>
      </note>
      <note default-x="88">
        <rest/>
        <duration>4</duration>
        <voice>1</voice>
        <type>whole</type>
      </note>
      <note default-x="126">
        <pitch>
          <step>G</step>
          <octave>5</octave>
        </pitch>
        <duration>4</duration>
        <voice>1</voice>
        <type>whole</type>
        <lyric default-y="-80" number="1">
          <syllabic>single</syllabic>
          <text font-family="Times">Ils</text>
        </lyric>
      </note>
      <note default-x="170">
        <pitch>
          <step>D</step>
          <octave>5</octave>
        </pitch>
        <duration>2</duration>
        <voice>1</voice>
        <type>half</type>
        <stem default-y="-45">down</stem>
        <lyric default-y="-80" number="1">
          <syllabic>begin</syllabic>
          <text font-family="Times">ver</text>
        </lyric>
      </note>
    </measure>
    <!--=======================================================-->
    <measure number="31" width="114">
      <note default-x="23">
        <pitch>
          <step>E</step>
          <octave>5</octave>
        </pitch>
        <duration>2</duration>
        <voice>1</voice>
        <type>half</type>
        <stem default-y="-40.5">down</stem>
        <lyric default-y="-80" number="1">
          <syllabic>end</syllabic>
          <text font-family="Times">ront</text>
        </lyric>
      </note>
      <note default-x="57">
        <pitch>
          <step>D</step>
          <octave>5</octave>
        </pitch>
        <duration>4</duration>
        <voice>1</voice>
        <type>whole</type>
        <lyric default-y="-80" number="1">
          <syllabic>single</syllabic>
          <text font-family="Times">ce</text>
        </lyric>
      </note>
      <note default-x="89">
        <pitch>
          <step>C</step>
          <octave>5</octave>
        </pitch>
        <duration>2</duration>
        <voice>1</voice>
        <type>half</type>
        <stem default-y="-50">down</stem>
        <lyric default-y="-80" number="1">
          <syllabic>begin</syllabic>
          <text font-family="Times">des</text>
        </lyric>
      </note>
    </measure>
    <!--=======================================================-->
    <measure number="32" width="58">
      <note default-x="23">
        <pitch>
          <step>B</step>
          <octave>5</octave>
        </pitch>
        <duration>4</duration>
        <voice>1</voice>
        <type>whole</type>
        <lyric default-y="-80" number="1">
          <syllabic>end</syllabic>
          <text font-family="Times">sein</text>
        </lyric>
      </note>
    </measure>
    <!--=======================================================-->
    <measure number="33" width="54">
      <note default-x="16">
        <pitch>
          <step>D</step>
          <octave>5</octave>
        </pitch>
        <duration>4</duration>
        <voice>1</voice>
        <type>whole</type>
        <lyric default-y="-80" number="1">
          <syllabic>single</syllabic>
          <text font-family="Times">en</text>
        </lyric>
      </note>
    </measure>
    <!--=======================================================-->
    <measure number="34" width="65">
      <note default-x="17">
        <pitch>
          <step>A</step>
          <octave>5</octave>
        </pitch>
        <duration>2</duration>
        <voice>1</voice>
        <type>half</type>
        <stem default-y="-25">down</stem>
        <lyric default-y="-80" number="1">
          <syllabic>single</syllabic>
          <text font-family="Times">un</text>
        </lyric>
      </note>
      <note default-x="44">
        <pitch>
          <step>B</step>
          <octave>5</octave>
        </pitch>
        <duration>2</duration>
        <voice>1</voice>
        <type>half</type>
        <stem default-y="-20">down</stem>
        <lyric default-y="-80" number="1">
          <syllabic>begin</syllabic>
          <text font-family="Times">mo</text>
        </lyric>
      </note>
    </measure>
    <!--=======================================================-->
    <measure number="35" width="70">
      <note default-x="24">
        <pitch>
          <step>B</step>
          <octave>5</octave>
        </pitch>
        <duration>2</duration>
        <voice>1</voice>
        <type>half</type>
        <stem default-y="-20">down</stem>
        <notations>
          <slur number="1" placement="above" type="start"/>
        </notations>
        <lyric default-y="-80" number="1">
          <syllabic>end</syllabic>
          <text font-family="Times">ment</text>
          <extend/>
        </lyric>
      </note>
      <note default-x="54">
        <pitch>
          <step>A</step>
          <octave>5</octave>
        </pitch>
        <duration>2</duration>
        <voice>1</voice>
        <type>half</type>
        <stem default-y="-25">down</stem>
        <notations>
          <slur number="1" type="stop"/>
        </notations>
      </note>
    </measure>
    <!--=======================================================-->
    <measure number="36" width="158">
      <note default-x="20">
        <pitch>
          <step>G</step>
          <octave>5</octave>
        </pitch>
        <duration>2</duration>
        <voice>1</voice>
        <type>half</type>
        <stem default-y="-30">down</stem>
        <lyric default-y="-80" number="1">
          <syllabic>begin</syllabic>
          <text font-family="Times">des</text>
        </lyric>
      </note>
      <note default-x="60">
        <pitch>
          <step>G</step>
          <octave>5</octave>
        </pitch>
        <duration>4</duration>
        <voice>1</voice>
        <type>whole</type>
        <lyric default-y="-80" number="1">
          <syllabic>end</syllabic>
          <text font-family="Times">truit,</text>
        </lyric>
      </note>
      <note default-x="100">
        <rest/>
        <duration>4</duration>
        <voice>1</voice>
        <type>whole</type>
      </note>
      <note default-x="129">
        <pitch>
          <step>C</step>
          <octave>5</octave>
        </pitch>
        <duration>2</duration>
        <voice>1</voice>
        <type>half</type>
        <stem default-y="-50">down</stem>
        <lyric default-y="-80" number="1">
          <syllabic>single</syllabic>
          <text font-family="Times">Et</text>
        </lyric>
      </note>
    </measure>
    <!--=======================================================-->
    <measure number="37" width="65">
      <note default-x="16">
        <pitch>
          <step>D</step>
          <octave>5</octave>
        </pitch>
        <duration>2</duration>
        <voice>1</voice>
        <type>half</type>
        <stem default-y="-45">down</stem>
        <lyric default-y="-80" number="1">
          <syllabic>single</syllabic>
          <text font-family="Times">sa</text>
        </lyric>
      </note>
      <note default-x="41">
        <pitch>
          <step>E</step>
          <octave>5</octave>
        </pitch>
        <duration>2</duration>
        <voice>1</voice>
        <type>half</type>
        <stem default-y="-40.5">down</stem>
        <lyric default-y="-80" number="1">
          <syllabic>single</syllabic>
          <text font-family="Times">fin</text>
        </lyric>
      </note>
    </measure>
    <!--=======================================================-->
    <measure number="38" width="114">
      <note default-x="23">
        <pitch>
          <step>F</step>
          <octave>5</octave>
        </pitch>
        <duration>2</duration>
        <voice>1</voice>
        <type>half</type>
        <stem default-y="-35.5">down</stem>
        <lyric default-y="-80" number="1">
          <syllabic>single</syllabic>
          <text font-family="Times">n'en</text>
        </lyric>
      </note>
      <note default-x="59">
        <pitch>
          <step>E</step>
          <octave>5</octave>
        </pitch>
        <duration>4</duration>
        <voice>1</voice>
        <type>whole</type>
        <lyric default-y="-80" number="1">
          <syllabic>begin</syllabic>
          <text font-family="Times">se</text>
        </lyric>
      </note>
      <note default-x="88">
        <pitch>
          <step>D</step>
          <octave>5</octave>
        </pitch>
        <duration>2</duration>
        <voice>1</voice>
        <type>half</type>
        <stem default-y="-45">down</stem>
        <lyric default-y="-80" number="1">
          <syllabic>end</syllabic>
          <text font-family="Times">ra</text>
        </lyric>
      </note>
    </measure>
    <!--=======================================================-->
    <measure number="39" width="57">
      <note default-x="21">
        <pitch>
          <step>G</step>
          <octave>5</octave>
        </pitch>
        <duration>4</duration>
        <voice>1</voice>
        <type>whole</type>
        <lyric default-y="-80" number="1">
          <syllabic>single</syllabic>
          <text font-family="Times">que</text>
        </lyric>
      </note>
    </measure>
    <!--=======================================================-->
    <measure number="40" width="66">
      <note default-x="17">
        <pitch>
          <step>E</step>
          <octave>5</octave>
        </pitch>
        <duration>2</duration>
        <voice>1</voice>
        <type>half</type>
        <stem default-y="-40.5">down</stem>
        <lyric default-y="-80" number="1">
          <syllabic>single</syllabic>
          <text font-family="Times">ma</text>
        </lyric>
      </note>
      <note default-x="43">
        <pitch>
          <step>F</step>
          <octave>5</octave>
        </pitch>
        <duration>2</duration>
        <voice>1</voice>
        <type>half</type>
        <stem default-y="-35.5">down</stem>
        <notations>
          <slur number="1" placement="above" type="start"/>
        </notations>
        <lyric default-y="-80" number="1">
          <syllabic>single</syllabic>
          <text font-family="Times">gloire</text>
          <extend/>
        </lyric>
      </note>
    </measure>
    <!--=======================================================-->
    <measure number="41" width="65">
      <note default-x="16">
        <pitch>
          <step>D</step>
          <octave>5</octave>
        </pitch>
        <duration>2</duration>
        <voice>1</voice>
        <type>half</type>
        <stem default-y="-45">down</stem>
        <notations>
          <slur number="1" type="stop"/>
        </notations>
      </note>
      <note default-x="41">
        <pitch>
          <step>C</step>
          <octave>5</octave>
        </pitch>
        <duration>2</duration>
        <voice>1</voice>
        <type>half</type>
        <stem default-y="-50">down</stem>
        <lyric default-y="-80" number="1">
          <syllabic>single</syllabic>
          <text font-family="Times">et</text>
        </lyric>
      </note>
    </measure>
    <!--=======================================================-->
    <measure number="42" width="68">
      <note default-x="20">
        <pitch>
          <step>C</step>
          <octave>5</octave>
        </pitch>
        <duration>2</duration>
        <voice>1</voice>
        <type>half</type>
        <stem default-y="-50">down</stem>
        <lyric default-y="-80" number="1">
          <syllabic>single</syllabic>
          <text font-family="Times">leur</text>
        </lyric>
      </note>
      <note default-x="49">
        <pitch>
          <step>C</step>
          <octave>5</octave>
        </pitch>
        <duration>2</duration>
        <voice>1</voice>
        <type>half</type>
        <stem default-y="-50">down</stem>
        <notations>
          <slur number="1" placement="above" type="start"/>
        </notations>
        <lyric default-y="-80" number="1">
          <syllabic>begin</syllabic>
          <text font-family="Times">hon</text>
        </lyric>
      </note>
    </measure>
    <!--=======================================================-->
    <measure number="43" width="54">
      <note default-x="16">
        <pitch>
          <step>D</step>
          <octave>5</octave>
        </pitch>
        <duration>4</duration>
        <voice>1</voice>
        <type>whole</type>
        <notations>
          <slur number="1" type="stop"/>
        </notations>
      </note>
    </measure>
    <!--=======================================================-->
    <measure number="44" width="65">
      <note default-x="17">
        <pitch>
          <step>C</step>
          <octave>5</octave>
        </pitch>
        <duration>4</duration>
        <voice>1</voice>
        <type>whole</type>
        <lyric default-y="-80" number="1">
          <syllabic>end</syllabic>
          <text font-family="Times">te.</text>
        </lyric>
      </note>
      <barline location="right">
        <bar-style>light-heavy</bar-style>
      </barline>
    </measure>
  </part>
  <!--=========================================================-->
</score-partwise>
