<?xml version="1.0" encoding="UTF-8"?>
<!DOCTYPE score-partwise PUBLIC "-//Recordare//DTD MusicXML 2.0 Partwise//EN"
  "http://www.musicxml.org/dtds/partwise.dtd">

<score-partwise><part-list><score-part id='P1'><part-name>MusicXML Part</part-name>
</score-part>
</part-list>
<part id='P1'><measure number='1'><attributes><divisions>1</divisions>
<key><fifths>0</fifths>
<mode>major</mode>
</key>
<time symbol='cut'><beats>2</beats>
<beat-type>2</beat-type>
</time>
<clef><sign>G</sign>
<line>2</line>
</clef>
</attributes>
<note><pitch><step>G</step>
<octave>4</octave>
</pitch>
<duration>4</duration>
<lyric number='1'><syllabic>single</syllabic>
<text>Mon</text>
</lyric>
</note>
</measure>
<measure number='2'>
<note><pitch><step>C</step>
<octave>5</octave>
</pitch>
<duration>2</duration>
<lyric number='1'><syllabic>single</syllabic>
<text>Dieu</text>
</lyric>
</note>
<note><pitch><step>C</step>
<octave>5</octave>
</pitch>
<duration>2</duration>
<lyric number='1'><syllabic>begin</syllabic>
<text>de</text>
</lyric>
</note>
</measure>
<measure number='3'>
<note><pitch><step>B</step>
<octave>4</octave>
</pitch>
<duration>4</duration>
<lyric number='1'><syllabic>end</syllabic>
<text></text>
</lyric>
</note>
</measure>
<measure number='4'>
<note><pitch><step>G</step>
<octave>4</octave>
</pitch>
<duration>4</duration>
<lyric number='1'><syllabic>single</syllabic>
<text>ses</text>
</lyric>
</note>
</measure>
<measure number='5'>
<note><pitch><step>A</step>
<octave>4</octave>
</pitch>
<duration>2</duration>
<lyric number='1'><syllabic>begin</syllabic>
<text>Con</text>
</lyric>
</note>
<note><pitch><step>A</step>
<octave>4</octave>
</pitch>
<duration>2</duration>
<lyric number='1'><syllabic>middle</syllabic>
<text>seils</text>
</lyric>
</note>
</measure>
<measure number='6'>
<note><pitch><step>B</step>
<octave>4</octave>
</pitch>
<duration>4</duration>
<lyric number='1'><syllabic>end</syllabic>
<text></text>
</lyric>
</note>
</measure>
<measure number='7'>
<note><pitch><step>C</step>
<octave>5</octave>
</pitch>
<duration>4</duration>
<lyric number='1'><syllabic>single</syllabic>
<text>m'a</text>
</lyric>
</note>
</measure>
<measure number='8'>
<note><pitch><step>D</step>
<octave>5</octave>
</pitch>
<duration>2</duration>
<lyric number='1'><syllabic>begin</syllabic>
<text>toû</text>
</lyric>
</note>
<note><pitch><step>E</step>
<octave>5</octave>
</pitch>
<duration>2</duration>
<lyric number='1'><syllabic>end</syllabic>
<text>jours</text>
</lyric>
</note>
</measure>
<measure number='9'>
<note><pitch><step>E</step>
<octave>5</octave>
</pitch>
<duration>2</duration>
<lyric number='1'><syllabic>begin</syllabic>
<text>é</text>
</lyric>
</note>
<note><pitch><step>D</step>
<octave>5</octave>
</pitch>
<duration>4</duration>
<lyric number='1'><syllabic>middle</syllabic>
<text></text>
</lyric>
</note>
<note><pitch><step>C</step>
<octave>5</octave>
</pitch>
<duration>2</duration>
<lyric number='1'><syllabic>middle</syllabic>
<text>clai</text>
</lyric>
</note>
</measure>
<measure number='11'>
<note><pitch><step>C</step>
<octave>5</octave>
</pitch>
<duration>4</duration>
<lyric number='1'><syllabic>end</syllabic>
<text>ré ;</text>
</lyric>
</note>
</measure>
<measure number='12'>
<note><rest></rest>
<duration>4</duration>
</note>
</measure>
<measure number='13'>
<note><pitch><step>E</step>
<octave>5</octave>
</pitch>
<duration>2</duration>
<lyric number='1'><syllabic>single</syllabic>
<text>Sa</text>
</lyric>
</note>
<note><pitch><step>E</step>
<octave>5</octave>
</pitch>
<duration>4</duration>
<lyric number='1'><syllabic>begin</syllabic>
<text>Gra</text>
</lyric>
</note>
<note><pitch><step>F</step>
<octave>5</octave>
</pitch>
<duration>2</duration>
<lyric number='1'><syllabic>end</syllabic>
<text>ce</text>
</lyric>
</note>
</measure>
<measure number='15'>
<note><pitch><step>G</step>
<octave>5</octave>
</pitch>
<duration>4</duration>
<lyric number='1'><syllabic>single</syllabic>
<text>m'a</text>
</lyric>
</note>
</measure>
<measure number='16'>
<note><pitch><step>C</step>
<octave>5</octave>
</pitch>
<duration>2</duration>
<lyric number='1'><syllabic>single</syllabic>
<text>cent</text>
</lyric>
</note>
<note><pitch><step>C</step>
<octave>5</octave>
</pitch>
<duration>2</duration>
<lyric number='1'><syllabic>begin</syllabic>
<text>fois</text>
</lyric>
</note>
</measure>
<measure number='17'>
<note><pitch><step>D</step>
<octave>5</octave>
</pitch>
<duration>4</duration>
<lyric number='1'><syllabic>end</syllabic>
<text></text>
</lyric>
</note>
</measure>
<measure number='18'>
<note><pitch><step>G</step>
<octave>4</octave>
</pitch>
<duration>2</duration>
<lyric number='1'><syllabic>single</syllabic>
<text>du</text>
</lyric>
</note>
<note><pitch><step>C</step>
<octave>5</octave>
</pitch>
<duration>4</duration>
<lyric number='1'><syllabic>begin</syllabic>
<text>Tom</text>
</lyric>
</note>
<note><pitch><step>A</step>
<octave>4</octave>
</pitch>
<duration>2</duration>
<lyric number='1'><syllabic>end</syllabic>
<text>beau</text>
</lyric>
</note>
</measure>
<measure number='20'>
<note><pitch><step>B</step>
<octave>4</octave>
</pitch>
<duration>4</duration>
<lyric number='1'><syllabic>begin</syllabic>
<text>re</text>
</lyric>
</note>
</measure>
<measure number='21'>
<note><pitch><step>C</step>
<octave>5</octave>
</pitch>
<duration>2</duration>
<lyric number='1'><syllabic>middle</syllabic>
<text>ti</text>
</lyric>
</note>
<note><pitch><step>C</step>
<octave>5</octave>
</pitch>
<duration>2</duration>
<lyric number='1'><syllabic>middle</syllabic>
<text>ré</text>
</lyric>
</note>
</measure>
<measure number='22'>
<note><pitch><step>D</step>
<octave>5</octave>
</pitch>
<duration>4</duration>
<lyric number='1'><syllabic>end</syllabic>
<text>;</text>
</lyric>
</note>
</measure>
<measure number='23'>
<note><rest></rest>
<duration>4</duration>
</note>
</measure>
<measure number='24'>
<note><pitch><step>C</step>
<octave>5</octave>
</pitch>
<duration>2</duration>
<lyric number='1'><syllabic>single</syllabic>
<text>Sa</text>
</lyric>
</note>
<note><pitch><step>C</step>
<octave>5</octave>
</pitch>
<duration>4</duration>
<lyric number='1'><syllabic>begin</syllabic>
<text>Pro</text>
</lyric>
</note>
<note><pitch><step>D</step>
<octave>5</octave>
</pitch>
<duration>2</duration>
<lyric number='1'><syllabic>middle</syllabic>
<text>vi</text>
</lyric>
</note>
</measure>
<measure number='26'>
<note><pitch><step>E</step>
<octave>5</octave>
</pitch>
<duration>4</duration>
<lyric number='1'><syllabic>middle</syllabic>
<text>den</text>
</lyric>
</note>
</measure>
<measure number='27'>
<note><pitch><step>F</step>
<octave>5</octave>
</pitch>
<duration>2</duration>
<lyric number='1'><syllabic>end</syllabic>
<text>ce</text>
</lyric>
</note>
<note><pitch><step>G</step>
<octave>5</octave>
</pitch>
<duration>4</duration>
<lyric number='1'><syllabic>begin</syllabic>
<text>veil</text>
</lyric>
</note>
<note><pitch><step>D</step>
<octave>5</octave>
</pitch>
<duration>4</duration>
<lyric number='1'><syllabic>end</syllabic>
<text>le</text>
</lyric>
</note>
<note><pitch><step>G</step>
<octave>5</octave>
</pitch>
<duration>2</duration>
<lyric number='1'><syllabic>single</syllabic>
<text>à</text>
</lyric>
</note>
</measure>
<measure number='30'>
<note><pitch><step>E</step>
<octave>5</octave>
</pitch>
<duration>4</duration>
<lyric number='1'><syllabic>begin</syllabic>
<text>con</text>
</lyric>
</note>
</measure>
<measure number='31'>
<note><pitch><step>C</step>
<octave>5</octave>
</pitch>
<duration>2</duration>
<lyric number='1'><syllabic>middle</syllabic>
<text>ser</text>
</lyric>
</note>
<note><pitch><step>B</step>
<octave>4</octave>
</pitch>
<duration>4</duration>
<lyric number='1'><syllabic>end</syllabic>
<text>ver</text>
</lyric>
</note>
<note><pitch><step>C</step>
<octave>5</octave>
</pitch>
<duration>2</duration>
<lyric number='1'><syllabic>single</syllabic>
<text>ma</text>
</lyric>
</note>
</measure>
<measure number='33'>
<note><pitch><step>A</step>
<octave>4</octave>
</pitch>
<duration>4</duration>
<lyric number='1'><syllabic>begin</syllabic>
<text>vi</text>
</lyric>
</note>
</measure>
<measure number='34'>
<note><pitch><step>G</step>
<octave>4</octave>
</pitch>
<duration>4</duration>
<lyric number='1'><syllabic>end</syllabic>
<text>e :</text>
</lyric>
</note>
</measure>
<measure number='35'>
<note><rest></rest>
<duration>4</duration>
</note>
</measure>
<measure number='36'>
<note><pitch><step>G</step>
<octave>4</octave>
</pitch>
<duration>4</duration>
<lyric number='1'><syllabic>begin</syllabic>
<text>Puis</text>
</lyric>
</note>
</measure>
<measure number='37'>
<note><pitch><step>C</step>
<octave>5</octave>
</pitch>
<duration>2</duration>
<lyric number='1'><syllabic>end</syllabic>
<text>que</text>
</lyric>
</note>
<note><pitch><step>A</step>
<octave>4</octave>
</pitch>
<duration>2</duration>
<lyric number='1'><syllabic>single</syllabic>
<text>c'est</text>
</lyric>
</note>
</measure>
<measure number='38'>
<note><pitch><step>E</step>
<octave>4</octave>
</pitch>
<duration>4</duration>
<lyric number='1'><syllabic>single</syllabic>
<text>un</text>
</lyric>
</note>
</measure>
<measure number='39'>
<note><pitch><step>F</step>
<octave>4</octave>
</pitch>
<duration>2</duration>
<lyric number='1'><syllabic>begin</syllabic>
<text>a</text>
</lyric>
</note>
<note><pitch><step>G</step>
<octave>4</octave>
</pitch>
<duration>4</duration>
<lyric number='1'><syllabic>end</syllabic>
<text>bry</text>
</lyric>
</note>
<note><pitch><step>D</step>
<octave>5</octave>
</pitch>
<duration>2</duration>
<lyric number='1'><syllabic>single</syllabic>
<text>qui</text>
</lyric>
</note>
</measure>
<measure number='41'>
<note><pitch><step>D</step>
<octave>5</octave>
</pitch>
<duration>4</duration>
<lyric number='1'><syllabic>single</syllabic>
<text>n'est</text>
</lyric>
</note>
</measure>
<measure number='42'>
<note><pitch><step>E</step>
<octave>5</octave>
</pitch>
<duration>2</duration>
<lyric number='1'><syllabic>begin</syllabic>
<text>ja</text>
</lyric>
</note>
<note><pitch><step>F</step>
<octave>5</octave>
</pitch>
<duration>4</duration>
<lyric number='1'><syllabic>end</syllabic>
<text>mais</text>
</lyric>
</note>
<note><pitch><step>G</step>
<octave>5</octave>
</pitch>
<duration>2</duration>
<lyric number='1'><syllabic>begin</syllabic>
<text>trom</text>
</lyric>
</note>
</measure>
<measure number='44'>
<note><pitch><step>E</step>
<octave>5</octave>
</pitch>
<duration>4</duration>
<lyric number='1'><syllabic>end</syllabic>
<text>peur,</text>
</lyric>
</note>
</measure>
<measure number='45'>
<note><rest></rest>
<duration>4</duration>
</note>
</measure>
<measure number='46'>
<note><pitch><step>C</step>
<octave>5</octave>
</pitch>
<duration>4</duration>
<lyric number='1'><syllabic>begin</syllabic>
<text>Quel</text>
</lyric>
</note>
</measure>
<measure number='47'>
<note><pitch><step>D</step>
<octave>5</octave>
</pitch>
<duration>2</duration>
<lyric number='1'><syllabic>end</syllabic>
<text>ques</text>
</lyric>
</note>
<note><pitch><step>B</step>
<octave>4</octave>
</pitch>
<duration>4</duration>
<lyric number='1'><syllabic>begin</syllabic>
<text>pie</text>
</lyric>
</note>
<note><pitch><step>A</step>
<octave>4</octave>
</pitch>
<duration>2</duration>
<lyric number='1'><syllabic>end</syllabic>
<text>ges</text>
</lyric>
</note>
</measure>
<measure number='49'>
<note><pitch><step>B</step>
<octave>4</octave>
</pitch>
<duration>2</duration>
<lyric number='1'><syllabic>begin</syllabic>
<text>mor</text>
</lyric>
</note>
<note><pitch><step>B</step>
<octave>4</octave>
</pitch>
<duration>2</duration>
<lyric number='1'><syllabic>middle</syllabic>
<text>tels</text>
</lyric>
</note>
</measure>
<measure number='50'>
<note><pitch><step>C</step>
<octave>5</octave>
</pitch>
<duration>4</duration>
<lyric number='1'><syllabic>end</syllabic>
<text></text>
</lyric>
</note>
</measure>
<measure number='51'>
<note><pitch><step>C</step>
<octave>5</octave>
</pitch>
<duration>4</duration>
<lyric number='1'><syllabic>single</syllabic>
<text>que</text>
</lyric>
</note>
</measure>
<measure number='52'>
<note><pitch><step>B</step>
<octave>4</octave>
</pitch>
<duration>2</duration>
<lyric number='1'><syllabic>single</syllabic>
<text>me</text>
</lyric>
</note>
<note><pitch><step>C</step>
<octave>5</octave>
</pitch>
<duration>2</duration>
<lyric number='1'><syllabic>begin</syllabic>
<text>dres</text>
</lyric>
</note>
</measure>
<measure number='53'>
<note><pitch><step>B</step>
<octave>4</octave>
</pitch>
<duration>4</duration>
<lyric number='1'><syllabic>middle</syllabic>
<text></text>
</lyric>
</note>
</measure>
<measure number='54'>
<note><pitch><step>A</step>
<octave>4</octave>
</pitch>
<duration>4</duration>
<lyric number='1'><syllabic>end</syllabic>
<text>se</text>
</lyric>
</note>
</measure>
<measure number='55'>
<note><pitch><step>B</step>
<octave>4</octave>
</pitch>
<duration>2</duration>
<lyric number='1'><syllabic>begin</syllabic>
<text>l'En</text>
</lyric>
</note>
<note><pitch><step>A</step>
<octave>4</octave>
</pitch>
<duration>4</duration>
<lyric number='1'><syllabic>middle</syllabic>
<text>vi</text>
</lyric>
</note>
<note><pitch><step>G</step>
<octave>4</octave>
</pitch>
<duration>4</duration>
<lyric number='1'><syllabic>end</syllabic>
<text>e,</text>
</lyric>
</note>
<note><rest></rest>
<duration>4</duration>
</note>
<note><pitch><step>G</step>
<octave>4</octave>
</pitch>
<duration>4</duration>
<lyric number='1'><syllabic>begin</syllabic>
<text>Se</text>
</lyric>
</note>
<note><pitch><step>A</step>
<octave>4</octave>
</pitch>
<duration>2</duration>
<lyric number='1'><syllabic>middle</syllabic>
<text>roit</text>
</lyric>
</note>
</measure>
<measure number='60'>
<note><pitch><step>B</step>
<octave>4</octave>
</pitch>
<duration>2</duration>
<lyric number='1'><syllabic>middle</syllabic>
<text></text>
</lyric>
</note>
<note><pitch><step>C</step>
<octave>5</octave>
</pitch>
<duration>4</duration>
<lyric number='1'><syllabic>end</syllabic>
<text>il</text>
</lyric>
</note>
<note><pitch><step>E</step>
<octave>5</octave>
</pitch>
<duration>4</duration>
<lyric number='1'><syllabic>single</syllabic>
<text>un</text>
</lyric>
</note>
<note><pitch><step>F</step>
<octave>5</octave>
</pitch>
<duration>2</duration>
<lyric number='1'><syllabic>begin</syllabic>
<text>dan</text>
</lyric>
</note>
</measure>
<measure number='63'>
<note><pitch><step>F</step>
<octave>5</octave>
</pitch>
<duration>2</duration>
<lyric number='1'><syllabic>middle</syllabic>
<text>ger</text>
</lyric>
</note>
<note><pitch><step>G</step>
<octave>5</octave>
</pitch>
<duration>4</duration>
<lyric number='1'><syllabic>end</syllabic>
<text></text>
</lyric>
</note>
<note><pitch><step>G</step>
<octave>5</octave>
</pitch>
<duration>2</duration>
<lyric number='1'><syllabic>single</syllabic>
<text>qui</text>
</lyric>
</note>
</measure>
<measure number='65'>
<note><pitch><step>E</step>
<octave>5</octave>
</pitch>
<duration>4</duration>
<lyric number='1'><syllabic>single</syllabic>
<text>pust</text>
</lyric>
</note>
</measure>
<measure number='66'>
<note><pitch><step>D</step>
<octave>5</octave>
</pitch>
<duration>2</duration>
<lyric number='1'><syllabic>single</syllabic>
<text>me</text>
</lyric>
</note>
<note><pitch><step>E</step>
<octave>5</octave>
</pitch>
<duration>2</duration>
<lyric number='1'><syllabic>begin</syllabic>
<text>fai</text>
</lyric>
</note>
</measure>
<measure number='67'>
<note><pitch><step>D</step>
<octave>5</octave>
</pitch>
<duration>4</duration>
<lyric number='1'><syllabic>middle</syllabic>
<text>-</text>
</lyric>
</note>
</measure>
<measure number='68'>
<note><pitch><step>C</step>
<octave>5</octave>
</pitch>
<duration>2</duration>
<lyric number='1'><syllabic>end</syllabic>
<text>re</text>
</lyric>
</note>
<note><pitch><step>C</step>
<octave>5</octave>
</pitch>
<duration>4</duration>
<lyric number='1'><syllabic>single</syllabic>
<text>peur ?</text>
</lyric>
</note>
<barline location="right">
                        <bar-style>light-heavy</bar-style>
                           </barline>
</measure>
</part>
</score-partwise>
