{"ref": "lebreton1663", "title": "Les Psaumes en vers fran\u00e7ais de Charles Le Breton, mis en musique par M.D.S.C. ", "short_title": "Le Breton 1663 ", "description": "<p>\r\n\t<em>Les psaumes de David [Musique imprim&eacute;e]mis en vers fran&ccedil;ois par le R. P. Charles le Breton de la Compagnie de J&eacute;sus et mis en airs nouveaux tous diff&eacute;rents aussi bien que conformes au sujet par une personne de qualit&eacute;, </em>A Paris, chez Fran&ccedil;ois Muguet imprimeur ordinaire du roy, ru&euml; de la Harpe aux trois roys, 1663. Ex.&nbsp;Paris BnF</p>\r\n<p>\r\n\tResp. Cl&eacute;mence Monnier, saisie Jean-Michel Noailly, dir. Alice Tacaille</p>\r\n", "is_public": true, "short_description": "Les Psaumes en vers fran\u00e7ais de Charles Le Breton, mis en musique par M.D.S.C. (1663).", "licence_code": null, "copyright": null, "supervisors": null}