{
  "$schema": "https://json-schema.org/draft/2020-12/schema",
  "$id": "dmos_tuplet_info.json",
  "title": "Description of a tuplet",
  "type": "object",
  "properties": {
    "num": {"description": "Used for tuplet: gives the actual number of events wrt the expected one (specified by numbase)", "type": "integer"},
    "num_base": {"description": "Used for tuplet: gives the expected number of events wrt the actual one (specified by num)", "type": "integer"}
   },
   "required": ["num","num_base"],
  "additionalProperties": false
}