{
  "$schema": "https://json-schema.org/draft/2020-12/schema",
  "$id": "dmos_syllable.json",
  "title": "Syllables",
  "type": "object",
  "properties": {
     "text": {"description": "Text of the syllable", "type": "string"},
     "followed_by_dash": {"description": "True if the syllable is followed by a dash", "type": "boolean"},
     "placement": {"description": "Optional spec. of the placement. 'below' by default", "type": "string"}
   },
   "required": ["text", "followed_by_dash"],
  "additionalProperties": false
}