{
  "$schema": "https://json-schema.org/draft/2020-12/schema",
  "$id": "dmos_note_head.json",
  "title": "Schema of note head descriptor",
  "description": "A note head on a staff, with an optional accidental", 
  "type": "object",
  "properties": {
    "id" : {"description": "Id of the head symbol", "type": "string"},
     "head_symbol": {"description": "Noire, blanche, etc.", "$ref": "dmos_symbol.json"},
     "no_staff": {"description": "Numéro de portée", "type": "integer"},
     "height": {"description": "Hauteur de la note sur la portée", "type": "integer"},
     "tiedForward": {"description": "Marque un début de liaison", "type": "boolean"},
     "idForward": {"description": "Identifiant de liaison", "type": "integer"},
     "tiedBackward": {"description": "Marque une fin de liaison", "type": "boolean"},
     "idBackward": {"description": "Identifiant de liaison", "type": "integer"},
     "alter": {"description": "Altération", "$ref": "dmos_symbol.json"},
     "tied": {"description": "Liaison à la note précédente", "type": "boolean"},
     "errors": {"description": "Liste des erreurs", 
                "type": "array",
                "items": { "$ref": "dmos_error.json" }
     }
   },
   "required": ["head_symbol", "no_staff", "height"],
  "additionalProperties": false
}