{
  "$schema": "https://json-schema.org/draft/2020-12/schema",
  "$id": "dmos_measure_header.json",
  "title": "Schema of measure headers (clef, key, meter, on a specific staff)",
  "type": "object",
  "properties": {
      "no_staff": {"type": "integer"},
      "region": {
               "description": "Region of the measure for the current staff",
               "$ref": "dmos_region.json"
      },
     "clef": {"$ref": "dmos_clef.json" },
     "key_signature": {"$ref": "dmos_key_signature.json" },
     "time_signature": {"$ref": "dmos_time_signature.json" }
   },
   "required": ["no_staff"],
  "additionalProperties": false
}