{
  "$schema": "https://json-schema.org/draft/2020-12/schema",
  "$id": "dmos_element_voice.json",
  "title": "Schema of voice elements",
  "description": "A voice element is a symbol that can appear as part of a voice in a measure. Either a note, a rest or a clef",
  "type": "object",
  "properties": {
    "duration": { "$ref": "dmos_duration.json"},
    "no_group": {"description": "Group = beam. Each beam has a unique id", "type": "integer"},
    "direction": {"description": "Up or down", "type": "string"},
     "slur": {"description": "A string that starts either with 'i' (inital) or 't' (terminal), followed by the slur id (i.e., i1, i2, t2, t1)", "type": "string"},
    "att_note": { "$ref": "dmos_att_note.json"},
    "att_rest": { "$ref": "dmos_att_rest.json"},
    "att_clef": { "$ref": "dmos_clef.json"},
    "tuplet_info": { "$ref": "dmos_tuplet_info.json"},
    "num": {"description": "Used for tuplet: gives the actual number of events wrt the expected one (specified by numbase)", "type": "integer"},
    "numbase": {"description": "Used for tuplet: gives the expected number of events wrt the actual one (specified by num)", "type": "integer"},
    "errors": {"type": "array", "items": { "$ref": "dmos_error.json" }}
  },
   "required": [],
  "additionalProperties": false
}