{
  "$schema": "https://json-schema.org/draft/2020-12/schema",
  "$id": "dmos_duration.json",
  "title": "A duration is given by its graphic constituents: a symbol (quaver),  a nb of points and the tuplet factor",
  "type": "object",
  "properties": {
     "label":{"description": "Code of the duration: whole, half, etc.", "type": "string"},
     "nb_points": {"description": "Nb of points. Default 0", "type": "integer"},
     "tuplet": {"description": "Factor of the tuplet the symbol belongs to. Default 1", "type": "integer"}
     },
   "required": [ "label"],
  "additionalProperties": false
}