{
  "$schema": "https://json-schema.org/draft/2020-12/schema",
  "$id": "dmos_key_signature.json",
  "title": "Schéma de la description d'une armure",
  "type": "object",
  "properties": {
     "id": {"description": "Identifiant unique et pérenne", "type": "string"},
     "element": {"description": "dièse, bémol ou aucun", "type": "string"},
     "nb_naturals": {"description": "Nombre de bécarres", "type": "integer"},
     "nb_alterations": {"description": "Nombre d'altérations", "type": "integer"},
     "region": {"$ref": "dmos_region.json"},
     "errors": {"type": "array", "items": { "$ref": "dmos_error.json" }
     }
   },
   "required": ["element", "nb_naturals", "nb_alterations", "errors"],
  "additionalProperties": false
}