{
  "$schema": "https://json-schema.org/draft/2020-12/schema",
  "$id": "dmos_att_note.json",
  "title": "Schema of note attributes",
  "description": "A note consists of several heads, directions and other symbols",
  "type": "object",
  "properties": {
    "nb_heads": {"description": "Nombre de têtes", "type": "integer"},
    "heads": {"type": "array", "items": { "$ref": "dmos_note_head.json" }, "minItems": 1},
    "articulations_top": {"type": "array", "items": { "$ref": "dmos_symbol.json" }},
    "articulations_bottom": {"type": "array", "items": { "$ref": "dmos_symbol.json" }},
    "directions": {"description": "nuances et autres symboles", "type": "array", 
        "items": { "$ref": "dmos_symbol.json" }},
     "syllable": {"description": "Syllabe chantée sur la note", "$ref": "dmos_syllable.json"},
     "verses": {"description": "En cas de couplets, tableau de syllabes", 
      				"type": "array",
                	"items": {"$ref": "dmos_syllable.json"}
     			},
    "other_objects": {"type": "array", "items": { "$ref": "dmos_symbol.json" }}
  },
   "required": ["nb_heads", "heads"],
  "additionalProperties": false
}