<?xml version="1.0" encoding="UTF-8"?>
<!DOCTYPE score-partwise PUBLIC "-//Recordare//DTD MusicXML 2.0 Partwise//EN"
  "http://www.musicxml.org/dtds/partwise.dtd">

<score-partwise><part-list><score-part id='P1'><part-name>MusicXML Part</part-name>
</score-part>
</part-list>
<part id='P1'><measure number='1'><attributes><divisions>1</divisions>
<key><fifths>0</fifths>
<mode>major</mode>
</key>
<time symbol='cut'><beats>2</beats>
<beat-type>2</beat-type>
</time>
<clef><sign>C</sign>
<line>1</line>
</clef>
</attributes>
<note><rest></rest>
<duration>2</duration>
</note>
<note><pitch><step>C</step>
<octave>5</octave>
</pitch>
<duration>2</duration>
<lyric number='1'><syllabic>single</syllabic>
<text>Je</text>
</lyric>
</note>
</measure>
<measure number='2'>
<note><pitch><step>B</step>
<octave>4</octave>
</pitch>
<duration>2</duration>
<lyric number='1'><syllabic>single</syllabic>
<text>sens</text>
</lyric>
</note>
<note><pitch><step>G</step>
<octave>4</octave>
</pitch>
<duration>2</duration>
<lyric number='1'><syllabic>begin</syllabic>
<text>u</text>
</lyric>
</note>
</measure>
<measure number='3'>
<note><pitch><step>C</step>
<octave>5</octave>
</pitch>
<duration>2</duration>
<lyric number='1'><syllabic>end</syllabic>
<text>ne</text>
</lyric>
</note>
<note><pitch><step>C</step>
<octave>5</octave>
</pitch>
<duration>2</duration>
<lyric number='1'><syllabic>begin</syllabic>
<text>nou</text>
</lyric>
</note>
</measure>
<measure number='4'>
<note><pitch><step>B</step>
<octave>4</octave>
</pitch>
<duration>2</duration>
<lyric number='1'><syllabic>middle</syllabic>
<text>vel</text>
</lyric>
</note>
<note><pitch><step>C</step>
<alter>1</alter>
<octave>5</octave>
</pitch>
<duration>2</duration>
<accidental>sharp</accidental>
<lyric number='1'><syllabic>end</syllabic>
<text>le</text>
</lyric>
</note>
</measure>
<measure number='5'>
<note><pitch><step>D</step>
<octave>5</octave>
</pitch>
<duration>4</duration>
<lyric number='1'><syllabic>begin</syllabic>
<text>flâ</text>
</lyric>
</note>
</measure>
<measure number='6'>
<note><pitch><step>B</step>
<octave>4</octave>
</pitch>
<duration>4</duration>
<lyric number='1'><syllabic>end</syllabic>
<text>me,</text>
</lyric>
</note>
</measure>
<measure number='7'>
<note><pitch><step>D</step>
<octave>5</octave>
</pitch>
<duration>2</duration>
<lyric number='1'><syllabic>single</syllabic>
<text>Qui</text>
</lyric>
</note>
<note><pitch><step>E</step>
<octave>5</octave>
</pitch>
<duration>2</duration>
<lyric number='1'><syllabic>begin</syllabic>
<text>s'al</text>
</lyric>
</note>
</measure>
<measure number='8'>
<note><pitch><step>C</step>
<octave>5</octave>
</pitch>
<duration>2</duration>
<lyric number='1'><syllabic>middle</syllabic>
<text>lu</text>
</lyric>
</note>
<note><pitch><step>A</step>
<octave>4</octave>
</pitch>
<duration>2</duration>
<lyric number='1'><syllabic>end</syllabic>
<text>me au</text>
</lyric>
</note>
</measure>
<measure number='9'>
<note><pitch><step>G</step>
<octave>4</octave>
</pitch>
<duration>4</duration>
<lyric number='1'><syllabic>single</syllabic>
<text>fonds</text>
</lyric>
</note>
</measure>
<measure number='10'>
<note><pitch><step>E</step>
<octave>4</octave>
</pitch>
<duration>2</duration>
<lyric number='1'><syllabic>single</syllabic>
<text>de</text>
</lyric>
</note>
<note><pitch><step>A</step>
<octave>4</octave>
</pitch>
<duration>2</duration>
<lyric number='1'><syllabic>single</syllabic>
<text>mon</text>
</lyric>
</note>
</measure>
<measure number='11'>
<note><pitch><step>G</step>
<alter>1</alter>
<octave>4</octave>
</pitch>
<duration>4</duration>
<accidental>sharp</accidental>
<lyric number='1'><syllabic>begin</syllabic>
<text>a</text>
</lyric>
</note>
</measure>
<measure number='12'>
<note><pitch><step>A</step>
<octave>4</octave>
</pitch>
<duration>2</duration>
<lyric number='1'><syllabic>end</syllabic>
<text>me,</text>
</lyric>
</note>
<note><pitch><step>A</step>
<octave>4</octave>
</pitch>
<duration>2</duration>
<lyric number='1'><syllabic>single</syllabic>
<text>Et</text>
</lyric>
</note>
</measure>
<measure number='13'>
<note><pitch><step>B</step>
<octave>4</octave>
</pitch>
<duration>2</duration>
<lyric number='1'><syllabic>single</syllabic>
<text>me</text>
</lyric>
</note>
<note><pitch><step>C</step>
<octave>5</octave>
</pitch>
<duration>2</duration>
<lyric number='1'><syllabic>begin</syllabic>
<text>trans</text>
</lyric>
</note>
</measure>
<measure number='14'>
<note><pitch><step>A</step>
<octave>4</octave>
</pitch>
<duration>2</duration>
<lyric number='1'><syllabic>middle</syllabic>
<text>por</text>
</lyric>
</note>
<note><pitch><step>G</step>
<octave>4</octave>
</pitch>
<duration>2</duration>
<lyric number='1'><syllabic>end</syllabic>
<text>te</text>
</lyric>
</note>
</measure>
<measure number='15'>
<note><pitch><step>F</step>
<alter>1</alter>
<octave>4</octave>
</pitch>
<duration>2</duration>
<accidental>sharp</accidental>
<lyric number='1'><syllabic>single</syllabic>
<text>hors</text>
</lyric>
</note>
<note><pitch><step>G</step>
<octave>4</octave>
</pitch>
<duration>2</duration>
<lyric number='1'><syllabic>single</syllabic>
<text>de</text>
</lyric>
</note>
</measure>
<measure number='16'>
<note><pitch><step>G</step>
<octave>4</octave>
</pitch>
<duration>4</duration>
<lyric number='1'><syllabic>single</syllabic>
<text>moy ;</text>
</lyric>
</note>
</measure>
<measure number='17'>
<note><rest></rest>
<duration>2</duration>
</note>
<note><pitch><step>G</step>
<octave>4</octave>
</pitch>
<duration>2</duration>
<lyric number='1'><syllabic>single</syllabic>
<text>Il</text>
</lyric>
</note>
</measure>
<measure number='18'>
<note><pitch><step>G</step>
<octave>4</octave>
</pitch>
<duration>2</duration>
<lyric number='1'><syllabic>single</syllabic>
<text>luy</text>
</lyric>
</note>
<note><pitch><step>E</step>
<octave>4</octave>
</pitch>
<duration>2</duration>
<lyric number='1'><syllabic>single</syllabic>
<text>faut</text>
</lyric>
</note>
</measure>
<measure number='19'>
<note><pitch><step>F</step>
<octave>4</octave>
</pitch>
<duration>2</duration>
<lyric number='1'><syllabic>begin</syllabic>
<text>o</text>
</lyric>
</note>
<note><pitch><step>G</step>
<octave>4</octave>
</pitch>
<duration>2</duration>
<lyric number='1'><syllabic>middle</syllabic>
<text>be</text>
</lyric>
</note>
</measure>
<measure number='20'>
<note><pitch><step>A</step>
<octave>4</octave>
</pitch>
<duration>2</duration>
<lyric number='1'><syllabic>end</syllabic>
<text>ïr,</text>
</lyric>
</note>
<note><pitch><step>A</step>
<octave>4</octave>
</pitch>
<duration>2</duration>
<lyric number='1'><syllabic>single</syllabic>
<text>je</text>
</lyric>
</note>
</measure>
<measure number='21'>
<note><pitch><step>A</step>
<octave>4</octave>
</pitch>
<duration>2</duration>
<lyric number='1'><syllabic>single</syllabic>
<text>ne</text>
</lyric>
</note>
<note><pitch><step>G</step>
<octave>4</octave>
</pitch>
<duration>2</duration>
<lyric number='1'><syllabic>single</syllabic>
<text>me</text>
</lyric>
</note>
</measure>
<measure number='22'>
<note><pitch><step>A</step>
<octave>4</octave>
</pitch>
<duration>2</duration>
<lyric number='1'><syllabic>begin</syllabic>
<text>sçau</text>
</lyric>
</note>
<note><pitch><step>C</step>
<octave>5</octave>
</pitch>
<duration>2</duration>
<lyric number='1'><syllabic>end</syllabic>
<text>rois</text>
</lyric>
</note>
</measure>
<measure number='23'>
<note><pitch><step>B</step>
<octave>4</octave>
</pitch>
<duration>4</duration>
<lyric number='1'><syllabic>begin</syllabic>
<text>tai</text>
</lyric>
</note>
</measure>
<measure number='24'>
<note><pitch><step>G</step>
<alter>1</alter>
<octave>4</octave>
</pitch>
<duration>2</duration>
<accidental>sharp</accidental>
<lyric number='1'><syllabic>end</syllabic>
<text>re,</text>
</lyric>
</note>
<note><pitch><step>A</step>
<octave>4</octave>
</pitch>
<duration>2</duration>
<lyric number='1'><syllabic>single</syllabic>
<text>Et</text>
</lyric>
</note>
</measure>
<measure number='25'>
<note><pitch><step>G</step>
<octave>4</octave>
</pitch>
<duration>2</duration>
<lyric number='1'><syllabic>single</syllabic>
<text>deust</text>
</lyric>
</note>
<note><pitch><step>E</step>
<octave>4</octave>
</pitch>
<duration>2</duration>
<lyric number='1'><syllabic>single</syllabic>
<text>on</text>
</lyric>
</note>
</measure>
<measure number='26'>
<note><pitch><step>F</step>
<octave>4</octave>
</pitch>
<duration>2</duration>
<lyric number='1'><syllabic>begin</syllabic>
<text>es</text>
</lyric>
</note>
<note><pitch><step>G</step>
<octave>4</octave>
</pitch>
<duration>1</duration>
<lyric number='1'><syllabic>middle</syllabic>
<text>ti</text>
</lyric>
</note>
<note><pitch><step>E</step>
<octave>4</octave>
</pitch>
<duration>2</duration>
<lyric number='1'><syllabic>end</syllabic>
<text>mer</text>
</lyric>
</note>
<note><pitch><step>A</step>
<octave>4</octave>
</pitch>
<duration>2</duration>
<lyric number='1'><syllabic>single</syllabic>
<text>ma</text>
</lyric>
</note>
<note><pitch><step>A</step>
<octave>4</octave>
</pitch>
<duration>2</duration>
<lyric number='1'><syllabic>begin</syllabic>
<text>lan</text>
</lyric>
</note>
<note><pitch><step>B</step>
<octave>4</octave>
</pitch>
<duration>2</duration>
<lyric number='1'><syllabic>end</syllabic>
<text>gue</text>
</lyric>
</note>
<note><pitch><step>C</step>
<octave>5</octave>
</pitch>
<duration>2</duration>
<lyric number='1'><syllabic>begin</syllabic>
<text>te</text>
</lyric>
</note>
<note><pitch><step>D</step>
<octave>5</octave>
</pitch>
<duration>2</duration>
<lyric number='1'><syllabic>middle</syllabic>
<text>me</text>
</lyric>
</note>
<note><pitch><step>C</step>
<alter>1</alter>
<octave>5</octave>
</pitch>
<duration>4</duration>
<accidental>sharp</accidental>
<lyric number='1'><syllabic>middle</syllabic>
<text>rai</text>
</lyric>
</note>
<note><pitch><step>D</step>
<octave>5</octave>
</pitch>
<duration>4</duration>
<lyric number='1'><syllabic>end</syllabic>
<text>re,</text>
</lyric>
</note>
<note><rest></rest>
<duration>2</duration>
</note>
<note><pitch><step>D</step>
<octave>5</octave>
</pitch>
<duration>2</duration>
<lyric number='1'><syllabic>single</syllabic>
<text>Je</text>
</lyric>
</note>
<note><pitch><step>D</step>
<octave>5</octave>
</pitch>
<duration>2</duration>
<lyric number='1'><syllabic>single</syllabic>
<text>la</text>
</lyric>
</note>
<note><pitch><step>E</step>
<octave>5</octave>
</pitch>
<duration>2</duration>
<lyric number='1'><syllabic>single</syllabic>
<text>veux</text>
</lyric>
</note>
<note><pitch><step>C</step>
<octave>5</octave>
</pitch>
<duration>2</duration>
<lyric number='1'><syllabic>begin</syllabic>
<text>con</text>
</lyric>
</note>
<note><pitch><step>D</step>
<octave>5</octave>
</pitch>
<duration>2</duration>
<lyric number='1'><syllabic>middle</syllabic>
<text>sa</text>
</lyric>
</note>
<note><pitch><step>B</step>
<octave>4</octave>
</pitch>
<duration>4</duration>
<lyric number='1'><syllabic>end</syllabic>
<text>crer</text>
</lyric>
</note>
<note><pitch><step>A</step>
<octave>4</octave>
</pitch>
<duration>2</duration>
<lyric number='1'><syllabic>single</syllabic>
<text>à</text>
</lyric>
</note>
<note><pitch><step>G</step>
<octave>4</octave>
</pitch>
<duration>2</duration>
<lyric number='1'><syllabic>begin</syllabic>
<text>l'hon</text>
</lyric>
</note>
<note><pitch><step>C</step>
<octave>5</octave>
</pitch>
<duration>2</duration>
<lyric number='1'><syllabic>end</syllabic>
<text>neur</text>
</lyric>
</note>
<note><pitch><step>B</step>
<octave>4</octave>
</pitch>
<duration>4</duration>
<lyric number='1'><syllabic>single</syllabic>
<text>de</text>
</lyric>
</note>
<note><pitch><step>C</step>
<octave>5</octave>
</pitch>
<duration>2</duration>
<lyric number='1'><syllabic>single</syllabic>
<text>mon</text>
</lyric>
</note>
<note><pitch><step>C</step>
<octave>5</octave>
</pitch>
<duration>4</duration>
<lyric number='1'><syllabic>single</syllabic>
<text>Roy.</text>
</lyric>
</note>
<barline location="right">
                        <bar-style>light-heavy</bar-style>
                           </barline>
</measure>
</part>
</score-partwise>
