<?xml version="1.0" encoding="UTF-8"?>
<!DOCTYPE score-partwise PUBLIC "-//Recordare//DTD MusicXML 2.0 Partwise//EN"
  "http://www.musicxml.org/dtds/partwise.dtd">

<score-partwise><part-list><score-part id='P1'><part-name>MusicXML Part</part-name>
</score-part>
</part-list>
<part id='P1'><measure number='1'><attributes><divisions>1</divisions>
<key><fifths>0</fifths>
<mode>major</mode>
</key>
<time symbol='cut'><beats>2</beats>
<beat-type>2</beat-type>
</time>
<clef><sign>C</sign>
<line>1</line>
</clef>
</attributes>
<note><rest></rest>
<duration>2</duration>
</note>
<note><pitch><step>D</step>
<octave>5</octave>
</pitch>
<duration>2</duration>
<lyric number='1'><syllabic>begin</syllabic>
<text>Sei</text>
</lyric>
</note>
</measure>
<measure number='2'>
<note><pitch><step>D</step>
<octave>5</octave>
</pitch>
<duration>2</duration>
<lyric number='1'><syllabic>end</syllabic>
<text>gneur,</text>
</lyric>
</note>
<note><pitch><step>A</step>
<octave>4</octave>
</pitch>
<duration>2</duration>
<lyric number='1'><syllabic>single</syllabic>
<text>dans</text>
</lyric>
</note>
</measure>
<measure number='3'>
<note><pitch><step>A</step>
<octave>4</octave>
</pitch>
<duration>2</duration>
<lyric number='1'><syllabic>single</syllabic>
<text>les</text>
</lyric>
</note>
<note><pitch><step>B</step>
<alter>-1</alter>
<octave>4</octave>
</pitch>
<duration>2</duration>
<accidental>flat</accidental>
<lyric number='1'><syllabic>begin</syllabic>
<text>en</text>
</lyric>
</note>
</measure>
<measure number='4'>
<note><pitch><step>G</step>
<octave>4</octave>
</pitch>
<duration>2</duration>
<lyric number='1'><syllabic>end</syllabic>
<text>nuis</text>
</lyric>
</note>
<note><pitch><step>C</step>
<octave>5</octave>
</pitch>
<duration>2</duration>
<lyric number='1'><syllabic>single</syllabic>
<text>dont</text>
</lyric>
</note>
</measure>
<measure number='5'>
<note><pitch><step>A</step>
<octave>4</octave>
</pitch>
<duration>2</duration>
<lyric number='1'><syllabic>single</syllabic>
<text>mon</text>
</lyric>
</note>
<note><pitch><step>B</step>
<octave>4</octave>
</pitch>
<duration>2</duration>
<lyric number='1'><syllabic>begin</syllabic>
<text>a</text>
</lyric>
</note>
</measure>
<measure number='6'>
<note><pitch><step>C</step>
<octave>5</octave>
</pitch>
<duration>2</duration>
<lyric number='1'><syllabic>end</syllabic>
<text>me est</text>
</lyric>
</note>
<note><pitch><step>D</step>
<octave>5</octave>
</pitch>
<duration>2</duration>
<lyric number='1'><syllabic>begin</syllabic>
<text>at</text>
</lyric>
</note>
</measure>
<measure number='7'>
<note><pitch><step>E</step>
<octave>5</octave>
</pitch>
<duration>4</duration>
<lyric number='1'><syllabic>middle</syllabic>
<text>tein</text>
</lyric>
</note>
</measure>
<measure number='8'>
<note><pitch><step>C</step>
<alter>1</alter>
<octave>5</octave>
</pitch>
<duration>4</duration>
<accidental>sharp</accidental>
<lyric number='1'><syllabic>end</syllabic>
<text>te,</text>
</lyric>
</note>
</measure>
<measure number='9'>
<note><pitch><step>D</step>
<octave>5</octave>
</pitch>
<duration>2</duration>
<lyric number='1'><syllabic>single</syllabic>
<text>Je</text>
</lyric>
</note>
<note><pitch><step>C</step>
<octave>5</octave>
</pitch>
<duration>2</duration>
<lyric number='1'><syllabic>begin</syllabic>
<text>re</text>
</lyric>
</note>
</measure>
<measure number='10'>
<note><pitch><step>A</step>
<octave>4</octave>
</pitch>
<duration>2</duration>
<lyric number='1'><syllabic>middle</syllabic>
<text>cla</text>
</lyric>
</note>
<note><pitch><step>G</step>
<octave>4</octave>
</pitch>
<duration>2</duration>
<lyric number='1'><syllabic>end</syllabic>
<text>me</text>
</lyric>
</note>
</measure>
<measure number='11'>
<note><pitch><step>A</step>
<octave>4</octave>
</pitch>
<duration>2</duration>
<lyric number='1'><syllabic>single</syllabic>
<text>ton</text>
</lyric>
</note>
<note><pitch><step>B</step>
<octave>4</octave>
</pitch>
<duration>2</duration>
<lyric number='1'><syllabic>begin</syllabic>
<text>se</text>
</lyric>
</note>
</measure>
<measure number='12'>
<note><pitch><step>C</step>
<octave>5</octave>
</pitch>
<duration>4</duration>
<lyric number='1'><syllabic>end</syllabic>
<text>cours,</text>
</lyric>
</note>
</measure>
<measure number='13'>
<note><pitch><step>G</step>
<octave>4</octave>
</pitch>
<duration>2</duration>
<lyric number='1'><syllabic>begin</syllabic>
<text>Pres</text>
</lyric>
</note>
<note><pitch><step>A</step>
<octave>4</octave>
</pitch>
<duration>2</duration>
<lyric number='1'><syllabic>end</syllabic>
<text>te</text>
</lyric>
</note>
</measure>
<measure number='14'>
<note><pitch><step>F</step>
<octave>4</octave>
</pitch>
<duration>2</duration>
<lyric number='1'><syllabic>begin</syllabic>
<text>l'o</text>
</lyric>
</note>
<note><pitch><step>G</step>
<octave>4</octave>
</pitch>
<duration>1</duration>
<lyric number='1'><syllabic>middle</syllabic>
<text>reil</text>
</lyric>
</note>
<note><pitch><step>A</step>
<octave>4</octave>
</pitch>
<duration>1</duration>
<lyric number='1'><syllabic>middle</syllabic>
<text></text>
</lyric>
</note>
</measure>
<measure number='15'>
<note><pitch><step>B</step>
<alter>-1</alter>
<octave>4</octave>
</pitch>
<duration>2</duration>
<accidental>flat</accidental>
<lyric number='1'><syllabic>end</syllabic>
<text>leà</text>
</lyric>
</note>
<note><pitch><step>A</step>
<octave>4</octave>
</pitch>
<duration>2</duration>
<lyric number='1'><syllabic>single</syllabic>
<text>ma</text>
</lyric>
</note>
</measure>
<measure number='16'>
<note><pitch><step>G</step>
<octave>4</octave>
</pitch>
<duration>4</duration>
<lyric number='1'><syllabic>begin</syllabic>
<text>plain</text>
</lyric>
</note>
</measure>
<measure number='17'>
<note><pitch><step>A</step>
<octave>4</octave>
</pitch>
<duration>4</duration>
<lyric number='1'><syllabic>end</syllabic>
<text>te,</text>
</lyric>
</note>
</measure>
<measure number='18'>
<note><pitch><step>D</step>
<octave>5</octave>
</pitch>
<duration>2</duration>
<lyric number='1'><syllabic>begin</syllabic>
<text>En</text>
</lyric>
</note>
<note><pitch><step>B</step>
<alter>-1</alter>
<octave>4</octave>
</pitch>
<duration>2</duration>
<accidental>flat</accidental>
<lyric number='1'><syllabic>end</syllabic>
<text>tens</text>
</lyric>
</note>
</measure>
<measure number='19'>
<note><pitch><step>G</step>
<octave>4</octave>
</pitch>
<duration>2</duration>
<lyric number='1'><syllabic>single</syllabic>
<text>mes</text>
</lyric>
</note>
<note><pitch><step>F</step>
<octave>4</octave>
</pitch>
<duration>2</duration>
<lyric number='1'><syllabic>begin</syllabic>
<text>tri</text>
</lyric>
</note>
</measure>
<measure number='20'>
<note><pitch><step>E</step>
<octave>4</octave>
</pitch>
<duration>2</duration>
<lyric number='1'><syllabic>end</syllabic>
<text>stes</text>
</lyric>
</note>
<note><pitch><step>D</step>
<octave>4</octave>
</pitch>
<duration>2</duration>
<lyric number='1'><syllabic>begin</syllabic>
<text>di</text>
</lyric>
</note>
</measure>
<measure number='21'>
<note><pitch><step>D</step>
<octave>4</octave>
</pitch>
<duration>4</duration>
<lyric number='1'><syllabic>end</syllabic>
<text>scours.</text>
</lyric>
</note>
<barline location="right">
                        <bar-style>light-heavy</bar-style>
                           </barline>
</measure>
</part>
</score-partwise>
