{"db_id": 22317, "ref": "all:collabscore:saintsaens:melodies:C131_0", "local_ref": "C131_0", "corpus_ref": "all:collabscore:saintsaens:melodies", "title": "[Viens !] ", "composer": "Saint-Saëns, Camille ", "features": [], "sources": [{"ref": "iiif", "description": "Lien Gallica", "source_type": "JPEG", "mime_type": "image/jpeg", "url": "https://gallica.bnf.fr/ark:/12148/bpt6k1161965t", "file_path": null, "has_manifest": false, "has_iiif_manifest": false}, {"ref": "ref_mei", "description": "Référence MEI", "source_type": "MEI", "mime_type": "application/xml", "url": "", "file_path": "/media/sources/all-collabscore-saintsaens-melodies-C131_0/ref_mei.xml", "has_manifest": false, "has_iiif_manifest": false}], "files": [{"name": "score.xml", "url": "http://localhost:8000/media/corpora/all/collabscore/saintsaens/melodies/C131_0/score.xml"}, {"name": "mei.xml", "url": "http://localhost:8000/media/corpora/all/collabscore/saintsaens/melodies/C131_0/mei.xml"}]}