{"db_id": 22380, "ref": "all:collabscore:saintsaens:autres:C457_0", "local_ref": "C457_0", "corpus_ref": "all:collabscore:saintsaens:autres", "title": "Le Sourire. [Chœur pour 3 voix de femmes avec accompagnement de piano.] Op. 151, III. Poésie de Jean Mirval ", "composer": "Saint-Saëns, Camille ", "features": [], "sources": [{"ref": "ref_mei", "description": "Référence MEI", "source_type": "MEI", "mime_type": "application/xml", "url": "", "file_path": "/media/sources/all-collabscore-saintsaens-autres-C457_0/ref_mei.xml", "has_manifest": false, "has_iiif_manifest": false}, {"ref": "iiif", "description": "Lien Gallica", "source_type": "JPEG", "mime_type": "image/jpeg", "url": "https://gallica.bnf.fr/ark:/12148/bpt6k12815338", "file_path": null, "has_manifest": false, "has_iiif_manifest": false}], "files": [{"name": "mei.xml", "url": "http://localhost:8000/media/corpora/all/collabscore/saintsaens/autres/C457_0/mei.xml"}]}